_id,year,region,province,area,sex,age_group,value,unit,source
1,2533,ทั่วประเทศ,รวม,รวม,รวม,รวม,54548530,คน,สำนักงานสถิติแห่งชาติ
2,2533,ทั่วประเทศ,รวม,รวม,ชาย,รวม,27061733,คน,สำนักงานสถิติแห่งชาติ
3,2533,ทั่วประเทศ,รวม,รวม,หญิง,รวม,27486797,คน,สำนักงานสถิติแห่งชาติ
4,2533,ทั่วประเทศ,รวม,ในเขตเทศบาล,รวม,รวม,10215098,คน,สำนักงานสถิติแห่งชาติ
5,2533,ทั่วประเทศ,รวม,ในเขตเทศบาล,ชาย,รวม,4933482,คน,สำนักงานสถิติแห่งชาติ
6,2533,ทั่วประเทศ,รวม,ในเขตเทศบาล,หญิง,รวม,5281616,คน,สำนักงานสถิติแห่งชาติ
7,2533,ทั่วประเทศ,รวม,นอกเขตเทศบาล,รวม,รวม,44333432,คน,สำนักงานสถิติแห่งชาติ
8,2533,ทั่วประเทศ,รวม,นอกเขตเทศบาล,ชาย,รวม,22128251,คน,สำนักงานสถิติแห่งชาติ
9,2533,ทั่วประเทศ,รวม,นอกเขตเทศบาล,หญิง,รวม,22205181,คน,สำนักงานสถิติแห่งชาติ
10,2543,ทั่วประเทศ,รวม,รวม,รวม,รวม,60916441,คน,สำนักงานสถิติแห่งชาติ
11,2543,ทั่วประเทศ,รวม,รวม,ชาย,รวม,30015233,คน,สำนักงานสถิติแห่งชาติ
12,2543,ทั่วประเทศ,รวม,รวม,หญิง,รวม,30901208,คน,สำนักงานสถิติแห่งชาติ
13,2543,ทั่วประเทศ,รวม,ในเขตเทศบาล,รวม,รวม,18972330,คน,สำนักงานสถิติแห่งชาติ
14,2543,ทั่วประเทศ,รวม,ในเขตเทศบาล,ชาย,รวม,9129755,คน,สำนักงานสถิติแห่งชาติ
15,2543,ทั่วประเทศ,รวม,ในเขตเทศบาล,หญิง,รวม,9842575,คน,สำนักงานสถิติแห่งชาติ
16,2543,ทั่วประเทศ,รวม,นอกเขตเทศบาล,รวม,รวม,41944111,คน,สำนักงานสถิติแห่งชาติ
17,2543,ทั่วประเทศ,รวม,นอกเขตเทศบาล,ชาย,รวม,20885478,คน,สำนักงานสถิติแห่งชาติ
18,2543,ทั่วประเทศ,รวม,นอกเขตเทศบาล,หญิง,รวม,21058633,คน,สำนักงานสถิติแห่งชาติ
19,2553,ทั่วประเทศ,รวม,รวม,รวม,รวม,65981659,คน,สำนักงานสถิติแห่งชาติ
20,2553,ทั่วประเทศ,รวม,รวม,ชาย,รวม,32355032,คน,สำนักงานสถิติแห่งชาติ
21,2553,ทั่วประเทศ,รวม,รวม,หญิง,รวม,33626627,คน,สำนักงานสถิติแห่งชาติ
22,2553,ทั่วประเทศ,รวม,ในเขตเทศบาล,รวม,รวม,29133829,คน,สำนักงานสถิติแห่งชาติ
23,2553,ทั่วประเทศ,รวม,ในเขตเทศบาล,ชาย,รวม,14120842,คน,สำนักงานสถิติแห่งชาติ
24,2553,ทั่วประเทศ,รวม,ในเขตเทศบาล,หญิง,รวม,15012987,คน,สำนักงานสถิติแห่งชาติ
25,2553,ทั่วประเทศ,รวม,นอกเขตเทศบาล,รวม,รวม,36847830,คน,สำนักงานสถิติแห่งชาติ
26,2553,ทั่วประเทศ,รวม,นอกเขตเทศบาล,ชาย,รวม,18234190,คน,สำนักงานสถิติแห่งชาติ
27,2553,ทั่วประเทศ,รวม,นอกเขตเทศบาล,หญิง,รวม,18613640,คน,สำนักงานสถิติแห่งชาติ
28,2533,ทั่วประเทศ,รวม,รวม,รวม,0 - 4 ปี,4499714,คน,สำนักงานสถิติแห่งชาติ
29,2533,ทั่วประเทศ,รวม,รวม,ชาย,0 - 4 ปี,2307787,คน,สำนักงานสถิติแห่งชาติ
30,2533,ทั่วประเทศ,รวม,รวม,หญิง,0 - 4 ปี,2191927,คน,สำนักงานสถิติแห่งชาติ
31,2533,ทั่วประเทศ,รวม,ในเขตเทศบาล,รวม,0 - 4 ปี,674906,คน,สำนักงานสถิติแห่งชาติ
32,2533,ทั่วประเทศ,รวม,ในเขตเทศบาล,ชาย,0 - 4 ปี,346968,คน,สำนักงานสถิติแห่งชาติ
33,2533,ทั่วประเทศ,รวม,ในเขตเทศบาล,หญิง,0 - 4 ปี,327938,คน,สำนักงานสถิติแห่งชาติ
34,2533,ทั่วประเทศ,รวม,นอกเขตเทศบาล,รวม,0 - 4 ปี,3824808,คน,สำนักงานสถิติแห่งชาติ
35,2533,ทั่วประเทศ,รวม,นอกเขตเทศบาล,ชาย,0 - 4 ปี,1960819,คน,สำนักงานสถิติแห่งชาติ
36,2533,ทั่วประเทศ,รวม,นอกเขตเทศบาล,หญิง,0 - 4 ปี,1863989,คน,สำนักงานสถิติแห่งชาติ
37,2543,ทั่วประเทศ,รวม,รวม,รวม,0 - 4 ปี,4634898,คน,สำนักงานสถิติแห่งชาติ
38,2543,ทั่วประเทศ,รวม,รวม,ชาย,0 - 4 ปี,2389624,คน,สำนักงานสถิติแห่งชาติ
39,2543,ทั่วประเทศ,รวม,รวม,หญิง,0 - 4 ปี,2245274,คน,สำนักงานสถิติแห่งชาติ
40,2543,ทั่วประเทศ,รวม,ในเขตเทศบาล,รวม,0 - 4 ปี,1205825,คน,สำนักงานสถิติแห่งชาติ
41,2543,ทั่วประเทศ,รวม,ในเขตเทศบาล,ชาย,0 - 4 ปี,621789,คน,สำนักงานสถิติแห่งชาติ
42,2543,ทั่วประเทศ,รวม,ในเขตเทศบาล,หญิง,0 - 4 ปี,584036,คน,สำนักงานสถิติแห่งชาติ
43,2543,ทั่วประเทศ,รวม,นอกเขตเทศบาล,รวม,0 - 4 ปี,3429073,คน,สำนักงานสถิติแห่งชาติ
44,2543,ทั่วประเทศ,รวม,นอกเขตเทศบาล,ชาย,0 - 4 ปี,1767835,คน,สำนักงานสถิติแห่งชาติ
45,2543,ทั่วประเทศ,รวม,นอกเขตเทศบาล,หญิง,0 - 4 ปี,1661238,คน,สำนักงานสถิติแห่งชาติ
46,2553,ทั่วประเทศ,รวม,รวม,รวม,0 - 4 ปี,3739868,คน,สำนักงานสถิติแห่งชาติ
47,2553,ทั่วประเทศ,รวม,รวม,ชาย,0 - 4 ปี,1915887,คน,สำนักงานสถิติแห่งชาติ
48,2553,ทั่วประเทศ,รวม,รวม,หญิง,0 - 4 ปี,1823981,คน,สำนักงานสถิติแห่งชาติ
49,2553,ทั่วประเทศ,รวม,ในเขตเทศบาล,รวม,0 - 4 ปี,1351735,คน,สำนักงานสถิติแห่งชาติ
50,2553,ทั่วประเทศ,รวม,ในเขตเทศบาล,ชาย,0 - 4 ปี,685185,คน,สำนักงานสถิติแห่งชาติ
51,2553,ทั่วประเทศ,รวม,ในเขตเทศบาล,หญิง,0 - 4 ปี,666550,คน,สำนักงานสถิติแห่งชาติ
52,2553,ทั่วประเทศ,รวม,นอกเขตเทศบาล,รวม,0 - 4 ปี,2388133,คน,สำนักงานสถิติแห่งชาติ
53,2553,ทั่วประเทศ,รวม,นอกเขตเทศบาล,ชาย,0 - 4 ปี,1230702,คน,สำนักงานสถิติแห่งชาติ
54,2553,ทั่วประเทศ,รวม,นอกเขตเทศบาล,หญิง,0 - 4 ปี,1157431,คน,สำนักงานสถิติแห่งชาติ
55,2533,ทั่วประเทศ,รวม,รวม,รวม,5 - 9 ปี,5484230,คน,สำนักงานสถิติแห่งชาติ
56,2533,ทั่วประเทศ,รวม,รวม,ชาย,5 - 9 ปี,2809019,คน,สำนักงานสถิติแห่งชาติ
57,2533,ทั่วประเทศ,รวม,รวม,หญิง,5 - 9 ปี,2675211,คน,สำนักงานสถิติแห่งชาติ
58,2533,ทั่วประเทศ,รวม,ในเขตเทศบาล,รวม,5 - 9 ปี,783020,คน,สำนักงานสถิติแห่งชาติ
59,2533,ทั่วประเทศ,รวม,ในเขตเทศบาล,ชาย,5 - 9 ปี,401983,คน,สำนักงานสถิติแห่งชาติ
60,2533,ทั่วประเทศ,รวม,ในเขตเทศบาล,หญิง,5 - 9 ปี,381037,คน,สำนักงานสถิติแห่งชาติ
61,2533,ทั่วประเทศ,รวม,นอกเขตเทศบาล,รวม,5 - 9 ปี,4701210,คน,สำนักงานสถิติแห่งชาติ
62,2533,ทั่วประเทศ,รวม,นอกเขตเทศบาล,ชาย,5 - 9 ปี,2407036,คน,สำนักงานสถิติแห่งชาติ
63,2533,ทั่วประเทศ,รวม,นอกเขตเทศบาล,หญิง,5 - 9 ปี,2294174,คน,สำนักงานสถิติแห่งชาติ
64,2543,ทั่วประเทศ,รวม,รวม,รวม,5 - 9 ปี,5125054,คน,สำนักงานสถิติแห่งชาติ
65,2543,ทั่วประเทศ,รวม,รวม,ชาย,5 - 9 ปี,2639213,คน,สำนักงานสถิติแห่งชาติ
66,2543,ทั่วประเทศ,รวม,รวม,หญิง,5 - 9 ปี,2485841,คน,สำนักงานสถิติแห่งชาติ
67,2543,ทั่วประเทศ,รวม,ในเขตเทศบาล,รวม,5 - 9 ปี,1315293,คน,สำนักงานสถิติแห่งชาติ
68,2543,ทั่วประเทศ,รวม,ในเขตเทศบาล,ชาย,5 - 9 ปี,675544,คน,สำนักงานสถิติแห่งชาติ
69,2543,ทั่วประเทศ,รวม,ในเขตเทศบาล,หญิง,5 - 9 ปี,639749,คน,สำนักงานสถิติแห่งชาติ
70,2543,ทั่วประเทศ,รวม,นอกเขตเทศบาล,รวม,5 - 9 ปี,3809761,คน,สำนักงานสถิติแห่งชาติ
71,2543,ทั่วประเทศ,รวม,นอกเขตเทศบาล,ชาย,5 - 9 ปี,1963669,คน,สำนักงานสถิติแห่งชาติ
72,2543,ทั่วประเทศ,รวม,นอกเขตเทศบาล,หญิง,5 - 9 ปี,1846092,คน,สำนักงานสถิติแห่งชาติ
73,2553,ทั่วประเทศ,รวม,รวม,รวม,5 - 9 ปี,4081644,คน,สำนักงานสถิติแห่งชาติ
74,2553,ทั่วประเทศ,รวม,รวม,ชาย,5 - 9 ปี,2100931,คน,สำนักงานสถิติแห่งชาติ
75,2553,ทั่วประเทศ,รวม,รวม,หญิง,5 - 9 ปี,1980712,คน,สำนักงานสถิติแห่งชาติ
76,2553,ทั่วประเทศ,รวม,ในเขตเทศบาล,รวม,5 - 9 ปี,1476549,คน,สำนักงานสถิติแห่งชาติ
77,2553,ทั่วประเทศ,รวม,ในเขตเทศบาล,ชาย,5 - 9 ปี,753771,คน,สำนักงานสถิติแห่งชาติ
78,2553,ทั่วประเทศ,รวม,ในเขตเทศบาล,หญิง,5 - 9 ปี,722779,คน,สำนักงานสถิติแห่งชาติ
79,2553,ทั่วประเทศ,รวม,นอกเขตเทศบาล,รวม,5 - 9 ปี,2605095,คน,สำนักงานสถิติแห่งชาติ
80,2553,ทั่วประเทศ,รวม,นอกเขตเทศบาล,ชาย,5 - 9 ปี,1347161,คน,สำนักงานสถิติแห่งชาติ
81,2553,ทั่วประเทศ,รวม,นอกเขตเทศบาล,หญิง,5 - 9 ปี,1257934,คน,สำนักงานสถิติแห่งชาติ
82,2533,ทั่วประเทศ,รวม,รวม,รวม,10 - 14 ปี,5962988,คน,สำนักงานสถิติแห่งชาติ
83,2533,ทั่วประเทศ,รวม,รวม,ชาย,10 - 14 ปี,3047289,คน,สำนักงานสถิติแห่งชาติ
84,2533,ทั่วประเทศ,รวม,รวม,หญิง,10 - 14 ปี,2915699,คน,สำนักงานสถิติแห่งชาติ
85,2533,ทั่วประเทศ,รวม,ในเขตเทศบาล,รวม,10 - 14 ปี,918696,คน,สำนักงานสถิติแห่งชาติ
86,2533,ทั่วประเทศ,รวม,ในเขตเทศบาล,ชาย,10 - 14 ปี,462415,คน,สำนักงานสถิติแห่งชาติ
87,2533,ทั่วประเทศ,รวม,ในเขตเทศบาล,หญิง,10 - 14 ปี,456281,คน,สำนักงานสถิติแห่งชาติ
88,2533,ทั่วประเทศ,รวม,นอกเขตเทศบาล,รวม,10 - 14 ปี,5044292,คน,สำนักงานสถิติแห่งชาติ
89,2533,ทั่วประเทศ,รวม,นอกเขตเทศบาล,ชาย,10 - 14 ปี,2584874,คน,สำนักงานสถิติแห่งชาติ
90,2533,ทั่วประเทศ,รวม,นอกเขตเทศบาล,หญิง,10 - 14 ปี,2459418,คน,สำนักงานสถิติแห่งชาติ
91,2543,ทั่วประเทศ,รวม,รวม,รวม,10 - 14 ปี,5083946,คน,สำนักงานสถิติแห่งชาติ
92,2543,ทั่วประเทศ,รวม,รวม,ชาย,10 - 14 ปี,2604211,คน,สำนักงานสถิติแห่งชาติ
93,2543,ทั่วประเทศ,รวม,รวม,หญิง,10 - 14 ปี,2479735,คน,สำนักงานสถิติแห่งชาติ
94,2543,ทั่วประเทศ,รวม,ในเขตเทศบาล,รวม,10 - 14 ปี,1351669,คน,สำนักงานสถิติแห่งชาติ
95,2543,ทั่วประเทศ,รวม,ในเขตเทศบาล,ชาย,10 - 14 ปี,689734,คน,สำนักงานสถิติแห่งชาติ
96,2543,ทั่วประเทศ,รวม,ในเขตเทศบาล,หญิง,10 - 14 ปี,661935,คน,สำนักงานสถิติแห่งชาติ
97,2543,ทั่วประเทศ,รวม,นอกเขตเทศบาล,รวม,10 - 14 ปี,3732277,คน,สำนักงานสถิติแห่งชาติ
98,2543,ทั่วประเทศ,รวม,นอกเขตเทศบาล,ชาย,10 - 14 ปี,1914477,คน,สำนักงานสถิติแห่งชาติ
99,2543,ทั่วประเทศ,รวม,นอกเขตเทศบาล,หญิง,10 - 14 ปี,1817800,คน,สำนักงานสถิติแห่งชาติ
100,2553,ทั่วประเทศ,รวม,รวม,รวม,10 - 14 ปี,4864280,คน,สำนักงานสถิติแห่งชาติ
101,2553,ทั่วประเทศ,รวม,รวม,ชาย,10 - 14 ปี,2494484,คน,สำนักงานสถิติแห่งชาติ
102,2553,ทั่วประเทศ,รวม,รวม,หญิง,10 - 14 ปี,2369795,คน,สำนักงานสถิติแห่งชาติ
103,2553,ทั่วประเทศ,รวม,ในเขตเทศบาล,รวม,10 - 14 ปี,1820041,คน,สำนักงานสถิติแห่งชาติ
104,2553,ทั่วประเทศ,รวม,ในเขตเทศบาล,ชาย,10 - 14 ปี,929546,คน,สำนักงานสถิติแห่งชาติ
105,2553,ทั่วประเทศ,รวม,ในเขตเทศบาล,หญิง,10 - 14 ปี,890495,คน,สำนักงานสถิติแห่งชาติ
106,2553,ทั่วประเทศ,รวม,นอกเขตเทศบาล,รวม,10 - 14 ปี,3044239,คน,สำนักงานสถิติแห่งชาติ
107,2553,ทั่วประเทศ,รวม,นอกเขตเทศบาล,ชาย,10 - 14 ปี,1564938,คน,สำนักงานสถิติแห่งชาติ
108,2553,ทั่วประเทศ,รวม,นอกเขตเทศบาล,หญิง,10 - 14 ปี,1479300,คน,สำนักงานสถิติแห่งชาติ
109,2533,ทั่วประเทศ,รวม,รวม,รวม,15 - 19 ปี,5688499,คน,สำนักงานสถิติแห่งชาติ
110,2533,ทั่วประเทศ,รวม,รวม,ชาย,15 - 19 ปี,2847207,คน,สำนักงานสถิติแห่งชาติ
111,2533,ทั่วประเทศ,รวม,รวม,หญิง,15 - 19 ปี,2841292,คน,สำนักงานสถิติแห่งชาติ
112,2533,ทั่วประเทศ,รวม,ในเขตเทศบาล,รวม,15 - 19 ปี,1127013,คน,สำนักงานสถิติแห่งชาติ
113,2533,ทั่วประเทศ,รวม,ในเขตเทศบาล,ชาย,15 - 19 ปี,530916,คน,สำนักงานสถิติแห่งชาติ
114,2533,ทั่วประเทศ,รวม,ในเขตเทศบาล,หญิง,15 - 19 ปี,596097,คน,สำนักงานสถิติแห่งชาติ
115,2533,ทั่วประเทศ,รวม,นอกเขตเทศบาล,รวม,15 - 19 ปี,4561486,คน,สำนักงานสถิติแห่งชาติ
116,2533,ทั่วประเทศ,รวม,นอกเขตเทศบาล,ชาย,15 - 19 ปี,2316291,คน,สำนักงานสถิติแห่งชาติ
117,2533,ทั่วประเทศ,รวม,นอกเขตเทศบาล,หญิง,15 - 19 ปี,2245195,คน,สำนักงานสถิติแห่งชาติ
118,2543,ทั่วประเทศ,รวม,รวม,รวม,15 - 19 ปี,5287033,คน,สำนักงานสถิติแห่งชาติ
119,2543,ทั่วประเทศ,รวม,รวม,ชาย,15 - 19 ปี,2683634,คน,สำนักงานสถิติแห่งชาติ
120,2543,ทั่วประเทศ,รวม,รวม,หญิง,15 - 19 ปี,2603399,คน,สำนักงานสถิติแห่งชาติ
121,2543,ทั่วประเทศ,รวม,ในเขตเทศบาล,รวม,15 - 19 ปี,1624724,คน,สำนักงานสถิติแห่งชาติ
122,2543,ทั่วประเทศ,รวม,ในเขตเทศบาล,ชาย,15 - 19 ปี,801256,คน,สำนักงานสถิติแห่งชาติ
123,2543,ทั่วประเทศ,รวม,ในเขตเทศบาล,หญิง,15 - 19 ปี,823468,คน,สำนักงานสถิติแห่งชาติ
124,2543,ทั่วประเทศ,รวม,นอกเขตเทศบาล,รวม,15 - 19 ปี,3662309,คน,สำนักงานสถิติแห่งชาติ
125,2543,ทั่วประเทศ,รวม,นอกเขตเทศบาล,ชาย,15 - 19 ปี,1882378,คน,สำนักงานสถิติแห่งชาติ
126,2543,ทั่วประเทศ,รวม,นอกเขตเทศบาล,หญิง,15 - 19 ปี,1779931,คน,สำนักงานสถิติแห่งชาติ
127,2553,ทั่วประเทศ,รวม,รวม,รวม,15 - 19 ปี,4900590,คน,สำนักงานสถิติแห่งชาติ
128,2553,ทั่วประเทศ,รวม,รวม,ชาย,15 - 19 ปี,2464805,คน,สำนักงานสถิติแห่งชาติ
129,2553,ทั่วประเทศ,รวม,รวม,หญิง,15 - 19 ปี,2435784,คน,สำนักงานสถิติแห่งชาติ
130,2553,ทั่วประเทศ,รวม,ในเขตเทศบาล,รวม,15 - 19 ปี,2182999,คน,สำนักงานสถิติแห่งชาติ
131,2553,ทั่วประเทศ,รวม,ในเขตเทศบาล,ชาย,15 - 19 ปี,1075516,คน,สำนักงานสถิติแห่งชาติ
132,2553,ทั่วประเทศ,รวม,ในเขตเทศบาล,หญิง,15 - 19 ปี,1107484,คน,สำนักงานสถิติแห่งชาติ
133,2553,ทั่วประเทศ,รวม,นอกเขตเทศบาล,รวม,15 - 19 ปี,2717590,คน,สำนักงานสถิติแห่งชาติ
134,2553,ทั่วประเทศ,รวม,นอกเขตเทศบาล,ชาย,15 - 19 ปี,1389290,คน,สำนักงานสถิติแห่งชาติ
135,2553,ทั่วประเทศ,รวม,นอกเขตเทศบาล,หญิง,15 - 19 ปี,1328300,คน,สำนักงานสถิติแห่งชาติ
136,2533,ทั่วประเทศ,รวม,รวม,รวม,20 - 24 ปี,5543967,คน,สำนักงานสถิติแห่งชาติ
137,2533,ทั่วประเทศ,รวม,รวม,ชาย,20 - 24 ปี,2758182,คน,สำนักงานสถิติแห่งชาติ
138,2533,ทั่วประเทศ,รวม,รวม,หญิง,20 - 24 ปี,2785785,คน,สำนักงานสถิติแห่งชาติ
139,2533,ทั่วประเทศ,รวม,ในเขตเทศบาล,รวม,20 - 24 ปี,1238257,คน,สำนักงานสถิติแห่งชาติ
140,2533,ทั่วประเทศ,รวม,ในเขตเทศบาล,ชาย,20 - 24 ปี,586332,คน,สำนักงานสถิติแห่งชาติ
141,2533,ทั่วประเทศ,รวม,ในเขตเทศบาล,หญิง,20 - 24 ปี,651925,คน,สำนักงานสถิติแห่งชาติ
142,2533,ทั่วประเทศ,รวม,นอกเขตเทศบาล,รวม,20 - 24 ปี,4305710,คน,สำนักงานสถิติแห่งชาติ
143,2533,ทั่วประเทศ,รวม,นอกเขตเทศบาล,ชาย,20 - 24 ปี,2171850,คน,สำนักงานสถิติแห่งชาติ
144,2533,ทั่วประเทศ,รวม,นอกเขตเทศบาล,หญิง,20 - 24 ปี,2133860,คน,สำนักงานสถิติแห่งชาติ
145,2543,ทั่วประเทศ,รวม,รวม,รวม,20 - 24 ปี,5262141,คน,สำนักงานสถิติแห่งชาติ
146,2543,ทั่วประเทศ,รวม,รวม,ชาย,20 - 24 ปี,2652654,คน,สำนักงานสถิติแห่งชาติ
147,2543,ทั่วประเทศ,รวม,รวม,หญิง,20 - 24 ปี,2609487,คน,สำนักงานสถิติแห่งชาติ
148,2543,ทั่วประเทศ,รวม,ในเขตเทศบาล,รวม,20 - 24 ปี,1914255,คน,สำนักงานสถิติแห่งชาติ
149,2543,ทั่วประเทศ,รวม,ในเขตเทศบาล,ชาย,20 - 24 ปี,917649,คน,สำนักงานสถิติแห่งชาติ
150,2543,ทั่วประเทศ,รวม,ในเขตเทศบาล,หญิง,20 - 24 ปี,996606,คน,สำนักงานสถิติแห่งชาติ
151,2543,ทั่วประเทศ,รวม,นอกเขตเทศบาล,รวม,20 - 24 ปี,3347886,คน,สำนักงานสถิติแห่งชาติ
152,2543,ทั่วประเทศ,รวม,นอกเขตเทศบาล,ชาย,20 - 24 ปี,1735005,คน,สำนักงานสถิติแห่งชาติ
153,2543,ทั่วประเทศ,รวม,นอกเขตเทศบาล,หญิง,20 - 24 ปี,1612881,คน,สำนักงานสถิติแห่งชาติ
154,2553,ทั่วประเทศ,รวม,รวม,รวม,20 - 24 ปี,4691520,คน,สำนักงานสถิติแห่งชาติ
155,2553,ทั่วประเทศ,รวม,รวม,ชาย,20 - 24 ปี,2361297,คน,สำนักงานสถิติแห่งชาติ
156,2553,ทั่วประเทศ,รวม,รวม,หญิง,20 - 24 ปี,2330223,คน,สำนักงานสถิติแห่งชาติ
157,2553,ทั่วประเทศ,รวม,ในเขตเทศบาล,รวม,20 - 24 ปี,2482054,คน,สำนักงานสถิติแห่งชาติ
158,2553,ทั่วประเทศ,รวม,ในเขตเทศบาล,ชาย,20 - 24 ปี,1207524,คน,สำนักงานสถิติแห่งชาติ
159,2553,ทั่วประเทศ,รวม,ในเขตเทศบาล,หญิง,20 - 24 ปี,1274530,คน,สำนักงานสถิติแห่งชาติ
160,2553,ทั่วประเทศ,รวม,นอกเขตเทศบาล,รวม,20 - 24 ปี,2209466,คน,สำนักงานสถิติแห่งชาติ
161,2553,ทั่วประเทศ,รวม,นอกเขตเทศบาล,ชาย,20 - 24 ปี,1153772,คน,สำนักงานสถิติแห่งชาติ
162,2553,ทั่วประเทศ,รวม,นอกเขตเทศบาล,หญิง,20 - 24 ปี,1055694,คน,สำนักงานสถิติแห่งชาติ
163,2533,ทั่วประเทศ,รวม,รวม,รวม,25 - 29 ปี,5150028,คน,สำนักงานสถิติแห่งชาติ
164,2533,ทั่วประเทศ,รวม,รวม,ชาย,25 - 29 ปี,2522439,คน,สำนักงานสถิติแห่งชาติ
165,2533,ทั่วประเทศ,รวม,รวม,หญิง,25 - 29 ปี,2627589,คน,สำนักงานสถิติแห่งชาติ
166,2533,ทั่วประเทศ,รวม,ในเขตเทศบาล,รวม,25 - 29 ปี,1187890,คน,สำนักงานสถิติแห่งชาติ
167,2533,ทั่วประเทศ,รวม,ในเขตเทศบาล,ชาย,25 - 29 ปี,565142,คน,สำนักงานสถิติแห่งชาติ
168,2533,ทั่วประเทศ,รวม,ในเขตเทศบาล,หญิง,25 - 29 ปี,622748,คน,สำนักงานสถิติแห่งชาติ
169,2533,ทั่วประเทศ,รวม,นอกเขตเทศบาล,รวม,25 - 29 ปี,3962138,คน,สำนักงานสถิติแห่งชาติ
170,2533,ทั่วประเทศ,รวม,นอกเขตเทศบาล,ชาย,25 - 29 ปี,1957297,คน,สำนักงานสถิติแห่งชาติ
171,2533,ทั่วประเทศ,รวม,นอกเขตเทศบาล,หญิง,25 - 29 ปี,2004841,คน,สำนักงานสถิติแห่งชาติ
172,2543,ทั่วประเทศ,รวม,รวม,รวม,25 - 29 ปี,5407796,คน,สำนักงานสถิติแห่งชาติ
173,2543,ทั่วประเทศ,รวม,รวม,ชาย,25 - 29 ปี,2631408,คน,สำนักงานสถิติแห่งชาติ
174,2543,ทั่วประเทศ,รวม,รวม,หญิง,25 - 29 ปี,2776388,คน,สำนักงานสถิติแห่งชาติ
175,2543,ทั่วประเทศ,รวม,ในเขตเทศบาล,รวม,25 - 29 ปี,1910236,คน,สำนักงานสถิติแห่งชาติ
176,2543,ทั่วประเทศ,รวม,ในเขตเทศบาล,ชาย,25 - 29 ปี,907807,คน,สำนักงานสถิติแห่งชาติ
177,2543,ทั่วประเทศ,รวม,ในเขตเทศบาล,หญิง,25 - 29 ปี,1002429,คน,สำนักงานสถิติแห่งชาติ
178,2543,ทั่วประเทศ,รวม,นอกเขตเทศบาล,รวม,25 - 29 ปี,3497560,คน,สำนักงานสถิติแห่งชาติ
179,2543,ทั่วประเทศ,รวม,นอกเขตเทศบาล,ชาย,25 - 29 ปี,1723601,คน,สำนักงานสถิติแห่งชาติ
180,2543,ทั่วประเทศ,รวม,นอกเขตเทศบาล,หญิง,25 - 29 ปี,1773959,คน,สำนักงานสถิติแห่งชาติ
181,2553,ทั่วประเทศ,รวม,รวม,รวม,25 - 29 ปี,5092597,คน,สำนักงานสถิติแห่งชาติ
182,2553,ทั่วประเทศ,รวม,รวม,ชาย,25 - 29 ปี,2529633,คน,สำนักงานสถิติแห่งชาติ
183,2553,ทั่วประเทศ,รวม,รวม,หญิง,25 - 29 ปี,2562964,คน,สำนักงานสถิติแห่งชาติ
184,2553,ทั่วประเทศ,รวม,ในเขตเทศบาล,รวม,25 - 29 ปี,2698419,คน,สำนักงานสถิติแห่งชาติ
185,2553,ทั่วประเทศ,รวม,ในเขตเทศบาล,ชาย,25 - 29 ปี,1314421,คน,สำนักงานสถิติแห่งชาติ
186,2553,ทั่วประเทศ,รวม,ในเขตเทศบาล,หญิง,25 - 29 ปี,1383997,คน,สำนักงานสถิติแห่งชาติ
187,2553,ทั่วประเทศ,รวม,นอกเขตเทศบาล,รวม,25 - 29 ปี,2394178,คน,สำนักงานสถิติแห่งชาติ
188,2553,ทั่วประเทศ,รวม,นอกเขตเทศบาล,ชาย,25 - 29 ปี,1215212,คน,สำนักงานสถิติแห่งชาติ
189,2553,ทั่วประเทศ,รวม,นอกเขตเทศบาล,หญิง,25 - 29 ปี,1178966,คน,สำนักงานสถิติแห่งชาติ
190,2533,ทั่วประเทศ,รวม,รวม,รวม,30 - 34 ปี,4622825,คน,สำนักงานสถิติแห่งชาติ
191,2533,ทั่วประเทศ,รวม,รวม,ชาย,30 - 34 ปี,2260095,คน,สำนักงานสถิติแห่งชาติ
192,2533,ทั่วประเทศ,รวม,รวม,หญิง,30 - 34 ปี,2362730,คน,สำนักงานสถิติแห่งชาติ
193,2533,ทั่วประเทศ,รวม,ในเขตเทศบาล,รวม,30 - 34 ปี,1028854,คน,สำนักงานสถิติแห่งชาติ
194,2533,ทั่วประเทศ,รวม,ในเขตเทศบาล,ชาย,30 - 34 ปี,492865,คน,สำนักงานสถิติแห่งชาติ
195,2533,ทั่วประเทศ,รวม,ในเขตเทศบาล,หญิง,30 - 34 ปี,535989,คน,สำนักงานสถิติแห่งชาติ
196,2533,ทั่วประเทศ,รวม,นอกเขตเทศบาล,รวม,30 - 34 ปี,3593971,คน,สำนักงานสถิติแห่งชาติ
197,2533,ทั่วประเทศ,รวม,นอกเขตเทศบาล,ชาย,30 - 34 ปี,1767230,คน,สำนักงานสถิติแห่งชาติ
198,2533,ทั่วประเทศ,รวม,นอกเขตเทศบาล,หญิง,30 - 34 ปี,1826741,คน,สำนักงานสถิติแห่งชาติ
199,2543,ทั่วประเทศ,รวม,รวม,รวม,30 - 34 ปี,5525944,คน,สำนักงานสถิติแห่งชาติ
200,2543,ทั่วประเทศ,รวม,รวม,ชาย,30 - 34 ปี,2671164,คน,สำนักงานสถิติแห่งชาติ
201,2543,ทั่วประเทศ,รวม,รวม,หญิง,30 - 34 ปี,2854780,คน,สำนักงานสถิติแห่งชาติ
202,2543,ทั่วประเทศ,รวม,ในเขตเทศบาล,รวม,30 - 34 ปี,1852467,คน,สำนักงานสถิติแห่งชาติ
203,2543,ทั่วประเทศ,รวม,ในเขตเทศบาล,ชาย,30 - 34 ปี,879076,คน,สำนักงานสถิติแห่งชาติ
204,2543,ทั่วประเทศ,รวม,ในเขตเทศบาล,หญิง,30 - 34 ปี,973391,คน,สำนักงานสถิติแห่งชาติ
205,2543,ทั่วประเทศ,รวม,นอกเขตเทศบาล,รวม,30 - 34 ปี,3673477,คน,สำนักงานสถิติแห่งชาติ
206,2543,ทั่วประเทศ,รวม,นอกเขตเทศบาล,ชาย,30 - 34 ปี,1792088,คน,สำนักงานสถิติแห่งชาติ
207,2543,ทั่วประเทศ,รวม,นอกเขตเทศบาล,หญิง,30 - 34 ปี,1881389,คน,สำนักงานสถิติแห่งชาติ
208,2553,ทั่วประเทศ,รวม,รวม,รวม,30 - 34 ปี,5394917,คน,สำนักงานสถิติแห่งชาติ
209,2553,ทั่วประเทศ,รวม,รวม,ชาย,30 - 34 ปี,2669927,คน,สำนักงานสถิติแห่งชาติ
210,2553,ทั่วประเทศ,รวม,รวม,หญิง,30 - 34 ปี,2724990,คน,สำนักงานสถิติแห่งชาติ
211,2553,ทั่วประเทศ,รวม,ในเขตเทศบาล,รวม,30 - 34 ปี,2710890,คน,สำนักงานสถิติแห่งชาติ
212,2553,ทั่วประเทศ,รวม,ในเขตเทศบาล,ชาย,30 - 34 ปี,1334630,คน,สำนักงานสถิติแห่งชาติ
213,2553,ทั่วประเทศ,รวม,ในเขตเทศบาล,หญิง,30 - 34 ปี,1376260,คน,สำนักงานสถิติแห่งชาติ
214,2553,ทั่วประเทศ,รวม,นอกเขตเทศบาล,รวม,30 - 34 ปี,2684027,คน,สำนักงานสถิติแห่งชาติ
215,2553,ทั่วประเทศ,รวม,นอกเขตเทศบาล,ชาย,30 - 34 ปี,1335297,คน,สำนักงานสถิติแห่งชาติ
216,2553,ทั่วประเทศ,รวม,นอกเขตเทศบาล,หญิง,30 - 34 ปี,1348730,คน,สำนักงานสถิติแห่งชาติ
217,2533,ทั่วประเทศ,รวม,รวม,รวม,35 - 39 ปี,3850422,คน,สำนักงานสถิติแห่งชาติ
218,2533,ทั่วประเทศ,รวม,รวม,ชาย,35 - 39 ปี,1892717,คน,สำนักงานสถิติแห่งชาติ
219,2533,ทั่วประเทศ,รวม,รวม,หญิง,35 - 39 ปี,1957705,คน,สำนักงานสถิติแห่งชาติ
220,2533,ทั่วประเทศ,รวม,ในเขตเทศบาล,รวม,35 - 39 ปี,814312,คน,สำนักงานสถิติแห่งชาติ
221,2533,ทั่วประเทศ,รวม,ในเขตเทศบาล,ชาย,35 - 39 ปี,391121,คน,สำนักงานสถิติแห่งชาติ
222,2533,ทั่วประเทศ,รวม,ในเขตเทศบาล,หญิง,35 - 39 ปี,423191,คน,สำนักงานสถิติแห่งชาติ
223,2533,ทั่วประเทศ,รวม,นอกเขตเทศบาล,รวม,35 - 39 ปี,3036110,คน,สำนักงานสถิติแห่งชาติ
224,2533,ทั่วประเทศ,รวม,นอกเขตเทศบาล,ชาย,35 - 39 ปี,1501596,คน,สำนักงานสถิติแห่งชาติ
225,2533,ทั่วประเทศ,รวม,นอกเขตเทศบาล,หญิง,35 - 39 ปี,1534514,คน,สำนักงานสถิติแห่งชาติ
226,2543,ทั่วประเทศ,รวม,รวม,รวม,35 - 39 ปี,5259357,คน,สำนักงานสถิติแห่งชาติ
227,2543,ทั่วประเทศ,รวม,รวม,ชาย,35 - 39 ปี,2563502,คน,สำนักงานสถิติแห่งชาติ
228,2543,ทั่วประเทศ,รวม,รวม,หญิง,35 - 39 ปี,2695855,คน,สำนักงานสถิติแห่งชาติ
229,2543,ทั่วประเทศ,รวม,ในเขตเทศบาล,รวม,35 - 39 ปี,1746028,คน,สำนักงานสถิติแห่งชาติ
230,2543,ทั่วประเทศ,รวม,ในเขตเทศบาล,ชาย,35 - 39 ปี,826636,คน,สำนักงานสถิติแห่งชาติ
231,2543,ทั่วประเทศ,รวม,ในเขตเทศบาล,หญิง,35 - 39 ปี,919392,คน,สำนักงานสถิติแห่งชาติ
232,2543,ทั่วประเทศ,รวม,นอกเขตเทศบาล,รวม,35 - 39 ปี,3513329,คน,สำนักงานสถิติแห่งชาติ
233,2543,ทั่วประเทศ,รวม,นอกเขตเทศบาล,ชาย,35 - 39 ปี,1736866,คน,สำนักงานสถิติแห่งชาติ
234,2543,ทั่วประเทศ,รวม,นอกเขตเทศบาล,หญิง,35 - 39 ปี,1776463,คน,สำนักงานสถิติแห่งชาติ
235,2553,ทั่วประเทศ,รวม,รวม,รวม,35 - 39 ปี,5614849,คน,สำนักงานสถิติแห่งชาติ
236,2553,ทั่วประเทศ,รวม,รวม,ชาย,35 - 39 ปี,2754129,คน,สำนักงานสถิติแห่งชาติ
237,2553,ทั่วประเทศ,รวม,รวม,หญิง,35 - 39 ปี,2860720,คน,สำนักงานสถิติแห่งชาติ
238,2553,ทั่วประเทศ,รวม,ในเขตเทศบาล,รวม,35 - 39 ปี,2633320,คน,สำนักงานสถิติแห่งชาติ
239,2553,ทั่วประเทศ,รวม,ในเขตเทศบาล,ชาย,35 - 39 ปี,1296227,คน,สำนักงานสถิติแห่งชาติ
240,2553,ทั่วประเทศ,รวม,ในเขตเทศบาล,หญิง,35 - 39 ปี,1337093,คน,สำนักงานสถิติแห่งชาติ
241,2553,ทั่วประเทศ,รวม,นอกเขตเทศบาล,รวม,35 - 39 ปี,2981529,คน,สำนักงานสถิติแห่งชาติ
242,2553,ทั่วประเทศ,รวม,นอกเขตเทศบาล,ชาย,35 - 39 ปี,1457901,คน,สำนักงานสถิติแห่งชาติ
243,2553,ทั่วประเทศ,รวม,นอกเขตเทศบาล,หญิง,35 - 39 ปี,1523627,คน,สำนักงานสถิติแห่งชาติ
244,2533,ทั่วประเทศ,รวม,รวม,รวม,40 - 44 ปี,3012589,คน,สำนักงานสถิติแห่งชาติ
245,2533,ทั่วประเทศ,รวม,รวม,ชาย,40 - 44 ปี,1484709,คน,สำนักงานสถิติแห่งชาติ
246,2533,ทั่วประเทศ,รวม,รวม,หญิง,40 - 44 ปี,1527880,คน,สำนักงานสถิติแห่งชาติ
247,2533,ทั่วประเทศ,รวม,ในเขตเทศบาล,รวม,40 - 44 ปี,608649,คน,สำนักงานสถิติแห่งชาติ
248,2533,ทั่วประเทศ,รวม,ในเขตเทศบาล,ชาย,40 - 44 ปี,297015,คน,สำนักงานสถิติแห่งชาติ
249,2533,ทั่วประเทศ,รวม,ในเขตเทศบาล,หญิง,40 - 44 ปี,311634,คน,สำนักงานสถิติแห่งชาติ
250,2533,ทั่วประเทศ,รวม,นอกเขตเทศบาล,รวม,40 - 44 ปี,2403940,คน,สำนักงานสถิติแห่งชาติ
251,2533,ทั่วประเทศ,รวม,นอกเขตเทศบาล,ชาย,40 - 44 ปี,1187694,คน,สำนักงานสถิติแห่งชาติ
252,2533,ทั่วประเทศ,รวม,นอกเขตเทศบาล,หญิง,40 - 44 ปี,1216246,คน,สำนักงานสถิติแห่งชาติ
253,2543,ทั่วประเทศ,รวม,รวม,รวม,40 - 44 ปี,4685044,คน,สำนักงานสถิติแห่งชาติ
254,2543,ทั่วประเทศ,รวม,รวม,ชาย,40 - 44 ปี,2280006,คน,สำนักงานสถิติแห่งชาติ
255,2543,ทั่วประเทศ,รวม,รวม,หญิง,40 - 44 ปี,2405038,คน,สำนักงานสถิติแห่งชาติ
256,2543,ทั่วประเทศ,รวม,ในเขตเทศบาล,รวม,40 - 44 ปี,1574321,คน,สำนักงานสถิติแห่งชาติ
257,2543,ทั่วประเทศ,รวม,ในเขตเทศบาล,ชาย,40 - 44 ปี,745998,คน,สำนักงานสถิติแห่งชาติ
258,2543,ทั่วประเทศ,รวม,ในเขตเทศบาล,หญิง,40 - 44 ปี,828323,คน,สำนักงานสถิติแห่งชาติ
259,2543,ทั่วประเทศ,รวม,นอกเขตเทศบาล,รวม,40 - 44 ปี,3110723,คน,สำนักงานสถิติแห่งชาติ
260,2543,ทั่วประเทศ,รวม,นอกเขตเทศบาล,ชาย,40 - 44 ปี,1534008,คน,สำนักงานสถิติแห่งชาติ
261,2543,ทั่วประเทศ,รวม,นอกเขตเทศบาล,หญิง,40 - 44 ปี,1576715,คน,สำนักงานสถิติแห่งชาติ
262,2553,ทั่วประเทศ,รวม,รวม,รวม,40 - 44 ปี,5672012,คน,สำนักงานสถิติแห่งชาติ
263,2553,ทั่วประเทศ,รวม,รวม,ชาย,40 - 44 ปี,2753282,คน,สำนักงานสถิติแห่งชาติ
264,2553,ทั่วประเทศ,รวม,รวม,หญิง,40 - 44 ปี,2918730,คน,สำนักงานสถิติแห่งชาติ
265,2553,ทั่วประเทศ,รวม,ในเขตเทศบาล,รวม,40 - 44 ปี,2547538,คน,สำนักงานสถิติแห่งชาติ
266,2553,ทั่วประเทศ,รวม,ในเขตเทศบาล,ชาย,40 - 44 ปี,1233463,คน,สำนักงานสถิติแห่งชาติ
267,2553,ทั่วประเทศ,รวม,ในเขตเทศบาล,หญิง,40 - 44 ปี,1314075,คน,สำนักงานสถิติแห่งชาติ
268,2553,ทั่วประเทศ,รวม,นอกเขตเทศบาล,รวม,40 - 44 ปี,3124474,คน,สำนักงานสถิติแห่งชาติ
269,2553,ทั่วประเทศ,รวม,นอกเขตเทศบาล,ชาย,40 - 44 ปี,1519819,คน,สำนักงานสถิติแห่งชาติ
270,2553,ทั่วประเทศ,รวม,นอกเขตเทศบาล,หญิง,40 - 44 ปี,1604655,คน,สำนักงานสถิติแห่งชาติ
271,2533,ทั่วประเทศ,รวม,รวม,รวม,45 - 49 ปี,2533270,คน,สำนักงานสถิติแห่งชาติ
272,2533,ทั่วประเทศ,รวม,รวม,ชาย,45 - 49 ปี,1245009,คน,สำนักงานสถิติแห่งชาติ
273,2533,ทั่วประเทศ,รวม,รวม,หญิง,45 - 49 ปี,1288261,คน,สำนักงานสถิติแห่งชาติ
274,2533,ทั่วประเทศ,รวม,ในเขตเทศบาล,รวม,45 - 49 ปี,462733,คน,สำนักงานสถิติแห่งชาติ
275,2533,ทั่วประเทศ,รวม,ในเขตเทศบาล,ชาย,45 - 49 ปี,226519,คน,สำนักงานสถิติแห่งชาติ
276,2533,ทั่วประเทศ,รวม,ในเขตเทศบาล,หญิง,45 - 49 ปี,236214,คน,สำนักงานสถิติแห่งชาติ
277,2533,ทั่วประเทศ,รวม,นอกเขตเทศบาล,รวม,45 - 49 ปี,2070537,คน,สำนักงานสถิติแห่งชาติ
278,2533,ทั่วประเทศ,รวม,นอกเขตเทศบาล,ชาย,45 - 49 ปี,1018490,คน,สำนักงานสถิติแห่งชาติ
279,2533,ทั่วประเทศ,รวม,นอกเขตเทศบาล,หญิง,45 - 49 ปี,1052047,คน,สำนักงานสถิติแห่งชาติ
280,2543,ทั่วประเทศ,รวม,รวม,รวม,45 - 49 ปี,3719822,คน,สำนักงานสถิติแห่งชาติ
281,2543,ทั่วประเทศ,รวม,รวม,ชาย,45 - 49 ปี,1807874,คน,สำนักงานสถิติแห่งชาติ
282,2543,ทั่วประเทศ,รวม,รวม,หญิง,45 - 49 ปี,1911948,คน,สำนักงานสถิติแห่งชาติ
283,2543,ทั่วประเทศ,รวม,ในเขตเทศบาล,รวม,45 - 49 ปี,1215611,คน,สำนักงานสถิติแห่งชาติ
284,2543,ทั่วประเทศ,รวม,ในเขตเทศบาล,ชาย,45 - 49 ปี,576148,คน,สำนักงานสถิติแห่งชาติ
285,2543,ทั่วประเทศ,รวม,ในเขตเทศบาล,หญิง,45 - 49 ปี,639463,คน,สำนักงานสถิติแห่งชาติ
286,2543,ทั่วประเทศ,รวม,นอกเขตเทศบาล,รวม,45 - 49 ปี,2504211,คน,สำนักงานสถิติแห่งชาติ
287,2543,ทั่วประเทศ,รวม,นอกเขตเทศบาล,ชาย,45 - 49 ปี,1231726,คน,สำนักงานสถิติแห่งชาติ
288,2543,ทั่วประเทศ,รวม,นอกเขตเทศบาล,หญิง,45 - 49 ปี,1272485,คน,สำนักงานสถิติแห่งชาติ
289,2553,ทั่วประเทศ,รวม,รวม,รวม,45 - 49 ปี,5266065,คน,สำนักงานสถิติแห่งชาติ
290,2553,ทั่วประเทศ,รวม,รวม,ชาย,45 - 49 ปี,2552531,คน,สำนักงานสถิติแห่งชาติ
291,2553,ทั่วประเทศ,รวม,รวม,หญิง,45 - 49 ปี,2713534,คน,สำนักงานสถิติแห่งชาติ
292,2553,ทั่วประเทศ,รวม,ในเขตเทศบาล,รวม,45 - 49 ปี,2316720,คน,สำนักงานสถิติแห่งชาติ
293,2553,ทั่วประเทศ,รวม,ในเขตเทศบาล,ชาย,45 - 49 ปี,1113075,คน,สำนักงานสถิติแห่งชาติ
294,2553,ทั่วประเทศ,รวม,ในเขตเทศบาล,หญิง,45 - 49 ปี,1203645,คน,สำนักงานสถิติแห่งชาติ
295,2553,ทั่วประเทศ,รวม,นอกเขตเทศบาล,รวม,45 - 49 ปี,2949345,คน,สำนักงานสถิติแห่งชาติ
296,2553,ทั่วประเทศ,รวม,นอกเขตเทศบาล,ชาย,45 - 49 ปี,1439456,คน,สำนักงานสถิติแห่งชาติ
297,2553,ทั่วประเทศ,รวม,นอกเขตเทศบาล,หญิง,45 - 49 ปี,1509889,คน,สำนักงานสถิติแห่งชาติ
298,2533,ทั่วประเทศ,รวม,รวม,รวม,50 - 54 ปี,2285118,คน,สำนักงานสถิติแห่งชาติ
299,2533,ทั่วประเทศ,รวม,รวม,ชาย,50 - 54 ปี,1110494,คน,สำนักงานสถิติแห่งชาติ
300,2533,ทั่วประเทศ,รวม,รวม,หญิง,50 - 54 ปี,1174624,คน,สำนักงานสถิติแห่งชาติ
301,2533,ทั่วประเทศ,รวม,ในเขตเทศบาล,รวม,50 - 54 ปี,408844,คน,สำนักงานสถิติแห่งชาติ
302,2533,ทั่วประเทศ,รวม,ในเขตเทศบาล,ชาย,50 - 54 ปี,197393,คน,สำนักงานสถิติแห่งชาติ
303,2533,ทั่วประเทศ,รวม,ในเขตเทศบาล,หญิง,50 - 54 ปี,211451,คน,สำนักงานสถิติแห่งชาติ
304,2533,ทั่วประเทศ,รวม,นอกเขตเทศบาล,รวม,50 - 54 ปี,1876274,คน,สำนักงานสถิติแห่งชาติ
305,2533,ทั่วประเทศ,รวม,นอกเขตเทศบาล,ชาย,50 - 54 ปี,913101,คน,สำนักงานสถิติแห่งชาติ
306,2533,ทั่วประเทศ,รวม,นอกเขตเทศบาล,หญิง,50 - 54 ปี,963173,คน,สำนักงานสถิติแห่งชาติ
307,2543,ทั่วประเทศ,รวม,รวม,รวม,50 - 54 ปี,2848159,คน,สำนักงานสถิติแห่งชาติ
308,2543,ทั่วประเทศ,รวม,รวม,ชาย,50 - 54 ปี,1381080,คน,สำนักงานสถิติแห่งชาติ
309,2543,ทั่วประเทศ,รวม,รวม,หญิง,50 - 54 ปี,1467079,คน,สำนักงานสถิติแห่งชาติ
310,2543,ทั่วประเทศ,รวม,ในเขตเทศบาล,รวม,50 - 54 ปี,903383,คน,สำนักงานสถิติแห่งชาติ
311,2543,ทั่วประเทศ,รวม,ในเขตเทศบาล,ชาย,50 - 54 ปี,431404,คน,สำนักงานสถิติแห่งชาติ
312,2543,ทั่วประเทศ,รวม,ในเขตเทศบาล,หญิง,50 - 54 ปี,471979,คน,สำนักงานสถิติแห่งชาติ
313,2543,ทั่วประเทศ,รวม,นอกเขตเทศบาล,รวม,50 - 54 ปี,1944776,คน,สำนักงานสถิติแห่งชาติ
314,2543,ทั่วประเทศ,รวม,นอกเขตเทศบาล,ชาย,50 - 54 ปี,949676,คน,สำนักงานสถิติแห่งชาติ
315,2543,ทั่วประเทศ,รวม,นอกเขตเทศบาล,หญิง,50 - 54 ปี,995100,คน,สำนักงานสถิติแห่งชาติ
316,2553,ทั่วประเทศ,รวม,รวม,รวม,50 - 54 ปี,4588033,คน,สำนักงานสถิติแห่งชาติ
317,2553,ทั่วประเทศ,รวม,รวม,ชาย,50 - 54 ปี,2211649,คน,สำนักงานสถิติแห่งชาติ
318,2553,ทั่วประเทศ,รวม,รวม,หญิง,50 - 54 ปี,2376384,คน,สำนักงานสถิติแห่งชาติ
319,2553,ทั่วประเทศ,รวม,ในเขตเทศบาล,รวม,50 - 54 ปี,2004622,คน,สำนักงานสถิติแห่งชาติ
320,2553,ทั่วประเทศ,รวม,ในเขตเทศบาล,ชาย,50 - 54 ปี,955925,คน,สำนักงานสถิติแห่งชาติ
321,2553,ทั่วประเทศ,รวม,ในเขตเทศบาล,หญิง,50 - 54 ปี,1048697,คน,สำนักงานสถิติแห่งชาติ
322,2553,ทั่วประเทศ,รวม,นอกเขตเทศบาล,รวม,50 - 54 ปี,2583411,คน,สำนักงานสถิติแห่งชาติ
323,2553,ทั่วประเทศ,รวม,นอกเขตเทศบาล,ชาย,50 - 54 ปี,1255724,คน,สำนักงานสถิติแห่งชาติ
324,2553,ทั่วประเทศ,รวม,นอกเขตเทศบาล,หญิง,50 - 54 ปี,1327687,คน,สำนักงานสถิติแห่งชาติ
325,2533,ทั่วประเทศ,รวม,รวม,รวม,55 - 59 ปี,1897927,คน,สำนักงานสถิติแห่งชาติ
326,2533,ทั่วประเทศ,รวม,รวม,ชาย,55 - 59 ปี,917420,คน,สำนักงานสถิติแห่งชาติ
327,2533,ทั่วประเทศ,รวม,รวม,หญิง,55 - 59 ปี,980507,คน,สำนักงานสถิติแห่งชาติ
328,2533,ทั่วประเทศ,รวม,ในเขตเทศบาล,รวม,55 - 59 ปี,308228,คน,สำนักงานสถิติแห่งชาติ
329,2533,ทั่วประเทศ,รวม,ในเขตเทศบาล,ชาย,55 - 59 ปี,146598,คน,สำนักงานสถิติแห่งชาติ
330,2533,ทั่วประเทศ,รวม,ในเขตเทศบาล,หญิง,55 - 59 ปี,161630,คน,สำนักงานสถิติแห่งชาติ
331,2533,ทั่วประเทศ,รวม,นอกเขตเทศบาล,รวม,55 - 59 ปี,1589699,คน,สำนักงานสถิติแห่งชาติ
332,2533,ทั่วประเทศ,รวม,นอกเขตเทศบาล,ชาย,55 - 59 ปี,770822,คน,สำนักงานสถิติแห่งชาติ
333,2533,ทั่วประเทศ,รวม,นอกเขตเทศบาล,หญิง,55 - 59 ปี,818877,คน,สำนักงานสถิติแห่งชาติ
334,2543,ทั่วประเทศ,รวม,รวม,รวม,55 - 59 ปี,2284277,คน,สำนักงานสถิติแห่งชาติ
335,2543,ทั่วประเทศ,รวม,รวม,ชาย,55 - 59 ปี,1097886,คน,สำนักงานสถิติแห่งชาติ
336,2543,ทั่วประเทศ,รวม,รวม,หญิง,55 - 59 ปี,1186391,คน,สำนักงานสถิติแห่งชาติ
337,2543,ทั่วประเทศ,รวม,ในเขตเทศบาล,รวม,55 - 59 ปี,676181,คน,สำนักงานสถิติแห่งชาติ
338,2543,ทั่วประเทศ,รวม,ในเขตเทศบาล,ชาย,55 - 59 ปี,320814,คน,สำนักงานสถิติแห่งชาติ
339,2543,ทั่วประเทศ,รวม,ในเขตเทศบาล,หญิง,55 - 59 ปี,355367,คน,สำนักงานสถิติแห่งชาติ
340,2543,ทั่วประเทศ,รวม,นอกเขตเทศบาล,รวม,55 - 59 ปี,1608096,คน,สำนักงานสถิติแห่งชาติ
341,2543,ทั่วประเทศ,รวม,นอกเขตเทศบาล,ชาย,55 - 59 ปี,777072,คน,สำนักงานสถิติแห่งชาติ
342,2543,ทั่วประเทศ,รวม,นอกเขตเทศบาล,หญิง,55 - 59 ปี,831024,คน,สำนักงานสถิติแห่งชาติ
343,2553,ทั่วประเทศ,รวม,รวม,รวม,55 - 59 ปี,3567088,คน,สำนักงานสถิติแห่งชาติ
344,2553,ทั่วประเทศ,รวม,รวม,ชาย,55 - 59 ปี,1697221,คน,สำนักงานสถิติแห่งชาติ
345,2553,ทั่วประเทศ,รวม,รวม,หญิง,55 - 59 ปี,1869867,คน,สำนักงานสถิติแห่งชาติ
346,2553,ทั่วประเทศ,รวม,ในเขตเทศบาล,รวม,55 - 59 ปี,1496304,คน,สำนักงานสถิติแห่งชาติ
347,2553,ทั่วประเทศ,รวม,ในเขตเทศบาล,ชาย,55 - 59 ปี,701337,คน,สำนักงานสถิติแห่งชาติ
348,2553,ทั่วประเทศ,รวม,ในเขตเทศบาล,หญิง,55 - 59 ปี,794968,คน,สำนักงานสถิติแห่งชาติ
349,2553,ทั่วประเทศ,รวม,นอกเขตเทศบาล,รวม,55 - 59 ปี,2070784,คน,สำนักงานสถิติแห่งชาติ
350,2553,ทั่วประเทศ,รวม,นอกเขตเทศบาล,ชาย,55 - 59 ปี,995885,คน,สำนักงานสถิติแห่งชาติ
351,2553,ทั่วประเทศ,รวม,นอกเขตเทศบาล,หญิง,55 - 59 ปี,1074899,คน,สำนักงานสถิติแห่งชาติ
352,2533,ทั่วประเทศ,รวม,รวม,รวม,60 - 64 ปี,1473802,คน,สำนักงานสถิติแห่งชาติ
353,2533,ทั่วประเทศ,รวม,รวม,ชาย,60 - 64 ปี,716111,คน,สำนักงานสถิติแห่งชาติ
354,2533,ทั่วประเทศ,รวม,รวม,หญิง,60 - 64 ปี,757691,คน,สำนักงานสถิติแห่งชาติ
355,2533,ทั่วประเทศ,รวม,ในเขตเทศบาล,รวม,60 - 64 ปี,243175,คน,สำนักงานสถิติแห่งชาติ
356,2533,ทั่วประเทศ,รวม,ในเขตเทศบาล,ชาย,60 - 64 ปี,113563,คน,สำนักงานสถิติแห่งชาติ
357,2533,ทั่วประเทศ,รวม,ในเขตเทศบาล,หญิง,60 - 64 ปี,129612,คน,สำนักงานสถิติแห่งชาติ
358,2533,ทั่วประเทศ,รวม,นอกเขตเทศบาล,รวม,60 - 64 ปี,1230627,คน,สำนักงานสถิติแห่งชาติ
359,2533,ทั่วประเทศ,รวม,นอกเขตเทศบาล,ชาย,60 - 64 ปี,602548,คน,สำนักงานสถิติแห่งชาติ
360,2533,ทั่วประเทศ,รวม,นอกเขตเทศบาล,หญิง,60 - 64 ปี,628079,คน,สำนักงานสถิติแห่งชาติ
361,2543,ทั่วประเทศ,รวม,รวม,รวม,60 - 64 ปี,1970687,คน,สำนักงานสถิติแห่งชาติ
362,2543,ทั่วประเทศ,รวม,รวม,ชาย,60 - 64 ปี,925205,คน,สำนักงานสถิติแห่งชาติ
363,2543,ทั่วประเทศ,รวม,รวม,หญิง,60 - 64 ปี,1045482,คน,สำนักงานสถิติแห่งชาติ
364,2543,ทั่วประเทศ,รวม,ในเขตเทศบาล,รวม,60 - 64 ปี,578347,คน,สำนักงานสถิติแห่งชาติ
365,2543,ทั่วประเทศ,รวม,ในเขตเทศบาล,ชาย,60 - 64 ปี,265667,คน,สำนักงานสถิติแห่งชาติ
366,2543,ทั่วประเทศ,รวม,ในเขตเทศบาล,หญิง,60 - 64 ปี,312680,คน,สำนักงานสถิติแห่งชาติ
367,2543,ทั่วประเทศ,รวม,นอกเขตเทศบาล,รวม,60 - 64 ปี,1392340,คน,สำนักงานสถิติแห่งชาติ
368,2543,ทั่วประเทศ,รวม,นอกเขตเทศบาล,ชาย,60 - 64 ปี,659538,คน,สำนักงานสถิติแห่งชาติ
369,2543,ทั่วประเทศ,รวม,นอกเขตเทศบาล,หญิง,60 - 64 ปี,732802,คน,สำนักงานสถิติแห่งชาติ
370,2553,ทั่วประเทศ,รวม,รวม,รวม,60 - 64 ปี,2765397,คน,สำนักงานสถิติแห่งชาติ
371,2553,ทั่วประเทศ,รวม,รวม,ชาย,60 - 64 ปี,1311024,คน,สำนักงานสถิติแห่งชาติ
372,2553,ทั่วประเทศ,รวม,รวม,หญิง,60 - 64 ปี,1454373,คน,สำนักงานสถิติแห่งชาติ
373,2553,ทั่วประเทศ,รวม,ในเขตเทศบาล,รวม,60 - 64 ปี,1139851,คน,สำนักงานสถิติแห่งชาติ
374,2553,ทั่วประเทศ,รวม,ในเขตเทศบาล,ชาย,60 - 64 ปี,533417,คน,สำนักงานสถิติแห่งชาติ
375,2553,ทั่วประเทศ,รวม,ในเขตเทศบาล,หญิง,60 - 64 ปี,606434,คน,สำนักงานสถิติแห่งชาติ
376,2553,ทั่วประเทศ,รวม,นอกเขตเทศบาล,รวม,60 - 64 ปี,1625546,คน,สำนักงานสถิติแห่งชาติ
377,2553,ทั่วประเทศ,รวม,นอกเขตเทศบาล,ชาย,60 - 64 ปี,777606,คน,สำนักงานสถิติแห่งชาติ
378,2553,ทั่วประเทศ,รวม,นอกเขตเทศบาล,หญิง,60 - 64 ปี,847940,คน,สำนักงานสถิติแห่งชาติ
379,2533,ทั่วประเทศ,รวม,รวม,รวม,65 - 69 ปี,977586,คน,สำนักงานสถิติแห่งชาติ
380,2533,ทั่วประเทศ,รวม,รวม,ชาย,65 - 69 ปี,466824,คน,สำนักงานสถิติแห่งชาติ
381,2533,ทั่วประเทศ,รวม,รวม,หญิง,65 - 69 ปี,510762,คน,สำนักงานสถิติแห่งชาติ
382,2533,ทั่วประเทศ,รวม,ในเขตเทศบาล,รวม,65 - 69 ปี,151036,คน,สำนักงานสถิติแห่งชาติ
383,2533,ทั่วประเทศ,รวม,ในเขตเทศบาล,ชาย,65 - 69 ปี,69220,คน,สำนักงานสถิติแห่งชาติ
384,2533,ทั่วประเทศ,รวม,ในเขตเทศบาล,หญิง,65 - 69 ปี,81816,คน,สำนักงานสถิติแห่งชาติ
385,2533,ทั่วประเทศ,รวม,นอกเขตเทศบาล,รวม,65 - 69 ปี,826550,คน,สำนักงานสถิติแห่งชาติ
386,2533,ทั่วประเทศ,รวม,นอกเขตเทศบาล,ชาย,65 - 69 ปี,397604,คน,สำนักงานสถิติแห่งชาติ
387,2533,ทั่วประเทศ,รวม,นอกเขตเทศบาล,หญิง,65 - 69 ปี,428946,คน,สำนักงานสถิติแห่งชาติ
388,2543,ทั่วประเทศ,รวม,รวม,รวม,65 - 69 ปี,1530021,คน,สำนักงานสถิติแห่งชาติ
389,2543,ทั่วประเทศ,รวม,รวม,ชาย,65 - 69 ปี,702801,คน,สำนักงานสถิติแห่งชาติ
390,2543,ทั่วประเทศ,รวม,รวม,หญิง,65 - 69 ปี,827220,คน,สำนักงานสถิติแห่งชาติ
391,2543,ทั่วประเทศ,รวม,ในเขตเทศบาล,รวม,65 - 69 ปี,433060,คน,สำนักงานสถิติแห่งชาติ
392,2543,ทั่วประเทศ,รวม,ในเขตเทศบาล,ชาย,65 - 69 ปี,192613,คน,สำนักงานสถิติแห่งชาติ
393,2543,ทั่วประเทศ,รวม,ในเขตเทศบาล,หญิง,65 - 69 ปี,240447,คน,สำนักงานสถิติแห่งชาติ
394,2543,ทั่วประเทศ,รวม,นอกเขตเทศบาล,รวม,65 - 69 ปี,1096961,คน,สำนักงานสถิติแห่งชาติ
395,2543,ทั่วประเทศ,รวม,นอกเขตเทศบาล,ชาย,65 - 69 ปี,510188,คน,สำนักงานสถิติแห่งชาติ
396,2543,ทั่วประเทศ,รวม,นอกเขตเทศบาล,หญิง,65 - 69 ปี,586773,คน,สำนักงานสถิติแห่งชาติ
397,2553,ทั่วประเทศ,รวม,รวม,รวม,65 - 69 ปี,1933352,คน,สำนักงานสถิติแห่งชาติ
398,2553,ทั่วประเทศ,รวม,รวม,ชาย,65 - 69 ปี,902675,คน,สำนักงานสถิติแห่งชาติ
399,2553,ทั่วประเทศ,รวม,รวม,หญิง,65 - 69 ปี,1030677,คน,สำนักงานสถิติแห่งชาติ
400,2553,ทั่วประเทศ,รวม,ในเขตเทศบาล,รวม,65 - 69 ปี,770128,คน,สำนักงานสถิติแห่งชาติ
401,2553,ทั่วประเทศ,รวม,ในเขตเทศบาล,ชาย,65 - 69 ปี,355128,คน,สำนักงานสถิติแห่งชาติ
402,2553,ทั่วประเทศ,รวม,ในเขตเทศบาล,หญิง,65 - 69 ปี,415000,คน,สำนักงานสถิติแห่งชาติ
403,2553,ทั่วประเทศ,รวม,นอกเขตเทศบาล,รวม,65 - 69 ปี,1163224,คน,สำนักงานสถิติแห่งชาติ
404,2553,ทั่วประเทศ,รวม,นอกเขตเทศบาล,ชาย,65 - 69 ปี,547547,คน,สำนักงานสถิติแห่งชาติ
405,2553,ทั่วประเทศ,รวม,นอกเขตเทศบาล,หญิง,65 - 69 ปี,615677,คน,สำนักงานสถิติแห่งชาติ
406,2533,ทั่วประเทศ,รวม,รวม,รวม,70 - 74 ปี,682867,คน,สำนักงานสถิติแห่งชาติ
407,2533,ทั่วประเทศ,รวม,รวม,ชาย,70 - 74 ปี,310544,คน,สำนักงานสถิติแห่งชาติ
408,2533,ทั่วประเทศ,รวม,รวม,หญิง,70 - 74 ปี,372323,คน,สำนักงานสถิติแห่งชาติ
409,2533,ทั่วประเทศ,รวม,ในเขตเทศบาล,รวม,70 - 74 ปี,114729,คน,สำนักงานสถิติแห่งชาติ
410,2533,ทั่วประเทศ,รวม,ในเขตเทศบาล,ชาย,70 - 74 ปี,49605,คน,สำนักงานสถิติแห่งชาติ
411,2533,ทั่วประเทศ,รวม,ในเขตเทศบาล,หญิง,70 - 74 ปี,65124,คน,สำนักงานสถิติแห่งชาติ
412,2533,ทั่วประเทศ,รวม,นอกเขตเทศบาล,รวม,70 - 74 ปี,568138,คน,สำนักงานสถิติแห่งชาติ
413,2533,ทั่วประเทศ,รวม,นอกเขตเทศบาล,ชาย,70 - 74 ปี,260939,คน,สำนักงานสถิติแห่งชาติ
414,2533,ทั่วประเทศ,รวม,นอกเขตเทศบาล,หญิง,70 - 74 ปี,307199,คน,สำนักงานสถิติแห่งชาติ
415,2543,ทั่วประเทศ,รวม,รวม,รวม,70 - 74 ปี,1080103,คน,สำนักงานสถิติแห่งชาติ
416,2543,ทั่วประเทศ,รวม,รวม,ชาย,70 - 74 ปี,486407,คน,สำนักงานสถิติแห่งชาติ
417,2543,ทั่วประเทศ,รวม,รวม,หญิง,70 - 74 ปี,593696,คน,สำนักงานสถิติแห่งชาติ
418,2543,ทั่วประเทศ,รวม,ในเขตเทศบาล,รวม,70 - 74 ปี,315480,คน,สำนักงานสถิติแห่งชาติ
419,2543,ทั่วประเทศ,รวม,ในเขตเทศบาล,ชาย,70 - 74 ปี,137348,คน,สำนักงานสถิติแห่งชาติ
420,2543,ทั่วประเทศ,รวม,ในเขตเทศบาล,หญิง,70 - 74 ปี,178132,คน,สำนักงานสถิติแห่งชาติ
421,2543,ทั่วประเทศ,รวม,นอกเขตเทศบาล,รวม,70 - 74 ปี,764623,คน,สำนักงานสถิติแห่งชาติ
422,2543,ทั่วประเทศ,รวม,นอกเขตเทศบาล,ชาย,70 - 74 ปี,349059,คน,สำนักงานสถิติแห่งชาติ
423,2543,ทั่วประเทศ,รวม,นอกเขตเทศบาล,หญิง,70 - 74 ปี,415564,คน,สำนักงานสถิติแห่งชาติ
424,2553,ทั่วประเทศ,รวม,รวม,รวม,70 - 74 ปี,1607639,คน,สำนักงานสถิติแห่งชาติ
425,2553,ทั่วประเทศ,รวม,รวม,ชาย,70 - 74 ปี,722246,คน,สำนักงานสถิติแห่งชาติ
426,2553,ทั่วประเทศ,รวม,รวม,หญิง,70 - 74 ปี,885393,คน,สำนักงานสถิติแห่งชาติ
427,2553,ทั่วประเทศ,รวม,ในเขตเทศบาล,รวม,70 - 74 ปี,636403,คน,สำนักงานสถิติแห่งชาติ
428,2553,ทั่วประเทศ,รวม,ในเขตเทศบาล,ชาย,70 - 74 ปี,282117,คน,สำนักงานสถิติแห่งชาติ
429,2553,ทั่วประเทศ,รวม,ในเขตเทศบาล,หญิง,70 - 74 ปี,354286,คน,สำนักงานสถิติแห่งชาติ
430,2553,ทั่วประเทศ,รวม,นอกเขตเทศบาล,รวม,70 - 74 ปี,971236,คน,สำนักงานสถิติแห่งชาติ
431,2553,ทั่วประเทศ,รวม,นอกเขตเทศบาล,ชาย,70 - 74 ปี,440129,คน,สำนักงานสถิติแห่งชาติ
432,2553,ทั่วประเทศ,รวม,นอกเขตเทศบาล,หญิง,70 - 74 ปี,531107,คน,สำนักงานสถิติแห่งชาติ
433,2533,ทั่วประเทศ,รวม,รวม,รวม,75 - 79 ปี,439783,คน,สำนักงานสถิติแห่งชาติ
434,2533,ทั่วประเทศ,รวม,รวม,ชาย,75 - 79 ปี,190907,คน,สำนักงานสถิติแห่งชาติ
435,2533,ทั่วประเทศ,รวม,รวม,หญิง,75 - 79 ปี,248876,คน,สำนักงานสถิติแห่งชาติ
436,2533,ทั่วประเทศ,รวม,ในเขตเทศบาล,รวม,75 - 79 ปี,70658,คน,สำนักงานสถิติแห่งชาติ
437,2533,ทั่วประเทศ,รวม,ในเขตเทศบาล,ชาย,75 - 79 ปี,28881,คน,สำนักงานสถิติแห่งชาติ
438,2533,ทั่วประเทศ,รวม,ในเขตเทศบาล,หญิง,75 - 79 ปี,41777,คน,สำนักงานสถิติแห่งชาติ
439,2533,ทั่วประเทศ,รวม,นอกเขตเทศบาล,รวม,75 - 79 ปี,369125,คน,สำนักงานสถิติแห่งชาติ
440,2533,ทั่วประเทศ,รวม,นอกเขตเทศบาล,ชาย,75 - 79 ปี,162026,คน,สำนักงานสถิติแห่งชาติ
441,2533,ทั่วประเทศ,รวม,นอกเขตเทศบาล,หญิง,75 - 79 ปี,207099,คน,สำนักงานสถิติแห่งชาติ
442,2543,ทั่วประเทศ,รวม,รวม,รวม,75 - 79 ปี,626282,คน,สำนักงานสถิติแห่งชาติ
443,2543,ทั่วประเทศ,รวม,รวม,ชาย,75 - 79 ปี,272134,คน,สำนักงานสถิติแห่งชาติ
444,2543,ทั่วประเทศ,รวม,รวม,หญิง,75 - 79 ปี,354148,คน,สำนักงานสถิติแห่งชาติ
445,2543,ทั่วประเทศ,รวม,ในเขตเทศบาล,รวม,75 - 79 ปี,176330,คน,สำนักงานสถิติแห่งชาติ
446,2543,ทั่วประเทศ,รวม,ในเขตเทศบาล,ชาย,75 - 79 ปี,74082,คน,สำนักงานสถิติแห่งชาติ
447,2543,ทั่วประเทศ,รวม,ในเขตเทศบาล,หญิง,75 - 79 ปี,102248,คน,สำนักงานสถิติแห่งชาติ
448,2543,ทั่วประเทศ,รวม,นอกเขตเทศบาล,รวม,75 - 79 ปี,449952,คน,สำนักงานสถิติแห่งชาติ
449,2543,ทั่วประเทศ,รวม,นอกเขตเทศบาล,ชาย,75 - 79 ปี,198052,คน,สำนักงานสถิติแห่งชาติ
450,2543,ทั่วประเทศ,รวม,นอกเขตเทศบาล,หญิง,75 - 79 ปี,251900,คน,สำนักงานสถิติแห่งชาติ
451,2553,ทั่วประเทศ,รวม,รวม,รวม,75 - 79 ปี,1123385,คน,สำนักงานสถิติแห่งชาติ
452,2553,ทั่วประเทศ,รวม,รวม,ชาย,75 - 79 ปี,482686,คน,สำนักงานสถิติแห่งชาติ
453,2553,ทั่วประเทศ,รวม,รวม,หญิง,75 - 79 ปี,640698,คน,สำนักงานสถิติแห่งชาติ
454,2553,ทั่วประเทศ,รวม,ในเขตเทศบาล,รวม,75 - 79 ปี,434911,คน,สำนักงานสถิติแห่งชาติ
455,2553,ทั่วประเทศ,รวม,ในเขตเทศบาล,ชาย,75 - 79 ปี,182363,คน,สำนักงานสถิติแห่งชาติ
456,2553,ทั่วประเทศ,รวม,ในเขตเทศบาล,หญิง,75 - 79 ปี,252548,คน,สำนักงานสถิติแห่งชาติ
457,2553,ทั่วประเทศ,รวม,นอกเขตเทศบาล,รวม,75 - 79 ปี,688474,คน,สำนักงานสถิติแห่งชาติ
458,2553,ทั่วประเทศ,รวม,นอกเขตเทศบาล,ชาย,75 - 79 ปี,300323,คน,สำนักงานสถิติแห่งชาติ
459,2553,ทั่วประเทศ,รวม,นอกเขตเทศบาล,หญิง,75 - 79 ปี,388150,คน,สำนักงานสถิติแห่งชาติ
460,2533,ทั่วประเทศ,รวม,รวม,รวม,80 ปีขึ้นไป   ,442915,คน,สำนักงานสถิติแห่งชาติ
461,2533,ทั่วประเทศ,รวม,รวม,ชาย,80 ปีขึ้นไป   ,174980,คน,สำนักงานสถิติแห่งชาติ
462,2533,ทั่วประเทศ,รวม,รวม,หญิง,80 ปีขึ้นไป   ,267935,คน,สำนักงานสถิติแห่งชาติ
463,2533,ทั่วประเทศ,รวม,ในเขตเทศบาล,รวม,80 ปีขึ้นไป   ,74098,คน,สำนักงานสถิติแห่งชาติ
464,2533,ทั่วประเทศ,รวม,ในเขตเทศบาล,ชาย,80 ปีขึ้นไป   ,26946,คน,สำนักงานสถิติแห่งชาติ
465,2533,ทั่วประเทศ,รวม,ในเขตเทศบาล,หญิง,80 ปีขึ้นไป   ,47152,คน,สำนักงานสถิติแห่งชาติ
466,2533,ทั่วประเทศ,รวม,นอกเขตเทศบาล,รวม,80 ปีขึ้นไป   ,368817,คน,สำนักงานสถิติแห่งชาติ
467,2533,ทั่วประเทศ,รวม,นอกเขตเทศบาล,ชาย,80 ปีขึ้นไป   ,148034,คน,สำนักงานสถิติแห่งชาติ
468,2533,ทั่วประเทศ,รวม,นอกเขตเทศบาล,หญิง,80 ปีขึ้นไป   ,220783,คน,สำนักงานสถิติแห่งชาติ
469,2543,ทั่วประเทศ,รวม,รวม,รวม,80 ปีขึ้นไป   ,585877,คน,สำนักงานสถิติแห่งชาติ
470,2543,ทั่วประเทศ,รวม,รวม,ชาย,80 ปีขึ้นไป   ,226430,คน,สำนักงานสถิติแห่งชาติ
471,2543,ทั่วประเทศ,รวม,รวม,หญิง,80 ปีขึ้นไป   ,359447,คน,สำนักงานสถิติแห่งชาติ
472,2543,ทั่วประเทศ,รวม,ในเขตเทศบาล,รวม,80 ปีขึ้นไป   ,179120,คน,สำนักงานสถิติแห่งชาติ
473,2543,ทั่วประเทศ,รวม,ในเขตเทศบาล,ชาย,80 ปีขึ้นไป   ,66190,คน,สำนักงานสถิติแห่งชาติ
474,2543,ทั่วประเทศ,รวม,ในเขตเทศบาล,หญิง,80 ปีขึ้นไป   ,112930,คน,สำนักงานสถิติแห่งชาติ
475,2543,ทั่วประเทศ,รวม,นอกเขตเทศบาล,รวม,80 ปีขึ้นไป   ,406757,คน,สำนักงานสถิติแห่งชาติ
476,2543,ทั่วประเทศ,รวม,นอกเขตเทศบาล,ชาย,80 ปีขึ้นไป   ,160240,คน,สำนักงานสถิติแห่งชาติ
477,2543,ทั่วประเทศ,รวม,นอกเขตเทศบาล,หญิง,80 ปีขึ้นไป   ,246517,คน,สำนักงานสถิติแห่งชาติ
478,2553,ทั่วประเทศ,รวม,รวม,รวม,80 ปีขึ้นไป   ,1078423,คน,สำนักงานสถิติแห่งชาติ
479,2553,ทั่วประเทศ,รวม,รวม,ชาย,80 ปีขึ้นไป   ,430624,คน,สำนักงานสถิติแห่งชาติ
480,2553,ทั่วประเทศ,รวม,รวม,หญิง,80 ปีขึ้นไป   ,647799,คน,สำนักงานสถิติแห่งชาติ
481,2553,ทั่วประเทศ,รวม,ในเขตเทศบาล,รวม,80 ปีขึ้นไป   ,431344,คน,สำนักงานสถิติแห่งชาติ
482,2553,ทั่วประเทศ,รวม,ในเขตเทศบาล,ชาย,80 ปีขึ้นไป   ,167197,คน,สำนักงานสถิติแห่งชาติ
483,2553,ทั่วประเทศ,รวม,ในเขตเทศบาล,หญิง,80 ปีขึ้นไป   ,264146,คน,สำนักงานสถิติแห่งชาติ
484,2553,ทั่วประเทศ,รวม,นอกเขตเทศบาล,รวม,80 ปีขึ้นไป   ,647079,คน,สำนักงานสถิติแห่งชาติ
485,2553,ทั่วประเทศ,รวม,นอกเขตเทศบาล,ชาย,80 ปีขึ้นไป   ,263427,คน,สำนักงานสถิติแห่งชาติ
486,2553,ทั่วประเทศ,รวม,นอกเขตเทศบาล,หญิง,80 ปีขึ้นไป   ,383651,คน,สำนักงานสถิติแห่งชาติ
487,2533,กรุงเทพมหานคร,กรุงเทพมหานคร,รวม,รวม,รวม,5882411,คน,สำนักงานสถิติแห่งชาติ
488,2533,กรุงเทพมหานคร,กรุงเทพมหานคร,รวม,ชาย,รวม,2831602,คน,สำนักงานสถิติแห่งชาติ
489,2533,กรุงเทพมหานคร,กรุงเทพมหานคร,รวม,หญิง,รวม,3050809,คน,สำนักงานสถิติแห่งชาติ
490,2533,กรุงเทพมหานคร,กรุงเทพมหานคร,ในเขตเทศบาล,รวม,รวม,5882411,คน,สำนักงานสถิติแห่งชาติ
491,2533,กรุงเทพมหานคร,กรุงเทพมหานคร,ในเขตเทศบาล,ชาย,รวม,2831602,คน,สำนักงานสถิติแห่งชาติ
492,2533,กรุงเทพมหานคร,กรุงเทพมหานคร,ในเขตเทศบาล,หญิง,รวม,3050809,คน,สำนักงานสถิติแห่งชาติ
493,2543,กรุงเทพมหานคร,กรุงเทพมหานคร,รวม,รวม,รวม,6355144,คน,สำนักงานสถิติแห่งชาติ
494,2543,กรุงเทพมหานคร,กรุงเทพมหานคร,รวม,ชาย,รวม,3011711,คน,สำนักงานสถิติแห่งชาติ
495,2543,กรุงเทพมหานคร,กรุงเทพมหานคร,รวม,หญิง,รวม,3343433,คน,สำนักงานสถิติแห่งชาติ
496,2543,กรุงเทพมหานคร,กรุงเทพมหานคร,ในเขตเทศบาล,รวม,รวม,6355144,คน,สำนักงานสถิติแห่งชาติ
497,2543,กรุงเทพมหานคร,กรุงเทพมหานคร,ในเขตเทศบาล,ชาย,รวม,3011711,คน,สำนักงานสถิติแห่งชาติ
498,2543,กรุงเทพมหานคร,กรุงเทพมหานคร,ในเขตเทศบาล,หญิง,รวม,3343433,คน,สำนักงานสถิติแห่งชาติ
499,2553,กรุงเทพมหานคร,กรุงเทพมหานคร,รวม,รวม,รวม,8305218,คน,สำนักงานสถิติแห่งชาติ
500,2553,กรุงเทพมหานคร,กรุงเทพมหานคร,รวม,ชาย,รวม,4032586,คน,สำนักงานสถิติแห่งชาติ
501,2553,กรุงเทพมหานคร,กรุงเทพมหานคร,รวม,หญิง,รวม,4272632,คน,สำนักงานสถิติแห่งชาติ
502,2553,กรุงเทพมหานคร,กรุงเทพมหานคร,ในเขตเทศบาล,รวม,รวม,8305218,คน,สำนักงานสถิติแห่งชาติ
503,2553,กรุงเทพมหานคร,กรุงเทพมหานคร,ในเขตเทศบาล,ชาย,รวม,4032586,คน,สำนักงานสถิติแห่งชาติ
504,2553,กรุงเทพมหานคร,กรุงเทพมหานคร,ในเขตเทศบาล,หญิง,รวม,4272632,คน,สำนักงานสถิติแห่งชาติ
505,2533,กรุงเทพมหานคร,กรุงเทพมหานคร,รวม,รวม,0 - 4 ปี,359212,คน,สำนักงานสถิติแห่งชาติ
506,2533,กรุงเทพมหานคร,กรุงเทพมหานคร,รวม,ชาย,0 - 4 ปี,185046,คน,สำนักงานสถิติแห่งชาติ
507,2533,กรุงเทพมหานคร,กรุงเทพมหานคร,รวม,หญิง,0 - 4 ปี,174166,คน,สำนักงานสถิติแห่งชาติ
508,2533,กรุงเทพมหานคร,กรุงเทพมหานคร,ในเขตเทศบาล,รวม,0 - 4 ปี,359212,คน,สำนักงานสถิติแห่งชาติ
509,2533,กรุงเทพมหานคร,กรุงเทพมหานคร,ในเขตเทศบาล,ชาย,0 - 4 ปี,185046,คน,สำนักงานสถิติแห่งชาติ
510,2533,กรุงเทพมหานคร,กรุงเทพมหานคร,ในเขตเทศบาล,หญิง,0 - 4 ปี,174166,คน,สำนักงานสถิติแห่งชาติ
511,2543,กรุงเทพมหานคร,กรุงเทพมหานคร,รวม,รวม,0 - 4 ปี,350933,คน,สำนักงานสถิติแห่งชาติ
512,2543,กรุงเทพมหานคร,กรุงเทพมหานคร,รวม,ชาย,0 - 4 ปี,180582,คน,สำนักงานสถิติแห่งชาติ
513,2543,กรุงเทพมหานคร,กรุงเทพมหานคร,รวม,หญิง,0 - 4 ปี,170351,คน,สำนักงานสถิติแห่งชาติ
514,2543,กรุงเทพมหานคร,กรุงเทพมหานคร,ในเขตเทศบาล,รวม,0 - 4 ปี,350933,คน,สำนักงานสถิติแห่งชาติ
515,2543,กรุงเทพมหานคร,กรุงเทพมหานคร,ในเขตเทศบาล,ชาย,0 - 4 ปี,180582,คน,สำนักงานสถิติแห่งชาติ
516,2543,กรุงเทพมหานคร,กรุงเทพมหานคร,ในเขตเทศบาล,หญิง,0 - 4 ปี,170351,คน,สำนักงานสถิติแห่งชาติ
517,2553,กรุงเทพมหานคร,กรุงเทพมหานคร,รวม,รวม,0 - 4 ปี,314388,คน,สำนักงานสถิติแห่งชาติ
518,2553,กรุงเทพมหานคร,กรุงเทพมหานคร,รวม,ชาย,0 - 4 ปี,159511,คน,สำนักงานสถิติแห่งชาติ
519,2553,กรุงเทพมหานคร,กรุงเทพมหานคร,รวม,หญิง,0 - 4 ปี,154877,คน,สำนักงานสถิติแห่งชาติ
520,2553,กรุงเทพมหานคร,กรุงเทพมหานคร,ในเขตเทศบาล,รวม,0 - 4 ปี,314388,คน,สำนักงานสถิติแห่งชาติ
521,2553,กรุงเทพมหานคร,กรุงเทพมหานคร,ในเขตเทศบาล,ชาย,0 - 4 ปี,159511,คน,สำนักงานสถิติแห่งชาติ
522,2553,กรุงเทพมหานคร,กรุงเทพมหานคร,ในเขตเทศบาล,หญิง,0 - 4 ปี,154877,คน,สำนักงานสถิติแห่งชาติ
523,2533,กรุงเทพมหานคร,กรุงเทพมหานคร,รวม,รวม,5 - 9 ปี,412775,คน,สำนักงานสถิติแห่งชาติ
524,2533,กรุงเทพมหานคร,กรุงเทพมหานคร,รวม,ชาย,5 - 9 ปี,212484,คน,สำนักงานสถิติแห่งชาติ
525,2533,กรุงเทพมหานคร,กรุงเทพมหานคร,รวม,หญิง,5 - 9 ปี,200291,คน,สำนักงานสถิติแห่งชาติ
526,2533,กรุงเทพมหานคร,กรุงเทพมหานคร,ในเขตเทศบาล,รวม,5 - 9 ปี,412775,คน,สำนักงานสถิติแห่งชาติ
527,2533,กรุงเทพมหานคร,กรุงเทพมหานคร,ในเขตเทศบาล,ชาย,5 - 9 ปี,212484,คน,สำนักงานสถิติแห่งชาติ
528,2533,กรุงเทพมหานคร,กรุงเทพมหานคร,ในเขตเทศบาล,หญิง,5 - 9 ปี,200291,คน,สำนักงานสถิติแห่งชาติ
529,2543,กรุงเทพมหานคร,กรุงเทพมหานคร,รวม,รวม,5 - 9 ปี,375712,คน,สำนักงานสถิติแห่งชาติ
530,2543,กรุงเทพมหานคร,กรุงเทพมหานคร,รวม,ชาย,5 - 9 ปี,192683,คน,สำนักงานสถิติแห่งชาติ
531,2543,กรุงเทพมหานคร,กรุงเทพมหานคร,รวม,หญิง,5 - 9 ปี,183029,คน,สำนักงานสถิติแห่งชาติ
532,2543,กรุงเทพมหานคร,กรุงเทพมหานคร,ในเขตเทศบาล,รวม,5 - 9 ปี,375712,คน,สำนักงานสถิติแห่งชาติ
533,2543,กรุงเทพมหานคร,กรุงเทพมหานคร,ในเขตเทศบาล,ชาย,5 - 9 ปี,192683,คน,สำนักงานสถิติแห่งชาติ
534,2543,กรุงเทพมหานคร,กรุงเทพมหานคร,ในเขตเทศบาล,หญิง,5 - 9 ปี,183029,คน,สำนักงานสถิติแห่งชาติ
535,2553,กรุงเทพมหานคร,กรุงเทพมหานคร,รวม,รวม,5 - 9 ปี,333993,คน,สำนักงานสถิติแห่งชาติ
536,2553,กรุงเทพมหานคร,กรุงเทพมหานคร,รวม,ชาย,5 - 9 ปี,173035,คน,สำนักงานสถิติแห่งชาติ
537,2553,กรุงเทพมหานคร,กรุงเทพมหานคร,รวม,หญิง,5 - 9 ปี,160957,คน,สำนักงานสถิติแห่งชาติ
538,2553,กรุงเทพมหานคร,กรุงเทพมหานคร,ในเขตเทศบาล,รวม,5 - 9 ปี,333993,คน,สำนักงานสถิติแห่งชาติ
539,2553,กรุงเทพมหานคร,กรุงเทพมหานคร,ในเขตเทศบาล,ชาย,5 - 9 ปี,173035,คน,สำนักงานสถิติแห่งชาติ
540,2553,กรุงเทพมหานคร,กรุงเทพมหานคร,ในเขตเทศบาล,หญิง,5 - 9 ปี,160957,คน,สำนักงานสถิติแห่งชาติ
541,2533,กรุงเทพมหานคร,กรุงเทพมหานคร,รวม,รวม,10 - 14 ปี,495123,คน,สำนักงานสถิติแห่งชาติ
542,2533,กรุงเทพมหานคร,กรุงเทพมหานคร,รวม,ชาย,10 - 14 ปี,248291,คน,สำนักงานสถิติแห่งชาติ
543,2533,กรุงเทพมหานคร,กรุงเทพมหานคร,รวม,หญิง,10 - 14 ปี,246832,คน,สำนักงานสถิติแห่งชาติ
544,2533,กรุงเทพมหานคร,กรุงเทพมหานคร,ในเขตเทศบาล,รวม,10 - 14 ปี,495123,คน,สำนักงานสถิติแห่งชาติ
545,2533,กรุงเทพมหานคร,กรุงเทพมหานคร,ในเขตเทศบาล,ชาย,10 - 14 ปี,248291,คน,สำนักงานสถิติแห่งชาติ
546,2533,กรุงเทพมหานคร,กรุงเทพมหานคร,ในเขตเทศบาล,หญิง,10 - 14 ปี,246832,คน,สำนักงานสถิติแห่งชาติ
547,2543,กรุงเทพมหานคร,กรุงเทพมหานคร,รวม,รวม,10 - 14 ปี,386419,คน,สำนักงานสถิติแห่งชาติ
548,2543,กรุงเทพมหานคร,กรุงเทพมหานคร,รวม,ชาย,10 - 14 ปี,195848,คน,สำนักงานสถิติแห่งชาติ
549,2543,กรุงเทพมหานคร,กรุงเทพมหานคร,รวม,หญิง,10 - 14 ปี,190571,คน,สำนักงานสถิติแห่งชาติ
550,2543,กรุงเทพมหานคร,กรุงเทพมหานคร,ในเขตเทศบาล,รวม,10 - 14 ปี,386419,คน,สำนักงานสถิติแห่งชาติ
551,2543,กรุงเทพมหานคร,กรุงเทพมหานคร,ในเขตเทศบาล,ชาย,10 - 14 ปี,195848,คน,สำนักงานสถิติแห่งชาติ
552,2543,กรุงเทพมหานคร,กรุงเทพมหานคร,ในเขตเทศบาล,หญิง,10 - 14 ปี,190571,คน,สำนักงานสถิติแห่งชาติ
553,2553,กรุงเทพมหานคร,กรุงเทพมหานคร,รวม,รวม,10 - 14 ปี,411693,คน,สำนักงานสถิติแห่งชาติ
554,2553,กรุงเทพมหานคร,กรุงเทพมหานคร,รวม,ชาย,10 - 14 ปี,212637,คน,สำนักงานสถิติแห่งชาติ
555,2553,กรุงเทพมหานคร,กรุงเทพมหานคร,รวม,หญิง,10 - 14 ปี,199056,คน,สำนักงานสถิติแห่งชาติ
556,2553,กรุงเทพมหานคร,กรุงเทพมหานคร,ในเขตเทศบาล,รวม,10 - 14 ปี,411693,คน,สำนักงานสถิติแห่งชาติ
557,2553,กรุงเทพมหานคร,กรุงเทพมหานคร,ในเขตเทศบาล,ชาย,10 - 14 ปี,212637,คน,สำนักงานสถิติแห่งชาติ
558,2553,กรุงเทพมหานคร,กรุงเทพมหานคร,ในเขตเทศบาล,หญิง,10 - 14 ปี,199056,คน,สำนักงานสถิติแห่งชาติ
559,2533,กรุงเทพมหานคร,กรุงเทพมหานคร,รวม,รวม,15 - 19 ปี,663361,คน,สำนักงานสถิติแห่งชาติ
560,2533,กรุงเทพมหานคร,กรุงเทพมหานคร,รวม,ชาย,15 - 19 ปี,307920,คน,สำนักงานสถิติแห่งชาติ
561,2533,กรุงเทพมหานคร,กรุงเทพมหานคร,รวม,หญิง,15 - 19 ปี,355441,คน,สำนักงานสถิติแห่งชาติ
562,2533,กรุงเทพมหานคร,กรุงเทพมหานคร,ในเขตเทศบาล,รวม,15 - 19 ปี,663361,คน,สำนักงานสถิติแห่งชาติ
563,2533,กรุงเทพมหานคร,กรุงเทพมหานคร,ในเขตเทศบาล,ชาย,15 - 19 ปี,307920,คน,สำนักงานสถิติแห่งชาติ
564,2533,กรุงเทพมหานคร,กรุงเทพมหานคร,ในเขตเทศบาล,หญิง,15 - 19 ปี,355441,คน,สำนักงานสถิติแห่งชาติ
565,2543,กรุงเทพมหานคร,กรุงเทพมหานคร,รวม,รวม,15 - 19 ปี,538249,คน,สำนักงานสถิติแห่งชาติ
566,2543,กรุงเทพมหานคร,กรุงเทพมหานคร,รวม,ชาย,15 - 19 ปี,259162,คน,สำนักงานสถิติแห่งชาติ
567,2543,กรุงเทพมหานคร,กรุงเทพมหานคร,รวม,หญิง,15 - 19 ปี,279087,คน,สำนักงานสถิติแห่งชาติ
568,2543,กรุงเทพมหานคร,กรุงเทพมหานคร,ในเขตเทศบาล,รวม,15 - 19 ปี,538249,คน,สำนักงานสถิติแห่งชาติ
569,2543,กรุงเทพมหานคร,กรุงเทพมหานคร,ในเขตเทศบาล,ชาย,15 - 19 ปี,259162,คน,สำนักงานสถิติแห่งชาติ
570,2543,กรุงเทพมหานคร,กรุงเทพมหานคร,ในเขตเทศบาล,หญิง,15 - 19 ปี,279087,คน,สำนักงานสถิติแห่งชาติ
571,2553,กรุงเทพมหานคร,กรุงเทพมหานคร,รวม,รวม,15 - 19 ปี,576980,คน,สำนักงานสถิติแห่งชาติ
572,2553,กรุงเทพมหานคร,กรุงเทพมหานคร,รวม,ชาย,15 - 19 ปี,290794,คน,สำนักงานสถิติแห่งชาติ
573,2553,กรุงเทพมหานคร,กรุงเทพมหานคร,รวม,หญิง,15 - 19 ปี,286186,คน,สำนักงานสถิติแห่งชาติ
574,2553,กรุงเทพมหานคร,กรุงเทพมหานคร,ในเขตเทศบาล,รวม,15 - 19 ปี,576980,คน,สำนักงานสถิติแห่งชาติ
575,2553,กรุงเทพมหานคร,กรุงเทพมหานคร,ในเขตเทศบาล,ชาย,15 - 19 ปี,290794,คน,สำนักงานสถิติแห่งชาติ
576,2553,กรุงเทพมหานคร,กรุงเทพมหานคร,ในเขตเทศบาล,หญิง,15 - 19 ปี,286186,คน,สำนักงานสถิติแห่งชาติ
577,2533,กรุงเทพมหานคร,กรุงเทพมหานคร,รวม,รวม,20 - 24 ปี,788026,คน,สำนักงานสถิติแห่งชาติ
578,2533,กรุงเทพมหานคร,กรุงเทพมหานคร,รวม,ชาย,20 - 24 ปี,372152,คน,สำนักงานสถิติแห่งชาติ
579,2533,กรุงเทพมหานคร,กรุงเทพมหานคร,รวม,หญิง,20 - 24 ปี,415874,คน,สำนักงานสถิติแห่งชาติ
580,2533,กรุงเทพมหานคร,กรุงเทพมหานคร,ในเขตเทศบาล,รวม,20 - 24 ปี,788026,คน,สำนักงานสถิติแห่งชาติ
581,2533,กรุงเทพมหานคร,กรุงเทพมหานคร,ในเขตเทศบาล,ชาย,20 - 24 ปี,372152,คน,สำนักงานสถิติแห่งชาติ
582,2533,กรุงเทพมหานคร,กรุงเทพมหานคร,ในเขตเทศบาล,หญิง,20 - 24 ปี,415874,คน,สำนักงานสถิติแห่งชาติ
583,2543,กรุงเทพมหานคร,กรุงเทพมหานคร,รวม,รวม,20 - 24 ปี,759050,คน,สำนักงานสถิติแห่งชาติ
584,2543,กรุงเทพมหานคร,กรุงเทพมหานคร,รวม,ชาย,20 - 24 ปี,356006,คน,สำนักงานสถิติแห่งชาติ
585,2543,กรุงเทพมหานคร,กรุงเทพมหานคร,รวม,หญิง,20 - 24 ปี,403044,คน,สำนักงานสถิติแห่งชาติ
586,2543,กรุงเทพมหานคร,กรุงเทพมหานคร,ในเขตเทศบาล,รวม,20 - 24 ปี,759050,คน,สำนักงานสถิติแห่งชาติ
587,2543,กรุงเทพมหานคร,กรุงเทพมหานคร,ในเขตเทศบาล,ชาย,20 - 24 ปี,356006,คน,สำนักงานสถิติแห่งชาติ
588,2543,กรุงเทพมหานคร,กรุงเทพมหานคร,ในเขตเทศบาล,หญิง,20 - 24 ปี,403044,คน,สำนักงานสถิติแห่งชาติ
589,2553,กรุงเทพมหานคร,กรุงเทพมหานคร,รวม,รวม,20 - 24 ปี,826116,คน,สำนักงานสถิติแห่งชาติ
590,2553,กรุงเทพมหานคร,กรุงเทพมหานคร,รวม,ชาย,20 - 24 ปี,391888,คน,สำนักงานสถิติแห่งชาติ
591,2553,กรุงเทพมหานคร,กรุงเทพมหานคร,รวม,หญิง,20 - 24 ปี,434227,คน,สำนักงานสถิติแห่งชาติ
592,2553,กรุงเทพมหานคร,กรุงเทพมหานคร,ในเขตเทศบาล,รวม,20 - 24 ปี,826116,คน,สำนักงานสถิติแห่งชาติ
593,2553,กรุงเทพมหานคร,กรุงเทพมหานคร,ในเขตเทศบาล,ชาย,20 - 24 ปี,391888,คน,สำนักงานสถิติแห่งชาติ
594,2553,กรุงเทพมหานคร,กรุงเทพมหานคร,ในเขตเทศบาล,หญิง,20 - 24 ปี,434227,คน,สำนักงานสถิติแห่งชาติ
595,2533,กรุงเทพมหานคร,กรุงเทพมหานคร,รวม,รวม,25 - 29 ปี,730365,คน,สำนักงานสถิติแห่งชาติ
596,2533,กรุงเทพมหานคร,กรุงเทพมหานคร,รวม,ชาย,25 - 29 ปี,349120,คน,สำนักงานสถิติแห่งชาติ
597,2533,กรุงเทพมหานคร,กรุงเทพมหานคร,รวม,หญิง,25 - 29 ปี,381245,คน,สำนักงานสถิติแห่งชาติ
598,2533,กรุงเทพมหานคร,กรุงเทพมหานคร,ในเขตเทศบาล,รวม,25 - 29 ปี,730365,คน,สำนักงานสถิติแห่งชาติ
599,2533,กรุงเทพมหานคร,กรุงเทพมหานคร,ในเขตเทศบาล,ชาย,25 - 29 ปี,349120,คน,สำนักงานสถิติแห่งชาติ
600,2533,กรุงเทพมหานคร,กรุงเทพมหานคร,ในเขตเทศบาล,หญิง,25 - 29 ปี,381245,คน,สำนักงานสถิติแห่งชาติ
601,2543,กรุงเทพมหานคร,กรุงเทพมหานคร,รวม,รวม,25 - 29 ปี,732046,คน,สำนักงานสถิติแห่งชาติ
602,2543,กรุงเทพมหานคร,กรุงเทพมหานคร,รวม,ชาย,25 - 29 ปี,341976,คน,สำนักงานสถิติแห่งชาติ
603,2543,กรุงเทพมหานคร,กรุงเทพมหานคร,รวม,หญิง,25 - 29 ปี,390070,คน,สำนักงานสถิติแห่งชาติ
604,2543,กรุงเทพมหานคร,กรุงเทพมหานคร,ในเขตเทศบาล,รวม,25 - 29 ปี,732046,คน,สำนักงานสถิติแห่งชาติ
605,2543,กรุงเทพมหานคร,กรุงเทพมหานคร,ในเขตเทศบาล,ชาย,25 - 29 ปี,341976,คน,สำนักงานสถิติแห่งชาติ
606,2543,กรุงเทพมหานคร,กรุงเทพมหานคร,ในเขตเทศบาล,หญิง,25 - 29 ปี,390070,คน,สำนักงานสถิติแห่งชาติ
607,2553,กรุงเทพมหานคร,กรุงเทพมหานคร,รวม,รวม,25 - 29 ปี,943763,คน,สำนักงานสถิติแห่งชาติ
608,2553,กรุงเทพมหานคร,กรุงเทพมหานคร,รวม,ชาย,25 - 29 ปี,447742,คน,สำนักงานสถิติแห่งชาติ
609,2553,กรุงเทพมหานคร,กรุงเทพมหานคร,รวม,หญิง,25 - 29 ปี,496020,คน,สำนักงานสถิติแห่งชาติ
610,2553,กรุงเทพมหานคร,กรุงเทพมหานคร,ในเขตเทศบาล,รวม,25 - 29 ปี,943763,คน,สำนักงานสถิติแห่งชาติ
611,2553,กรุงเทพมหานคร,กรุงเทพมหานคร,ในเขตเทศบาล,ชาย,25 - 29 ปี,447742,คน,สำนักงานสถิติแห่งชาติ
612,2553,กรุงเทพมหานคร,กรุงเทพมหานคร,ในเขตเทศบาล,หญิง,25 - 29 ปี,496020,คน,สำนักงานสถิติแห่งชาติ
613,2533,กรุงเทพมหานคร,กรุงเทพมหานคร,รวม,รวม,30 - 34 ปี,608284,คน,สำนักงานสถิติแห่งชาติ
614,2533,กรุงเทพมหานคร,กรุงเทพมหานคร,รวม,ชาย,30 - 34 ปี,292527,คน,สำนักงานสถิติแห่งชาติ
615,2533,กรุงเทพมหานคร,กรุงเทพมหานคร,รวม,หญิง,30 - 34 ปี,315757,คน,สำนักงานสถิติแห่งชาติ
616,2533,กรุงเทพมหานคร,กรุงเทพมหานคร,ในเขตเทศบาล,รวม,30 - 34 ปี,608284,คน,สำนักงานสถิติแห่งชาติ
617,2533,กรุงเทพมหานคร,กรุงเทพมหานคร,ในเขตเทศบาล,ชาย,30 - 34 ปี,292527,คน,สำนักงานสถิติแห่งชาติ
618,2533,กรุงเทพมหานคร,กรุงเทพมหานคร,ในเขตเทศบาล,หญิง,30 - 34 ปี,315757,คน,สำนักงานสถิติแห่งชาติ
619,2543,กรุงเทพมหานคร,กรุงเทพมหานคร,รวม,รวม,30 - 34 ปี,674260,คน,สำนักงานสถิติแห่งชาติ
620,2543,กรุงเทพมหานคร,กรุงเทพมหานคร,รวม,ชาย,30 - 34 ปี,315804,คน,สำนักงานสถิติแห่งชาติ
621,2543,กรุงเทพมหานคร,กรุงเทพมหานคร,รวม,หญิง,30 - 34 ปี,358456,คน,สำนักงานสถิติแห่งชาติ
622,2543,กรุงเทพมหานคร,กรุงเทพมหานคร,ในเขตเทศบาล,รวม,30 - 34 ปี,674260,คน,สำนักงานสถิติแห่งชาติ
623,2543,กรุงเทพมหานคร,กรุงเทพมหานคร,ในเขตเทศบาล,ชาย,30 - 34 ปี,315804,คน,สำนักงานสถิติแห่งชาติ
624,2543,กรุงเทพมหานคร,กรุงเทพมหานคร,ในเขตเทศบาล,หญิง,30 - 34 ปี,358456,คน,สำนักงานสถิติแห่งชาติ
625,2553,กรุงเทพมหานคร,กรุงเทพมหานคร,รวม,รวม,30 - 34 ปี,919850,คน,สำนักงานสถิติแห่งชาติ
626,2553,กรุงเทพมหานคร,กรุงเทพมหานคร,รวม,ชาย,30 - 34 ปี,450325,คน,สำนักงานสถิติแห่งชาติ
627,2553,กรุงเทพมหานคร,กรุงเทพมหานคร,รวม,หญิง,30 - 34 ปี,469525,คน,สำนักงานสถิติแห่งชาติ
628,2553,กรุงเทพมหานคร,กรุงเทพมหานคร,ในเขตเทศบาล,รวม,30 - 34 ปี,919850,คน,สำนักงานสถิติแห่งชาติ
629,2553,กรุงเทพมหานคร,กรุงเทพมหานคร,ในเขตเทศบาล,ชาย,30 - 34 ปี,450325,คน,สำนักงานสถิติแห่งชาติ
630,2553,กรุงเทพมหานคร,กรุงเทพมหานคร,ในเขตเทศบาล,หญิง,30 - 34 ปี,469525,คน,สำนักงานสถิติแห่งชาติ
631,2533,กรุงเทพมหานคร,กรุงเทพมหานคร,รวม,รวม,35 - 39 ปี,473041,คน,สำนักงานสถิติแห่งชาติ
632,2533,กรุงเทพมหานคร,กรุงเทพมหานคร,รวม,ชาย,35 - 39 ปี,227401,คน,สำนักงานสถิติแห่งชาติ
633,2533,กรุงเทพมหานคร,กรุงเทพมหานคร,รวม,หญิง,35 - 39 ปี,245640,คน,สำนักงานสถิติแห่งชาติ
634,2533,กรุงเทพมหานคร,กรุงเทพมหานคร,ในเขตเทศบาล,รวม,35 - 39 ปี,473041,คน,สำนักงานสถิติแห่งชาติ
635,2533,กรุงเทพมหานคร,กรุงเทพมหานคร,ในเขตเทศบาล,ชาย,35 - 39 ปี,227401,คน,สำนักงานสถิติแห่งชาติ
636,2533,กรุงเทพมหานคร,กรุงเทพมหานคร,ในเขตเทศบาล,หญิง,35 - 39 ปี,245640,คน,สำนักงานสถิติแห่งชาติ
637,2543,กรุงเทพมหานคร,กรุงเทพมหานคร,รวม,รวม,35 - 39 ปี,598285,คน,สำนักงานสถิติแห่งชาติ
638,2543,กรุงเทพมหานคร,กรุงเทพมหานคร,รวม,ชาย,35 - 39 ปี,279834,คน,สำนักงานสถิติแห่งชาติ
639,2543,กรุงเทพมหานคร,กรุงเทพมหานคร,รวม,หญิง,35 - 39 ปี,318451,คน,สำนักงานสถิติแห่งชาติ
640,2543,กรุงเทพมหานคร,กรุงเทพมหานคร,ในเขตเทศบาล,รวม,35 - 39 ปี,598285,คน,สำนักงานสถิติแห่งชาติ
641,2543,กรุงเทพมหานคร,กรุงเทพมหานคร,ในเขตเทศบาล,ชาย,35 - 39 ปี,279834,คน,สำนักงานสถิติแห่งชาติ
642,2543,กรุงเทพมหานคร,กรุงเทพมหานคร,ในเขตเทศบาล,หญิง,35 - 39 ปี,318451,คน,สำนักงานสถิติแห่งชาติ
643,2553,กรุงเทพมหานคร,กรุงเทพมหานคร,รวม,รวม,35 - 39 ปี,842130,คน,สำนักงานสถิติแห่งชาติ
644,2553,กรุงเทพมหานคร,กรุงเทพมหานคร,รวม,ชาย,35 - 39 ปี,421503,คน,สำนักงานสถิติแห่งชาติ
645,2553,กรุงเทพมหานคร,กรุงเทพมหานคร,รวม,หญิง,35 - 39 ปี,420627,คน,สำนักงานสถิติแห่งชาติ
646,2553,กรุงเทพมหานคร,กรุงเทพมหานคร,ในเขตเทศบาล,รวม,35 - 39 ปี,842130,คน,สำนักงานสถิติแห่งชาติ
647,2553,กรุงเทพมหานคร,กรุงเทพมหานคร,ในเขตเทศบาล,ชาย,35 - 39 ปี,421503,คน,สำนักงานสถิติแห่งชาติ
648,2553,กรุงเทพมหานคร,กรุงเทพมหานคร,ในเขตเทศบาล,หญิง,35 - 39 ปี,420627,คน,สำนักงานสถิติแห่งชาติ
649,2533,กรุงเทพมหานคร,กรุงเทพมหานคร,รวม,รวม,40 - 44 ปี,348402,คน,สำนักงานสถิติแห่งชาติ
650,2533,กรุงเทพมหานคร,กรุงเทพมหานคร,รวม,ชาย,40 - 44 ปี,170083,คน,สำนักงานสถิติแห่งชาติ
651,2533,กรุงเทพมหานคร,กรุงเทพมหานคร,รวม,หญิง,40 - 44 ปี,178319,คน,สำนักงานสถิติแห่งชาติ
652,2533,กรุงเทพมหานคร,กรุงเทพมหานคร,ในเขตเทศบาล,รวม,40 - 44 ปี,348402,คน,สำนักงานสถิติแห่งชาติ
653,2533,กรุงเทพมหานคร,กรุงเทพมหานคร,ในเขตเทศบาล,ชาย,40 - 44 ปี,170083,คน,สำนักงานสถิติแห่งชาติ
654,2533,กรุงเทพมหานคร,กรุงเทพมหานคร,ในเขตเทศบาล,หญิง,40 - 44 ปี,178319,คน,สำนักงานสถิติแห่งชาติ
655,2543,กรุงเทพมหานคร,กรุงเทพมหานคร,รวม,รวม,40 - 44 ปี,525381,คน,สำนักงานสถิติแห่งชาติ
656,2543,กรุงเทพมหานคร,กรุงเทพมหานคร,รวม,ชาย,40 - 44 ปี,245980,คน,สำนักงานสถิติแห่งชาติ
657,2543,กรุงเทพมหานคร,กรุงเทพมหานคร,รวม,หญิง,40 - 44 ปี,279401,คน,สำนักงานสถิติแห่งชาติ
658,2543,กรุงเทพมหานคร,กรุงเทพมหานคร,ในเขตเทศบาล,รวม,40 - 44 ปี,525381,คน,สำนักงานสถิติแห่งชาติ
659,2543,กรุงเทพมหานคร,กรุงเทพมหานคร,ในเขตเทศบาล,ชาย,40 - 44 ปี,245980,คน,สำนักงานสถิติแห่งชาติ
660,2543,กรุงเทพมหานคร,กรุงเทพมหานคร,ในเขตเทศบาล,หญิง,40 - 44 ปี,279401,คน,สำนักงานสถิติแห่งชาติ
661,2553,กรุงเทพมหานคร,กรุงเทพมหานคร,รวม,รวม,40 - 44 ปี,764995,คน,สำนักงานสถิติแห่งชาติ
662,2553,กรุงเทพมหานคร,กรุงเทพมหานคร,รวม,ชาย,40 - 44 ปี,374908,คน,สำนักงานสถิติแห่งชาติ
663,2553,กรุงเทพมหานคร,กรุงเทพมหานคร,รวม,หญิง,40 - 44 ปี,390087,คน,สำนักงานสถิติแห่งชาติ
664,2553,กรุงเทพมหานคร,กรุงเทพมหานคร,ในเขตเทศบาล,รวม,40 - 44 ปี,764995,คน,สำนักงานสถิติแห่งชาติ
665,2553,กรุงเทพมหานคร,กรุงเทพมหานคร,ในเขตเทศบาล,ชาย,40 - 44 ปี,374908,คน,สำนักงานสถิติแห่งชาติ
666,2553,กรุงเทพมหานคร,กรุงเทพมหานคร,ในเขตเทศบาล,หญิง,40 - 44 ปี,390087,คน,สำนักงานสถิติแห่งชาติ
667,2533,กรุงเทพมหานคร,กรุงเทพมหานคร,รวม,รวม,45 - 49 ปี,257347,คน,สำนักงานสถิติแห่งชาติ
668,2533,กรุงเทพมหานคร,กรุงเทพมหานคร,รวม,ชาย,45 - 49 ปี,124711,คน,สำนักงานสถิติแห่งชาติ
669,2533,กรุงเทพมหานคร,กรุงเทพมหานคร,รวม,หญิง,45 - 49 ปี,132636,คน,สำนักงานสถิติแห่งชาติ
670,2533,กรุงเทพมหานคร,กรุงเทพมหานคร,ในเขตเทศบาล,รวม,45 - 49 ปี,257347,คน,สำนักงานสถิติแห่งชาติ
671,2533,กรุงเทพมหานคร,กรุงเทพมหานคร,ในเขตเทศบาล,ชาย,45 - 49 ปี,124711,คน,สำนักงานสถิติแห่งชาติ
672,2533,กรุงเทพมหานคร,กรุงเทพมหานคร,ในเขตเทศบาล,หญิง,45 - 49 ปี,132636,คน,สำนักงานสถิติแห่งชาติ
673,2543,กรุงเทพมหานคร,กรุงเทพมหานคร,รวม,รวม,45 - 49 ปี,401767,คน,สำนักงานสถิติแห่งชาติ
674,2543,กรุงเทพมหานคร,กรุงเทพมหานคร,รวม,ชาย,45 - 49 ปี,187561,คน,สำนักงานสถิติแห่งชาติ
675,2543,กรุงเทพมหานคร,กรุงเทพมหานคร,รวม,หญิง,45 - 49 ปี,214206,คน,สำนักงานสถิติแห่งชาติ
676,2543,กรุงเทพมหานคร,กรุงเทพมหานคร,ในเขตเทศบาล,รวม,45 - 49 ปี,401767,คน,สำนักงานสถิติแห่งชาติ
677,2543,กรุงเทพมหานคร,กรุงเทพมหานคร,ในเขตเทศบาล,ชาย,45 - 49 ปี,187561,คน,สำนักงานสถิติแห่งชาติ
678,2543,กรุงเทพมหานคร,กรุงเทพมหานคร,ในเขตเทศบาล,หญิง,45 - 49 ปี,214206,คน,สำนักงานสถิติแห่งชาติ
679,2553,กรุงเทพมหานคร,กรุงเทพมหานคร,รวม,รวม,45 - 49 ปี,655564,คน,สำนักงานสถิติแห่งชาติ
680,2553,กรุงเทพมหานคร,กรุงเทพมหานคร,รวม,ชาย,45 - 49 ปี,321123,คน,สำนักงานสถิติแห่งชาติ
681,2553,กรุงเทพมหานคร,กรุงเทพมหานคร,รวม,หญิง,45 - 49 ปี,334441,คน,สำนักงานสถิติแห่งชาติ
682,2553,กรุงเทพมหานคร,กรุงเทพมหานคร,ในเขตเทศบาล,รวม,45 - 49 ปี,655564,คน,สำนักงานสถิติแห่งชาติ
683,2553,กรุงเทพมหานคร,กรุงเทพมหานคร,ในเขตเทศบาล,ชาย,45 - 49 ปี,321123,คน,สำนักงานสถิติแห่งชาติ
684,2553,กรุงเทพมหานคร,กรุงเทพมหานคร,ในเขตเทศบาล,หญิง,45 - 49 ปี,334441,คน,สำนักงานสถิติแห่งชาติ
685,2533,กรุงเทพมหานคร,กรุงเทพมหานคร,รวม,รวม,50 - 54 ปี,228041,คน,สำนักงานสถิติแห่งชาติ
686,2533,กรุงเทพมหานคร,กรุงเทพมหานคร,รวม,ชาย,50 - 54 ปี,109749,คน,สำนักงานสถิติแห่งชาติ
687,2533,กรุงเทพมหานคร,กรุงเทพมหานคร,รวม,หญิง,50 - 54 ปี,118292,คน,สำนักงานสถิติแห่งชาติ
688,2533,กรุงเทพมหานคร,กรุงเทพมหานคร,ในเขตเทศบาล,รวม,50 - 54 ปี,228041,คน,สำนักงานสถิติแห่งชาติ
689,2533,กรุงเทพมหานคร,กรุงเทพมหานคร,ในเขตเทศบาล,ชาย,50 - 54 ปี,109749,คน,สำนักงานสถิติแห่งชาติ
690,2533,กรุงเทพมหานคร,กรุงเทพมหานคร,ในเขตเทศบาล,หญิง,50 - 54 ปี,118292,คน,สำนักงานสถิติแห่งชาติ
691,2543,กรุงเทพมหานคร,กรุงเทพมหานคร,รวม,รวม,50 - 54 ปี,298973,คน,สำนักงานสถิติแห่งชาติ
692,2543,กรุงเทพมหานคร,กรุงเทพมหานคร,รวม,ชาย,50 - 54 ปี,141423,คน,สำนักงานสถิติแห่งชาติ
693,2543,กรุงเทพมหานคร,กรุงเทพมหานคร,รวม,หญิง,50 - 54 ปี,157550,คน,สำนักงานสถิติแห่งชาติ
694,2543,กรุงเทพมหานคร,กรุงเทพมหานคร,ในเขตเทศบาล,รวม,50 - 54 ปี,298973,คน,สำนักงานสถิติแห่งชาติ
695,2543,กรุงเทพมหานคร,กรุงเทพมหานคร,ในเขตเทศบาล,ชาย,50 - 54 ปี,141423,คน,สำนักงานสถิติแห่งชาติ
696,2543,กรุงเทพมหานคร,กรุงเทพมหานคร,ในเขตเทศบาล,หญิง,50 - 54 ปี,157550,คน,สำนักงานสถิติแห่งชาติ
697,2553,กรุงเทพมหานคร,กรุงเทพมหานคร,รวม,รวม,50 - 54 ปี,536577,คน,สำนักงานสถิติแห่งชาติ
698,2553,กรุงเทพมหานคร,กรุงเทพมหานคร,รวม,ชาย,50 - 54 ปี,259903,คน,สำนักงานสถิติแห่งชาติ
699,2553,กรุงเทพมหานคร,กรุงเทพมหานคร,รวม,หญิง,50 - 54 ปี,276673,คน,สำนักงานสถิติแห่งชาติ
700,2553,กรุงเทพมหานคร,กรุงเทพมหานคร,ในเขตเทศบาล,รวม,50 - 54 ปี,536577,คน,สำนักงานสถิติแห่งชาติ
701,2553,กรุงเทพมหานคร,กรุงเทพมหานคร,ในเขตเทศบาล,ชาย,50 - 54 ปี,259903,คน,สำนักงานสถิติแห่งชาติ
702,2553,กรุงเทพมหานคร,กรุงเทพมหานคร,ในเขตเทศบาล,หญิง,50 - 54 ปี,276673,คน,สำนักงานสถิติแห่งชาติ
703,2533,กรุงเทพมหานคร,กรุงเทพมหานคร,รวม,รวม,55 - 59 ปี,167648,คน,สำนักงานสถิติแห่งชาติ
704,2533,กรุงเทพมหานคร,กรุงเทพมหานคร,รวม,ชาย,55 - 59 ปี,79609,คน,สำนักงานสถิติแห่งชาติ
705,2533,กรุงเทพมหานคร,กรุงเทพมหานคร,รวม,หญิง,55 - 59 ปี,88039,คน,สำนักงานสถิติแห่งชาติ
706,2533,กรุงเทพมหานคร,กรุงเทพมหานคร,ในเขตเทศบาล,รวม,55 - 59 ปี,167648,คน,สำนักงานสถิติแห่งชาติ
707,2533,กรุงเทพมหานคร,กรุงเทพมหานคร,ในเขตเทศบาล,ชาย,55 - 59 ปี,79609,คน,สำนักงานสถิติแห่งชาติ
708,2533,กรุงเทพมหานคร,กรุงเทพมหานคร,ในเขตเทศบาล,หญิง,55 - 59 ปี,88039,คน,สำนักงานสถิติแห่งชาติ
709,2543,กรุงเทพมหานคร,กรุงเทพมหานคร,รวม,รวม,55 - 59 ปี,209580,คน,สำนักงานสถิติแห่งชาติ
710,2543,กรุงเทพมหานคร,กรุงเทพมหานคร,รวม,ชาย,55 - 59 ปี,98126,คน,สำนักงานสถิติแห่งชาติ
711,2543,กรุงเทพมหานคร,กรุงเทพมหานคร,รวม,หญิง,55 - 59 ปี,111454,คน,สำนักงานสถิติแห่งชาติ
712,2543,กรุงเทพมหานคร,กรุงเทพมหานคร,ในเขตเทศบาล,รวม,55 - 59 ปี,209580,คน,สำนักงานสถิติแห่งชาติ
713,2543,กรุงเทพมหานคร,กรุงเทพมหานคร,ในเขตเทศบาล,ชาย,55 - 59 ปี,98126,คน,สำนักงานสถิติแห่งชาติ
714,2543,กรุงเทพมหานคร,กรุงเทพมหานคร,ในเขตเทศบาล,หญิง,55 - 59 ปี,111454,คน,สำนักงานสถิติแห่งชาติ
715,2553,กรุงเทพมหานคร,กรุงเทพมหานคร,รวม,รวม,55 - 59 ปี,379135,คน,สำนักงานสถิติแห่งชาติ
716,2553,กรุงเทพมหานคร,กรุงเทพมหานคร,รวม,ชาย,55 - 59 ปี,179081,คน,สำนักงานสถิติแห่งชาติ
717,2553,กรุงเทพมหานคร,กรุงเทพมหานคร,รวม,หญิง,55 - 59 ปี,200054,คน,สำนักงานสถิติแห่งชาติ
718,2553,กรุงเทพมหานคร,กรุงเทพมหานคร,ในเขตเทศบาล,รวม,55 - 59 ปี,379135,คน,สำนักงานสถิติแห่งชาติ
719,2553,กรุงเทพมหานคร,กรุงเทพมหานคร,ในเขตเทศบาล,ชาย,55 - 59 ปี,179081,คน,สำนักงานสถิติแห่งชาติ
720,2553,กรุงเทพมหานคร,กรุงเทพมหานคร,ในเขตเทศบาล,หญิง,55 - 59 ปี,200054,คน,สำนักงานสถิติแห่งชาติ
721,2533,กรุงเทพมหานคร,กรุงเทพมหานคร,รวม,รวม,60 - 64 ปี,131744,คน,สำนักงานสถิติแห่งชาติ
722,2533,กรุงเทพมหานคร,กรุงเทพมหานคร,รวม,ชาย,60 - 64 ปี,60963,คน,สำนักงานสถิติแห่งชาติ
723,2533,กรุงเทพมหานคร,กรุงเทพมหานคร,รวม,หญิง,60 - 64 ปี,70781,คน,สำนักงานสถิติแห่งชาติ
724,2533,กรุงเทพมหานคร,กรุงเทพมหานคร,ในเขตเทศบาล,รวม,60 - 64 ปี,131744,คน,สำนักงานสถิติแห่งชาติ
725,2533,กรุงเทพมหานคร,กรุงเทพมหานคร,ในเขตเทศบาล,ชาย,60 - 64 ปี,60963,คน,สำนักงานสถิติแห่งชาติ
726,2533,กรุงเทพมหานคร,กรุงเทพมหานคร,ในเขตเทศบาล,หญิง,60 - 64 ปี,70781,คน,สำนักงานสถิติแห่งชาติ
727,2543,กรุงเทพมหานคร,กรุงเทพมหานคร,รวม,รวม,60 - 64 ปี,179635,คน,สำนักงานสถิติแห่งชาติ
728,2543,กรุงเทพมหานคร,กรุงเทพมหานคร,รวม,ชาย,60 - 64 ปี,81614,คน,สำนักงานสถิติแห่งชาติ
729,2543,กรุงเทพมหานคร,กรุงเทพมหานคร,รวม,หญิง,60 - 64 ปี,98021,คน,สำนักงานสถิติแห่งชาติ
730,2543,กรุงเทพมหานคร,กรุงเทพมหานคร,ในเขตเทศบาล,รวม,60 - 64 ปี,179635,คน,สำนักงานสถิติแห่งชาติ
731,2543,กรุงเทพมหานคร,กรุงเทพมหานคร,ในเขตเทศบาล,ชาย,60 - 64 ปี,81614,คน,สำนักงานสถิติแห่งชาติ
732,2543,กรุงเทพมหานคร,กรุงเทพมหานคร,ในเขตเทศบาล,หญิง,60 - 64 ปี,98021,คน,สำนักงานสถิติแห่งชาติ
733,2553,กรุงเทพมหานคร,กรุงเทพมหานคร,รวม,รวม,60 - 64 ปี,276304,คน,สำนักงานสถิติแห่งชาติ
734,2553,กรุงเทพมหานคร,กรุงเทพมหานคร,รวม,ชาย,60 - 64 ปี,128420,คน,สำนักงานสถิติแห่งชาติ
735,2553,กรุงเทพมหานคร,กรุงเทพมหานคร,รวม,หญิง,60 - 64 ปี,147885,คน,สำนักงานสถิติแห่งชาติ
736,2553,กรุงเทพมหานคร,กรุงเทพมหานคร,ในเขตเทศบาล,รวม,60 - 64 ปี,276304,คน,สำนักงานสถิติแห่งชาติ
737,2553,กรุงเทพมหานคร,กรุงเทพมหานคร,ในเขตเทศบาล,ชาย,60 - 64 ปี,128420,คน,สำนักงานสถิติแห่งชาติ
738,2553,กรุงเทพมหานคร,กรุงเทพมหานคร,ในเขตเทศบาล,หญิง,60 - 64 ปี,147885,คน,สำนักงานสถิติแห่งชาติ
739,2533,กรุงเทพมหานคร,กรุงเทพมหานคร,รวม,รวม,65 - 69 ปี,80627,คน,สำนักงานสถิติแห่งชาติ
740,2533,กรุงเทพมหานคร,กรุงเทพมหานคร,รวม,ชาย,65 - 69 ปี,36410,คน,สำนักงานสถิติแห่งชาติ
741,2533,กรุงเทพมหานคร,กรุงเทพมหานคร,รวม,หญิง,65 - 69 ปี,44217,คน,สำนักงานสถิติแห่งชาติ
742,2533,กรุงเทพมหานคร,กรุงเทพมหานคร,ในเขตเทศบาล,รวม,65 - 69 ปี,80627,คน,สำนักงานสถิติแห่งชาติ
743,2533,กรุงเทพมหานคร,กรุงเทพมหานคร,ในเขตเทศบาล,ชาย,65 - 69 ปี,36410,คน,สำนักงานสถิติแห่งชาติ
744,2533,กรุงเทพมหานคร,กรุงเทพมหานคร,ในเขตเทศบาล,หญิง,65 - 69 ปี,44217,คน,สำนักงานสถิติแห่งชาติ
745,2543,กรุงเทพมหานคร,กรุงเทพมหานคร,รวม,รวม,65 - 69 ปี,125765,คน,สำนักงานสถิติแห่งชาติ
746,2543,กรุงเทพมหานคร,กรุงเทพมหานคร,รวม,ชาย,65 - 69 ปี,54978,คน,สำนักงานสถิติแห่งชาติ
747,2543,กรุงเทพมหานคร,กรุงเทพมหานคร,รวม,หญิง,65 - 69 ปี,70787,คน,สำนักงานสถิติแห่งชาติ
748,2543,กรุงเทพมหานคร,กรุงเทพมหานคร,ในเขตเทศบาล,รวม,65 - 69 ปี,125765,คน,สำนักงานสถิติแห่งชาติ
749,2543,กรุงเทพมหานคร,กรุงเทพมหานคร,ในเขตเทศบาล,ชาย,65 - 69 ปี,54978,คน,สำนักงานสถิติแห่งชาติ
750,2543,กรุงเทพมหานคร,กรุงเทพมหานคร,ในเขตเทศบาล,หญิง,65 - 69 ปี,70787,คน,สำนักงานสถิติแห่งชาติ
751,2553,กรุงเทพมหานคร,กรุงเทพมหานคร,รวม,รวม,65 - 69 ปี,172606,คน,สำนักงานสถิติแห่งชาติ
752,2553,กรุงเทพมหานคร,กรุงเทพมหานคร,รวม,ชาย,65 - 69 ปี,76533,คน,สำนักงานสถิติแห่งชาติ
753,2553,กรุงเทพมหานคร,กรุงเทพมหานคร,รวม,หญิง,65 - 69 ปี,96074,คน,สำนักงานสถิติแห่งชาติ
754,2553,กรุงเทพมหานคร,กรุงเทพมหานคร,ในเขตเทศบาล,รวม,65 - 69 ปี,172606,คน,สำนักงานสถิติแห่งชาติ
755,2553,กรุงเทพมหานคร,กรุงเทพมหานคร,ในเขตเทศบาล,ชาย,65 - 69 ปี,76533,คน,สำนักงานสถิติแห่งชาติ
756,2553,กรุงเทพมหานคร,กรุงเทพมหานคร,ในเขตเทศบาล,หญิง,65 - 69 ปี,96074,คน,สำนักงานสถิติแห่งชาติ
757,2533,กรุงเทพมหานคร,กรุงเทพมหานคร,รวม,รวม,70 - 74 ปี,62452,คน,สำนักงานสถิติแห่งชาติ
758,2533,กรุงเทพมหานคร,กรุงเทพมหานคร,รวม,ชาย,70 - 74 ปี,26645,คน,สำนักงานสถิติแห่งชาติ
759,2533,กรุงเทพมหานคร,กรุงเทพมหานคร,รวม,หญิง,70 - 74 ปี,35807,คน,สำนักงานสถิติแห่งชาติ
760,2533,กรุงเทพมหานคร,กรุงเทพมหานคร,ในเขตเทศบาล,รวม,70 - 74 ปี,62452,คน,สำนักงานสถิติแห่งชาติ
761,2533,กรุงเทพมหานคร,กรุงเทพมหานคร,ในเขตเทศบาล,ชาย,70 - 74 ปี,26645,คน,สำนักงานสถิติแห่งชาติ
762,2533,กรุงเทพมหานคร,กรุงเทพมหานคร,ในเขตเทศบาล,หญิง,70 - 74 ปี,35807,คน,สำนักงานสถิติแห่งชาติ
763,2543,กรุงเทพมหานคร,กรุงเทพมหานคร,รวม,รวม,70 - 74 ปี,94301,คน,สำนักงานสถิติแห่งชาติ
764,2543,กรุงเทพมหานคร,กรุงเทพมหานคร,รวม,ชาย,70 - 74 ปี,40212,คน,สำนักงานสถิติแห่งชาติ
765,2543,กรุงเทพมหานคร,กรุงเทพมหานคร,รวม,หญิง,70 - 74 ปี,54089,คน,สำนักงานสถิติแห่งชาติ
766,2543,กรุงเทพมหานคร,กรุงเทพมหานคร,ในเขตเทศบาล,รวม,70 - 74 ปี,94301,คน,สำนักงานสถิติแห่งชาติ
767,2543,กรุงเทพมหานคร,กรุงเทพมหานคร,ในเขตเทศบาล,ชาย,70 - 74 ปี,40212,คน,สำนักงานสถิติแห่งชาติ
768,2543,กรุงเทพมหานคร,กรุงเทพมหานคร,ในเขตเทศบาล,หญิง,70 - 74 ปี,54089,คน,สำนักงานสถิติแห่งชาติ
769,2553,กรุงเทพมหานคร,กรุงเทพมหานคร,รวม,รวม,70 - 74 ปี,150459,คน,สำนักงานสถิติแห่งชาติ
770,2553,กรุงเทพมหานคร,กรุงเทพมหานคร,รวม,ชาย,70 - 74 ปี,66575,คน,สำนักงานสถิติแห่งชาติ
771,2553,กรุงเทพมหานคร,กรุงเทพมหานคร,รวม,หญิง,70 - 74 ปี,83883,คน,สำนักงานสถิติแห่งชาติ
772,2553,กรุงเทพมหานคร,กรุงเทพมหานคร,ในเขตเทศบาล,รวม,70 - 74 ปี,150459,คน,สำนักงานสถิติแห่งชาติ
773,2553,กรุงเทพมหานคร,กรุงเทพมหานคร,ในเขตเทศบาล,ชาย,70 - 74 ปี,66575,คน,สำนักงานสถิติแห่งชาติ
774,2553,กรุงเทพมหานคร,กรุงเทพมหานคร,ในเขตเทศบาล,หญิง,70 - 74 ปี,83883,คน,สำนักงานสถิติแห่งชาติ
775,2533,กรุงเทพมหานคร,กรุงเทพมหานคร,รวม,รวม,75 - 79 ปี,37466,คน,สำนักงานสถิติแห่งชาติ
776,2533,กรุงเทพมหานคร,กรุงเทพมหานคร,รวม,ชาย,75 - 79 ปี,14856,คน,สำนักงานสถิติแห่งชาติ
777,2533,กรุงเทพมหานคร,กรุงเทพมหานคร,รวม,หญิง,75 - 79 ปี,22610,คน,สำนักงานสถิติแห่งชาติ
778,2533,กรุงเทพมหานคร,กรุงเทพมหานคร,ในเขตเทศบาล,รวม,75 - 79 ปี,37466,คน,สำนักงานสถิติแห่งชาติ
779,2533,กรุงเทพมหานคร,กรุงเทพมหานคร,ในเขตเทศบาล,ชาย,75 - 79 ปี,14856,คน,สำนักงานสถิติแห่งชาติ
780,2533,กรุงเทพมหานคร,กรุงเทพมหานคร,ในเขตเทศบาล,หญิง,75 - 79 ปี,22610,คน,สำนักงานสถิติแห่งชาติ
781,2543,กรุงเทพมหานคร,กรุงเทพมหานคร,รวม,รวม,75 - 79 ปี,49886,คน,สำนักงานสถิติแห่งชาติ
782,2543,กรุงเทพมหานคร,กรุงเทพมหานคร,รวม,ชาย,75 - 79 ปี,20706,คน,สำนักงานสถิติแห่งชาติ
783,2543,กรุงเทพมหานคร,กรุงเทพมหานคร,รวม,หญิง,75 - 79 ปี,29180,คน,สำนักงานสถิติแห่งชาติ
784,2543,กรุงเทพมหานคร,กรุงเทพมหานคร,ในเขตเทศบาล,รวม,75 - 79 ปี,49886,คน,สำนักงานสถิติแห่งชาติ
785,2543,กรุงเทพมหานคร,กรุงเทพมหานคร,ในเขตเทศบาล,ชาย,75 - 79 ปี,20706,คน,สำนักงานสถิติแห่งชาติ
786,2543,กรุงเทพมหานคร,กรุงเทพมหานคร,ในเขตเทศบาล,หญิง,75 - 79 ปี,29180,คน,สำนักงานสถิติแห่งชาติ
787,2553,กรุงเทพมหานคร,กรุงเทพมหานคร,รวม,รวม,75 - 79 ปี,94904,คน,สำนักงานสถิติแห่งชาติ
788,2553,กรุงเทพมหานคร,กรุงเทพมหานคร,รวม,ชาย,75 - 79 ปี,38653,คน,สำนักงานสถิติแห่งชาติ
789,2553,กรุงเทพมหานคร,กรุงเทพมหานคร,รวม,หญิง,75 - 79 ปี,56251,คน,สำนักงานสถิติแห่งชาติ
790,2553,กรุงเทพมหานคร,กรุงเทพมหานคร,ในเขตเทศบาล,รวม,75 - 79 ปี,94904,คน,สำนักงานสถิติแห่งชาติ
791,2553,กรุงเทพมหานคร,กรุงเทพมหานคร,ในเขตเทศบาล,ชาย,75 - 79 ปี,38653,คน,สำนักงานสถิติแห่งชาติ
792,2553,กรุงเทพมหานคร,กรุงเทพมหานคร,ในเขตเทศบาล,หญิง,75 - 79 ปี,56251,คน,สำนักงานสถิติแห่งชาติ
793,2533,กรุงเทพมหานคร,กรุงเทพมหานคร,รวม,รวม,80 ปีขึ้นไป   ,38497,คน,สำนักงานสถิติแห่งชาติ
794,2533,กรุงเทพมหานคร,กรุงเทพมหานคร,รวม,ชาย,80 ปีขึ้นไป   ,13635,คน,สำนักงานสถิติแห่งชาติ
795,2533,กรุงเทพมหานคร,กรุงเทพมหานคร,รวม,หญิง,80 ปีขึ้นไป   ,24862,คน,สำนักงานสถิติแห่งชาติ
796,2533,กรุงเทพมหานคร,กรุงเทพมหานคร,ในเขตเทศบาล,รวม,80 ปีขึ้นไป   ,38497,คน,สำนักงานสถิติแห่งชาติ
797,2533,กรุงเทพมหานคร,กรุงเทพมหานคร,ในเขตเทศบาล,ชาย,80 ปีขึ้นไป   ,13635,คน,สำนักงานสถิติแห่งชาติ
798,2533,กรุงเทพมหานคร,กรุงเทพมหานคร,ในเขตเทศบาล,หญิง,80 ปีขึ้นไป   ,24862,คน,สำนักงานสถิติแห่งชาติ
799,2543,กรุงเทพมหานคร,กรุงเทพมหานคร,รวม,รวม,80 ปีขึ้นไป   ,54902,คน,สำนักงานสถิติแห่งชาติ
800,2543,กรุงเทพมหานคร,กรุงเทพมหานคร,รวม,ชาย,80 ปีขึ้นไป   ,19216,คน,สำนักงานสถิติแห่งชาติ
801,2543,กรุงเทพมหานคร,กรุงเทพมหานคร,รวม,หญิง,80 ปีขึ้นไป   ,35686,คน,สำนักงานสถิติแห่งชาติ
802,2543,กรุงเทพมหานคร,กรุงเทพมหานคร,ในเขตเทศบาล,รวม,80 ปีขึ้นไป   ,54902,คน,สำนักงานสถิติแห่งชาติ
803,2543,กรุงเทพมหานคร,กรุงเทพมหานคร,ในเขตเทศบาล,ชาย,80 ปีขึ้นไป   ,19216,คน,สำนักงานสถิติแห่งชาติ
804,2543,กรุงเทพมหานคร,กรุงเทพมหานคร,ในเขตเทศบาล,หญิง,80 ปีขึ้นไป   ,35686,คน,สำนักงานสถิติแห่งชาติ
805,2553,กรุงเทพมหานคร,กรุงเทพมหานคร,รวม,รวม,80 ปีขึ้นไป   ,105762,คน,สำนักงานสถิติแห่งชาติ
806,2553,กรุงเทพมหานคร,กรุงเทพมหานคร,รวม,ชาย,80 ปีขึ้นไป   ,39953,คน,สำนักงานสถิติแห่งชาติ
807,2553,กรุงเทพมหานคร,กรุงเทพมหานคร,รวม,หญิง,80 ปีขึ้นไป   ,65808,คน,สำนักงานสถิติแห่งชาติ
808,2553,กรุงเทพมหานคร,กรุงเทพมหานคร,ในเขตเทศบาล,รวม,80 ปีขึ้นไป   ,105762,คน,สำนักงานสถิติแห่งชาติ
809,2553,กรุงเทพมหานคร,กรุงเทพมหานคร,ในเขตเทศบาล,ชาย,80 ปีขึ้นไป   ,39953,คน,สำนักงานสถิติแห่งชาติ
810,2553,กรุงเทพมหานคร,กรุงเทพมหานคร,ในเขตเทศบาล,หญิง,80 ปีขึ้นไป   ,65808,คน,สำนักงานสถิติแห่งชาติ
811,2553,กรุงเทพมหานคร,กรุงเทพมหานคร,นอกเขตเทศบาล,รวม,80 ปีขึ้นไป   ,0,คน,สำนักงานสถิติแห่งชาติ
812,2553,กรุงเทพมหานคร,กรุงเทพมหานคร,นอกเขตเทศบาล,ชาย,80 ปีขึ้นไป   ,0,คน,สำนักงานสถิติแห่งชาติ
813,2553,กรุงเทพมหานคร,กรุงเทพมหานคร,นอกเขตเทศบาล,หญิง,80 ปีขึ้นไป   ,0,คน,สำนักงานสถิติแห่งชาติ
814,2533,ภาคกลาง,รวม,รวม,รวม,รวม,12076724,คน,สำนักงานสถิติแห่งชาติ
815,2533,ภาคกลาง,รวม,รวม,ชาย,รวม,5922219,คน,สำนักงานสถิติแห่งชาติ
816,2533,ภาคกลาง,รวม,รวม,หญิง,รวม,6154505,คน,สำนักงานสถิติแห่งชาติ
817,2533,ภาคกลาง,รวม,ในเขตเทศบาล,รวม,รวม,1470249,คน,สำนักงานสถิติแห่งชาติ
818,2533,ภาคกลาง,รวม,ในเขตเทศบาล,ชาย,รวม,711505,คน,สำนักงานสถิติแห่งชาติ
819,2533,ภาคกลาง,รวม,ในเขตเทศบาล,หญิง,รวม,758744,คน,สำนักงานสถิติแห่งชาติ
820,2533,ภาคกลาง,รวม,นอกเขตเทศบาล,รวม,รวม,10606475,คน,สำนักงานสถิติแห่งชาติ
821,2533,ภาคกลาง,รวม,นอกเขตเทศบาล,ชาย,รวม,5210714,คน,สำนักงานสถิติแห่งชาติ
822,2533,ภาคกลาง,รวม,นอกเขตเทศบาล,หญิง,รวม,5395761,คน,สำนักงานสถิติแห่งชาติ
823,2543,ภาคกลาง,รวม,รวม,รวม,รวม,14215503,คน,สำนักงานสถิติแห่งชาติ
824,2543,ภาคกลาง,รวม,รวม,ชาย,รวม,6959463,คน,สำนักงานสถิติแห่งชาติ
825,2543,ภาคกลาง,รวม,รวม,หญิง,รวม,7256040,คน,สำนักงานสถิติแห่งชาติ
826,2543,ภาคกลาง,รวม,ในเขตเทศบาล,รวม,รวม,4911359,คน,สำนักงานสถิติแห่งชาติ
827,2543,ภาคกลาง,รวม,ในเขตเทศบาล,ชาย,รวม,2369083,คน,สำนักงานสถิติแห่งชาติ
828,2543,ภาคกลาง,รวม,ในเขตเทศบาล,หญิง,รวม,2542276,คน,สำนักงานสถิติแห่งชาติ
829,2543,ภาคกลาง,รวม,นอกเขตเทศบาล,รวม,รวม,9304144,คน,สำนักงานสถิติแห่งชาติ
830,2543,ภาคกลาง,รวม,นอกเขตเทศบาล,ชาย,รวม,4590380,คน,สำนักงานสถิติแห่งชาติ
831,2543,ภาคกลาง,รวม,นอกเขตเทศบาล,หญิง,รวม,4713764,คน,สำนักงานสถิติแห่งชาติ
832,2553,ภาคกลาง,รวม,รวม,รวม,รวม,18183308,คน,สำนักงานสถิติแห่งชาติ
833,2553,ภาคกลาง,รวม,รวม,ชาย,รวม,8931091,คน,สำนักงานสถิติแห่งชาติ
834,2553,ภาคกลาง,รวม,รวม,หญิง,รวม,9252218,คน,สำนักงานสถิติแห่งชาติ
835,2553,ภาคกลาง,รวม,ในเขตเทศบาล,รวม,รวม,8280992,คน,สำนักงานสถิติแห่งชาติ
836,2553,ภาคกลาง,รวม,ในเขตเทศบาล,ชาย,รวม,4026629,คน,สำนักงานสถิติแห่งชาติ
837,2553,ภาคกลาง,รวม,ในเขตเทศบาล,หญิง,รวม,4254363,คน,สำนักงานสถิติแห่งชาติ
838,2553,ภาคกลาง,รวม,นอกเขตเทศบาล,รวม,รวม,9902316,คน,สำนักงานสถิติแห่งชาติ
839,2553,ภาคกลาง,รวม,นอกเขตเทศบาล,ชาย,รวม,4904461,คน,สำนักงานสถิติแห่งชาติ
840,2553,ภาคกลาง,รวม,นอกเขตเทศบาล,หญิง,รวม,4997855,คน,สำนักงานสถิติแห่งชาติ
841,2533,ภาคกลาง,รวม,รวม,รวม,0 - 4 ปี,904131,คน,สำนักงานสถิติแห่งชาติ
842,2533,ภาคกลาง,รวม,รวม,ชาย,0 - 4 ปี,464784,คน,สำนักงานสถิติแห่งชาติ
843,2533,ภาคกลาง,รวม,รวม,หญิง,0 - 4 ปี,439347,คน,สำนักงานสถิติแห่งชาติ
844,2533,ภาคกลาง,รวม,ในเขตเทศบาล,รวม,0 - 4 ปี,101291,คน,สำนักงานสถิติแห่งชาติ
845,2533,ภาคกลาง,รวม,ในเขตเทศบาล,ชาย,0 - 4 ปี,52111,คน,สำนักงานสถิติแห่งชาติ
846,2533,ภาคกลาง,รวม,ในเขตเทศบาล,หญิง,0 - 4 ปี,49180,คน,สำนักงานสถิติแห่งชาติ
847,2533,ภาคกลาง,รวม,นอกเขตเทศบาล,รวม,0 - 4 ปี,802840,คน,สำนักงานสถิติแห่งชาติ
848,2533,ภาคกลาง,รวม,นอกเขตเทศบาล,ชาย,0 - 4 ปี,412673,คน,สำนักงานสถิติแห่งชาติ
849,2533,ภาคกลาง,รวม,นอกเขตเทศบาล,หญิง,0 - 4 ปี,390167,คน,สำนักงานสถิติแห่งชาติ
850,2543,ภาคกลาง,รวม,รวม,รวม,0 - 4 ปี,988793,คน,สำนักงานสถิติแห่งชาติ
851,2543,ภาคกลาง,รวม,รวม,ชาย,0 - 4 ปี,510226,คน,สำนักงานสถิติแห่งชาติ
852,2543,ภาคกลาง,รวม,รวม,หญิง,0 - 4 ปี,478567,คน,สำนักงานสถิติแห่งชาติ
853,2543,ภาคกลาง,รวม,ในเขตเทศบาล,รวม,0 - 4 ปี,312383,คน,สำนักงานสถิติแห่งชาติ
854,2543,ภาคกลาง,รวม,ในเขตเทศบาล,ชาย,0 - 4 ปี,161173,คน,สำนักงานสถิติแห่งชาติ
855,2543,ภาคกลาง,รวม,ในเขตเทศบาล,หญิง,0 - 4 ปี,151210,คน,สำนักงานสถิติแห่งชาติ
856,2543,ภาคกลาง,รวม,นอกเขตเทศบาล,รวม,0 - 4 ปี,676410,คน,สำนักงานสถิติแห่งชาติ
857,2543,ภาคกลาง,รวม,นอกเขตเทศบาล,ชาย,0 - 4 ปี,349053,คน,สำนักงานสถิติแห่งชาติ
858,2543,ภาคกลาง,รวม,นอกเขตเทศบาล,หญิง,0 - 4 ปี,327357,คน,สำนักงานสถิติแห่งชาติ
859,2553,ภาคกลาง,รวม,รวม,รวม,0 - 4 ปี,894014,คน,สำนักงานสถิติแห่งชาติ
860,2553,ภาคกลาง,รวม,รวม,ชาย,0 - 4 ปี,458474,คน,สำนักงานสถิติแห่งชาติ
861,2553,ภาคกลาง,รวม,รวม,หญิง,0 - 4 ปี,435539,คน,สำนักงานสถิติแห่งชาติ
862,2553,ภาคกลาง,รวม,ในเขตเทศบาล,รวม,0 - 4 ปี,348189,คน,สำนักงานสถิติแห่งชาติ
863,2553,ภาคกลาง,รวม,ในเขตเทศบาล,ชาย,0 - 4 ปี,175212,คน,สำนักงานสถิติแห่งชาติ
864,2553,ภาคกลาง,รวม,ในเขตเทศบาล,หญิง,0 - 4 ปี,172977,คน,สำนักงานสถิติแห่งชาติ
865,2553,ภาคกลาง,รวม,นอกเขตเทศบาล,รวม,0 - 4 ปี,545825,คน,สำนักงานสถิติแห่งชาติ
866,2553,ภาคกลาง,รวม,นอกเขตเทศบาล,ชาย,0 - 4 ปี,283263,คน,สำนักงานสถิติแห่งชาติ
867,2553,ภาคกลาง,รวม,นอกเขตเทศบาล,หญิง,0 - 4 ปี,262562,คน,สำนักงานสถิติแห่งชาติ
868,2533,ภาคกลาง,รวม,รวม,รวม,5 - 9 ปี,1115651,คน,สำนักงานสถิติแห่งชาติ
869,2533,ภาคกลาง,รวม,รวม,ชาย,5 - 9 ปี,572425,คน,สำนักงานสถิติแห่งชาติ
870,2533,ภาคกลาง,รวม,รวม,หญิง,5 - 9 ปี,543226,คน,สำนักงานสถิติแห่งชาติ
871,2533,ภาคกลาง,รวม,ในเขตเทศบาล,รวม,5 - 9 ปี,117931,คน,สำนักงานสถิติแห่งชาติ
872,2533,ภาคกลาง,รวม,ในเขตเทศบาล,ชาย,5 - 9 ปี,60120,คน,สำนักงานสถิติแห่งชาติ
873,2533,ภาคกลาง,รวม,ในเขตเทศบาล,หญิง,5 - 9 ปี,57811,คน,สำนักงานสถิติแห่งชาติ
874,2533,ภาคกลาง,รวม,นอกเขตเทศบาล,รวม,5 - 9 ปี,997720,คน,สำนักงานสถิติแห่งชาติ
875,2533,ภาคกลาง,รวม,นอกเขตเทศบาล,ชาย,5 - 9 ปี,512305,คน,สำนักงานสถิติแห่งชาติ
876,2533,ภาคกลาง,รวม,นอกเขตเทศบาล,หญิง,5 - 9 ปี,485415,คน,สำนักงานสถิติแห่งชาติ
877,2543,ภาคกลาง,รวม,รวม,รวม,5 - 9 ปี,1085189,คน,สำนักงานสถิติแห่งชาติ
878,2543,ภาคกลาง,รวม,รวม,ชาย,5 - 9 ปี,559719,คน,สำนักงานสถิติแห่งชาติ
879,2543,ภาคกลาง,รวม,รวม,หญิง,5 - 9 ปี,525470,คน,สำนักงานสถิติแห่งชาติ
880,2543,ภาคกลาง,รวม,ในเขตเทศบาล,รวม,5 - 9 ปี,335806,คน,สำนักงานสถิติแห่งชาติ
881,2543,ภาคกลาง,รวม,ในเขตเทศบาล,ชาย,5 - 9 ปี,172975,คน,สำนักงานสถิติแห่งชาติ
882,2543,ภาคกลาง,รวม,ในเขตเทศบาล,หญิง,5 - 9 ปี,162831,คน,สำนักงานสถิติแห่งชาติ
883,2543,ภาคกลาง,รวม,นอกเขตเทศบาล,รวม,5 - 9 ปี,749383,คน,สำนักงานสถิติแห่งชาติ
884,2543,ภาคกลาง,รวม,นอกเขตเทศบาล,ชาย,5 - 9 ปี,386744,คน,สำนักงานสถิติแห่งชาติ
885,2543,ภาคกลาง,รวม,นอกเขตเทศบาล,หญิง,5 - 9 ปี,362639,คน,สำนักงานสถิติแห่งชาติ
886,2553,ภาคกลาง,รวม,รวม,รวม,5 - 9 ปี,969934,คน,สำนักงานสถิติแห่งชาติ
887,2553,ภาคกลาง,รวม,รวม,ชาย,5 - 9 ปี,496497,คน,สำนักงานสถิติแห่งชาติ
888,2553,ภาคกลาง,รวม,รวม,หญิง,5 - 9 ปี,473436,คน,สำนักงานสถิติแห่งชาติ
889,2553,ภาคกลาง,รวม,ในเขตเทศบาล,รวม,5 - 9 ปี,386507,คน,สำนักงานสถิติแห่งชาติ
890,2553,ภาคกลาง,รวม,ในเขตเทศบาล,ชาย,5 - 9 ปี,194391,คน,สำนักงานสถิติแห่งชาติ
891,2553,ภาคกลาง,รวม,ในเขตเทศบาล,หญิง,5 - 9 ปี,192116,คน,สำนักงานสถิติแห่งชาติ
892,2553,ภาคกลาง,รวม,นอกเขตเทศบาล,รวม,5 - 9 ปี,583427,คน,สำนักงานสถิติแห่งชาติ
893,2553,ภาคกลาง,รวม,นอกเขตเทศบาล,ชาย,5 - 9 ปี,302106,คน,สำนักงานสถิติแห่งชาติ
894,2553,ภาคกลาง,รวม,นอกเขตเทศบาล,หญิง,5 - 9 ปี,281320,คน,สำนักงานสถิติแห่งชาติ
895,2533,ภาคกลาง,รวม,รวม,รวม,10 - 14 ปี,1245730,คน,สำนักงานสถิติแห่งชาติ
896,2533,ภาคกลาง,รวม,รวม,ชาย,10 - 14 ปี,633853,คน,สำนักงานสถิติแห่งชาติ
897,2533,ภาคกลาง,รวม,รวม,หญิง,10 - 14 ปี,611877,คน,สำนักงานสถิติแห่งชาติ
898,2533,ภาคกลาง,รวม,ในเขตเทศบาล,รวม,10 - 14 ปี,137113,คน,สำนักงานสถิติแห่งชาติ
899,2533,ภาคกลาง,รวม,ในเขตเทศบาล,ชาย,10 - 14 ปี,69255,คน,สำนักงานสถิติแห่งชาติ
900,2533,ภาคกลาง,รวม,ในเขตเทศบาล,หญิง,10 - 14 ปี,67858,คน,สำนักงานสถิติแห่งชาติ
901,2533,ภาคกลาง,รวม,นอกเขตเทศบาล,รวม,10 - 14 ปี,1108617,คน,สำนักงานสถิติแห่งชาติ
902,2533,ภาคกลาง,รวม,นอกเขตเทศบาล,ชาย,10 - 14 ปี,564598,คน,สำนักงานสถิติแห่งชาติ
903,2533,ภาคกลาง,รวม,นอกเขตเทศบาล,หญิง,10 - 14 ปี,544019,คน,สำนักงานสถิติแห่งชาติ
904,2543,ภาคกลาง,รวม,รวม,รวม,10 - 14 ปี,1084077,คน,สำนักงานสถิติแห่งชาติ
905,2543,ภาคกลาง,รวม,รวม,ชาย,10 - 14 ปี,555424,คน,สำนักงานสถิติแห่งชาติ
906,2543,ภาคกลาง,รวม,รวม,หญิง,10 - 14 ปี,528653,คน,สำนักงานสถิติแห่งชาติ
907,2543,ภาคกลาง,รวม,ในเขตเทศบาล,รวม,10 - 14 ปี,340517,คน,สำนักงานสถิติแห่งชาติ
908,2543,ภาคกลาง,รวม,ในเขตเทศบาล,ชาย,10 - 14 ปี,173197,คน,สำนักงานสถิติแห่งชาติ
909,2543,ภาคกลาง,รวม,ในเขตเทศบาล,หญิง,10 - 14 ปี,167320,คน,สำนักงานสถิติแห่งชาติ
910,2543,ภาคกลาง,รวม,นอกเขตเทศบาล,รวม,10 - 14 ปี,743560,คน,สำนักงานสถิติแห่งชาติ
911,2543,ภาคกลาง,รวม,นอกเขตเทศบาล,ชาย,10 - 14 ปี,382227,คน,สำนักงานสถิติแห่งชาติ
912,2543,ภาคกลาง,รวม,นอกเขตเทศบาล,หญิง,10 - 14 ปี,361333,คน,สำนักงานสถิติแห่งชาติ
913,2553,ภาคกลาง,รวม,รวม,รวม,10 - 14 ปี,1159282,คน,สำนักงานสถิติแห่งชาติ
914,2553,ภาคกลาง,รวม,รวม,ชาย,10 - 14 ปี,593010,คน,สำนักงานสถิติแห่งชาติ
915,2553,ภาคกลาง,รวม,รวม,หญิง,10 - 14 ปี,566272,คน,สำนักงานสถิติแห่งชาติ
916,2553,ภาคกลาง,รวม,ในเขตเทศบาล,รวม,10 - 14 ปี,475642,คน,สำนักงานสถิติแห่งชาติ
917,2553,ภาคกลาง,รวม,ในเขตเทศบาล,ชาย,10 - 14 ปี,240558,คน,สำนักงานสถิติแห่งชาติ
918,2553,ภาคกลาง,รวม,ในเขตเทศบาล,หญิง,10 - 14 ปี,235085,คน,สำนักงานสถิติแห่งชาติ
919,2553,ภาคกลาง,รวม,นอกเขตเทศบาล,รวม,10 - 14 ปี,683640,คน,สำนักงานสถิติแห่งชาติ
920,2553,ภาคกลาง,รวม,นอกเขตเทศบาล,ชาย,10 - 14 ปี,352453,คน,สำนักงานสถิติแห่งชาติ
921,2553,ภาคกลาง,รวม,นอกเขตเทศบาล,หญิง,10 - 14 ปี,331187,คน,สำนักงานสถิติแห่งชาติ
922,2533,ภาคกลาง,รวม,รวม,รวม,15 - 19 ปี,1221119,คน,สำนักงานสถิติแห่งชาติ
923,2533,ภาคกลาง,รวม,รวม,ชาย,15 - 19 ปี,606337,คน,สำนักงานสถิติแห่งชาติ
924,2533,ภาคกลาง,รวม,รวม,หญิง,15 - 19 ปี,614782,คน,สำนักงานสถิติแห่งชาติ
925,2533,ภาคกลาง,รวม,ในเขตเทศบาล,รวม,15 - 19 ปี,149182,คน,สำนักงานสถิติแห่งชาติ
926,2533,ภาคกลาง,รวม,ในเขตเทศบาล,ชาย,15 - 19 ปี,71673,คน,สำนักงานสถิติแห่งชาติ
927,2533,ภาคกลาง,รวม,ในเขตเทศบาล,หญิง,15 - 19 ปี,77509,คน,สำนักงานสถิติแห่งชาติ
928,2533,ภาคกลาง,รวม,นอกเขตเทศบาล,รวม,15 - 19 ปี,1071937,คน,สำนักงานสถิติแห่งชาติ
929,2533,ภาคกลาง,รวม,นอกเขตเทศบาล,ชาย,15 - 19 ปี,534664,คน,สำนักงานสถิติแห่งชาติ
930,2533,ภาคกลาง,รวม,นอกเขตเทศบาล,หญิง,15 - 19 ปี,537273,คน,สำนักงานสถิติแห่งชาติ
931,2543,ภาคกลาง,รวม,รวม,รวม,15 - 19 ปี,1186612,คน,สำนักงานสถิติแห่งชาติ
932,2543,ภาคกลาง,รวม,รวม,ชาย,15 - 19 ปี,596272,คน,สำนักงานสถิติแห่งชาติ
933,2543,ภาคกลาง,รวม,รวม,หญิง,15 - 19 ปี,590340,คน,สำนักงานสถิติแห่งชาติ
934,2543,ภาคกลาง,รวม,ในเขตเทศบาล,รวม,15 - 19 ปี,408634,คน,สำนักงานสถิติแห่งชาติ
935,2543,ภาคกลาง,รวม,ในเขตเทศบาล,ชาย,15 - 19 ปี,200851,คน,สำนักงานสถิติแห่งชาติ
936,2543,ภาคกลาง,รวม,ในเขตเทศบาล,หญิง,15 - 19 ปี,207783,คน,สำนักงานสถิติแห่งชาติ
937,2543,ภาคกลาง,รวม,นอกเขตเทศบาล,รวม,15 - 19 ปี,777978,คน,สำนักงานสถิติแห่งชาติ
938,2543,ภาคกลาง,รวม,นอกเขตเทศบาล,ชาย,15 - 19 ปี,395421,คน,สำนักงานสถิติแห่งชาติ
939,2543,ภาคกลาง,รวม,นอกเขตเทศบาล,หญิง,15 - 19 ปี,382557,คน,สำนักงานสถิติแห่งชาติ
940,2553,ภาคกลาง,รวม,รวม,รวม,15 - 19 ปี,1288725,คน,สำนักงานสถิติแห่งชาติ
941,2553,ภาคกลาง,รวม,รวม,ชาย,15 - 19 ปี,646502,คน,สำนักงานสถิติแห่งชาติ
942,2553,ภาคกลาง,รวม,รวม,หญิง,15 - 19 ปี,642223,คน,สำนักงานสถิติแห่งชาติ
943,2553,ภาคกลาง,รวม,ในเขตเทศบาล,รวม,15 - 19 ปี,580392,คน,สำนักงานสถิติแห่งชาติ
944,2553,ภาคกลาง,รวม,ในเขตเทศบาล,ชาย,15 - 19 ปี,283292,คน,สำนักงานสถิติแห่งชาติ
945,2553,ภาคกลาง,รวม,ในเขตเทศบาล,หญิง,15 - 19 ปี,297101,คน,สำนักงานสถิติแห่งชาติ
946,2553,ภาคกลาง,รวม,นอกเขตเทศบาล,รวม,15 - 19 ปี,708333,คน,สำนักงานสถิติแห่งชาติ
947,2553,ภาคกลาง,รวม,นอกเขตเทศบาล,ชาย,15 - 19 ปี,363211,คน,สำนักงานสถิติแห่งชาติ
948,2553,ภาคกลาง,รวม,นอกเขตเทศบาล,หญิง,15 - 19 ปี,345123,คน,สำนักงานสถิติแห่งชาติ
949,2533,ภาคกลาง,รวม,รวม,รวม,20 - 24 ปี,1243248,คน,สำนักงานสถิติแห่งชาติ
950,2533,ภาคกลาง,รวม,รวม,ชาย,20 - 24 ปี,619787,คน,สำนักงานสถิติแห่งชาติ
951,2533,ภาคกลาง,รวม,รวม,หญิง,20 - 24 ปี,623461,คน,สำนักงานสถิติแห่งชาติ
952,2533,ภาคกลาง,รวม,ในเขตเทศบาล,รวม,20 - 24 ปี,159060,คน,สำนักงานสถิติแห่งชาติ
953,2533,ภาคกลาง,รวม,ในเขตเทศบาล,ชาย,20 - 24 ปี,77522,คน,สำนักงานสถิติแห่งชาติ
954,2533,ภาคกลาง,รวม,ในเขตเทศบาล,หญิง,20 - 24 ปี,81538,คน,สำนักงานสถิติแห่งชาติ
955,2533,ภาคกลาง,รวม,นอกเขตเทศบาล,รวม,20 - 24 ปี,1084188,คน,สำนักงานสถิติแห่งชาติ
956,2533,ภาคกลาง,รวม,นอกเขตเทศบาล,ชาย,20 - 24 ปี,542265,คน,สำนักงานสถิติแห่งชาติ
957,2533,ภาคกลาง,รวม,นอกเขตเทศบาล,หญิง,20 - 24 ปี,541923,คน,สำนักงานสถิติแห่งชาติ
958,2543,ภาคกลาง,รวม,รวม,รวม,20 - 24 ปี,1332974,คน,สำนักงานสถิติแห่งชาติ
959,2543,ภาคกลาง,รวม,รวม,ชาย,20 - 24 ปี,672662,คน,สำนักงานสถิติแห่งชาติ
960,2543,ภาคกลาง,รวม,รวม,หญิง,20 - 24 ปี,660312,คน,สำนักงานสถิติแห่งชาติ
961,2543,ภาคกลาง,รวม,ในเขตเทศบาล,รวม,20 - 24 ปี,509079,คน,สำนักงานสถิติแห่งชาติ
962,2543,ภาคกลาง,รวม,ในเขตเทศบาล,ชาย,20 - 24 ปี,244070,คน,สำนักงานสถิติแห่งชาติ
963,2543,ภาคกลาง,รวม,ในเขตเทศบาล,หญิง,20 - 24 ปี,265009,คน,สำนักงานสถิติแห่งชาติ
964,2543,ภาคกลาง,รวม,นอกเขตเทศบาล,รวม,20 - 24 ปี,823895,คน,สำนักงานสถิติแห่งชาติ
965,2543,ภาคกลาง,รวม,นอกเขตเทศบาล,ชาย,20 - 24 ปี,428592,คน,สำนักงานสถิติแห่งชาติ
966,2543,ภาคกลาง,รวม,นอกเขตเทศบาล,หญิง,20 - 24 ปี,395303,คน,สำนักงานสถิติแห่งชาติ
967,2553,ภาคกลาง,รวม,รวม,รวม,20 - 24 ปี,1473120,คน,สำนักงานสถิติแห่งชาติ
968,2553,ภาคกลาง,รวม,รวม,ชาย,20 - 24 ปี,749440,คน,สำนักงานสถิติแห่งชาติ
969,2553,ภาคกลาง,รวม,รวม,หญิง,20 - 24 ปี,723680,คน,สำนักงานสถิติแห่งชาติ
970,2553,ภาคกลาง,รวม,ในเขตเทศบาล,รวม,20 - 24 ปี,730222,คน,สำนักงานสถิติแห่งชาติ
971,2553,ภาคกลาง,รวม,ในเขตเทศบาล,ชาย,20 - 24 ปี,360950,คน,สำนักงานสถิติแห่งชาติ
972,2553,ภาคกลาง,รวม,ในเขตเทศบาล,หญิง,20 - 24 ปี,369272,คน,สำนักงานสถิติแห่งชาติ
973,2553,ภาคกลาง,รวม,นอกเขตเทศบาล,รวม,20 - 24 ปี,742898,คน,สำนักงานสถิติแห่งชาติ
974,2553,ภาคกลาง,รวม,นอกเขตเทศบาล,ชาย,20 - 24 ปี,388490,คน,สำนักงานสถิติแห่งชาติ
975,2553,ภาคกลาง,รวม,นอกเขตเทศบาล,หญิง,20 - 24 ปี,354408,คน,สำนักงานสถิติแห่งชาติ
976,2533,ภาคกลาง,รวม,รวม,รวม,25 - 29 ปี,1164331,คน,สำนักงานสถิติแห่งชาติ
977,2533,ภาคกลาง,รวม,รวม,ชาย,25 - 29 ปี,564364,คน,สำนักงานสถิติแห่งชาติ
978,2533,ภาคกลาง,รวม,รวม,หญิง,25 - 29 ปี,599967,คน,สำนักงานสถิติแห่งชาติ
979,2533,ภาคกลาง,รวม,ในเขตเทศบาล,รวม,25 - 29 ปี,159686,คน,สำนักงานสถิติแห่งชาติ
980,2533,ภาคกลาง,รวม,ในเขตเทศบาล,ชาย,25 - 29 ปี,76968,คน,สำนักงานสถิติแห่งชาติ
981,2533,ภาคกลาง,รวม,ในเขตเทศบาล,หญิง,25 - 29 ปี,82718,คน,สำนักงานสถิติแห่งชาติ
982,2533,ภาคกลาง,รวม,นอกเขตเทศบาล,รวม,25 - 29 ปี,1004645,คน,สำนักงานสถิติแห่งชาติ
983,2533,ภาคกลาง,รวม,นอกเขตเทศบาล,ชาย,25 - 29 ปี,487396,คน,สำนักงานสถิติแห่งชาติ
984,2533,ภาคกลาง,รวม,นอกเขตเทศบาล,หญิง,25 - 29 ปี,517249,คน,สำนักงานสถิติแห่งชาติ
985,2543,ภาคกลาง,รวม,รวม,รวม,25 - 29 ปี,1351209,คน,สำนักงานสถิติแห่งชาติ
986,2543,ภาคกลาง,รวม,รวม,ชาย,25 - 29 ปี,658789,คน,สำนักงานสถิติแห่งชาติ
987,2543,ภาคกลาง,รวม,รวม,หญิง,25 - 29 ปี,692420,คน,สำนักงานสถิติแห่งชาติ
988,2543,ภาคกลาง,รวม,ในเขตเทศบาล,รวม,25 - 29 ปี,526857,คน,สำนักงานสถิติแห่งชาติ
989,2543,ภาคกลาง,รวม,ในเขตเทศบาล,ชาย,25 - 29 ปี,254172,คน,สำนักงานสถิติแห่งชาติ
990,2543,ภาคกลาง,รวม,ในเขตเทศบาล,หญิง,25 - 29 ปี,272685,คน,สำนักงานสถิติแห่งชาติ
991,2543,ภาคกลาง,รวม,นอกเขตเทศบาล,รวม,25 - 29 ปี,824352,คน,สำนักงานสถิติแห่งชาติ
992,2543,ภาคกลาง,รวม,นอกเขตเทศบาล,ชาย,25 - 29 ปี,404617,คน,สำนักงานสถิติแห่งชาติ
993,2543,ภาคกลาง,รวม,นอกเขตเทศบาล,หญิง,25 - 29 ปี,419735,คน,สำนักงานสถิติแห่งชาติ
994,2553,ภาคกลาง,รวม,รวม,รวม,25 - 29 ปี,1708226,คน,สำนักงานสถิติแห่งชาติ
995,2553,ภาคกลาง,รวม,รวม,ชาย,25 - 29 ปี,855286,คน,สำนักงานสถิติแห่งชาติ
996,2553,ภาคกลาง,รวม,รวม,หญิง,25 - 29 ปี,852940,คน,สำนักงานสถิติแห่งชาติ
997,2553,ภาคกลาง,รวม,ในเขตเทศบาล,รวม,25 - 29 ปี,874519,คน,สำนักงานสถิติแห่งชาติ
998,2553,ภาคกลาง,รวม,ในเขตเทศบาล,ชาย,25 - 29 ปี,430166,คน,สำนักงานสถิติแห่งชาติ
999,2553,ภาคกลาง,รวม,ในเขตเทศบาล,หญิง,25 - 29 ปี,444353,คน,สำนักงานสถิติแห่งชาติ
1000,2553,ภาคกลาง,รวม,นอกเขตเทศบาล,รวม,25 - 29 ปี,833707,คน,สำนักงานสถิติแห่งชาติ
1001,2553,ภาคกลาง,รวม,นอกเขตเทศบาล,ชาย,25 - 29 ปี,425120,คน,สำนักงานสถิติแห่งชาติ
1002,2553,ภาคกลาง,รวม,นอกเขตเทศบาล,หญิง,25 - 29 ปี,408587,คน,สำนักงานสถิติแห่งชาติ
1003,2533,ภาคกลาง,รวม,รวม,รวม,30 - 34 ปี,1034407,คน,สำนักงานสถิติแห่งชาติ
1004,2533,ภาคกลาง,รวม,รวม,ชาย,30 - 34 ปี,497513,คน,สำนักงานสถิติแห่งชาติ
1005,2533,ภาคกลาง,รวม,รวม,หญิง,30 - 34 ปี,536894,คน,สำนักงานสถิติแห่งชาติ
1006,2533,ภาคกลาง,รวม,ในเขตเทศบาล,รวม,30 - 34 ปี,145185,คน,สำนักงานสถิติแห่งชาติ
1007,2533,ภาคกลาง,รวม,ในเขตเทศบาล,ชาย,30 - 34 ปี,69385,คน,สำนักงานสถิติแห่งชาติ
1008,2533,ภาคกลาง,รวม,ในเขตเทศบาล,หญิง,30 - 34 ปี,75800,คน,สำนักงานสถิติแห่งชาติ
1009,2533,ภาคกลาง,รวม,นอกเขตเทศบาล,รวม,30 - 34 ปี,889222,คน,สำนักงานสถิติแห่งชาติ
1010,2533,ภาคกลาง,รวม,นอกเขตเทศบาล,ชาย,30 - 34 ปี,428128,คน,สำนักงานสถิติแห่งชาติ
1011,2533,ภาคกลาง,รวม,นอกเขตเทศบาล,หญิง,30 - 34 ปี,461094,คน,สำนักงานสถิติแห่งชาติ
1012,2543,ภาคกลาง,รวม,รวม,รวม,30 - 34 ปี,1360075,คน,สำนักงานสถิติแห่งชาติ
1013,2543,ภาคกลาง,รวม,รวม,ชาย,30 - 34 ปี,656312,คน,สำนักงานสถิติแห่งชาติ
1014,2543,ภาคกลาง,รวม,รวม,หญิง,30 - 34 ปี,703763,คน,สำนักงานสถิติแห่งชาติ
1015,2543,ภาคกลาง,รวม,ในเขตเทศบาล,รวม,30 - 34 ปี,499279,คน,สำนักงานสถิติแห่งชาติ
1016,2543,ภาคกลาง,รวม,ในเขตเทศบาล,ชาย,30 - 34 ปี,240508,คน,สำนักงานสถิติแห่งชาติ
1017,2543,ภาคกลาง,รวม,ในเขตเทศบาล,หญิง,30 - 34 ปี,258771,คน,สำนักงานสถิติแห่งชาติ
1018,2543,ภาคกลาง,รวม,นอกเขตเทศบาล,รวม,30 - 34 ปี,860796,คน,สำนักงานสถิติแห่งชาติ
1019,2543,ภาคกลาง,รวม,นอกเขตเทศบาล,ชาย,30 - 34 ปี,415804,คน,สำนักงานสถิติแห่งชาติ
1020,2543,ภาคกลาง,รวม,นอกเขตเทศบาล,หญิง,30 - 34 ปี,444992,คน,สำนักงานสถิติแห่งชาติ
1021,2553,ภาคกลาง,รวม,รวม,รวม,30 - 34 ปี,1726383,คน,สำนักงานสถิติแห่งชาติ
1022,2553,ภาคกลาง,รวม,รวม,ชาย,30 - 34 ปี,870985,คน,สำนักงานสถิติแห่งชาติ
1023,2553,ภาคกลาง,รวม,รวม,หญิง,30 - 34 ปี,855398,คน,สำนักงานสถิติแห่งชาติ
1024,2553,ภาคกลาง,รวม,ในเขตเทศบาล,รวม,30 - 34 ปี,857414,คน,สำนักงานสถิติแห่งชาติ
1025,2553,ภาคกลาง,รวม,ในเขตเทศบาล,ชาย,30 - 34 ปี,429813,คน,สำนักงานสถิติแห่งชาติ
1026,2553,ภาคกลาง,รวม,ในเขตเทศบาล,หญิง,30 - 34 ปี,427601,คน,สำนักงานสถิติแห่งชาติ
1027,2553,ภาคกลาง,รวม,นอกเขตเทศบาล,รวม,30 - 34 ปี,868969,คน,สำนักงานสถิติแห่งชาติ
1028,2553,ภาคกลาง,รวม,นอกเขตเทศบาล,ชาย,30 - 34 ปี,441172,คน,สำนักงานสถิติแห่งชาติ
1029,2553,ภาคกลาง,รวม,นอกเขตเทศบาล,หญิง,30 - 34 ปี,427797,คน,สำนักงานสถิติแห่งชาติ
1030,2533,ภาคกลาง,รวม,รวม,รวม,35 - 39 ปี,868410,คน,สำนักงานสถิติแห่งชาติ
1031,2533,ภาคกลาง,รวม,รวม,ชาย,35 - 39 ปี,418245,คน,สำนักงานสถิติแห่งชาติ
1032,2533,ภาคกลาง,รวม,รวม,หญิง,35 - 39 ปี,450165,คน,สำนักงานสถิติแห่งชาติ
1033,2533,ภาคกลาง,รวม,ในเขตเทศบาล,รวม,35 - 39 ปี,118348,คน,สำนักงานสถิติแห่งชาติ
1034,2533,ภาคกลาง,รวม,ในเขตเทศบาล,ชาย,35 - 39 ปี,56579,คน,สำนักงานสถิติแห่งชาติ
1035,2533,ภาคกลาง,รวม,ในเขตเทศบาล,หญิง,35 - 39 ปี,61769,คน,สำนักงานสถิติแห่งชาติ
1036,2533,ภาคกลาง,รวม,นอกเขตเทศบาล,รวม,35 - 39 ปี,750062,คน,สำนักงานสถิติแห่งชาติ
1037,2533,ภาคกลาง,รวม,นอกเขตเทศบาล,ชาย,35 - 39 ปี,361666,คน,สำนักงานสถิติแห่งชาติ
1038,2533,ภาคกลาง,รวม,นอกเขตเทศบาล,หญิง,35 - 39 ปี,388396,คน,สำนักงานสถิติแห่งชาติ
1039,2543,ภาคกลาง,รวม,รวม,รวม,35 - 39 ปี,1280569,คน,สำนักงานสถิติแห่งชาติ
1040,2543,ภาคกลาง,รวม,รวม,ชาย,35 - 39 ปี,619101,คน,สำนักงานสถิติแห่งชาติ
1041,2543,ภาคกลาง,รวม,รวม,หญิง,35 - 39 ปี,661468,คน,สำนักงานสถิติแห่งชาติ
1042,2543,ภาคกลาง,รวม,ในเขตเทศบาล,รวม,35 - 39 ปี,456868,คน,สำนักงานสถิติแห่งชาติ
1043,2543,ภาคกลาง,รวม,ในเขตเทศบาล,ชาย,35 - 39 ปี,218260,คน,สำนักงานสถิติแห่งชาติ
1044,2543,ภาคกลาง,รวม,ในเขตเทศบาล,หญิง,35 - 39 ปี,238608,คน,สำนักงานสถิติแห่งชาติ
1045,2543,ภาคกลาง,รวม,นอกเขตเทศบาล,รวม,35 - 39 ปี,823701,คน,สำนักงานสถิติแห่งชาติ
1046,2543,ภาคกลาง,รวม,นอกเขตเทศบาล,ชาย,35 - 39 ปี,400841,คน,สำนักงานสถิติแห่งชาติ
1047,2543,ภาคกลาง,รวม,นอกเขตเทศบาล,หญิง,35 - 39 ปี,422860,คน,สำนักงานสถิติแห่งชาติ
1048,2553,ภาคกลาง,รวม,รวม,รวม,35 - 39 ปี,1661170,คน,สำนักงานสถิติแห่งชาติ
1049,2553,ภาคกลาง,รวม,รวม,ชาย,35 - 39 ปี,822562,คน,สำนักงานสถิติแห่งชาติ
1050,2553,ภาคกลาง,รวม,รวม,หญิง,35 - 39 ปี,838608,คน,สำนักงานสถิติแห่งชาติ
1051,2553,ภาคกลาง,รวม,ในเขตเทศบาล,รวม,35 - 39 ปี,797492,คน,สำนักงานสถิติแห่งชาติ
1052,2553,ภาคกลาง,รวม,ในเขตเทศบาล,ชาย,35 - 39 ปี,396636,คน,สำนักงานสถิติแห่งชาติ
1053,2553,ภาคกลาง,รวม,ในเขตเทศบาล,หญิง,35 - 39 ปี,400856,คน,สำนักงานสถิติแห่งชาติ
1054,2553,ภาคกลาง,รวม,นอกเขตเทศบาล,รวม,35 - 39 ปี,863678,คน,สำนักงานสถิติแห่งชาติ
1055,2553,ภาคกลาง,รวม,นอกเขตเทศบาล,ชาย,35 - 39 ปี,425926,คน,สำนักงานสถิติแห่งชาติ
1056,2553,ภาคกลาง,รวม,นอกเขตเทศบาล,หญิง,35 - 39 ปี,437752,คน,สำนักงานสถิติแห่งชาติ
1057,2533,ภาคกลาง,รวม,รวม,รวม,40 - 44 ปี,662246,คน,สำนักงานสถิติแห่งชาติ
1058,2533,ภาคกลาง,รวม,รวม,ชาย,40 - 44 ปี,320459,คน,สำนักงานสถิติแห่งชาติ
1059,2533,ภาคกลาง,รวม,รวม,หญิง,40 - 44 ปี,341787,คน,สำนักงานสถิติแห่งชาติ
1060,2533,ภาคกลาง,รวม,ในเขตเทศบาล,รวม,40 - 44 ปี,88440,คน,สำนักงานสถิติแห่งชาติ
1061,2533,ภาคกลาง,รวม,ในเขตเทศบาล,ชาย,40 - 44 ปี,42544,คน,สำนักงานสถิติแห่งชาติ
1062,2533,ภาคกลาง,รวม,ในเขตเทศบาล,หญิง,40 - 44 ปี,45896,คน,สำนักงานสถิติแห่งชาติ
1063,2533,ภาคกลาง,รวม,นอกเขตเทศบาล,รวม,40 - 44 ปี,573806,คน,สำนักงานสถิติแห่งชาติ
1064,2533,ภาคกลาง,รวม,นอกเขตเทศบาล,ชาย,40 - 44 ปี,277915,คน,สำนักงานสถิติแห่งชาติ
1065,2533,ภาคกลาง,รวม,นอกเขตเทศบาล,หญิง,40 - 44 ปี,295891,คน,สำนักงานสถิติแห่งชาติ
1066,2543,ภาคกลาง,รวม,รวม,รวม,40 - 44 ปี,1113370,คน,สำนักงานสถิติแห่งชาติ
1067,2543,ภาคกลาง,รวม,รวม,ชาย,40 - 44 ปี,536127,คน,สำนักงานสถิติแห่งชาติ
1068,2543,ภาคกลาง,รวม,รวม,หญิง,40 - 44 ปี,577243,คน,สำนักงานสถิติแห่งชาติ
1069,2543,ภาคกลาง,รวม,ในเขตเทศบาล,รวม,40 - 44 ปี,401580,คน,สำนักงานสถิติแห่งชาติ
1070,2543,ภาคกลาง,รวม,ในเขตเทศบาล,ชาย,40 - 44 ปี,190452,คน,สำนักงานสถิติแห่งชาติ
1071,2543,ภาคกลาง,รวม,ในเขตเทศบาล,หญิง,40 - 44 ปี,211128,คน,สำนักงานสถิติแห่งชาติ
1072,2543,ภาคกลาง,รวม,นอกเขตเทศบาล,รวม,40 - 44 ปี,711790,คน,สำนักงานสถิติแห่งชาติ
1073,2543,ภาคกลาง,รวม,นอกเขตเทศบาล,ชาย,40 - 44 ปี,345675,คน,สำนักงานสถิติแห่งชาติ
1074,2543,ภาคกลาง,รวม,นอกเขตเทศบาล,หญิง,40 - 44 ปี,366115,คน,สำนักงานสถิติแห่งชาติ
1075,2553,ภาคกลาง,รวม,รวม,รวม,40 - 44 ปี,1603266,คน,สำนักงานสถิติแห่งชาติ
1076,2553,ภาคกลาง,รวม,รวม,ชาย,40 - 44 ปี,785820,คน,สำนักงานสถิติแห่งชาติ
1077,2553,ภาคกลาง,รวม,รวม,หญิง,40 - 44 ปี,817446,คน,สำนักงานสถิติแห่งชาติ
1078,2553,ภาคกลาง,รวม,ในเขตเทศบาล,รวม,40 - 44 ปี,740460,คน,สำนักงานสถิติแห่งชาติ
1079,2553,ภาคกลาง,รวม,ในเขตเทศบาล,ชาย,40 - 44 ปี,363879,คน,สำนักงานสถิติแห่งชาติ
1080,2553,ภาคกลาง,รวม,ในเขตเทศบาล,หญิง,40 - 44 ปี,376581,คน,สำนักงานสถิติแห่งชาติ
1081,2553,ภาคกลาง,รวม,นอกเขตเทศบาล,รวม,40 - 44 ปี,862806,คน,สำนักงานสถิติแห่งชาติ
1082,2553,ภาคกลาง,รวม,นอกเขตเทศบาล,ชาย,40 - 44 ปี,421941,คน,สำนักงานสถิติแห่งชาติ
1083,2553,ภาคกลาง,รวม,นอกเขตเทศบาล,หญิง,40 - 44 ปี,440864,คน,สำนักงานสถิติแห่งชาติ
1084,2533,ภาคกลาง,รวม,รวม,รวม,45 - 49 ปี,574164,คน,สำนักงานสถิติแห่งชาติ
1085,2533,ภาคกลาง,รวม,รวม,ชาย,45 - 49 ปี,276725,คน,สำนักงานสถิติแห่งชาติ
1086,2533,ภาคกลาง,รวม,รวม,หญิง,45 - 49 ปี,297439,คน,สำนักงานสถิติแห่งชาติ
1087,2533,ภาคกลาง,รวม,ในเขตเทศบาล,รวม,45 - 49 ปี,69989,คน,สำนักงานสถิติแห่งชาติ
1088,2533,ภาคกลาง,รวม,ในเขตเทศบาล,ชาย,45 - 49 ปี,33666,คน,สำนักงานสถิติแห่งชาติ
1089,2533,ภาคกลาง,รวม,ในเขตเทศบาล,หญิง,45 - 49 ปี,36323,คน,สำนักงานสถิติแห่งชาติ
1090,2533,ภาคกลาง,รวม,นอกเขตเทศบาล,รวม,45 - 49 ปี,504175,คน,สำนักงานสถิติแห่งชาติ
1091,2533,ภาคกลาง,รวม,นอกเขตเทศบาล,ชาย,45 - 49 ปี,243059,คน,สำนักงานสถิติแห่งชาติ
1092,2533,ภาคกลาง,รวม,นอกเขตเทศบาล,หญิง,45 - 49 ปี,261116,คน,สำนักงานสถิติแห่งชาติ
1093,2543,ภาคกลาง,รวม,รวม,รวม,45 - 49 ปี,864448,คน,สำนักงานสถิติแห่งชาติ
1094,2543,ภาคกลาง,รวม,รวม,ชาย,45 - 49 ปี,415063,คน,สำนักงานสถิติแห่งชาติ
1095,2543,ภาคกลาง,รวม,รวม,หญิง,45 - 49 ปี,449385,คน,สำนักงานสถิติแห่งชาติ
1096,2543,ภาคกลาง,รวม,ในเขตเทศบาล,รวม,45 - 49 ปี,306260,คน,สำนักงานสถิติแห่งชาติ
1097,2543,ภาคกลาง,รวม,ในเขตเทศบาล,ชาย,45 - 49 ปี,144839,คน,สำนักงานสถิติแห่งชาติ
1098,2543,ภาคกลาง,รวม,ในเขตเทศบาล,หญิง,45 - 49 ปี,161421,คน,สำนักงานสถิติแห่งชาติ
1099,2543,ภาคกลาง,รวม,นอกเขตเทศบาล,รวม,45 - 49 ปี,558188,คน,สำนักงานสถิติแห่งชาติ
1100,2543,ภาคกลาง,รวม,นอกเขตเทศบาล,ชาย,45 - 49 ปี,270224,คน,สำนักงานสถิติแห่งชาติ
1101,2543,ภาคกลาง,รวม,นอกเขตเทศบาล,หญิง,45 - 49 ปี,287964,คน,สำนักงานสถิติแห่งชาติ
1102,2553,ภาคกลาง,รวม,รวม,รวม,45 - 49 ปี,1435049,คน,สำนักงานสถิติแห่งชาติ
1103,2553,ภาคกลาง,รวม,รวม,ชาย,45 - 49 ปี,695520,คน,สำนักงานสถิติแห่งชาติ
1104,2553,ภาคกลาง,รวม,รวม,หญิง,45 - 49 ปี,739528,คน,สำนักงานสถิติแห่งชาติ
1105,2553,ภาคกลาง,รวม,ในเขตเทศบาล,รวม,45 - 49 ปี,643179,คน,สำนักงานสถิติแห่งชาติ
1106,2553,ภาคกลาง,รวม,ในเขตเทศบาล,ชาย,45 - 49 ปี,309603,คน,สำนักงานสถิติแห่งชาติ
1107,2553,ภาคกลาง,รวม,ในเขตเทศบาล,หญิง,45 - 49 ปี,333576,คน,สำนักงานสถิติแห่งชาติ
1108,2553,ภาคกลาง,รวม,นอกเขตเทศบาล,รวม,45 - 49 ปี,791870,คน,สำนักงานสถิติแห่งชาติ
1109,2553,ภาคกลาง,รวม,นอกเขตเทศบาล,ชาย,45 - 49 ปี,385918,คน,สำนักงานสถิติแห่งชาติ
1110,2553,ภาคกลาง,รวม,นอกเขตเทศบาล,หญิง,45 - 49 ปี,405952,คน,สำนักงานสถิติแห่งชาติ
1111,2533,ภาคกลาง,รวม,รวม,รวม,50 - 54 ปี,551354,คน,สำนักงานสถิติแห่งชาติ
1112,2533,ภาคกลาง,รวม,รวม,ชาย,50 - 54 ปี,265769,คน,สำนักงานสถิติแห่งชาติ
1113,2533,ภาคกลาง,รวม,รวม,หญิง,50 - 54 ปี,285585,คน,สำนักงานสถิติแห่งชาติ
1114,2533,ภาคกลาง,รวม,ในเขตเทศบาล,รวม,50 - 54 ปี,63730,คน,สำนักงานสถิติแห่งชาติ
1115,2533,ภาคกลาง,รวม,ในเขตเทศบาล,ชาย,50 - 54 ปี,30203,คน,สำนักงานสถิติแห่งชาติ
1116,2533,ภาคกลาง,รวม,ในเขตเทศบาล,หญิง,50 - 54 ปี,33527,คน,สำนักงานสถิติแห่งชาติ
1117,2533,ภาคกลาง,รวม,นอกเขตเทศบาล,รวม,50 - 54 ปี,487624,คน,สำนักงานสถิติแห่งชาติ
1118,2533,ภาคกลาง,รวม,นอกเขตเทศบาล,ชาย,50 - 54 ปี,235566,คน,สำนักงานสถิติแห่งชาติ
1119,2533,ภาคกลาง,รวม,นอกเขตเทศบาล,หญิง,50 - 54 ปี,252058,คน,สำนักงานสถิติแห่งชาติ
1120,2543,ภาคกลาง,รวม,รวม,รวม,50 - 54 ปี,637344,คน,สำนักงานสถิติแห่งชาติ
1121,2543,ภาคกลาง,รวม,รวม,ชาย,50 - 54 ปี,304462,คน,สำนักงานสถิติแห่งชาติ
1122,2543,ภาคกลาง,รวม,รวม,หญิง,50 - 54 ปี,332882,คน,สำนักงานสถิติแห่งชาติ
1123,2543,ภาคกลาง,รวม,ในเขตเทศบาล,รวม,50 - 54 ปี,220365,คน,สำนักงานสถิติแห่งชาติ
1124,2543,ภาคกลาง,รวม,ในเขตเทศบาล,ชาย,50 - 54 ปี,104412,คน,สำนักงานสถิติแห่งชาติ
1125,2543,ภาคกลาง,รวม,ในเขตเทศบาล,หญิง,50 - 54 ปี,115953,คน,สำนักงานสถิติแห่งชาติ
1126,2543,ภาคกลาง,รวม,นอกเขตเทศบาล,รวม,50 - 54 ปี,416979,คน,สำนักงานสถิติแห่งชาติ
1127,2543,ภาคกลาง,รวม,นอกเขตเทศบาล,ชาย,50 - 54 ปี,200050,คน,สำนักงานสถิติแห่งชาติ
1128,2543,ภาคกลาง,รวม,นอกเขตเทศบาล,หญิง,50 - 54 ปี,216929,คน,สำนักงานสถิติแห่งชาติ
1129,2553,ภาคกลาง,รวม,รวม,รวม,50 - 54 ปี,1193112,คน,สำนักงานสถิติแห่งชาติ
1130,2553,ภาคกลาง,รวม,รวม,ชาย,50 - 54 ปี,570591,คน,สำนักงานสถิติแห่งชาติ
1131,2553,ภาคกลาง,รวม,รวม,หญิง,50 - 54 ปี,622520,คน,สำนักงานสถิติแห่งชาติ
1132,2553,ภาคกลาง,รวม,ในเขตเทศบาล,รวม,50 - 54 ปี,535800,คน,สำนักงานสถิติแห่งชาติ
1133,2553,ภาคกลาง,รวม,ในเขตเทศบาล,ชาย,50 - 54 ปี,254058,คน,สำนักงานสถิติแห่งชาติ
1134,2553,ภาคกลาง,รวม,ในเขตเทศบาล,หญิง,50 - 54 ปี,281742,คน,สำนักงานสถิติแห่งชาติ
1135,2553,ภาคกลาง,รวม,นอกเขตเทศบาล,รวม,50 - 54 ปี,657312,คน,สำนักงานสถิติแห่งชาติ
1136,2553,ภาคกลาง,รวม,นอกเขตเทศบาล,ชาย,50 - 54 ปี,316533,คน,สำนักงานสถิติแห่งชาติ
1137,2553,ภาคกลาง,รวม,นอกเขตเทศบาล,หญิง,50 - 54 ปี,340779,คน,สำนักงานสถิติแห่งชาติ
1138,2533,ภาคกลาง,รวม,รวม,รวม,55 - 59 ปี,450934,คน,สำนักงานสถิติแห่งชาติ
1139,2533,ภาคกลาง,รวม,รวม,ชาย,55 - 59 ปี,215233,คน,สำนักงานสถิติแห่งชาติ
1140,2533,ภาคกลาง,รวม,รวม,หญิง,55 - 59 ปี,235701,คน,สำนักงานสถิติแห่งชาติ
1141,2533,ภาคกลาง,รวม,ในเขตเทศบาล,รวม,55 - 59 ปี,49312,คน,สำนักงานสถิติแห่งชาติ
1142,2533,ภาคกลาง,รวม,ในเขตเทศบาล,ชาย,55 - 59 ปี,23133,คน,สำนักงานสถิติแห่งชาติ
1143,2533,ภาคกลาง,รวม,ในเขตเทศบาล,หญิง,55 - 59 ปี,26179,คน,สำนักงานสถิติแห่งชาติ
1144,2533,ภาคกลาง,รวม,นอกเขตเทศบาล,รวม,55 - 59 ปี,401622,คน,สำนักงานสถิติแห่งชาติ
1145,2533,ภาคกลาง,รวม,นอกเขตเทศบาล,ชาย,55 - 59 ปี,192100,คน,สำนักงานสถิติแห่งชาติ
1146,2533,ภาคกลาง,รวม,นอกเขตเทศบาล,หญิง,55 - 59 ปี,209522,คน,สำนักงานสถิติแห่งชาติ
1147,2543,ภาคกลาง,รวม,รวม,รวม,55 - 59 ปี,521608,คน,สำนักงานสถิติแห่งชาติ
1148,2543,ภาคกลาง,รวม,รวม,ชาย,55 - 59 ปี,247587,คน,สำนักงานสถิติแห่งชาติ
1149,2543,ภาคกลาง,รวม,รวม,หญิง,55 - 59 ปี,274021,คน,สำนักงานสถิติแห่งชาติ
1150,2543,ภาคกลาง,รวม,ในเขตเทศบาล,รวม,55 - 59 ปี,166741,คน,สำนักงานสถิติแห่งชาติ
1151,2543,ภาคกลาง,รวม,ในเขตเทศบาล,ชาย,55 - 59 ปี,78451,คน,สำนักงานสถิติแห่งชาติ
1152,2543,ภาคกลาง,รวม,ในเขตเทศบาล,หญิง,55 - 59 ปี,88290,คน,สำนักงานสถิติแห่งชาติ
1153,2543,ภาคกลาง,รวม,นอกเขตเทศบาล,รวม,55 - 59 ปี,354867,คน,สำนักงานสถิติแห่งชาติ
1154,2543,ภาคกลาง,รวม,นอกเขตเทศบาล,ชาย,55 - 59 ปี,169136,คน,สำนักงานสถิติแห่งชาติ
1155,2543,ภาคกลาง,รวม,นอกเขตเทศบาล,หญิง,55 - 59 ปี,185731,คน,สำนักงานสถิติแห่งชาติ
1156,2553,ภาคกลาง,รวม,รวม,รวม,55 - 59 ปี,900916,คน,สำนักงานสถิติแห่งชาติ
1157,2553,ภาคกลาง,รวม,รวม,ชาย,55 - 59 ปี,418158,คน,สำนักงานสถิติแห่งชาติ
1158,2553,ภาคกลาง,รวม,รวม,หญิง,55 - 59 ปี,482758,คน,สำนักงานสถิติแห่งชาติ
1159,2553,ภาคกลาง,รวม,ในเขตเทศบาล,รวม,55 - 59 ปี,394743,คน,สำนักงานสถิติแห่งชาติ
1160,2553,ภาคกลาง,รวม,ในเขตเทศบาล,ชาย,55 - 59 ปี,180843,คน,สำนักงานสถิติแห่งชาติ
1161,2553,ภาคกลาง,รวม,ในเขตเทศบาล,หญิง,55 - 59 ปี,213900,คน,สำนักงานสถิติแห่งชาติ
1162,2553,ภาคกลาง,รวม,นอกเขตเทศบาล,รวม,55 - 59 ปี,506173,คน,สำนักงานสถิติแห่งชาติ
1163,2553,ภาคกลาง,รวม,นอกเขตเทศบาล,ชาย,55 - 59 ปี,237315,คน,สำนักงานสถิติแห่งชาติ
1164,2553,ภาคกลาง,รวม,นอกเขตเทศบาล,หญิง,55 - 59 ปี,268858,คน,สำนักงานสถิติแห่งชาติ
1165,2533,ภาคกลาง,รวม,รวม,รวม,60 - 64 ปี,364328,คน,สำนักงานสถิติแห่งชาติ
1166,2533,ภาคกลาง,รวม,รวม,ชาย,60 - 64 ปี,173270,คน,สำนักงานสถิติแห่งชาติ
1167,2533,ภาคกลาง,รวม,รวม,หญิง,60 - 64 ปี,191058,คน,สำนักงานสถิติแห่งชาติ
1168,2533,ภาคกลาง,รวม,ในเขตเทศบาล,รวม,60 - 64 ปี,39919,คน,สำนักงานสถิติแห่งชาติ
1169,2533,ภาคกลาง,รวม,ในเขตเทศบาล,ชาย,60 - 64 ปี,18415,คน,สำนักงานสถิติแห่งชาติ
1170,2533,ภาคกลาง,รวม,ในเขตเทศบาล,หญิง,60 - 64 ปี,21504,คน,สำนักงานสถิติแห่งชาติ
1171,2533,ภาคกลาง,รวม,นอกเขตเทศบาล,รวม,60 - 64 ปี,324409,คน,สำนักงานสถิติแห่งชาติ
1172,2533,ภาคกลาง,รวม,นอกเขตเทศบาล,ชาย,60 - 64 ปี,154855,คน,สำนักงานสถิติแห่งชาติ
1173,2533,ภาคกลาง,รวม,นอกเขตเทศบาล,หญิง,60 - 64 ปี,169554,คน,สำนักงานสถิติแห่งชาติ
1174,2543,ภาคกลาง,รวม,รวม,รวม,60 - 64 ปี,473454,คน,สำนักงานสถิติแห่งชาติ
1175,2543,ภาคกลาง,รวม,รวม,ชาย,60 - 64 ปี,222534,คน,สำนักงานสถิติแห่งชาติ
1176,2543,ภาคกลาง,รวม,รวม,หญิง,60 - 64 ปี,250920,คน,สำนักงานสถิติแห่งชาติ
1177,2543,ภาคกลาง,รวม,ในเขตเทศบาล,รวม,60 - 64 ปี,146054,คน,สำนักงานสถิติแห่งชาติ
1178,2543,ภาคกลาง,รวม,ในเขตเทศบาล,ชาย,60 - 64 ปี,67253,คน,สำนักงานสถิติแห่งชาติ
1179,2543,ภาคกลาง,รวม,ในเขตเทศบาล,หญิง,60 - 64 ปี,78801,คน,สำนักงานสถิติแห่งชาติ
1180,2543,ภาคกลาง,รวม,นอกเขตเทศบาล,รวม,60 - 64 ปี,327400,คน,สำนักงานสถิติแห่งชาติ
1181,2543,ภาคกลาง,รวม,นอกเขตเทศบาล,ชาย,60 - 64 ปี,155281,คน,สำนักงานสถิติแห่งชาติ
1182,2543,ภาคกลาง,รวม,นอกเขตเทศบาล,หญิง,60 - 64 ปี,172119,คน,สำนักงานสถิติแห่งชาติ
1183,2553,ภาคกลาง,รวม,รวม,รวม,60 - 64 ปี,690613,คน,สำนักงานสถิติแห่งชาติ
1184,2553,ภาคกลาง,รวม,รวม,ชาย,60 - 64 ปี,323206,คน,สำนักงานสถิติแห่งชาติ
1185,2553,ภาคกลาง,รวม,รวม,หญิง,60 - 64 ปี,367407,คน,สำนักงานสถิติแห่งชาติ
1186,2553,ภาคกลาง,รวม,ในเขตเทศบาล,รวม,60 - 64 ปี,305688,คน,สำนักงานสถิติแห่งชาติ
1187,2553,ภาคกลาง,รวม,ในเขตเทศบาล,ชาย,60 - 64 ปี,143033,คน,สำนักงานสถิติแห่งชาติ
1188,2553,ภาคกลาง,รวม,ในเขตเทศบาล,หญิง,60 - 64 ปี,162655,คน,สำนักงานสถิติแห่งชาติ
1189,2553,ภาคกลาง,รวม,นอกเขตเทศบาล,รวม,60 - 64 ปี,384926,คน,สำนักงานสถิติแห่งชาติ
1190,2553,ภาคกลาง,รวม,นอกเขตเทศบาล,ชาย,60 - 64 ปี,180173,คน,สำนักงานสถิติแห่งชาติ
1191,2553,ภาคกลาง,รวม,นอกเขตเทศบาล,หญิง,60 - 64 ปี,204753,คน,สำนักงานสถิติแห่งชาติ
1192,2533,ภาคกลาง,รวม,รวม,รวม,65 - 69 ปี,246338,คน,สำนักงานสถิติแห่งชาติ
1193,2533,ภาคกลาง,รวม,รวม,ชาย,65 - 69 ปี,114647,คน,สำนักงานสถิติแห่งชาติ
1194,2533,ภาคกลาง,รวม,รวม,หญิง,65 - 69 ปี,131691,คน,สำนักงานสถิติแห่งชาติ
1195,2533,ภาคกลาง,รวม,ในเขตเทศบาล,รวม,65 - 69 ปี,25719,คน,สำนักงานสถิติแห่งชาติ
1196,2533,ภาคกลาง,รวม,ในเขตเทศบาล,ชาย,65 - 69 ปี,11671,คน,สำนักงานสถิติแห่งชาติ
1197,2533,ภาคกลาง,รวม,ในเขตเทศบาล,หญิง,65 - 69 ปี,14048,คน,สำนักงานสถิติแห่งชาติ
1198,2533,ภาคกลาง,รวม,นอกเขตเทศบาล,รวม,65 - 69 ปี,220619,คน,สำนักงานสถิติแห่งชาติ
1199,2533,ภาคกลาง,รวม,นอกเขตเทศบาล,ชาย,65 - 69 ปี,102976,คน,สำนักงานสถิติแห่งชาติ
1200,2533,ภาคกลาง,รวม,นอกเขตเทศบาล,หญิง,65 - 69 ปี,117643,คน,สำนักงานสถิติแห่งชาติ
1201,2543,ภาคกลาง,รวม,รวม,รวม,65 - 69 ปี,360960,คน,สำนักงานสถิติแห่งชาติ
1202,2543,ภาคกลาง,รวม,รวม,ชาย,65 - 69 ปี,165062,คน,สำนักงานสถิติแห่งชาติ
1203,2543,ภาคกลาง,รวม,รวม,หญิง,65 - 69 ปี,195898,คน,สำนักงานสถิติแห่งชาติ
1204,2543,ภาคกลาง,รวม,ในเขตเทศบาล,รวม,65 - 69 ปี,108399,คน,สำนักงานสถิติแห่งชาติ
1205,2543,ภาคกลาง,รวม,ในเขตเทศบาล,ชาย,65 - 69 ปี,48023,คน,สำนักงานสถิติแห่งชาติ
1206,2543,ภาคกลาง,รวม,ในเขตเทศบาล,หญิง,65 - 69 ปี,60376,คน,สำนักงานสถิติแห่งชาติ
1207,2543,ภาคกลาง,รวม,นอกเขตเทศบาล,รวม,65 - 69 ปี,252561,คน,สำนักงานสถิติแห่งชาติ
1208,2543,ภาคกลาง,รวม,นอกเขตเทศบาล,ชาย,65 - 69 ปี,117039,คน,สำนักงานสถิติแห่งชาติ
1209,2543,ภาคกลาง,รวม,นอกเขตเทศบาล,หญิง,65 - 69 ปี,135522,คน,สำนักงานสถิติแห่งชาติ
1210,2553,ภาคกลาง,รวม,รวม,รวม,65 - 69 ปี,493289,คน,สำนักงานสถิติแห่งชาติ
1211,2553,ภาคกลาง,รวม,รวม,ชาย,65 - 69 ปี,229260,คน,สำนักงานสถิติแห่งชาติ
1212,2553,ภาคกลาง,รวม,รวม,หญิง,65 - 69 ปี,264029,คน,สำนักงานสถิติแห่งชาติ
1213,2553,ภาคกลาง,รวม,ในเขตเทศบาล,รวม,65 - 69 ปี,211638,คน,สำนักงานสถิติแห่งชาติ
1214,2553,ภาคกลาง,รวม,ในเขตเทศบาล,ชาย,65 - 69 ปี,99073,คน,สำนักงานสถิติแห่งชาติ
1215,2553,ภาคกลาง,รวม,ในเขตเทศบาล,หญิง,65 - 69 ปี,112566,คน,สำนักงานสถิติแห่งชาติ
1216,2553,ภาคกลาง,รวม,นอกเขตเทศบาล,รวม,65 - 69 ปี,281651,คน,สำนักงานสถิติแห่งชาติ
1217,2553,ภาคกลาง,รวม,นอกเขตเทศบาล,ชาย,65 - 69 ปี,130187,คน,สำนักงานสถิติแห่งชาติ
1218,2553,ภาคกลาง,รวม,นอกเขตเทศบาล,หญิง,65 - 69 ปี,151463,คน,สำนักงานสถิติแห่งชาติ
1219,2533,ภาคกลาง,รวม,รวม,รวม,70 - 74 ปี,183566,คน,สำนักงานสถิติแห่งชาติ
1220,2533,ภาคกลาง,รวม,รวม,ชาย,70 - 74 ปี,80849,คน,สำนักงานสถิติแห่งชาติ
1221,2533,ภาคกลาง,รวม,รวม,หญิง,70 - 74 ปี,102717,คน,สำนักงานสถิติแห่งชาติ
1222,2533,ภาคกลาง,รวม,ในเขตเทศบาล,รวม,70 - 74 ปี,19481,คน,สำนักงานสถิติแห่งชาติ
1223,2533,ภาคกลาง,รวม,ในเขตเทศบาล,ชาย,70 - 74 ปี,8309,คน,สำนักงานสถิติแห่งชาติ
1224,2533,ภาคกลาง,รวม,ในเขตเทศบาล,หญิง,70 - 74 ปี,11172,คน,สำนักงานสถิติแห่งชาติ
1225,2533,ภาคกลาง,รวม,นอกเขตเทศบาล,รวม,70 - 74 ปี,164085,คน,สำนักงานสถิติแห่งชาติ
1226,2533,ภาคกลาง,รวม,นอกเขตเทศบาล,ชาย,70 - 74 ปี,72540,คน,สำนักงานสถิติแห่งชาติ
1227,2533,ภาคกลาง,รวม,นอกเขตเทศบาล,หญิง,70 - 74 ปี,91545,คน,สำนักงานสถิติแห่งชาติ
1228,2543,ภาคกลาง,รวม,รวม,รวม,70 - 74 ปี,264671,คน,สำนักงานสถิติแห่งชาติ
1229,2543,ภาคกลาง,รวม,รวม,ชาย,70 - 74 ปี,117204,คน,สำนักงานสถิติแห่งชาติ
1230,2543,ภาคกลาง,รวม,รวม,หญิง,70 - 74 ปี,147467,คน,สำนักงานสถิติแห่งชาติ
1231,2543,ภาคกลาง,รวม,ในเขตเทศบาล,รวม,70 - 74 ปี,79926,คน,สำนักงานสถิติแห่งชาติ
1232,2543,ภาคกลาง,รวม,ในเขตเทศบาล,ชาย,70 - 74 ปี,34549,คน,สำนักงานสถิติแห่งชาติ
1233,2543,ภาคกลาง,รวม,ในเขตเทศบาล,หญิง,70 - 74 ปี,45377,คน,สำนักงานสถิติแห่งชาติ
1234,2543,ภาคกลาง,รวม,นอกเขตเทศบาล,รวม,70 - 74 ปี,184745,คน,สำนักงานสถิติแห่งชาติ
1235,2543,ภาคกลาง,รวม,นอกเขตเทศบาล,ชาย,70 - 74 ปี,82655,คน,สำนักงานสถิติแห่งชาติ
1236,2543,ภาคกลาง,รวม,นอกเขตเทศบาล,หญิง,70 - 74 ปี,102090,คน,สำนักงานสถิติแห่งชาติ
1237,2553,ภาคกลาง,รวม,รวม,รวม,70 - 74 ปี,419852,คน,สำนักงานสถิติแห่งชาติ
1238,2553,ภาคกลาง,รวม,รวม,ชาย,70 - 74 ปี,187052,คน,สำนักงานสถิติแห่งชาติ
1239,2553,ภาคกลาง,รวม,รวม,หญิง,70 - 74 ปี,232801,คน,สำนักงานสถิติแห่งชาติ
1240,2553,ภาคกลาง,รวม,ในเขตเทศบาล,รวม,70 - 74 ปี,172805,คน,สำนักงานสถิติแห่งชาติ
1241,2553,ภาคกลาง,รวม,ในเขตเทศบาล,ชาย,70 - 74 ปี,76149,คน,สำนักงานสถิติแห่งชาติ
1242,2553,ภาคกลาง,รวม,ในเขตเทศบาล,หญิง,70 - 74 ปี,96657,คน,สำนักงานสถิติแห่งชาติ
1243,2553,ภาคกลาง,รวม,นอกเขตเทศบาล,รวม,70 - 74 ปี,247047,คน,สำนักงานสถิติแห่งชาติ
1244,2553,ภาคกลาง,รวม,นอกเขตเทศบาล,ชาย,70 - 74 ปี,110903,คน,สำนักงานสถิติแห่งชาติ
1245,2553,ภาคกลาง,รวม,นอกเขตเทศบาล,หญิง,70 - 74 ปี,136144,คน,สำนักงานสถิติแห่งชาติ
1246,2533,ภาคกลาง,รวม,รวม,รวม,75 - 79 ปี,122938,คน,สำนักงานสถิติแห่งชาติ
1247,2533,ภาคกลาง,รวม,รวม,ชาย,75 - 79 ปี,51294,คน,สำนักงานสถิติแห่งชาติ
1248,2533,ภาคกลาง,รวม,รวม,หญิง,75 - 79 ปี,71644,คน,สำนักงานสถิติแห่งชาติ
1249,2533,ภาคกลาง,รวม,ในเขตเทศบาล,รวม,75 - 79 ปี,12426,คน,สำนักงานสถิติแห่งชาติ
1250,2533,ภาคกลาง,รวม,ในเขตเทศบาล,ชาย,75 - 79 ปี,5086,คน,สำนักงานสถิติแห่งชาติ
1251,2533,ภาคกลาง,รวม,ในเขตเทศบาล,หญิง,75 - 79 ปี,7340,คน,สำนักงานสถิติแห่งชาติ
1252,2533,ภาคกลาง,รวม,นอกเขตเทศบาล,รวม,75 - 79 ปี,110512,คน,สำนักงานสถิติแห่งชาติ
1253,2533,ภาคกลาง,รวม,นอกเขตเทศบาล,ชาย,75 - 79 ปี,46208,คน,สำนักงานสถิติแห่งชาติ
1254,2533,ภาคกลาง,รวม,นอกเขตเทศบาล,หญิง,75 - 79 ปี,64304,คน,สำนักงานสถิติแห่งชาติ
1255,2543,ภาคกลาง,รวม,รวม,รวม,75 - 79 ปี,155745,คน,สำนักงานสถิติแห่งชาติ
1256,2543,ภาคกลาง,รวม,รวม,ชาย,75 - 79 ปี,65693,คน,สำนักงานสถิติแห่งชาติ
1257,2543,ภาคกลาง,รวม,รวม,หญิง,75 - 79 ปี,90052,คน,สำนักงานสถิติแห่งชาติ
1258,2543,ภาคกลาง,รวม,ในเขตเทศบาล,รวม,75 - 79 ปี,45550,คน,สำนักงานสถิติแห่งชาติ
1259,2543,ภาคกลาง,รวม,ในเขตเทศบาล,ชาย,75 - 79 ปี,18792,คน,สำนักงานสถิติแห่งชาติ
1260,2543,ภาคกลาง,รวม,ในเขตเทศบาล,หญิง,75 - 79 ปี,26758,คน,สำนักงานสถิติแห่งชาติ
1261,2543,ภาคกลาง,รวม,นอกเขตเทศบาล,รวม,75 - 79 ปี,110195,คน,สำนักงานสถิติแห่งชาติ
1262,2543,ภาคกลาง,รวม,นอกเขตเทศบาล,ชาย,75 - 79 ปี,46901,คน,สำนักงานสถิติแห่งชาติ
1263,2543,ภาคกลาง,รวม,นอกเขตเทศบาล,หญิง,75 - 79 ปี,63294,คน,สำนักงานสถิติแห่งชาติ
1264,2553,ภาคกลาง,รวม,รวม,รวม,75 - 79 ปี,284452,คน,สำนักงานสถิติแห่งชาติ
1265,2553,ภาคกลาง,รวม,รวม,ชาย,75 - 79 ปี,121179,คน,สำนักงานสถิติแห่งชาติ
1266,2553,ภาคกลาง,รวม,รวม,หญิง,75 - 79 ปี,163272,คน,สำนักงานสถิติแห่งชาติ
1267,2553,ภาคกลาง,รวม,ในเขตเทศบาล,รวม,75 - 79 ปี,113142,คน,สำนักงานสถิติแห่งชาติ
1268,2553,ภาคกลาง,รวม,ในเขตเทศบาล,ชาย,75 - 79 ปี,47140,คน,สำนักงานสถิติแห่งชาติ
1269,2553,ภาคกลาง,รวม,ในเขตเทศบาล,หญิง,75 - 79 ปี,66002,คน,สำนักงานสถิติแห่งชาติ
1270,2553,ภาคกลาง,รวม,นอกเขตเทศบาล,รวม,75 - 79 ปี,171310,คน,สำนักงานสถิติแห่งชาติ
1271,2553,ภาคกลาง,รวม,นอกเขตเทศบาล,ชาย,75 - 79 ปี,74039,คน,สำนักงานสถิติแห่งชาติ
1272,2553,ภาคกลาง,รวม,นอกเขตเทศบาล,หญิง,75 - 79 ปี,97271,คน,สำนักงานสถิติแห่งชาติ
1273,2533,ภาคกลาง,รวม,รวม,รวม,80 ปีขึ้นไป   ,123829,คน,สำนักงานสถิติแห่งชาติ
1274,2533,ภาคกลาง,รวม,รวม,ชาย,80 ปีขึ้นไป   ,46665,คน,สำนักงานสถิติแห่งชาติ
1275,2533,ภาคกลาง,รวม,รวม,หญิง,80 ปีขึ้นไป   ,77164,คน,สำนักงานสถิติแห่งชาติ
1276,2533,ภาคกลาง,รวม,ในเขตเทศบาล,รวม,80 ปีขึ้นไป   ,13437,คน,สำนักงานสถิติแห่งชาติ
1277,2533,ภาคกลาง,รวม,ในเขตเทศบาล,ชาย,80 ปีขึ้นไป   ,4865,คน,สำนักงานสถิติแห่งชาติ
1278,2533,ภาคกลาง,รวม,ในเขตเทศบาล,หญิง,80 ปีขึ้นไป   ,8572,คน,สำนักงานสถิติแห่งชาติ
1279,2533,ภาคกลาง,รวม,นอกเขตเทศบาล,รวม,80 ปีขึ้นไป   ,110392,คน,สำนักงานสถิติแห่งชาติ
1280,2533,ภาคกลาง,รวม,นอกเขตเทศบาล,ชาย,80 ปีขึ้นไป   ,41800,คน,สำนักงานสถิติแห่งชาติ
1281,2533,ภาคกลาง,รวม,นอกเขตเทศบาล,หญิง,80 ปีขึ้นไป   ,68592,คน,สำนักงานสถิติแห่งชาติ
1282,2543,ภาคกลาง,รวม,รวม,รวม,80 ปีขึ้นไป   ,154405,คน,สำนักงานสถิติแห่งชาติ
1283,2543,ภาคกลาง,รวม,รวม,ชาย,80 ปีขึ้นไป   ,57226,คน,สำนักงานสถิติแห่งชาติ
1284,2543,ภาคกลาง,รวม,รวม,หญิง,80 ปีขึ้นไป   ,97179,คน,สำนักงานสถิติแห่งชาติ
1285,2543,ภาคกลาง,รวม,ในเขตเทศบาล,รวม,80 ปีขึ้นไป   ,47061,คน,สำนักงานสถิติแห่งชาติ
1286,2543,ภาคกลาง,รวม,ในเขตเทศบาล,ชาย,80 ปีขึ้นไป   ,17106,คน,สำนักงานสถิติแห่งชาติ
1287,2543,ภาคกลาง,รวม,ในเขตเทศบาล,หญิง,80 ปีขึ้นไป   ,29955,คน,สำนักงานสถิติแห่งชาติ
1288,2543,ภาคกลาง,รวม,นอกเขตเทศบาล,รวม,80 ปีขึ้นไป   ,107344,คน,สำนักงานสถิติแห่งชาติ
1289,2543,ภาคกลาง,รวม,นอกเขตเทศบาล,ชาย,80 ปีขึ้นไป   ,40120,คน,สำนักงานสถิติแห่งชาติ
1290,2543,ภาคกลาง,รวม,นอกเขตเทศบาล,หญิง,80 ปีขึ้นไป   ,67224,คน,สำนักงานสถิติแห่งชาติ
1291,2553,ภาคกลาง,รวม,รวม,รวม,80 ปีขึ้นไป   ,281906,คน,สำนักงานสถิติแห่งชาติ
1292,2553,ภาคกลาง,รวม,รวม,ชาย,80 ปีขึ้นไป   ,107547,คน,สำนักงานสถิติแห่งชาติ
1293,2553,ภาคกลาง,รวม,รวม,หญิง,80 ปีขึ้นไป   ,174359,คน,สำนักงานสถิติแห่งชาติ
1294,2553,ภาคกลาง,รวม,ในเขตเทศบาล,รวม,80 ปีขึ้นไป   ,113161,คน,สำนักงานสถิติแห่งชาติ
1295,2553,ภาคกลาง,รวม,ในเขตเทศบาล,ชาย,80 ปีขึ้นไป   ,41836,คน,สำนักงานสถิติแห่งชาติ
1296,2553,ภาคกลาง,รวม,ในเขตเทศบาล,หญิง,80 ปีขึ้นไป   ,71324,คน,สำนักงานสถิติแห่งชาติ
1297,2553,ภาคกลาง,รวม,นอกเขตเทศบาล,รวม,80 ปีขึ้นไป   ,168745,คน,สำนักงานสถิติแห่งชาติ
1298,2553,ภาคกลาง,รวม,นอกเขตเทศบาล,ชาย,80 ปีขึ้นไป   ,65711,คน,สำนักงานสถิติแห่งชาติ
1299,2553,ภาคกลาง,รวม,นอกเขตเทศบาล,หญิง,80 ปีขึ้นไป   ,103034,คน,สำนักงานสถิติแห่งชาติ
1300,2533,ภาคกลาง,กาญจนบุรี,รวม,รวม,รวม,641041,คน,สำนักงานสถิติแห่งชาติ
1301,2533,ภาคกลาง,กาญจนบุรี,รวม,ชาย,รวม,319677,คน,สำนักงานสถิติแห่งชาติ
1302,2533,ภาคกลาง,กาญจนบุรี,รวม,หญิง,รวม,321364,คน,สำนักงานสถิติแห่งชาติ
1303,2533,ภาคกลาง,กาญจนบุรี,ในเขตเทศบาล,รวม,รวม,51459,คน,สำนักงานสถิติแห่งชาติ
1304,2533,ภาคกลาง,กาญจนบุรี,ในเขตเทศบาล,ชาย,รวม,24805,คน,สำนักงานสถิติแห่งชาติ
1305,2533,ภาคกลาง,กาญจนบุรี,ในเขตเทศบาล,หญิง,รวม,26654,คน,สำนักงานสถิติแห่งชาติ
1306,2533,ภาคกลาง,กาญจนบุรี,นอกเขตเทศบาล,รวม,รวม,589582,คน,สำนักงานสถิติแห่งชาติ
1307,2533,ภาคกลาง,กาญจนบุรี,นอกเขตเทศบาล,ชาย,รวม,294872,คน,สำนักงานสถิติแห่งชาติ
1308,2533,ภาคกลาง,กาญจนบุรี,นอกเขตเทศบาล,หญิง,รวม,294710,คน,สำนักงานสถิติแห่งชาติ
1309,2543,ภาคกลาง,กาญจนบุรี,รวม,รวม,รวม,734394,คน,สำนักงานสถิติแห่งชาติ
1310,2543,ภาคกลาง,กาญจนบุรี,รวม,ชาย,รวม,364246,คน,สำนักงานสถิติแห่งชาติ
1311,2543,ภาคกลาง,กาญจนบุรี,รวม,หญิง,รวม,370148,คน,สำนักงานสถิติแห่งชาติ
1312,2543,ภาคกลาง,กาญจนบุรี,ในเขตเทศบาล,รวม,รวม,172373,คน,สำนักงานสถิติแห่งชาติ
1313,2543,ภาคกลาง,กาญจนบุรี,ในเขตเทศบาล,ชาย,รวม,83299,คน,สำนักงานสถิติแห่งชาติ
1314,2543,ภาคกลาง,กาญจนบุรี,ในเขตเทศบาล,หญิง,รวม,89074,คน,สำนักงานสถิติแห่งชาติ
1315,2543,ภาคกลาง,กาญจนบุรี,นอกเขตเทศบาล,รวม,รวม,562021,คน,สำนักงานสถิติแห่งชาติ
1316,2543,ภาคกลาง,กาญจนบุรี,นอกเขตเทศบาล,ชาย,รวม,280947,คน,สำนักงานสถิติแห่งชาติ
1317,2543,ภาคกลาง,กาญจนบุรี,นอกเขตเทศบาล,หญิง,รวม,281074,คน,สำนักงานสถิติแห่งชาติ
1318,2553,ภาคกลาง,กาญจนบุรี,รวม,รวม,รวม,801519,คน,สำนักงานสถิติแห่งชาติ
1319,2553,ภาคกลาง,กาญจนบุรี,รวม,ชาย,รวม,398329,คน,สำนักงานสถิติแห่งชาติ
1320,2553,ภาคกลาง,กาญจนบุรี,รวม,หญิง,รวม,403190,คน,สำนักงานสถิติแห่งชาติ
1321,2553,ภาคกลาง,กาญจนบุรี,ในเขตเทศบาล,รวม,รวม,292522,คน,สำนักงานสถิติแห่งชาติ
1322,2553,ภาคกลาง,กาญจนบุรี,ในเขตเทศบาล,ชาย,รวม,144060,คน,สำนักงานสถิติแห่งชาติ
1323,2553,ภาคกลาง,กาญจนบุรี,ในเขตเทศบาล,หญิง,รวม,148461,คน,สำนักงานสถิติแห่งชาติ
1324,2553,ภาคกลาง,กาญจนบุรี,นอกเขตเทศบาล,รวม,รวม,508997,คน,สำนักงานสถิติแห่งชาติ
1325,2553,ภาคกลาง,กาญจนบุรี,นอกเขตเทศบาล,ชาย,รวม,254269,คน,สำนักงานสถิติแห่งชาติ
1326,2553,ภาคกลาง,กาญจนบุรี,นอกเขตเทศบาล,หญิง,รวม,254728,คน,สำนักงานสถิติแห่งชาติ
1327,2533,ภาคกลาง,กาญจนบุรี,รวม,รวม,0 - 4 ปี,56866,คน,สำนักงานสถิติแห่งชาติ
1328,2533,ภาคกลาง,กาญจนบุรี,รวม,ชาย,0 - 4 ปี,29075,คน,สำนักงานสถิติแห่งชาติ
1329,2533,ภาคกลาง,กาญจนบุรี,รวม,หญิง,0 - 4 ปี,27791,คน,สำนักงานสถิติแห่งชาติ
1330,2533,ภาคกลาง,กาญจนบุรี,ในเขตเทศบาล,รวม,0 - 4 ปี,3858,คน,สำนักงานสถิติแห่งชาติ
1331,2533,ภาคกลาง,กาญจนบุรี,ในเขตเทศบาล,ชาย,0 - 4 ปี,2011,คน,สำนักงานสถิติแห่งชาติ
1332,2533,ภาคกลาง,กาญจนบุรี,ในเขตเทศบาล,หญิง,0 - 4 ปี,1847,คน,สำนักงานสถิติแห่งชาติ
1333,2533,ภาคกลาง,กาญจนบุรี,นอกเขตเทศบาล,รวม,0 - 4 ปี,53008,คน,สำนักงานสถิติแห่งชาติ
1334,2533,ภาคกลาง,กาญจนบุรี,นอกเขตเทศบาล,ชาย,0 - 4 ปี,27064,คน,สำนักงานสถิติแห่งชาติ
1335,2533,ภาคกลาง,กาญจนบุรี,นอกเขตเทศบาล,หญิง,0 - 4 ปี,25944,คน,สำนักงานสถิติแห่งชาติ
1336,2543,ภาคกลาง,กาญจนบุรี,รวม,รวม,0 - 4 ปี,59268,คน,สำนักงานสถิติแห่งชาติ
1337,2543,ภาคกลาง,กาญจนบุรี,รวม,ชาย,0 - 4 ปี,30795,คน,สำนักงานสถิติแห่งชาติ
1338,2543,ภาคกลาง,กาญจนบุรี,รวม,หญิง,0 - 4 ปี,28473,คน,สำนักงานสถิติแห่งชาติ
1339,2543,ภาคกลาง,กาญจนบุรี,ในเขตเทศบาล,รวม,0 - 4 ปี,12424,คน,สำนักงานสถิติแห่งชาติ
1340,2543,ภาคกลาง,กาญจนบุรี,ในเขตเทศบาล,ชาย,0 - 4 ปี,6377,คน,สำนักงานสถิติแห่งชาติ
1341,2543,ภาคกลาง,กาญจนบุรี,ในเขตเทศบาล,หญิง,0 - 4 ปี,6047,คน,สำนักงานสถิติแห่งชาติ
1342,2543,ภาคกลาง,กาญจนบุรี,นอกเขตเทศบาล,รวม,0 - 4 ปี,46844,คน,สำนักงานสถิติแห่งชาติ
1343,2543,ภาคกลาง,กาญจนบุรี,นอกเขตเทศบาล,ชาย,0 - 4 ปี,24418,คน,สำนักงานสถิติแห่งชาติ
1344,2543,ภาคกลาง,กาญจนบุรี,นอกเขตเทศบาล,หญิง,0 - 4 ปี,22426,คน,สำนักงานสถิติแห่งชาติ
1345,2553,ภาคกลาง,กาญจนบุรี,รวม,รวม,0 - 4 ปี,49174,คน,สำนักงานสถิติแห่งชาติ
1346,2553,ภาคกลาง,กาญจนบุรี,รวม,ชาย,0 - 4 ปี,25660,คน,สำนักงานสถิติแห่งชาติ
1347,2553,ภาคกลาง,กาญจนบุรี,รวม,หญิง,0 - 4 ปี,23514,คน,สำนักงานสถิติแห่งชาติ
1348,2553,ภาคกลาง,กาญจนบุรี,ในเขตเทศบาล,รวม,0 - 4 ปี,15587,คน,สำนักงานสถิติแห่งชาติ
1349,2553,ภาคกลาง,กาญจนบุรี,ในเขตเทศบาล,ชาย,0 - 4 ปี,8168,คน,สำนักงานสถิติแห่งชาติ
1350,2553,ภาคกลาง,กาญจนบุรี,ในเขตเทศบาล,หญิง,0 - 4 ปี,7420,คน,สำนักงานสถิติแห่งชาติ
1351,2553,ภาคกลาง,กาญจนบุรี,นอกเขตเทศบาล,รวม,0 - 4 ปี,33587,คน,สำนักงานสถิติแห่งชาติ
1352,2553,ภาคกลาง,กาญจนบุรี,นอกเขตเทศบาล,ชาย,0 - 4 ปี,17493,คน,สำนักงานสถิติแห่งชาติ
1353,2553,ภาคกลาง,กาญจนบุรี,นอกเขตเทศบาล,หญิง,0 - 4 ปี,16094,คน,สำนักงานสถิติแห่งชาติ
1354,2533,ภาคกลาง,กาญจนบุรี,รวม,รวม,5 - 9 ปี,68633,คน,สำนักงานสถิติแห่งชาติ
1355,2533,ภาคกลาง,กาญจนบุรี,รวม,ชาย,5 - 9 ปี,35229,คน,สำนักงานสถิติแห่งชาติ
1356,2533,ภาคกลาง,กาญจนบุรี,รวม,หญิง,5 - 9 ปี,33404,คน,สำนักงานสถิติแห่งชาติ
1357,2533,ภาคกลาง,กาญจนบุรี,ในเขตเทศบาล,รวม,5 - 9 ปี,4691,คน,สำนักงานสถิติแห่งชาติ
1358,2533,ภาคกลาง,กาญจนบุรี,ในเขตเทศบาล,ชาย,5 - 9 ปี,2453,คน,สำนักงานสถิติแห่งชาติ
1359,2533,ภาคกลาง,กาญจนบุรี,ในเขตเทศบาล,หญิง,5 - 9 ปี,2238,คน,สำนักงานสถิติแห่งชาติ
1360,2533,ภาคกลาง,กาญจนบุรี,นอกเขตเทศบาล,รวม,5 - 9 ปี,63942,คน,สำนักงานสถิติแห่งชาติ
1361,2533,ภาคกลาง,กาญจนบุรี,นอกเขตเทศบาล,ชาย,5 - 9 ปี,32776,คน,สำนักงานสถิติแห่งชาติ
1362,2533,ภาคกลาง,กาญจนบุรี,นอกเขตเทศบาล,หญิง,5 - 9 ปี,31166,คน,สำนักงานสถิติแห่งชาติ
1363,2543,ภาคกลาง,กาญจนบุรี,รวม,รวม,5 - 9 ปี,66845,คน,สำนักงานสถิติแห่งชาติ
1364,2543,ภาคกลาง,กาญจนบุรี,รวม,ชาย,5 - 9 ปี,34626,คน,สำนักงานสถิติแห่งชาติ
1365,2543,ภาคกลาง,กาญจนบุรี,รวม,หญิง,5 - 9 ปี,32219,คน,สำนักงานสถิติแห่งชาติ
1366,2543,ภาคกลาง,กาญจนบุรี,ในเขตเทศบาล,รวม,5 - 9 ปี,14203,คน,สำนักงานสถิติแห่งชาติ
1367,2543,ภาคกลาง,กาญจนบุรี,ในเขตเทศบาล,ชาย,5 - 9 ปี,7412,คน,สำนักงานสถิติแห่งชาติ
1368,2543,ภาคกลาง,กาญจนบุรี,ในเขตเทศบาล,หญิง,5 - 9 ปี,6791,คน,สำนักงานสถิติแห่งชาติ
1369,2543,ภาคกลาง,กาญจนบุรี,นอกเขตเทศบาล,รวม,5 - 9 ปี,52642,คน,สำนักงานสถิติแห่งชาติ
1370,2543,ภาคกลาง,กาญจนบุรี,นอกเขตเทศบาล,ชาย,5 - 9 ปี,27214,คน,สำนักงานสถิติแห่งชาติ
1371,2543,ภาคกลาง,กาญจนบุรี,นอกเขตเทศบาล,หญิง,5 - 9 ปี,25428,คน,สำนักงานสถิติแห่งชาติ
1372,2553,ภาคกลาง,กาญจนบุรี,รวม,รวม,5 - 9 ปี,55068,คน,สำนักงานสถิติแห่งชาติ
1373,2553,ภาคกลาง,กาญจนบุรี,รวม,ชาย,5 - 9 ปี,28468,คน,สำนักงานสถิติแห่งชาติ
1374,2553,ภาคกลาง,กาญจนบุรี,รวม,หญิง,5 - 9 ปี,26600,คน,สำนักงานสถิติแห่งชาติ
1375,2553,ภาคกลาง,กาญจนบุรี,ในเขตเทศบาล,รวม,5 - 9 ปี,17248,คน,สำนักงานสถิติแห่งชาติ
1376,2553,ภาคกลาง,กาญจนบุรี,ในเขตเทศบาล,ชาย,5 - 9 ปี,8918,คน,สำนักงานสถิติแห่งชาติ
1377,2553,ภาคกลาง,กาญจนบุรี,ในเขตเทศบาล,หญิง,5 - 9 ปี,8330,คน,สำนักงานสถิติแห่งชาติ
1378,2553,ภาคกลาง,กาญจนบุรี,นอกเขตเทศบาล,รวม,5 - 9 ปี,37821,คน,สำนักงานสถิติแห่งชาติ
1379,2553,ภาคกลาง,กาญจนบุรี,นอกเขตเทศบาล,ชาย,5 - 9 ปี,19550,คน,สำนักงานสถิติแห่งชาติ
1380,2553,ภาคกลาง,กาญจนบุรี,นอกเขตเทศบาล,หญิง,5 - 9 ปี,18270,คน,สำนักงานสถิติแห่งชาติ
1381,2533,ภาคกลาง,กาญจนบุรี,รวม,รวม,10 - 14 ปี,72583,คน,สำนักงานสถิติแห่งชาติ
1382,2533,ภาคกลาง,กาญจนบุรี,รวม,ชาย,10 - 14 ปี,36814,คน,สำนักงานสถิติแห่งชาติ
1383,2533,ภาคกลาง,กาญจนบุรี,รวม,หญิง,10 - 14 ปี,35769,คน,สำนักงานสถิติแห่งชาติ
1384,2533,ภาคกลาง,กาญจนบุรี,ในเขตเทศบาล,รวม,10 - 14 ปี,5434,คน,สำนักงานสถิติแห่งชาติ
1385,2533,ภาคกลาง,กาญจนบุรี,ในเขตเทศบาล,ชาย,10 - 14 ปี,2752,คน,สำนักงานสถิติแห่งชาติ
1386,2533,ภาคกลาง,กาญจนบุรี,ในเขตเทศบาล,หญิง,10 - 14 ปี,2682,คน,สำนักงานสถิติแห่งชาติ
1387,2533,ภาคกลาง,กาญจนบุรี,นอกเขตเทศบาล,รวม,10 - 14 ปี,67149,คน,สำนักงานสถิติแห่งชาติ
1388,2533,ภาคกลาง,กาญจนบุรี,นอกเขตเทศบาล,ชาย,10 - 14 ปี,34062,คน,สำนักงานสถิติแห่งชาติ
1389,2533,ภาคกลาง,กาญจนบุรี,นอกเขตเทศบาล,หญิง,10 - 14 ปี,33087,คน,สำนักงานสถิติแห่งชาติ
1390,2543,ภาคกลาง,กาญจนบุรี,รวม,รวม,10 - 14 ปี,67612,คน,สำนักงานสถิติแห่งชาติ
1391,2543,ภาคกลาง,กาญจนบุรี,รวม,ชาย,10 - 14 ปี,34629,คน,สำนักงานสถิติแห่งชาติ
1392,2543,ภาคกลาง,กาญจนบุรี,รวม,หญิง,10 - 14 ปี,32983,คน,สำนักงานสถิติแห่งชาติ
1393,2543,ภาคกลาง,กาญจนบุรี,ในเขตเทศบาล,รวม,10 - 14 ปี,14394,คน,สำนักงานสถิติแห่งชาติ
1394,2543,ภาคกลาง,กาญจนบุรี,ในเขตเทศบาล,ชาย,10 - 14 ปี,7363,คน,สำนักงานสถิติแห่งชาติ
1395,2543,ภาคกลาง,กาญจนบุรี,ในเขตเทศบาล,หญิง,10 - 14 ปี,7031,คน,สำนักงานสถิติแห่งชาติ
1396,2543,ภาคกลาง,กาญจนบุรี,นอกเขตเทศบาล,รวม,10 - 14 ปี,53218,คน,สำนักงานสถิติแห่งชาติ
1397,2543,ภาคกลาง,กาญจนบุรี,นอกเขตเทศบาล,ชาย,10 - 14 ปี,27266,คน,สำนักงานสถิติแห่งชาติ
1398,2543,ภาคกลาง,กาญจนบุรี,นอกเขตเทศบาล,หญิง,10 - 14 ปี,25952,คน,สำนักงานสถิติแห่งชาติ
1399,2553,ภาคกลาง,กาญจนบุรี,รวม,รวม,10 - 14 ปี,63836,คน,สำนักงานสถิติแห่งชาติ
1400,2553,ภาคกลาง,กาญจนบุรี,รวม,ชาย,10 - 14 ปี,33114,คน,สำนักงานสถิติแห่งชาติ
1401,2553,ภาคกลาง,กาญจนบุรี,รวม,หญิง,10 - 14 ปี,30722,คน,สำนักงานสถิติแห่งชาติ
1402,2553,ภาคกลาง,กาญจนบุรี,ในเขตเทศบาล,รวม,10 - 14 ปี,21365,คน,สำนักงานสถิติแห่งชาติ
1403,2553,ภาคกลาง,กาญจนบุรี,ในเขตเทศบาล,ชาย,10 - 14 ปี,11011,คน,สำนักงานสถิติแห่งชาติ
1404,2553,ภาคกลาง,กาญจนบุรี,ในเขตเทศบาล,หญิง,10 - 14 ปี,10354,คน,สำนักงานสถิติแห่งชาติ
1405,2553,ภาคกลาง,กาญจนบุรี,นอกเขตเทศบาล,รวม,10 - 14 ปี,42471,คน,สำนักงานสถิติแห่งชาติ
1406,2553,ภาคกลาง,กาญจนบุรี,นอกเขตเทศบาล,ชาย,10 - 14 ปี,22103,คน,สำนักงานสถิติแห่งชาติ
1407,2553,ภาคกลาง,กาญจนบุรี,นอกเขตเทศบาล,หญิง,10 - 14 ปี,20368,คน,สำนักงานสถิติแห่งชาติ
1408,2533,ภาคกลาง,กาญจนบุรี,รวม,รวม,15 - 19 ปี,68312,คน,สำนักงานสถิติแห่งชาติ
1409,2533,ภาคกลาง,กาญจนบุรี,รวม,ชาย,15 - 19 ปี,34070,คน,สำนักงานสถิติแห่งชาติ
1410,2533,ภาคกลาง,กาญจนบุรี,รวม,หญิง,15 - 19 ปี,34242,คน,สำนักงานสถิติแห่งชาติ
1411,2533,ภาคกลาง,กาญจนบุรี,ในเขตเทศบาล,รวม,15 - 19 ปี,5613,คน,สำนักงานสถิติแห่งชาติ
1412,2533,ภาคกลาง,กาญจนบุรี,ในเขตเทศบาล,ชาย,15 - 19 ปี,2761,คน,สำนักงานสถิติแห่งชาติ
1413,2533,ภาคกลาง,กาญจนบุรี,ในเขตเทศบาล,หญิง,15 - 19 ปี,2852,คน,สำนักงานสถิติแห่งชาติ
1414,2533,ภาคกลาง,กาญจนบุรี,นอกเขตเทศบาล,รวม,15 - 19 ปี,62699,คน,สำนักงานสถิติแห่งชาติ
1415,2533,ภาคกลาง,กาญจนบุรี,นอกเขตเทศบาล,ชาย,15 - 19 ปี,31309,คน,สำนักงานสถิติแห่งชาติ
1416,2533,ภาคกลาง,กาญจนบุรี,นอกเขตเทศบาล,หญิง,15 - 19 ปี,31390,คน,สำนักงานสถิติแห่งชาติ
1417,2543,ภาคกลาง,กาญจนบุรี,รวม,รวม,15 - 19 ปี,65484,คน,สำนักงานสถิติแห่งชาติ
1418,2543,ภาคกลาง,กาญจนบุรี,รวม,ชาย,15 - 19 ปี,33534,คน,สำนักงานสถิติแห่งชาติ
1419,2543,ภาคกลาง,กาญจนบุรี,รวม,หญิง,15 - 19 ปี,31950,คน,สำนักงานสถิติแห่งชาติ
1420,2543,ภาคกลาง,กาญจนบุรี,ในเขตเทศบาล,รวม,15 - 19 ปี,15529,คน,สำนักงานสถิติแห่งชาติ
1421,2543,ภาคกลาง,กาญจนบุรี,ในเขตเทศบาล,ชาย,15 - 19 ปี,7767,คน,สำนักงานสถิติแห่งชาติ
1422,2543,ภาคกลาง,กาญจนบุรี,ในเขตเทศบาล,หญิง,15 - 19 ปี,7762,คน,สำนักงานสถิติแห่งชาติ
1423,2543,ภาคกลาง,กาญจนบุรี,นอกเขตเทศบาล,รวม,15 - 19 ปี,49955,คน,สำนักงานสถิติแห่งชาติ
1424,2543,ภาคกลาง,กาญจนบุรี,นอกเขตเทศบาล,ชาย,15 - 19 ปี,25767,คน,สำนักงานสถิติแห่งชาติ
1425,2543,ภาคกลาง,กาญจนบุรี,นอกเขตเทศบาล,หญิง,15 - 19 ปี,24188,คน,สำนักงานสถิติแห่งชาติ
1426,2553,ภาคกลาง,กาญจนบุรี,รวม,รวม,15 - 19 ปี,60520,คน,สำนักงานสถิติแห่งชาติ
1427,2553,ภาคกลาง,กาญจนบุรี,รวม,ชาย,15 - 19 ปี,31034,คน,สำนักงานสถิติแห่งชาติ
1428,2553,ภาคกลาง,กาญจนบุรี,รวม,หญิง,15 - 19 ปี,29486,คน,สำนักงานสถิติแห่งชาติ
1429,2553,ภาคกลาง,กาญจนบุรี,ในเขตเทศบาล,รวม,15 - 19 ปี,21961,คน,สำนักงานสถิติแห่งชาติ
1430,2553,ภาคกลาง,กาญจนบุรี,ในเขตเทศบาล,ชาย,15 - 19 ปี,11272,คน,สำนักงานสถิติแห่งชาติ
1431,2553,ภาคกลาง,กาญจนบุรี,ในเขตเทศบาล,หญิง,15 - 19 ปี,10689,คน,สำนักงานสถิติแห่งชาติ
1432,2553,ภาคกลาง,กาญจนบุรี,นอกเขตเทศบาล,รวม,15 - 19 ปี,38559,คน,สำนักงานสถิติแห่งชาติ
1433,2553,ภาคกลาง,กาญจนบุรี,นอกเขตเทศบาล,ชาย,15 - 19 ปี,19762,คน,สำนักงานสถิติแห่งชาติ
1434,2553,ภาคกลาง,กาญจนบุรี,นอกเขตเทศบาล,หญิง,15 - 19 ปี,18797,คน,สำนักงานสถิติแห่งชาติ
1435,2533,ภาคกลาง,กาญจนบุรี,รวม,รวม,20 - 24 ปี,65412,คน,สำนักงานสถิติแห่งชาติ
1436,2533,ภาคกลาง,กาญจนบุรี,รวม,ชาย,20 - 24 ปี,33088,คน,สำนักงานสถิติแห่งชาติ
1437,2533,ภาคกลาง,กาญจนบุรี,รวม,หญิง,20 - 24 ปี,32324,คน,สำนักงานสถิติแห่งชาติ
1438,2533,ภาคกลาง,กาญจนบุรี,ในเขตเทศบาล,รวม,20 - 24 ปี,4987,คน,สำนักงานสถิติแห่งชาติ
1439,2533,ภาคกลาง,กาญจนบุรี,ในเขตเทศบาล,ชาย,20 - 24 ปี,2393,คน,สำนักงานสถิติแห่งชาติ
1440,2533,ภาคกลาง,กาญจนบุรี,ในเขตเทศบาล,หญิง,20 - 24 ปี,2594,คน,สำนักงานสถิติแห่งชาติ
1441,2533,ภาคกลาง,กาญจนบุรี,นอกเขตเทศบาล,รวม,20 - 24 ปี,60425,คน,สำนักงานสถิติแห่งชาติ
1442,2533,ภาคกลาง,กาญจนบุรี,นอกเขตเทศบาล,ชาย,20 - 24 ปี,30695,คน,สำนักงานสถิติแห่งชาติ
1443,2533,ภาคกลาง,กาญจนบุรี,นอกเขตเทศบาล,หญิง,20 - 24 ปี,29730,คน,สำนักงานสถิติแห่งชาติ
1444,2543,ภาคกลาง,กาญจนบุรี,รวม,รวม,20 - 24 ปี,62484,คน,สำนักงานสถิติแห่งชาติ
1445,2543,ภาคกลาง,กาญจนบุรี,รวม,ชาย,20 - 24 ปี,32213,คน,สำนักงานสถิติแห่งชาติ
1446,2543,ภาคกลาง,กาญจนบุรี,รวม,หญิง,20 - 24 ปี,30271,คน,สำนักงานสถิติแห่งชาติ
1447,2543,ภาคกลาง,กาญจนบุรี,ในเขตเทศบาล,รวม,20 - 24 ปี,14510,คน,สำนักงานสถิติแห่งชาติ
1448,2543,ภาคกลาง,กาญจนบุรี,ในเขตเทศบาล,ชาย,20 - 24 ปี,7058,คน,สำนักงานสถิติแห่งชาติ
1449,2543,ภาคกลาง,กาญจนบุรี,ในเขตเทศบาล,หญิง,20 - 24 ปี,7452,คน,สำนักงานสถิติแห่งชาติ
1450,2543,ภาคกลาง,กาญจนบุรี,นอกเขตเทศบาล,รวม,20 - 24 ปี,47974,คน,สำนักงานสถิติแห่งชาติ
1451,2543,ภาคกลาง,กาญจนบุรี,นอกเขตเทศบาล,ชาย,20 - 24 ปี,25155,คน,สำนักงานสถิติแห่งชาติ
1452,2543,ภาคกลาง,กาญจนบุรี,นอกเขตเทศบาล,หญิง,20 - 24 ปี,22819,คน,สำนักงานสถิติแห่งชาติ
1453,2553,ภาคกลาง,กาญจนบุรี,รวม,รวม,20 - 24 ปี,59404,คน,สำนักงานสถิติแห่งชาติ
1454,2553,ภาคกลาง,กาญจนบุรี,รวม,ชาย,20 - 24 ปี,31910,คน,สำนักงานสถิติแห่งชาติ
1455,2553,ภาคกลาง,กาญจนบุรี,รวม,หญิง,20 - 24 ปี,27494,คน,สำนักงานสถิติแห่งชาติ
1456,2553,ภาคกลาง,กาญจนบุรี,ในเขตเทศบาล,รวม,20 - 24 ปี,23994,คน,สำนักงานสถิติแห่งชาติ
1457,2553,ภาคกลาง,กาญจนบุรี,ในเขตเทศบาล,ชาย,20 - 24 ปี,13773,คน,สำนักงานสถิติแห่งชาติ
1458,2553,ภาคกลาง,กาญจนบุรี,ในเขตเทศบาล,หญิง,20 - 24 ปี,10222,คน,สำนักงานสถิติแห่งชาติ
1459,2553,ภาคกลาง,กาญจนบุรี,นอกเขตเทศบาล,รวม,20 - 24 ปี,35409,คน,สำนักงานสถิติแห่งชาติ
1460,2553,ภาคกลาง,กาญจนบุรี,นอกเขตเทศบาล,ชาย,20 - 24 ปี,18138,คน,สำนักงานสถิติแห่งชาติ
1461,2553,ภาคกลาง,กาญจนบุรี,นอกเขตเทศบาล,หญิง,20 - 24 ปี,17272,คน,สำนักงานสถิติแห่งชาติ
1462,2533,ภาคกลาง,กาญจนบุรี,รวม,รวม,25 - 29 ปี,60613,คน,สำนักงานสถิติแห่งชาติ
1463,2533,ภาคกลาง,กาญจนบุรี,รวม,ชาย,25 - 29 ปี,29495,คน,สำนักงานสถิติแห่งชาติ
1464,2533,ภาคกลาง,กาญจนบุรี,รวม,หญิง,25 - 29 ปี,31118,คน,สำนักงานสถิติแห่งชาติ
1465,2533,ภาคกลาง,กาญจนบุรี,ในเขตเทศบาล,รวม,25 - 29 ปี,5170,คน,สำนักงานสถิติแห่งชาติ
1466,2533,ภาคกลาง,กาญจนบุรี,ในเขตเทศบาล,ชาย,25 - 29 ปี,2359,คน,สำนักงานสถิติแห่งชาติ
1467,2533,ภาคกลาง,กาญจนบุรี,ในเขตเทศบาล,หญิง,25 - 29 ปี,2811,คน,สำนักงานสถิติแห่งชาติ
1468,2533,ภาคกลาง,กาญจนบุรี,นอกเขตเทศบาล,รวม,25 - 29 ปี,55443,คน,สำนักงานสถิติแห่งชาติ
1469,2533,ภาคกลาง,กาญจนบุรี,นอกเขตเทศบาล,ชาย,25 - 29 ปี,27136,คน,สำนักงานสถิติแห่งชาติ
1470,2533,ภาคกลาง,กาญจนบุรี,นอกเขตเทศบาล,หญิง,25 - 29 ปี,28307,คน,สำนักงานสถิติแห่งชาติ
1471,2543,ภาคกลาง,กาญจนบุรี,รวม,รวม,25 - 29 ปี,63674,คน,สำนักงานสถิติแห่งชาติ
1472,2543,ภาคกลาง,กาญจนบุรี,รวม,ชาย,25 - 29 ปี,31041,คน,สำนักงานสถิติแห่งชาติ
1473,2543,ภาคกลาง,กาญจนบุรี,รวม,หญิง,25 - 29 ปี,32633,คน,สำนักงานสถิติแห่งชาติ
1474,2543,ภาคกลาง,กาญจนบุรี,ในเขตเทศบาล,รวม,25 - 29 ปี,15438,คน,สำนักงานสถิติแห่งชาติ
1475,2543,ภาคกลาง,กาญจนบุรี,ในเขตเทศบาล,ชาย,25 - 29 ปี,7494,คน,สำนักงานสถิติแห่งชาติ
1476,2543,ภาคกลาง,กาญจนบุรี,ในเขตเทศบาล,หญิง,25 - 29 ปี,7944,คน,สำนักงานสถิติแห่งชาติ
1477,2543,ภาคกลาง,กาญจนบุรี,นอกเขตเทศบาล,รวม,25 - 29 ปี,48236,คน,สำนักงานสถิติแห่งชาติ
1478,2543,ภาคกลาง,กาญจนบุรี,นอกเขตเทศบาล,ชาย,25 - 29 ปี,23547,คน,สำนักงานสถิติแห่งชาติ
1479,2543,ภาคกลาง,กาญจนบุรี,นอกเขตเทศบาล,หญิง,25 - 29 ปี,24689,คน,สำนักงานสถิติแห่งชาติ
1480,2553,ภาคกลาง,กาญจนบุรี,รวม,รวม,25 - 29 ปี,60291,คน,สำนักงานสถิติแห่งชาติ
1481,2553,ภาคกลาง,กาญจนบุรี,รวม,ชาย,25 - 29 ปี,30733,คน,สำนักงานสถิติแห่งชาติ
1482,2553,ภาคกลาง,กาญจนบุรี,รวม,หญิง,25 - 29 ปี,29558,คน,สำนักงานสถิติแห่งชาติ
1483,2553,ภาคกลาง,กาญจนบุรี,ในเขตเทศบาล,รวม,25 - 29 ปี,22280,คน,สำนักงานสถิติแห่งชาติ
1484,2553,ภาคกลาง,กาญจนบุรี,ในเขตเทศบาล,ชาย,25 - 29 ปี,11176,คน,สำนักงานสถิติแห่งชาติ
1485,2553,ภาคกลาง,กาญจนบุรี,ในเขตเทศบาล,หญิง,25 - 29 ปี,11103,คน,สำนักงานสถิติแห่งชาติ
1486,2553,ภาคกลาง,กาญจนบุรี,นอกเขตเทศบาล,รวม,25 - 29 ปี,38011,คน,สำนักงานสถิติแห่งชาติ
1487,2553,ภาคกลาง,กาญจนบุรี,นอกเขตเทศบาล,ชาย,25 - 29 ปี,19556,คน,สำนักงานสถิติแห่งชาติ
1488,2553,ภาคกลาง,กาญจนบุรี,นอกเขตเทศบาล,หญิง,25 - 29 ปี,18455,คน,สำนักงานสถิติแห่งชาติ
1489,2533,ภาคกลาง,กาญจนบุรี,รวม,รวม,30 - 34 ปี,54376,คน,สำนักงานสถิติแห่งชาติ
1490,2533,ภาคกลาง,กาญจนบุรี,รวม,ชาย,30 - 34 ปี,26690,คน,สำนักงานสถิติแห่งชาติ
1491,2533,ภาคกลาง,กาญจนบุรี,รวม,หญิง,30 - 34 ปี,27686,คน,สำนักงานสถิติแห่งชาติ
1492,2533,ภาคกลาง,กาญจนบุรี,ในเขตเทศบาล,รวม,30 - 34 ปี,4874,คน,สำนักงานสถิติแห่งชาติ
1493,2533,ภาคกลาง,กาญจนบุรี,ในเขตเทศบาล,ชาย,30 - 34 ปี,2270,คน,สำนักงานสถิติแห่งชาติ
1494,2533,ภาคกลาง,กาญจนบุรี,ในเขตเทศบาล,หญิง,30 - 34 ปี,2604,คน,สำนักงานสถิติแห่งชาติ
1495,2533,ภาคกลาง,กาญจนบุรี,นอกเขตเทศบาล,รวม,30 - 34 ปี,49502,คน,สำนักงานสถิติแห่งชาติ
1496,2533,ภาคกลาง,กาญจนบุรี,นอกเขตเทศบาล,ชาย,30 - 34 ปี,24420,คน,สำนักงานสถิติแห่งชาติ
1497,2533,ภาคกลาง,กาญจนบุรี,นอกเขตเทศบาล,หญิง,30 - 34 ปี,25082,คน,สำนักงานสถิติแห่งชาติ
1498,2543,ภาคกลาง,กาญจนบุรี,รวม,รวม,30 - 34 ปี,63033,คน,สำนักงานสถิติแห่งชาติ
1499,2543,ภาคกลาง,กาญจนบุรี,รวม,ชาย,30 - 34 ปี,30184,คน,สำนักงานสถิติแห่งชาติ
1500,2543,ภาคกลาง,กาญจนบุรี,รวม,หญิง,30 - 34 ปี,32849,คน,สำนักงานสถิติแห่งชาติ
1501,2543,ภาคกลาง,กาญจนบุรี,ในเขตเทศบาล,รวม,30 - 34 ปี,14957,คน,สำนักงานสถิติแห่งชาติ
1502,2543,ภาคกลาง,กาญจนบุรี,ในเขตเทศบาล,ชาย,30 - 34 ปี,7124,คน,สำนักงานสถิติแห่งชาติ
1503,2543,ภาคกลาง,กาญจนบุรี,ในเขตเทศบาล,หญิง,30 - 34 ปี,7833,คน,สำนักงานสถิติแห่งชาติ
1504,2543,ภาคกลาง,กาญจนบุรี,นอกเขตเทศบาล,รวม,30 - 34 ปี,48076,คน,สำนักงานสถิติแห่งชาติ
1505,2543,ภาคกลาง,กาญจนบุรี,นอกเขตเทศบาล,ชาย,30 - 34 ปี,23060,คน,สำนักงานสถิติแห่งชาติ
1506,2543,ภาคกลาง,กาญจนบุรี,นอกเขตเทศบาล,หญิง,30 - 34 ปี,25016,คน,สำนักงานสถิติแห่งชาติ
1507,2553,ภาคกลาง,กาญจนบุรี,รวม,รวม,30 - 34 ปี,63125,คน,สำนักงานสถิติแห่งชาติ
1508,2553,ภาคกลาง,กาญจนบุรี,รวม,ชาย,30 - 34 ปี,31655,คน,สำนักงานสถิติแห่งชาติ
1509,2553,ภาคกลาง,กาญจนบุรี,รวม,หญิง,30 - 34 ปี,31471,คน,สำนักงานสถิติแห่งชาติ
1510,2553,ภาคกลาง,กาญจนบุรี,ในเขตเทศบาล,รวม,30 - 34 ปี,23632,คน,สำนักงานสถิติแห่งชาติ
1511,2553,ภาคกลาง,กาญจนบุรี,ในเขตเทศบาล,ชาย,30 - 34 ปี,11639,คน,สำนักงานสถิติแห่งชาติ
1512,2553,ภาคกลาง,กาญจนบุรี,ในเขตเทศบาล,หญิง,30 - 34 ปี,11993,คน,สำนักงานสถิติแห่งชาติ
1513,2553,ภาคกลาง,กาญจนบุรี,นอกเขตเทศบาล,รวม,30 - 34 ปี,39493,คน,สำนักงานสถิติแห่งชาติ
1514,2553,ภาคกลาง,กาญจนบุรี,นอกเขตเทศบาล,ชาย,30 - 34 ปี,20015,คน,สำนักงานสถิติแห่งชาติ
1515,2553,ภาคกลาง,กาญจนบุรี,นอกเขตเทศบาล,หญิง,30 - 34 ปี,19478,คน,สำนักงานสถิติแห่งชาติ
1516,2533,ภาคกลาง,กาญจนบุรี,รวม,รวม,35 - 39 ปี,44851,คน,สำนักงานสถิติแห่งชาติ
1517,2533,ภาคกลาง,กาญจนบุรี,รวม,ชาย,35 - 39 ปี,22100,คน,สำนักงานสถิติแห่งชาติ
1518,2533,ภาคกลาง,กาญจนบุรี,รวม,หญิง,35 - 39 ปี,22751,คน,สำนักงานสถิติแห่งชาติ
1519,2533,ภาคกลาง,กาญจนบุรี,ในเขตเทศบาล,รวม,35 - 39 ปี,4161,คน,สำนักงานสถิติแห่งชาติ
1520,2533,ภาคกลาง,กาญจนบุรี,ในเขตเทศบาล,ชาย,35 - 39 ปี,1888,คน,สำนักงานสถิติแห่งชาติ
1521,2533,ภาคกลาง,กาญจนบุรี,ในเขตเทศบาล,หญิง,35 - 39 ปี,2273,คน,สำนักงานสถิติแห่งชาติ
1522,2533,ภาคกลาง,กาญจนบุรี,นอกเขตเทศบาล,รวม,35 - 39 ปี,40690,คน,สำนักงานสถิติแห่งชาติ
1523,2533,ภาคกลาง,กาญจนบุรี,นอกเขตเทศบาล,ชาย,35 - 39 ปี,20212,คน,สำนักงานสถิติแห่งชาติ
1524,2533,ภาคกลาง,กาญจนบุรี,นอกเขตเทศบาล,หญิง,35 - 39 ปี,20478,คน,สำนักงานสถิติแห่งชาติ
1525,2543,ภาคกลาง,กาญจนบุรี,รวม,รวม,35 - 39 ปี,62700,คน,สำนักงานสถิติแห่งชาติ
1526,2543,ภาคกลาง,กาญจนบุรี,รวม,ชาย,35 - 39 ปี,30041,คน,สำนักงานสถิติแห่งชาติ
1527,2543,ภาคกลาง,กาญจนบุรี,รวม,หญิง,35 - 39 ปี,32659,คน,สำนักงานสถิติแห่งชาติ
1528,2543,ภาคกลาง,กาญจนบุรี,ในเขตเทศบาล,รวม,35 - 39 ปี,14899,คน,สำนักงานสถิติแห่งชาติ
1529,2543,ภาคกลาง,กาญจนบุรี,ในเขตเทศบาล,ชาย,35 - 39 ปี,6900,คน,สำนักงานสถิติแห่งชาติ
1530,2543,ภาคกลาง,กาญจนบุรี,ในเขตเทศบาล,หญิง,35 - 39 ปี,7999,คน,สำนักงานสถิติแห่งชาติ
1531,2543,ภาคกลาง,กาญจนบุรี,นอกเขตเทศบาล,รวม,35 - 39 ปี,47801,คน,สำนักงานสถิติแห่งชาติ
1532,2543,ภาคกลาง,กาญจนบุรี,นอกเขตเทศบาล,ชาย,35 - 39 ปี,23141,คน,สำนักงานสถิติแห่งชาติ
1533,2543,ภาคกลาง,กาญจนบุรี,นอกเขตเทศบาล,หญิง,35 - 39 ปี,24660,คน,สำนักงานสถิติแห่งชาติ
1534,2553,ภาคกลาง,กาญจนบุรี,รวม,รวม,35 - 39 ปี,66491,คน,สำนักงานสถิติแห่งชาติ
1535,2553,ภาคกลาง,กาญจนบุรี,รวม,ชาย,35 - 39 ปี,32614,คน,สำนักงานสถิติแห่งชาติ
1536,2553,ภาคกลาง,กาญจนบุรี,รวม,หญิง,35 - 39 ปี,33877,คน,สำนักงานสถิติแห่งชาติ
1537,2553,ภาคกลาง,กาญจนบุรี,ในเขตเทศบาล,รวม,35 - 39 ปี,24743,คน,สำนักงานสถิติแห่งชาติ
1538,2553,ภาคกลาง,กาญจนบุรี,ในเขตเทศบาล,ชาย,35 - 39 ปี,11936,คน,สำนักงานสถิติแห่งชาติ
1539,2553,ภาคกลาง,กาญจนบุรี,ในเขตเทศบาล,หญิง,35 - 39 ปี,12808,คน,สำนักงานสถิติแห่งชาติ
1540,2553,ภาคกลาง,กาญจนบุรี,นอกเขตเทศบาล,รวม,35 - 39 ปี,41748,คน,สำนักงานสถิติแห่งชาติ
1541,2553,ภาคกลาง,กาญจนบุรี,นอกเขตเทศบาล,ชาย,35 - 39 ปี,20678,คน,สำนักงานสถิติแห่งชาติ
1542,2553,ภาคกลาง,กาญจนบุรี,นอกเขตเทศบาล,หญิง,35 - 39 ปี,21070,คน,สำนักงานสถิติแห่งชาติ
1543,2533,ภาคกลาง,กาญจนบุรี,รวม,รวม,40 - 44 ปี,33248,คน,สำนักงานสถิติแห่งชาติ
1544,2533,ภาคกลาง,กาญจนบุรี,รวม,ชาย,40 - 44 ปี,16524,คน,สำนักงานสถิติแห่งชาติ
1545,2533,ภาคกลาง,กาญจนบุรี,รวม,หญิง,40 - 44 ปี,16724,คน,สำนักงานสถิติแห่งชาติ
1546,2533,ภาคกลาง,กาญจนบุรี,ในเขตเทศบาล,รวม,40 - 44 ปี,3087,คน,สำนักงานสถิติแห่งชาติ
1547,2533,ภาคกลาง,กาญจนบุรี,ในเขตเทศบาล,ชาย,40 - 44 ปี,1485,คน,สำนักงานสถิติแห่งชาติ
1548,2533,ภาคกลาง,กาญจนบุรี,ในเขตเทศบาล,หญิง,40 - 44 ปี,1602,คน,สำนักงานสถิติแห่งชาติ
1549,2533,ภาคกลาง,กาญจนบุรี,นอกเขตเทศบาล,รวม,40 - 44 ปี,30161,คน,สำนักงานสถิติแห่งชาติ
1550,2533,ภาคกลาง,กาญจนบุรี,นอกเขตเทศบาล,ชาย,40 - 44 ปี,15039,คน,สำนักงานสถิติแห่งชาติ
1551,2533,ภาคกลาง,กาญจนบุรี,นอกเขตเทศบาล,หญิง,40 - 44 ปี,15122,คน,สำนักงานสถิติแห่งชาติ
1552,2543,ภาคกลาง,กาญจนบุรี,รวม,รวม,40 - 44 ปี,56606,คน,สำนักงานสถิติแห่งชาติ
1553,2543,ภาคกลาง,กาญจนบุรี,รวม,ชาย,40 - 44 ปี,27480,คน,สำนักงานสถิติแห่งชาติ
1554,2543,ภาคกลาง,กาญจนบุรี,รวม,หญิง,40 - 44 ปี,29126,คน,สำนักงานสถิติแห่งชาติ
1555,2543,ภาคกลาง,กาญจนบุรี,ในเขตเทศบาล,รวม,40 - 44 ปี,14555,คน,สำนักงานสถิติแห่งชาติ
1556,2543,ภาคกลาง,กาญจนบุรี,ในเขตเทศบาล,ชาย,40 - 44 ปี,6804,คน,สำนักงานสถิติแห่งชาติ
1557,2543,ภาคกลาง,กาญจนบุรี,ในเขตเทศบาล,หญิง,40 - 44 ปี,7751,คน,สำนักงานสถิติแห่งชาติ
1558,2543,ภาคกลาง,กาญจนบุรี,นอกเขตเทศบาล,รวม,40 - 44 ปี,42051,คน,สำนักงานสถิติแห่งชาติ
1559,2543,ภาคกลาง,กาญจนบุรี,นอกเขตเทศบาล,ชาย,40 - 44 ปี,20676,คน,สำนักงานสถิติแห่งชาติ
1560,2543,ภาคกลาง,กาญจนบุรี,นอกเขตเทศบาล,หญิง,40 - 44 ปี,21375,คน,สำนักงานสถิติแห่งชาติ
1561,2553,ภาคกลาง,กาญจนบุรี,รวม,รวม,40 - 44 ปี,65921,คน,สำนักงานสถิติแห่งชาติ
1562,2553,ภาคกลาง,กาญจนบุรี,รวม,ชาย,40 - 44 ปี,31341,คน,สำนักงานสถิติแห่งชาติ
1563,2553,ภาคกลาง,กาญจนบุรี,รวม,หญิง,40 - 44 ปี,34579,คน,สำนักงานสถิติแห่งชาติ
1564,2553,ภาคกลาง,กาญจนบุรี,ในเขตเทศบาล,รวม,40 - 44 ปี,24224,คน,สำนักงานสถิติแห่งชาติ
1565,2553,ภาคกลาง,กาญจนบุรี,ในเขตเทศบาล,ชาย,40 - 44 ปี,11303,คน,สำนักงานสถิติแห่งชาติ
1566,2553,ภาคกลาง,กาญจนบุรี,ในเขตเทศบาล,หญิง,40 - 44 ปี,12921,คน,สำนักงานสถิติแห่งชาติ
1567,2553,ภาคกลาง,กาญจนบุรี,นอกเขตเทศบาล,รวม,40 - 44 ปี,41697,คน,สำนักงานสถิติแห่งชาติ
1568,2553,ภาคกลาง,กาญจนบุรี,นอกเขตเทศบาล,ชาย,40 - 44 ปี,20039,คน,สำนักงานสถิติแห่งชาติ
1569,2553,ภาคกลาง,กาญจนบุรี,นอกเขตเทศบาล,หญิง,40 - 44 ปี,21658,คน,สำนักงานสถิติแห่งชาติ
1570,2533,ภาคกลาง,กาญจนบุรี,รวม,รวม,45 - 49 ปี,28147,คน,สำนักงานสถิติแห่งชาติ
1571,2533,ภาคกลาง,กาญจนบุรี,รวม,ชาย,45 - 49 ปี,13893,คน,สำนักงานสถิติแห่งชาติ
1572,2533,ภาคกลาง,กาญจนบุรี,รวม,หญิง,45 - 49 ปี,14254,คน,สำนักงานสถิติแห่งชาติ
1573,2533,ภาคกลาง,กาญจนบุรี,ในเขตเทศบาล,รวม,45 - 49 ปี,2416,คน,สำนักงานสถิติแห่งชาติ
1574,2533,ภาคกลาง,กาญจนบุรี,ในเขตเทศบาล,ชาย,45 - 49 ปี,1205,คน,สำนักงานสถิติแห่งชาติ
1575,2533,ภาคกลาง,กาญจนบุรี,ในเขตเทศบาล,หญิง,45 - 49 ปี,1211,คน,สำนักงานสถิติแห่งชาติ
1576,2533,ภาคกลาง,กาญจนบุรี,นอกเขตเทศบาล,รวม,45 - 49 ปี,25731,คน,สำนักงานสถิติแห่งชาติ
1577,2533,ภาคกลาง,กาญจนบุรี,นอกเขตเทศบาล,ชาย,45 - 49 ปี,12688,คน,สำนักงานสถิติแห่งชาติ
1578,2533,ภาคกลาง,กาญจนบุรี,นอกเขตเทศบาล,หญิง,45 - 49 ปี,13043,คน,สำนักงานสถิติแห่งชาติ
1579,2543,ภาคกลาง,กาญจนบุรี,รวม,รวม,45 - 49 ปี,44397,คน,สำนักงานสถิติแห่งชาติ
1580,2543,ภาคกลาง,กาญจนบุรี,รวม,ชาย,45 - 49 ปี,21790,คน,สำนักงานสถิติแห่งชาติ
1581,2543,ภาคกลาง,กาญจนบุรี,รวม,หญิง,45 - 49 ปี,22607,คน,สำนักงานสถิติแห่งชาติ
1582,2543,ภาคกลาง,กาญจนบุรี,ในเขตเทศบาล,รวม,45 - 49 ปี,11204,คน,สำนักงานสถิติแห่งชาติ
1583,2543,ภาคกลาง,กาญจนบุรี,ในเขตเทศบาล,ชาย,45 - 49 ปี,5341,คน,สำนักงานสถิติแห่งชาติ
1584,2543,ภาคกลาง,กาญจนบุรี,ในเขตเทศบาล,หญิง,45 - 49 ปี,5863,คน,สำนักงานสถิติแห่งชาติ
1585,2543,ภาคกลาง,กาญจนบุรี,นอกเขตเทศบาล,รวม,45 - 49 ปี,33193,คน,สำนักงานสถิติแห่งชาติ
1586,2543,ภาคกลาง,กาญจนบุรี,นอกเขตเทศบาล,ชาย,45 - 49 ปี,16449,คน,สำนักงานสถิติแห่งชาติ
1587,2543,ภาคกลาง,กาญจนบุรี,นอกเขตเทศบาล,หญิง,45 - 49 ปี,16744,คน,สำนักงานสถิติแห่งชาติ
1588,2553,ภาคกลาง,กาญจนบุรี,รวม,รวม,45 - 49 ปี,62103,คน,สำนักงานสถิติแห่งชาติ
1589,2553,ภาคกลาง,กาญจนบุรี,รวม,ชาย,45 - 49 ปี,29649,คน,สำนักงานสถิติแห่งชาติ
1590,2553,ภาคกลาง,กาญจนบุรี,รวม,หญิง,45 - 49 ปี,32455,คน,สำนักงานสถิติแห่งชาติ
1591,2553,ภาคกลาง,กาญจนบุรี,ในเขตเทศบาล,รวม,45 - 49 ปี,22900,คน,สำนักงานสถิติแห่งชาติ
1592,2553,ภาคกลาง,กาญจนบุรี,ในเขตเทศบาล,ชาย,45 - 49 ปี,10768,คน,สำนักงานสถิติแห่งชาติ
1593,2553,ภาคกลาง,กาญจนบุรี,ในเขตเทศบาล,หญิง,45 - 49 ปี,12131,คน,สำนักงานสถิติแห่งชาติ
1594,2553,ภาคกลาง,กาญจนบุรี,นอกเขตเทศบาล,รวม,45 - 49 ปี,39204,คน,สำนักงานสถิติแห่งชาติ
1595,2553,ภาคกลาง,กาญจนบุรี,นอกเขตเทศบาล,ชาย,45 - 49 ปี,18880,คน,สำนักงานสถิติแห่งชาติ
1596,2553,ภาคกลาง,กาญจนบุรี,นอกเขตเทศบาล,หญิง,45 - 49 ปี,20323,คน,สำนักงานสถิติแห่งชาติ
1597,2533,ภาคกลาง,กาญจนบุรี,รวม,รวม,50 - 54 ปี,25705,คน,สำนักงานสถิติแห่งชาติ
1598,2533,ภาคกลาง,กาญจนบุรี,รวม,ชาย,50 - 54 ปี,12990,คน,สำนักงานสถิติแห่งชาติ
1599,2533,ภาคกลาง,กาญจนบุรี,รวม,หญิง,50 - 54 ปี,12715,คน,สำนักงานสถิติแห่งชาติ
1600,2533,ภาคกลาง,กาญจนบุรี,ในเขตเทศบาล,รวม,50 - 54 ปี,2019,คน,สำนักงานสถิติแห่งชาติ
1601,2533,ภาคกลาง,กาญจนบุรี,ในเขตเทศบาล,ชาย,50 - 54 ปี,952,คน,สำนักงานสถิติแห่งชาติ
1602,2533,ภาคกลาง,กาญจนบุรี,ในเขตเทศบาล,หญิง,50 - 54 ปี,1067,คน,สำนักงานสถิติแห่งชาติ
1603,2533,ภาคกลาง,กาญจนบุรี,นอกเขตเทศบาล,รวม,50 - 54 ปี,23686,คน,สำนักงานสถิติแห่งชาติ
1604,2533,ภาคกลาง,กาญจนบุรี,นอกเขตเทศบาล,ชาย,50 - 54 ปี,12038,คน,สำนักงานสถิติแห่งชาติ
1605,2533,ภาคกลาง,กาญจนบุรี,นอกเขตเทศบาล,หญิง,50 - 54 ปี,11648,คน,สำนักงานสถิติแห่งชาติ
1606,2543,ภาคกลาง,กาญจนบุรี,รวม,รวม,50 - 54 ปี,32383,คน,สำนักงานสถิติแห่งชาติ
1607,2543,ภาคกลาง,กาญจนบุรี,รวม,ชาย,50 - 54 ปี,15913,คน,สำนักงานสถิติแห่งชาติ
1608,2543,ภาคกลาง,กาญจนบุรี,รวม,หญิง,50 - 54 ปี,16470,คน,สำนักงานสถิติแห่งชาติ
1609,2543,ภาคกลาง,กาญจนบุรี,ในเขตเทศบาล,รวม,50 - 54 ปี,8152,คน,สำนักงานสถิติแห่งชาติ
1610,2543,ภาคกลาง,กาญจนบุรี,ในเขตเทศบาล,ชาย,50 - 54 ปี,3855,คน,สำนักงานสถิติแห่งชาติ
1611,2543,ภาคกลาง,กาญจนบุรี,ในเขตเทศบาล,หญิง,50 - 54 ปี,4297,คน,สำนักงานสถิติแห่งชาติ
1612,2543,ภาคกลาง,กาญจนบุรี,นอกเขตเทศบาล,รวม,50 - 54 ปี,24231,คน,สำนักงานสถิติแห่งชาติ
1613,2543,ภาคกลาง,กาญจนบุรี,นอกเขตเทศบาล,ชาย,50 - 54 ปี,12058,คน,สำนักงานสถิติแห่งชาติ
1614,2543,ภาคกลาง,กาญจนบุรี,นอกเขตเทศบาล,หญิง,50 - 54 ปี,12173,คน,สำนักงานสถิติแห่งชาติ
1615,2553,ภาคกลาง,กาญจนบุรี,รวม,รวม,50 - 54 ปี,56874,คน,สำนักงานสถิติแห่งชาติ
1616,2553,ภาคกลาง,กาญจนบุรี,รวม,ชาย,50 - 54 ปี,27391,คน,สำนักงานสถิติแห่งชาติ
1617,2553,ภาคกลาง,กาญจนบุรี,รวม,หญิง,50 - 54 ปี,29483,คน,สำนักงานสถิติแห่งชาติ
1618,2553,ภาคกลาง,กาญจนบุรี,ในเขตเทศบาล,รวม,50 - 54 ปี,22173,คน,สำนักงานสถิติแห่งชาติ
1619,2553,ภาคกลาง,กาญจนบุรี,ในเขตเทศบาล,ชาย,50 - 54 ปี,10378,คน,สำนักงานสถิติแห่งชาติ
1620,2553,ภาคกลาง,กาญจนบุรี,ในเขตเทศบาล,หญิง,50 - 54 ปี,11795,คน,สำนักงานสถิติแห่งชาติ
1621,2553,ภาคกลาง,กาญจนบุรี,นอกเขตเทศบาล,รวม,50 - 54 ปี,34700,คน,สำนักงานสถิติแห่งชาติ
1622,2553,ภาคกลาง,กาญจนบุรี,นอกเขตเทศบาล,ชาย,50 - 54 ปี,17013,คน,สำนักงานสถิติแห่งชาติ
1623,2553,ภาคกลาง,กาญจนบุรี,นอกเขตเทศบาล,หญิง,50 - 54 ปี,17687,คน,สำนักงานสถิติแห่งชาติ
1624,2533,ภาคกลาง,กาญจนบุรี,รวม,รวม,55 - 59 ปี,20111,คน,สำนักงานสถิติแห่งชาติ
1625,2533,ภาคกลาง,กาญจนบุรี,รวม,ชาย,55 - 59 ปี,10001,คน,สำนักงานสถิติแห่งชาติ
1626,2533,ภาคกลาง,กาญจนบุรี,รวม,หญิง,55 - 59 ปี,10110,คน,สำนักงานสถิติแห่งชาติ
1627,2533,ภาคกลาง,กาญจนบุรี,ในเขตเทศบาล,รวม,55 - 59 ปี,1578,คน,สำนักงานสถิติแห่งชาติ
1628,2533,ภาคกลาง,กาญจนบุรี,ในเขตเทศบาล,ชาย,55 - 59 ปี,726,คน,สำนักงานสถิติแห่งชาติ
1629,2533,ภาคกลาง,กาญจนบุรี,ในเขตเทศบาล,หญิง,55 - 59 ปี,852,คน,สำนักงานสถิติแห่งชาติ
1630,2533,ภาคกลาง,กาญจนบุรี,นอกเขตเทศบาล,รวม,55 - 59 ปี,18533,คน,สำนักงานสถิติแห่งชาติ
1631,2533,ภาคกลาง,กาญจนบุรี,นอกเขตเทศบาล,ชาย,55 - 59 ปี,9275,คน,สำนักงานสถิติแห่งชาติ
1632,2533,ภาคกลาง,กาญจนบุรี,นอกเขตเทศบาล,หญิง,55 - 59 ปี,9258,คน,สำนักงานสถิติแห่งชาติ
1633,2543,ภาคกลาง,กาญจนบุรี,รวม,รวม,55 - 59 ปี,25902,คน,สำนักงานสถิติแห่งชาติ
1634,2543,ภาคกลาง,กาญจนบุรี,รวม,ชาย,55 - 59 ปี,12664,คน,สำนักงานสถิติแห่งชาติ
1635,2543,ภาคกลาง,กาญจนบุรี,รวม,หญิง,55 - 59 ปี,13238,คน,สำนักงานสถิติแห่งชาติ
1636,2543,ภาคกลาง,กาญจนบุรี,ในเขตเทศบาล,รวม,55 - 59 ปี,6302,คน,สำนักงานสถิติแห่งชาติ
1637,2543,ภาคกลาง,กาญจนบุรี,ในเขตเทศบาล,ชาย,55 - 59 ปี,2963,คน,สำนักงานสถิติแห่งชาติ
1638,2543,ภาคกลาง,กาญจนบุรี,ในเขตเทศบาล,หญิง,55 - 59 ปี,3339,คน,สำนักงานสถิติแห่งชาติ
1639,2543,ภาคกลาง,กาญจนบุรี,นอกเขตเทศบาล,รวม,55 - 59 ปี,19600,คน,สำนักงานสถิติแห่งชาติ
1640,2543,ภาคกลาง,กาญจนบุรี,นอกเขตเทศบาล,ชาย,55 - 59 ปี,9701,คน,สำนักงานสถิติแห่งชาติ
1641,2543,ภาคกลาง,กาญจนบุรี,นอกเขตเทศบาล,หญิง,55 - 59 ปี,9899,คน,สำนักงานสถิติแห่งชาติ
1642,2553,ภาคกลาง,กาญจนบุรี,รวม,รวม,55 - 59 ปี,42389,คน,สำนักงานสถิติแห่งชาติ
1643,2553,ภาคกลาง,กาญจนบุรี,รวม,ชาย,55 - 59 ปี,20437,คน,สำนักงานสถิติแห่งชาติ
1644,2553,ภาคกลาง,กาญจนบุรี,รวม,หญิง,55 - 59 ปี,21952,คน,สำนักงานสถิติแห่งชาติ
1645,2553,ภาคกลาง,กาญจนบุรี,ในเขตเทศบาล,รวม,55 - 59 ปี,16248,คน,สำนักงานสถิติแห่งชาติ
1646,2553,ภาคกลาง,กาญจนบุรี,ในเขตเทศบาล,ชาย,55 - 59 ปี,7672,คน,สำนักงานสถิติแห่งชาติ
1647,2553,ภาคกลาง,กาญจนบุรี,ในเขตเทศบาล,หญิง,55 - 59 ปี,8575,คน,สำนักงานสถิติแห่งชาติ
1648,2553,ภาคกลาง,กาญจนบุรี,นอกเขตเทศบาล,รวม,55 - 59 ปี,26141,คน,สำนักงานสถิติแห่งชาติ
1649,2553,ภาคกลาง,กาญจนบุรี,นอกเขตเทศบาล,ชาย,55 - 59 ปี,12765,คน,สำนักงานสถิติแห่งชาติ
1650,2553,ภาคกลาง,กาญจนบุรี,นอกเขตเทศบาล,หญิง,55 - 59 ปี,13376,คน,สำนักงานสถิติแห่งชาติ
1651,2533,ภาคกลาง,กาญจนบุรี,รวม,รวม,60 - 64 ปี,15741,คน,สำนักงานสถิติแห่งชาติ
1652,2533,ภาคกลาง,กาญจนบุรี,รวม,ชาย,60 - 64 ปี,7782,คน,สำนักงานสถิติแห่งชาติ
1653,2533,ภาคกลาง,กาญจนบุรี,รวม,หญิง,60 - 64 ปี,7959,คน,สำนักงานสถิติแห่งชาติ
1654,2533,ภาคกลาง,กาญจนบุรี,ในเขตเทศบาล,รวม,60 - 64 ปี,1281,คน,สำนักงานสถิติแห่งชาติ
1655,2533,ภาคกลาง,กาญจนบุรี,ในเขตเทศบาล,ชาย,60 - 64 ปี,586,คน,สำนักงานสถิติแห่งชาติ
1656,2533,ภาคกลาง,กาญจนบุรี,ในเขตเทศบาล,หญิง,60 - 64 ปี,695,คน,สำนักงานสถิติแห่งชาติ
1657,2533,ภาคกลาง,กาญจนบุรี,นอกเขตเทศบาล,รวม,60 - 64 ปี,14460,คน,สำนักงานสถิติแห่งชาติ
1658,2533,ภาคกลาง,กาญจนบุรี,นอกเขตเทศบาล,ชาย,60 - 64 ปี,7196,คน,สำนักงานสถิติแห่งชาติ
1659,2533,ภาคกลาง,กาญจนบุรี,นอกเขตเทศบาล,หญิง,60 - 64 ปี,7264,คน,สำนักงานสถิติแห่งชาติ
1660,2543,ภาคกลาง,กาญจนบุรี,รวม,รวม,60 - 64 ปี,22335,คน,สำนักงานสถิติแห่งชาติ
1661,2543,ภาคกลาง,กาญจนบุรี,รวม,ชาย,60 - 64 ปี,10758,คน,สำนักงานสถิติแห่งชาติ
1662,2543,ภาคกลาง,กาญจนบุรี,รวม,หญิง,60 - 64 ปี,11577,คน,สำนักงานสถิติแห่งชาติ
1663,2543,ภาคกลาง,กาญจนบุรี,ในเขตเทศบาล,รวม,60 - 64 ปี,5348,คน,สำนักงานสถิติแห่งชาติ
1664,2543,ภาคกลาง,กาญจนบุรี,ในเขตเทศบาล,ชาย,60 - 64 ปี,2412,คน,สำนักงานสถิติแห่งชาติ
1665,2543,ภาคกลาง,กาญจนบุรี,ในเขตเทศบาล,หญิง,60 - 64 ปี,2936,คน,สำนักงานสถิติแห่งชาติ
1666,2543,ภาคกลาง,กาญจนบุรี,นอกเขตเทศบาล,รวม,60 - 64 ปี,16987,คน,สำนักงานสถิติแห่งชาติ
1667,2543,ภาคกลาง,กาญจนบุรี,นอกเขตเทศบาล,ชาย,60 - 64 ปี,8346,คน,สำนักงานสถิติแห่งชาติ
1668,2543,ภาคกลาง,กาญจนบุรี,นอกเขตเทศบาล,หญิง,60 - 64 ปี,8641,คน,สำนักงานสถิติแห่งชาติ
1669,2553,ภาคกลาง,กาญจนบุรี,รวม,รวม,60 - 64 ปี,31719,คน,สำนักงานสถิติแห่งชาติ
1670,2553,ภาคกลาง,กาญจนบุรี,รวม,ชาย,60 - 64 ปี,15125,คน,สำนักงานสถิติแห่งชาติ
1671,2553,ภาคกลาง,กาญจนบุรี,รวม,หญิง,60 - 64 ปี,16595,คน,สำนักงานสถิติแห่งชาติ
1672,2553,ภาคกลาง,กาญจนบุรี,ในเขตเทศบาล,รวม,60 - 64 ปี,11951,คน,สำนักงานสถิติแห่งชาติ
1673,2553,ภาคกลาง,กาญจนบุรี,ในเขตเทศบาล,ชาย,60 - 64 ปี,5499,คน,สำนักงานสถิติแห่งชาติ
1674,2553,ภาคกลาง,กาญจนบุรี,ในเขตเทศบาล,หญิง,60 - 64 ปี,6452,คน,สำนักงานสถิติแห่งชาติ
1675,2553,ภาคกลาง,กาญจนบุรี,นอกเขตเทศบาล,รวม,60 - 64 ปี,19768,คน,สำนักงานสถิติแห่งชาติ
1676,2553,ภาคกลาง,กาญจนบุรี,นอกเขตเทศบาล,ชาย,60 - 64 ปี,9625,คน,สำนักงานสถิติแห่งชาติ
1677,2553,ภาคกลาง,กาญจนบุรี,นอกเขตเทศบาล,หญิง,60 - 64 ปี,10142,คน,สำนักงานสถิติแห่งชาติ
1678,2533,ภาคกลาง,กาญจนบุรี,รวม,รวม,65 - 69 ปี,9949,คน,สำนักงานสถิติแห่งชาติ
1679,2533,ภาคกลาง,กาญจนบุรี,รวม,ชาย,65 - 69 ปี,4728,คน,สำนักงานสถิติแห่งชาติ
1680,2533,ภาคกลาง,กาญจนบุรี,รวม,หญิง,65 - 69 ปี,5221,คน,สำนักงานสถิติแห่งชาติ
1681,2533,ภาคกลาง,กาญจนบุรี,ในเขตเทศบาล,รวม,65 - 69 ปี,827,คน,สำนักงานสถิติแห่งชาติ
1682,2533,ภาคกลาง,กาญจนบุรี,ในเขตเทศบาล,ชาย,65 - 69 ปี,394,คน,สำนักงานสถิติแห่งชาติ
1683,2533,ภาคกลาง,กาญจนบุรี,ในเขตเทศบาล,หญิง,65 - 69 ปี,433,คน,สำนักงานสถิติแห่งชาติ
1684,2533,ภาคกลาง,กาญจนบุรี,นอกเขตเทศบาล,รวม,65 - 69 ปี,9122,คน,สำนักงานสถิติแห่งชาติ
1685,2533,ภาคกลาง,กาญจนบุรี,นอกเขตเทศบาล,ชาย,65 - 69 ปี,4334,คน,สำนักงานสถิติแห่งชาติ
1686,2533,ภาคกลาง,กาญจนบุรี,นอกเขตเทศบาล,หญิง,65 - 69 ปี,4788,คน,สำนักงานสถิติแห่งชาติ
1687,2543,ภาคกลาง,กาญจนบุรี,รวม,รวม,65 - 69 ปี,16750,คน,สำนักงานสถิติแห่งชาติ
1688,2543,ภาคกลาง,กาญจนบุรี,รวม,ชาย,65 - 69 ปี,7957,คน,สำนักงานสถิติแห่งชาติ
1689,2543,ภาคกลาง,กาญจนบุรี,รวม,หญิง,65 - 69 ปี,8793,คน,สำนักงานสถิติแห่งชาติ
1690,2543,ภาคกลาง,กาญจนบุรี,ในเขตเทศบาล,รวม,65 - 69 ปี,4000,คน,สำนักงานสถิติแห่งชาติ
1691,2543,ภาคกลาง,กาญจนบุรี,ในเขตเทศบาล,ชาย,65 - 69 ปี,1838,คน,สำนักงานสถิติแห่งชาติ
1692,2543,ภาคกลาง,กาญจนบุรี,ในเขตเทศบาล,หญิง,65 - 69 ปี,2162,คน,สำนักงานสถิติแห่งชาติ
1693,2543,ภาคกลาง,กาญจนบุรี,นอกเขตเทศบาล,รวม,65 - 69 ปี,12750,คน,สำนักงานสถิติแห่งชาติ
1694,2543,ภาคกลาง,กาญจนบุรี,นอกเขตเทศบาล,ชาย,65 - 69 ปี,6119,คน,สำนักงานสถิติแห่งชาติ
1695,2543,ภาคกลาง,กาญจนบุรี,นอกเขตเทศบาล,หญิง,65 - 69 ปี,6631,คน,สำนักงานสถิติแห่งชาติ
1696,2553,ภาคกลาง,กาญจนบุรี,รวม,รวม,65 - 69 ปี,22179,คน,สำนักงานสถิติแห่งชาติ
1697,2553,ภาคกลาง,กาญจนบุรี,รวม,ชาย,65 - 69 ปี,10609,คน,สำนักงานสถิติแห่งชาติ
1698,2553,ภาคกลาง,กาญจนบุรี,รวม,หญิง,65 - 69 ปี,11570,คน,สำนักงานสถิติแห่งชาติ
1699,2553,ภาคกลาง,กาญจนบุรี,ในเขตเทศบาล,รวม,65 - 69 ปี,8326,คน,สำนักงานสถิติแห่งชาติ
1700,2553,ภาคกลาง,กาญจนบุรี,ในเขตเทศบาล,ชาย,65 - 69 ปี,3901,คน,สำนักงานสถิติแห่งชาติ
1701,2553,ภาคกลาง,กาญจนบุรี,ในเขตเทศบาล,หญิง,65 - 69 ปี,4425,คน,สำนักงานสถิติแห่งชาติ
1702,2553,ภาคกลาง,กาญจนบุรี,นอกเขตเทศบาล,รวม,65 - 69 ปี,13853,คน,สำนักงานสถิติแห่งชาติ
1703,2553,ภาคกลาง,กาญจนบุรี,นอกเขตเทศบาล,ชาย,65 - 69 ปี,6708,คน,สำนักงานสถิติแห่งชาติ
1704,2553,ภาคกลาง,กาญจนบุรี,นอกเขตเทศบาล,หญิง,65 - 69 ปี,7145,คน,สำนักงานสถิติแห่งชาติ
1705,2533,ภาคกลาง,กาญจนบุรี,รวม,รวม,70 - 74 ปี,7226,คน,สำนักงานสถิติแห่งชาติ
1706,2533,ภาคกลาง,กาญจนบุรี,รวม,ชาย,70 - 74 ปี,3303,คน,สำนักงานสถิติแห่งชาติ
1707,2533,ภาคกลาง,กาญจนบุรี,รวม,หญิง,70 - 74 ปี,3923,คน,สำนักงานสถิติแห่งชาติ
1708,2533,ภาคกลาง,กาญจนบุรี,ในเขตเทศบาล,รวม,70 - 74 ปี,662,คน,สำนักงานสถิติแห่งชาติ
1709,2533,ภาคกลาง,กาญจนบุรี,ในเขตเทศบาล,ชาย,70 - 74 ปี,277,คน,สำนักงานสถิติแห่งชาติ
1710,2533,ภาคกลาง,กาญจนบุรี,ในเขตเทศบาล,หญิง,70 - 74 ปี,385,คน,สำนักงานสถิติแห่งชาติ
1711,2533,ภาคกลาง,กาญจนบุรี,นอกเขตเทศบาล,รวม,70 - 74 ปี,6564,คน,สำนักงานสถิติแห่งชาติ
1712,2533,ภาคกลาง,กาญจนบุรี,นอกเขตเทศบาล,ชาย,70 - 74 ปี,3026,คน,สำนักงานสถิติแห่งชาติ
1713,2533,ภาคกลาง,กาญจนบุรี,นอกเขตเทศบาล,หญิง,70 - 74 ปี,3538,คน,สำนักงานสถิติแห่งชาติ
1714,2543,ภาคกลาง,กาญจนบุรี,รวม,รวม,70 - 74 ปี,11940,คน,สำนักงานสถิติแห่งชาติ
1715,2543,ภาคกลาง,กาญจนบุรี,รวม,ชาย,70 - 74 ปี,5374,คน,สำนักงานสถิติแห่งชาติ
1716,2543,ภาคกลาง,กาญจนบุรี,รวม,หญิง,70 - 74 ปี,6566,คน,สำนักงานสถิติแห่งชาติ
1717,2543,ภาคกลาง,กาญจนบุรี,ในเขตเทศบาล,รวม,70 - 74 ปี,2952,คน,สำนักงานสถิติแห่งชาติ
1718,2543,ภาคกลาง,กาญจนบุรี,ในเขตเทศบาล,ชาย,70 - 74 ปี,1233,คน,สำนักงานสถิติแห่งชาติ
1719,2543,ภาคกลาง,กาญจนบุรี,ในเขตเทศบาล,หญิง,70 - 74 ปี,1719,คน,สำนักงานสถิติแห่งชาติ
1720,2543,ภาคกลาง,กาญจนบุรี,นอกเขตเทศบาล,รวม,70 - 74 ปี,8988,คน,สำนักงานสถิติแห่งชาติ
1721,2543,ภาคกลาง,กาญจนบุรี,นอกเขตเทศบาล,ชาย,70 - 74 ปี,4141,คน,สำนักงานสถิติแห่งชาติ
1722,2543,ภาคกลาง,กาญจนบุรี,นอกเขตเทศบาล,หญิง,70 - 74 ปี,4847,คน,สำนักงานสถิติแห่งชาติ
1723,2553,ภาคกลาง,กาญจนบุรี,รวม,รวม,70 - 74 ปี,18522,คน,สำนักงานสถิติแห่งชาติ
1724,2553,ภาคกลาง,กาญจนบุรี,รวม,ชาย,70 - 74 ปี,8509,คน,สำนักงานสถิติแห่งชาติ
1725,2553,ภาคกลาง,กาญจนบุรี,รวม,หญิง,70 - 74 ปี,10013,คน,สำนักงานสถิติแห่งชาติ
1726,2553,ภาคกลาง,กาญจนบุรี,ในเขตเทศบาล,รวม,70 - 74 ปี,6779,คน,สำนักงานสถิติแห่งชาติ
1727,2553,ภาคกลาง,กาญจนบุรี,ในเขตเทศบาล,ชาย,70 - 74 ปี,2994,คน,สำนักงานสถิติแห่งชาติ
1728,2553,ภาคกลาง,กาญจนบุรี,ในเขตเทศบาล,หญิง,70 - 74 ปี,3785,คน,สำนักงานสถิติแห่งชาติ
1729,2553,ภาคกลาง,กาญจนบุรี,นอกเขตเทศบาล,รวม,70 - 74 ปี,11743,คน,สำนักงานสถิติแห่งชาติ
1730,2553,ภาคกลาง,กาญจนบุรี,นอกเขตเทศบาล,ชาย,70 - 74 ปี,5515,คน,สำนักงานสถิติแห่งชาติ
1731,2553,ภาคกลาง,กาญจนบุรี,นอกเขตเทศบาล,หญิง,70 - 74 ปี,6228,คน,สำนักงานสถิติแห่งชาติ
1732,2533,ภาคกลาง,กาญจนบุรี,รวม,รวม,75 - 79 ปี,4608,คน,สำนักงานสถิติแห่งชาติ
1733,2533,ภาคกลาง,กาญจนบุรี,รวม,ชาย,75 - 79 ปี,2053,คน,สำนักงานสถิติแห่งชาติ
1734,2533,ภาคกลาง,กาญจนบุรี,รวม,หญิง,75 - 79 ปี,2555,คน,สำนักงานสถิติแห่งชาติ
1735,2533,ภาคกลาง,กาญจนบุรี,ในเขตเทศบาล,รวม,75 - 79 ปี,400,คน,สำนักงานสถิติแห่งชาติ
1736,2533,ภาคกลาง,กาญจนบุรี,ในเขตเทศบาล,ชาย,75 - 79 ปี,157,คน,สำนักงานสถิติแห่งชาติ
1737,2533,ภาคกลาง,กาญจนบุรี,ในเขตเทศบาล,หญิง,75 - 79 ปี,243,คน,สำนักงานสถิติแห่งชาติ
1738,2533,ภาคกลาง,กาญจนบุรี,นอกเขตเทศบาล,รวม,75 - 79 ปี,4208,คน,สำนักงานสถิติแห่งชาติ
1739,2533,ภาคกลาง,กาญจนบุรี,นอกเขตเทศบาล,ชาย,75 - 79 ปี,1896,คน,สำนักงานสถิติแห่งชาติ
1740,2533,ภาคกลาง,กาญจนบุรี,นอกเขตเทศบาล,หญิง,75 - 79 ปี,2312,คน,สำนักงานสถิติแห่งชาติ
1741,2543,ภาคกลาง,กาญจนบุรี,รวม,รวม,75 - 79 ปี,6723,คน,สำนักงานสถิติแห่งชาติ
1742,2543,ภาคกลาง,กาญจนบุรี,รวม,ชาย,75 - 79 ปี,2877,คน,สำนักงานสถิติแห่งชาติ
1743,2543,ภาคกลาง,กาญจนบุรี,รวม,หญิง,75 - 79 ปี,3846,คน,สำนักงานสถิติแห่งชาติ
1744,2543,ภาคกลาง,กาญจนบุรี,ในเขตเทศบาล,รวม,75 - 79 ปี,1722,คน,สำนักงานสถิติแห่งชาติ
1745,2543,ภาคกลาง,กาญจนบุรี,ในเขตเทศบาล,ชาย,75 - 79 ปี,691,คน,สำนักงานสถิติแห่งชาติ
1746,2543,ภาคกลาง,กาญจนบุรี,ในเขตเทศบาล,หญิง,75 - 79 ปี,1031,คน,สำนักงานสถิติแห่งชาติ
1747,2543,ภาคกลาง,กาญจนบุรี,นอกเขตเทศบาล,รวม,75 - 79 ปี,5001,คน,สำนักงานสถิติแห่งชาติ
1748,2543,ภาคกลาง,กาญจนบุรี,นอกเขตเทศบาล,ชาย,75 - 79 ปี,2186,คน,สำนักงานสถิติแห่งชาติ
1749,2543,ภาคกลาง,กาญจนบุรี,นอกเขตเทศบาล,หญิง,75 - 79 ปี,2815,คน,สำนักงานสถิติแห่งชาติ
1750,2553,ภาคกลาง,กาญจนบุรี,รวม,รวม,75 - 79 ปี,12222,คน,สำนักงานสถิติแห่งชาติ
1751,2553,ภาคกลาง,กาญจนบุรี,รวม,ชาย,75 - 79 ปี,5476,คน,สำนักงานสถิติแห่งชาติ
1752,2553,ภาคกลาง,กาญจนบุรี,รวม,หญิง,75 - 79 ปี,6746,คน,สำนักงานสถิติแห่งชาติ
1753,2553,ภาคกลาง,กาญจนบุรี,ในเขตเทศบาล,รวม,75 - 79 ปี,4563,คน,สำนักงานสถิติแห่งชาติ
1754,2553,ภาคกลาง,กาญจนบุรี,ในเขตเทศบาล,ชาย,75 - 79 ปี,2006,คน,สำนักงานสถิติแห่งชาติ
1755,2553,ภาคกลาง,กาญจนบุรี,ในเขตเทศบาล,หญิง,75 - 79 ปี,2557,คน,สำนักงานสถิติแห่งชาติ
1756,2553,ภาคกลาง,กาญจนบุรี,นอกเขตเทศบาล,รวม,75 - 79 ปี,7659,คน,สำนักงานสถิติแห่งชาติ
1757,2553,ภาคกลาง,กาญจนบุรี,นอกเขตเทศบาล,ชาย,75 - 79 ปี,3470,คน,สำนักงานสถิติแห่งชาติ
1758,2553,ภาคกลาง,กาญจนบุรี,นอกเขตเทศบาล,หญิง,75 - 79 ปี,4189,คน,สำนักงานสถิติแห่งชาติ
1759,2533,ภาคกลาง,กาญจนบุรี,รวม,รวม,80 ปีขึ้นไป   ,4660,คน,สำนักงานสถิติแห่งชาติ
1760,2533,ภาคกลาง,กาญจนบุรี,รวม,ชาย,80 ปีขึ้นไป   ,1842,คน,สำนักงานสถิติแห่งชาติ
1761,2533,ภาคกลาง,กาญจนบุรี,รวม,หญิง,80 ปีขึ้นไป   ,2818,คน,สำนักงานสถิติแห่งชาติ
1762,2533,ภาคกลาง,กาญจนบุรี,ในเขตเทศบาล,รวม,80 ปีขึ้นไป   ,401,คน,สำนักงานสถิติแห่งชาติ
1763,2533,ภาคกลาง,กาญจนบุรี,ในเขตเทศบาล,ชาย,80 ปีขึ้นไป   ,136,คน,สำนักงานสถิติแห่งชาติ
1764,2533,ภาคกลาง,กาญจนบุรี,ในเขตเทศบาล,หญิง,80 ปีขึ้นไป   ,265,คน,สำนักงานสถิติแห่งชาติ
1765,2533,ภาคกลาง,กาญจนบุรี,นอกเขตเทศบาล,รวม,80 ปีขึ้นไป   ,4259,คน,สำนักงานสถิติแห่งชาติ
1766,2533,ภาคกลาง,กาญจนบุรี,นอกเขตเทศบาล,ชาย,80 ปีขึ้นไป   ,1706,คน,สำนักงานสถิติแห่งชาติ
1767,2533,ภาคกลาง,กาญจนบุรี,นอกเขตเทศบาล,หญิง,80 ปีขึ้นไป   ,2553,คน,สำนักงานสถิติแห่งชาติ
1768,2543,ภาคกลาง,กาญจนบุรี,รวม,รวม,80 ปีขึ้นไป   ,6258,คน,สำนักงานสถิติแห่งชาติ
1769,2543,ภาคกลาง,กาญจนบุรี,รวม,ชาย,80 ปีขึ้นไป   ,2370,คน,สำนักงานสถิติแห่งชาติ
1770,2543,ภาคกลาง,กาญจนบุรี,รวม,หญิง,80 ปีขึ้นไป   ,3888,คน,สำนักงานสถิติแห่งชาติ
1771,2543,ภาคกลาง,กาญจนบุรี,ในเขตเทศบาล,รวม,80 ปีขึ้นไป   ,1784,คน,สำนักงานสถิติแห่งชาติ
1772,2543,ภาคกลาง,กาญจนบุรี,ในเขตเทศบาล,ชาย,80 ปีขึ้นไป   ,667,คน,สำนักงานสถิติแห่งชาติ
1773,2543,ภาคกลาง,กาญจนบุรี,ในเขตเทศบาล,หญิง,80 ปีขึ้นไป   ,1117,คน,สำนักงานสถิติแห่งชาติ
1774,2543,ภาคกลาง,กาญจนบุรี,นอกเขตเทศบาล,รวม,80 ปีขึ้นไป   ,4474,คน,สำนักงานสถิติแห่งชาติ
1775,2543,ภาคกลาง,กาญจนบุรี,นอกเขตเทศบาล,ชาย,80 ปีขึ้นไป   ,1703,คน,สำนักงานสถิติแห่งชาติ
1776,2543,ภาคกลาง,กาญจนบุรี,นอกเขตเทศบาล,หญิง,80 ปีขึ้นไป   ,2771,คน,สำนักงานสถิติแห่งชาติ
1777,2553,ภาคกลาง,กาญจนบุรี,รวม,รวม,80 ปีขึ้นไป   ,11680,คน,สำนักงานสถิติแห่งชาติ
1778,2553,ภาคกลาง,กาญจนบุรี,รวม,ชาย,80 ปีขึ้นไป   ,4604,คน,สำนักงานสถิติแห่งชาติ
1779,2553,ภาคกลาง,กาญจนบุรี,รวม,หญิง,80 ปีขึ้นไป   ,7077,คน,สำนักงานสถิติแห่งชาติ
1780,2553,ภาคกลาง,กาญจนบุรี,ในเขตเทศบาล,รวม,80 ปีขึ้นไป   ,4546,คน,สำนักงานสถิติแห่งชาติ
1781,2553,ภาคกลาง,กาญจนบุรี,ในเขตเทศบาล,ชาย,80 ปีขึ้นไป   ,1645,คน,สำนักงานสถิติแห่งชาติ
1782,2553,ภาคกลาง,กาญจนบุรี,ในเขตเทศบาล,หญิง,80 ปีขึ้นไป   ,2900,คน,สำนักงานสถิติแห่งชาติ
1783,2553,ภาคกลาง,กาญจนบุรี,นอกเขตเทศบาล,รวม,80 ปีขึ้นไป   ,7134,คน,สำนักงานสถิติแห่งชาติ
1784,2553,ภาคกลาง,กาญจนบุรี,นอกเขตเทศบาล,ชาย,80 ปีขึ้นไป   ,2959,คน,สำนักงานสถิติแห่งชาติ
1785,2553,ภาคกลาง,กาญจนบุรี,นอกเขตเทศบาล,หญิง,80 ปีขึ้นไป   ,4176,คน,สำนักงานสถิติแห่งชาติ
1786,2533,ภาคกลาง,จันทบุรี,รวม,รวม,รวม,390648,คน,สำนักงานสถิติแห่งชาติ
1787,2533,ภาคกลาง,จันทบุรี,รวม,ชาย,รวม,195143,คน,สำนักงานสถิติแห่งชาติ
1788,2533,ภาคกลาง,จันทบุรี,รวม,หญิง,รวม,195505,คน,สำนักงานสถิติแห่งชาติ
1789,2533,ภาคกลาง,จันทบุรี,ในเขตเทศบาล,รวม,รวม,54429,คน,สำนักงานสถิติแห่งชาติ
1790,2533,ภาคกลาง,จันทบุรี,ในเขตเทศบาล,ชาย,รวม,26380,คน,สำนักงานสถิติแห่งชาติ
1791,2533,ภาคกลาง,จันทบุรี,ในเขตเทศบาล,หญิง,รวม,28049,คน,สำนักงานสถิติแห่งชาติ
1792,2533,ภาคกลาง,จันทบุรี,นอกเขตเทศบาล,รวม,รวม,336219,คน,สำนักงานสถิติแห่งชาติ
1793,2533,ภาคกลาง,จันทบุรี,นอกเขตเทศบาล,ชาย,รวม,168763,คน,สำนักงานสถิติแห่งชาติ
1794,2533,ภาคกลาง,จันทบุรี,นอกเขตเทศบาล,หญิง,รวม,167456,คน,สำนักงานสถิติแห่งชาติ
1795,2543,ภาคกลาง,จันทบุรี,รวม,รวม,รวม,480064,คน,สำนักงานสถิติแห่งชาติ
1796,2543,ภาคกลาง,จันทบุรี,รวม,ชาย,รวม,236912,คน,สำนักงานสถิติแห่งชาติ
1797,2543,ภาคกลาง,จันทบุรี,รวม,หญิง,รวม,243152,คน,สำนักงานสถิติแห่งชาติ
1798,2543,ภาคกลาง,จันทบุรี,ในเขตเทศบาล,รวม,รวม,157446,คน,สำนักงานสถิติแห่งชาติ
1799,2543,ภาคกลาง,จันทบุรี,ในเขตเทศบาล,ชาย,รวม,75471,คน,สำนักงานสถิติแห่งชาติ
1800,2543,ภาคกลาง,จันทบุรี,ในเขตเทศบาล,หญิง,รวม,81975,คน,สำนักงานสถิติแห่งชาติ
1801,2543,ภาคกลาง,จันทบุรี,นอกเขตเทศบาล,รวม,รวม,322618,คน,สำนักงานสถิติแห่งชาติ
1802,2543,ภาคกลาง,จันทบุรี,นอกเขตเทศบาล,ชาย,รวม,161441,คน,สำนักงานสถิติแห่งชาติ
1803,2543,ภาคกลาง,จันทบุรี,นอกเขตเทศบาล,หญิง,รวม,161177,คน,สำนักงานสถิติแห่งชาติ
1804,2553,ภาคกลาง,จันทบุรี,รวม,รวม,รวม,485611,คน,สำนักงานสถิติแห่งชาติ
1805,2553,ภาคกลาง,จันทบุรี,รวม,ชาย,รวม,239428,คน,สำนักงานสถิติแห่งชาติ
1806,2553,ภาคกลาง,จันทบุรี,รวม,หญิง,รวม,246183,คน,สำนักงานสถิติแห่งชาติ
1807,2553,ภาคกลาง,จันทบุรี,ในเขตเทศบาล,รวม,รวม,243126,คน,สำนักงานสถิติแห่งชาติ
1808,2553,ภาคกลาง,จันทบุรี,ในเขตเทศบาล,ชาย,รวม,118261,คน,สำนักงานสถิติแห่งชาติ
1809,2553,ภาคกลาง,จันทบุรี,ในเขตเทศบาล,หญิง,รวม,124865,คน,สำนักงานสถิติแห่งชาติ
1810,2553,ภาคกลาง,จันทบุรี,นอกเขตเทศบาล,รวม,รวม,242486,คน,สำนักงานสถิติแห่งชาติ
1811,2553,ภาคกลาง,จันทบุรี,นอกเขตเทศบาล,ชาย,รวม,121168,คน,สำนักงานสถิติแห่งชาติ
1812,2553,ภาคกลาง,จันทบุรี,นอกเขตเทศบาล,หญิง,รวม,121318,คน,สำนักงานสถิติแห่งชาติ
1813,2533,ภาคกลาง,จันทบุรี,รวม,รวม,0 - 4 ปี,29095,คน,สำนักงานสถิติแห่งชาติ
1814,2533,ภาคกลาง,จันทบุรี,รวม,ชาย,0 - 4 ปี,14967,คน,สำนักงานสถิติแห่งชาติ
1815,2533,ภาคกลาง,จันทบุรี,รวม,หญิง,0 - 4 ปี,14128,คน,สำนักงานสถิติแห่งชาติ
1816,2533,ภาคกลาง,จันทบุรี,ในเขตเทศบาล,รวม,0 - 4 ปี,4073,คน,สำนักงานสถิติแห่งชาติ
1817,2533,ภาคกลาง,จันทบุรี,ในเขตเทศบาล,ชาย,0 - 4 ปี,2089,คน,สำนักงานสถิติแห่งชาติ
1818,2533,ภาคกลาง,จันทบุรี,ในเขตเทศบาล,หญิง,0 - 4 ปี,1984,คน,สำนักงานสถิติแห่งชาติ
1819,2533,ภาคกลาง,จันทบุรี,นอกเขตเทศบาล,รวม,0 - 4 ปี,25022,คน,สำนักงานสถิติแห่งชาติ
1820,2533,ภาคกลาง,จันทบุรี,นอกเขตเทศบาล,ชาย,0 - 4 ปี,12878,คน,สำนักงานสถิติแห่งชาติ
1821,2533,ภาคกลาง,จันทบุรี,นอกเขตเทศบาล,หญิง,0 - 4 ปี,12144,คน,สำนักงานสถิติแห่งชาติ
1822,2543,ภาคกลาง,จันทบุรี,รวม,รวม,0 - 4 ปี,33108,คน,สำนักงานสถิติแห่งชาติ
1823,2543,ภาคกลาง,จันทบุรี,รวม,ชาย,0 - 4 ปี,17212,คน,สำนักงานสถิติแห่งชาติ
1824,2543,ภาคกลาง,จันทบุรี,รวม,หญิง,0 - 4 ปี,15896,คน,สำนักงานสถิติแห่งชาติ
1825,2543,ภาคกลาง,จันทบุรี,ในเขตเทศบาล,รวม,0 - 4 ปี,10264,คน,สำนักงานสถิติแห่งชาติ
1826,2543,ภาคกลาง,จันทบุรี,ในเขตเทศบาล,ชาย,0 - 4 ปี,5180,คน,สำนักงานสถิติแห่งชาติ
1827,2543,ภาคกลาง,จันทบุรี,ในเขตเทศบาล,หญิง,0 - 4 ปี,5084,คน,สำนักงานสถิติแห่งชาติ
1828,2543,ภาคกลาง,จันทบุรี,นอกเขตเทศบาล,รวม,0 - 4 ปี,22844,คน,สำนักงานสถิติแห่งชาติ
1829,2543,ภาคกลาง,จันทบุรี,นอกเขตเทศบาล,ชาย,0 - 4 ปี,12032,คน,สำนักงานสถิติแห่งชาติ
1830,2543,ภาคกลาง,จันทบุรี,นอกเขตเทศบาล,หญิง,0 - 4 ปี,10812,คน,สำนักงานสถิติแห่งชาติ
1831,2553,ภาคกลาง,จันทบุรี,รวม,รวม,0 - 4 ปี,27889,คน,สำนักงานสถิติแห่งชาติ
1832,2553,ภาคกลาง,จันทบุรี,รวม,ชาย,0 - 4 ปี,14273,คน,สำนักงานสถิติแห่งชาติ
1833,2553,ภาคกลาง,จันทบุรี,รวม,หญิง,0 - 4 ปี,13616,คน,สำนักงานสถิติแห่งชาติ
1834,2553,ภาคกลาง,จันทบุรี,ในเขตเทศบาล,รวม,0 - 4 ปี,13242,คน,สำนักงานสถิติแห่งชาติ
1835,2553,ภาคกลาง,จันทบุรี,ในเขตเทศบาล,ชาย,0 - 4 ปี,6691,คน,สำนักงานสถิติแห่งชาติ
1836,2553,ภาคกลาง,จันทบุรี,ในเขตเทศบาล,หญิง,0 - 4 ปี,6551,คน,สำนักงานสถิติแห่งชาติ
1837,2553,ภาคกลาง,จันทบุรี,นอกเขตเทศบาล,รวม,0 - 4 ปี,14647,คน,สำนักงานสถิติแห่งชาติ
1838,2553,ภาคกลาง,จันทบุรี,นอกเขตเทศบาล,ชาย,0 - 4 ปี,7582,คน,สำนักงานสถิติแห่งชาติ
1839,2553,ภาคกลาง,จันทบุรี,นอกเขตเทศบาล,หญิง,0 - 4 ปี,7064,คน,สำนักงานสถิติแห่งชาติ
1840,2533,ภาคกลาง,จันทบุรี,รวม,รวม,5 - 9 ปี,36187,คน,สำนักงานสถิติแห่งชาติ
1841,2533,ภาคกลาง,จันทบุรี,รวม,ชาย,5 - 9 ปี,18686,คน,สำนักงานสถิติแห่งชาติ
1842,2533,ภาคกลาง,จันทบุรี,รวม,หญิง,5 - 9 ปี,17501,คน,สำนักงานสถิติแห่งชาติ
1843,2533,ภาคกลาง,จันทบุรี,ในเขตเทศบาล,รวม,5 - 9 ปี,4530,คน,สำนักงานสถิติแห่งชาติ
1844,2533,ภาคกลาง,จันทบุรี,ในเขตเทศบาล,ชาย,5 - 9 ปี,2300,คน,สำนักงานสถิติแห่งชาติ
1845,2533,ภาคกลาง,จันทบุรี,ในเขตเทศบาล,หญิง,5 - 9 ปี,2230,คน,สำนักงานสถิติแห่งชาติ
1846,2533,ภาคกลาง,จันทบุรี,นอกเขตเทศบาล,รวม,5 - 9 ปี,31657,คน,สำนักงานสถิติแห่งชาติ
1847,2533,ภาคกลาง,จันทบุรี,นอกเขตเทศบาล,ชาย,5 - 9 ปี,16386,คน,สำนักงานสถิติแห่งชาติ
1848,2533,ภาคกลาง,จันทบุรี,นอกเขตเทศบาล,หญิง,5 - 9 ปี,15271,คน,สำนักงานสถิติแห่งชาติ
1849,2543,ภาคกลาง,จันทบุรี,รวม,รวม,5 - 9 ปี,37723,คน,สำนักงานสถิติแห่งชาติ
1850,2543,ภาคกลาง,จันทบุรี,รวม,ชาย,5 - 9 ปี,19198,คน,สำนักงานสถิติแห่งชาติ
1851,2543,ภาคกลาง,จันทบุรี,รวม,หญิง,5 - 9 ปี,18525,คน,สำนักงานสถิติแห่งชาติ
1852,2543,ภาคกลาง,จันทบุรี,ในเขตเทศบาล,รวม,5 - 9 ปี,12008,คน,สำนักงานสถิติแห่งชาติ
1853,2543,ภาคกลาง,จันทบุรี,ในเขตเทศบาล,ชาย,5 - 9 ปี,6044,คน,สำนักงานสถิติแห่งชาติ
1854,2543,ภาคกลาง,จันทบุรี,ในเขตเทศบาล,หญิง,5 - 9 ปี,5964,คน,สำนักงานสถิติแห่งชาติ
1855,2543,ภาคกลาง,จันทบุรี,นอกเขตเทศบาล,รวม,5 - 9 ปี,25715,คน,สำนักงานสถิติแห่งชาติ
1856,2543,ภาคกลาง,จันทบุรี,นอกเขตเทศบาล,ชาย,5 - 9 ปี,13154,คน,สำนักงานสถิติแห่งชาติ
1857,2543,ภาคกลาง,จันทบุรี,นอกเขตเทศบาล,หญิง,5 - 9 ปี,12561,คน,สำนักงานสถิติแห่งชาติ
1858,2553,ภาคกลาง,จันทบุรี,รวม,รวม,5 - 9 ปี,29890,คน,สำนักงานสถิติแห่งชาติ
1859,2553,ภาคกลาง,จันทบุรี,รวม,ชาย,5 - 9 ปี,15621,คน,สำนักงานสถิติแห่งชาติ
1860,2553,ภาคกลาง,จันทบุรี,รวม,หญิง,5 - 9 ปี,14268,คน,สำนักงานสถิติแห่งชาติ
1861,2553,ภาคกลาง,จันทบุรี,ในเขตเทศบาล,รวม,5 - 9 ปี,14263,คน,สำนักงานสถิติแห่งชาติ
1862,2553,ภาคกลาง,จันทบุรี,ในเขตเทศบาล,ชาย,5 - 9 ปี,7296,คน,สำนักงานสถิติแห่งชาติ
1863,2553,ภาคกลาง,จันทบุรี,ในเขตเทศบาล,หญิง,5 - 9 ปี,6967,คน,สำนักงานสถิติแห่งชาติ
1864,2553,ภาคกลาง,จันทบุรี,นอกเขตเทศบาล,รวม,5 - 9 ปี,15627,คน,สำนักงานสถิติแห่งชาติ
1865,2553,ภาคกลาง,จันทบุรี,นอกเขตเทศบาล,ชาย,5 - 9 ปี,8326,คน,สำนักงานสถิติแห่งชาติ
1866,2553,ภาคกลาง,จันทบุรี,นอกเขตเทศบาล,หญิง,5 - 9 ปี,7301,คน,สำนักงานสถิติแห่งชาติ
1867,2533,ภาคกลาง,จันทบุรี,รวม,รวม,10 - 14 ปี,38514,คน,สำนักงานสถิติแห่งชาติ
1868,2533,ภาคกลาง,จันทบุรี,รวม,ชาย,10 - 14 ปี,19452,คน,สำนักงานสถิติแห่งชาติ
1869,2533,ภาคกลาง,จันทบุรี,รวม,หญิง,10 - 14 ปี,19062,คน,สำนักงานสถิติแห่งชาติ
1870,2533,ภาคกลาง,จันทบุรี,ในเขตเทศบาล,รวม,10 - 14 ปี,4986,คน,สำนักงานสถิติแห่งชาติ
1871,2533,ภาคกลาง,จันทบุรี,ในเขตเทศบาล,ชาย,10 - 14 ปี,2527,คน,สำนักงานสถิติแห่งชาติ
1872,2533,ภาคกลาง,จันทบุรี,ในเขตเทศบาล,หญิง,10 - 14 ปี,2459,คน,สำนักงานสถิติแห่งชาติ
1873,2533,ภาคกลาง,จันทบุรี,นอกเขตเทศบาล,รวม,10 - 14 ปี,33528,คน,สำนักงานสถิติแห่งชาติ
1874,2533,ภาคกลาง,จันทบุรี,นอกเขตเทศบาล,ชาย,10 - 14 ปี,16925,คน,สำนักงานสถิติแห่งชาติ
1875,2533,ภาคกลาง,จันทบุรี,นอกเขตเทศบาล,หญิง,10 - 14 ปี,16603,คน,สำนักงานสถิติแห่งชาติ
1876,2543,ภาคกลาง,จันทบุรี,รวม,รวม,10 - 14 ปี,38522,คน,สำนักงานสถิติแห่งชาติ
1877,2543,ภาคกลาง,จันทบุรี,รวม,ชาย,10 - 14 ปี,19560,คน,สำนักงานสถิติแห่งชาติ
1878,2543,ภาคกลาง,จันทบุรี,รวม,หญิง,10 - 14 ปี,18962,คน,สำนักงานสถิติแห่งชาติ
1879,2543,ภาคกลาง,จันทบุรี,ในเขตเทศบาล,รวม,10 - 14 ปี,11987,คน,สำนักงานสถิติแห่งชาติ
1880,2543,ภาคกลาง,จันทบุรี,ในเขตเทศบาล,ชาย,10 - 14 ปี,5961,คน,สำนักงานสถิติแห่งชาติ
1881,2543,ภาคกลาง,จันทบุรี,ในเขตเทศบาล,หญิง,10 - 14 ปี,6026,คน,สำนักงานสถิติแห่งชาติ
1882,2543,ภาคกลาง,จันทบุรี,นอกเขตเทศบาล,รวม,10 - 14 ปี,26535,คน,สำนักงานสถิติแห่งชาติ
1883,2543,ภาคกลาง,จันทบุรี,นอกเขตเทศบาล,ชาย,10 - 14 ปี,13599,คน,สำนักงานสถิติแห่งชาติ
1884,2543,ภาคกลาง,จันทบุรี,นอกเขตเทศบาล,หญิง,10 - 14 ปี,12936,คน,สำนักงานสถิติแห่งชาติ
1885,2553,ภาคกลาง,จันทบุรี,รวม,รวม,10 - 14 ปี,34673,คน,สำนักงานสถิติแห่งชาติ
1886,2553,ภาคกลาง,จันทบุรี,รวม,ชาย,10 - 14 ปี,17994,คน,สำนักงานสถิติแห่งชาติ
1887,2553,ภาคกลาง,จันทบุรี,รวม,หญิง,10 - 14 ปี,16679,คน,สำนักงานสถิติแห่งชาติ
1888,2553,ภาคกลาง,จันทบุรี,ในเขตเทศบาล,รวม,10 - 14 ปี,16789,คน,สำนักงานสถิติแห่งชาติ
1889,2553,ภาคกลาง,จันทบุรี,ในเขตเทศบาล,ชาย,10 - 14 ปี,8625,คน,สำนักงานสถิติแห่งชาติ
1890,2553,ภาคกลาง,จันทบุรี,ในเขตเทศบาล,หญิง,10 - 14 ปี,8164,คน,สำนักงานสถิติแห่งชาติ
1891,2553,ภาคกลาง,จันทบุรี,นอกเขตเทศบาล,รวม,10 - 14 ปี,17884,คน,สำนักงานสถิติแห่งชาติ
1892,2553,ภาคกลาง,จันทบุรี,นอกเขตเทศบาล,ชาย,10 - 14 ปี,9369,คน,สำนักงานสถิติแห่งชาติ
1893,2553,ภาคกลาง,จันทบุรี,นอกเขตเทศบาล,หญิง,10 - 14 ปี,8515,คน,สำนักงานสถิติแห่งชาติ
1894,2533,ภาคกลาง,จันทบุรี,รวม,รวม,15 - 19 ปี,41154,คน,สำนักงานสถิติแห่งชาติ
1895,2533,ภาคกลาง,จันทบุรี,รวม,ชาย,15 - 19 ปี,20474,คน,สำนักงานสถิติแห่งชาติ
1896,2533,ภาคกลาง,จันทบุรี,รวม,หญิง,15 - 19 ปี,20680,คน,สำนักงานสถิติแห่งชาติ
1897,2533,ภาคกลาง,จันทบุรี,ในเขตเทศบาล,รวม,15 - 19 ปี,5620,คน,สำนักงานสถิติแห่งชาติ
1898,2533,ภาคกลาง,จันทบุรี,ในเขตเทศบาล,ชาย,15 - 19 ปี,2623,คน,สำนักงานสถิติแห่งชาติ
1899,2533,ภาคกลาง,จันทบุรี,ในเขตเทศบาล,หญิง,15 - 19 ปี,2997,คน,สำนักงานสถิติแห่งชาติ
1900,2533,ภาคกลาง,จันทบุรี,นอกเขตเทศบาล,รวม,15 - 19 ปี,35534,คน,สำนักงานสถิติแห่งชาติ
1901,2533,ภาคกลาง,จันทบุรี,นอกเขตเทศบาล,ชาย,15 - 19 ปี,17851,คน,สำนักงานสถิติแห่งชาติ
1902,2533,ภาคกลาง,จันทบุรี,นอกเขตเทศบาล,หญิง,15 - 19 ปี,17683,คน,สำนักงานสถิติแห่งชาติ
1903,2543,ภาคกลาง,จันทบุรี,รวม,รวม,15 - 19 ปี,39911,คน,สำนักงานสถิติแห่งชาติ
1904,2543,ภาคกลาง,จันทบุรี,รวม,ชาย,15 - 19 ปี,20116,คน,สำนักงานสถิติแห่งชาติ
1905,2543,ภาคกลาง,จันทบุรี,รวม,หญิง,15 - 19 ปี,19795,คน,สำนักงานสถิติแห่งชาติ
1906,2543,ภาคกลาง,จันทบุรี,ในเขตเทศบาล,รวม,15 - 19 ปี,12907,คน,สำนักงานสถิติแห่งชาติ
1907,2543,ภาคกลาง,จันทบุรี,ในเขตเทศบาล,ชาย,15 - 19 ปี,6361,คน,สำนักงานสถิติแห่งชาติ
1908,2543,ภาคกลาง,จันทบุรี,ในเขตเทศบาล,หญิง,15 - 19 ปี,6546,คน,สำนักงานสถิติแห่งชาติ
1909,2543,ภาคกลาง,จันทบุรี,นอกเขตเทศบาล,รวม,15 - 19 ปี,27004,คน,สำนักงานสถิติแห่งชาติ
1910,2543,ภาคกลาง,จันทบุรี,นอกเขตเทศบาล,ชาย,15 - 19 ปี,13755,คน,สำนักงานสถิติแห่งชาติ
1911,2543,ภาคกลาง,จันทบุรี,นอกเขตเทศบาล,หญิง,15 - 19 ปี,13249,คน,สำนักงานสถิติแห่งชาติ
1912,2553,ภาคกลาง,จันทบุรี,รวม,รวม,15 - 19 ปี,35759,คน,สำนักงานสถิติแห่งชาติ
1913,2553,ภาคกลาง,จันทบุรี,รวม,ชาย,15 - 19 ปี,17836,คน,สำนักงานสถิติแห่งชาติ
1914,2553,ภาคกลาง,จันทบุรี,รวม,หญิง,15 - 19 ปี,17923,คน,สำนักงานสถิติแห่งชาติ
1915,2553,ภาคกลาง,จันทบุรี,ในเขตเทศบาล,รวม,15 - 19 ปี,18339,คน,สำนักงานสถิติแห่งชาติ
1916,2553,ภาคกลาง,จันทบุรี,ในเขตเทศบาล,ชาย,15 - 19 ปี,8971,คน,สำนักงานสถิติแห่งชาติ
1917,2553,ภาคกลาง,จันทบุรี,ในเขตเทศบาล,หญิง,15 - 19 ปี,9367,คน,สำนักงานสถิติแห่งชาติ
1918,2553,ภาคกลาง,จันทบุรี,นอกเขตเทศบาล,รวม,15 - 19 ปี,17420,คน,สำนักงานสถิติแห่งชาติ
1919,2553,ภาคกลาง,จันทบุรี,นอกเขตเทศบาล,ชาย,15 - 19 ปี,8864,คน,สำนักงานสถิติแห่งชาติ
1920,2553,ภาคกลาง,จันทบุรี,นอกเขตเทศบาล,หญิง,15 - 19 ปี,8556,คน,สำนักงานสถิติแห่งชาติ
1921,2533,ภาคกลาง,จันทบุรี,รวม,รวม,20 - 24 ปี,42460,คน,สำนักงานสถิติแห่งชาติ
1922,2533,ภาคกลาง,จันทบุรี,รวม,ชาย,20 - 24 ปี,20749,คน,สำนักงานสถิติแห่งชาติ
1923,2533,ภาคกลาง,จันทบุรี,รวม,หญิง,20 - 24 ปี,21711,คน,สำนักงานสถิติแห่งชาติ
1924,2533,ภาคกลาง,จันทบุรี,ในเขตเทศบาล,รวม,20 - 24 ปี,6085,คน,สำนักงานสถิติแห่งชาติ
1925,2533,ภาคกลาง,จันทบุรี,ในเขตเทศบาล,ชาย,20 - 24 ปี,2988,คน,สำนักงานสถิติแห่งชาติ
1926,2533,ภาคกลาง,จันทบุรี,ในเขตเทศบาล,หญิง,20 - 24 ปี,3097,คน,สำนักงานสถิติแห่งชาติ
1927,2533,ภาคกลาง,จันทบุรี,นอกเขตเทศบาล,รวม,20 - 24 ปี,36375,คน,สำนักงานสถิติแห่งชาติ
1928,2533,ภาคกลาง,จันทบุรี,นอกเขตเทศบาล,ชาย,20 - 24 ปี,17761,คน,สำนักงานสถิติแห่งชาติ
1929,2533,ภาคกลาง,จันทบุรี,นอกเขตเทศบาล,หญิง,20 - 24 ปี,18614,คน,สำนักงานสถิติแห่งชาติ
1930,2543,ภาคกลาง,จันทบุรี,รวม,รวม,20 - 24 ปี,38754,คน,สำนักงานสถิติแห่งชาติ
1931,2543,ภาคกลาง,จันทบุรี,รวม,ชาย,20 - 24 ปี,19002,คน,สำนักงานสถิติแห่งชาติ
1932,2543,ภาคกลาง,จันทบุรี,รวม,หญิง,20 - 24 ปี,19752,คน,สำนักงานสถิติแห่งชาติ
1933,2543,ภาคกลาง,จันทบุรี,ในเขตเทศบาล,รวม,20 - 24 ปี,13648,คน,สำนักงานสถิติแห่งชาติ
1934,2543,ภาคกลาง,จันทบุรี,ในเขตเทศบาล,ชาย,20 - 24 ปี,6456,คน,สำนักงานสถิติแห่งชาติ
1935,2543,ภาคกลาง,จันทบุรี,ในเขตเทศบาล,หญิง,20 - 24 ปี,7192,คน,สำนักงานสถิติแห่งชาติ
1936,2543,ภาคกลาง,จันทบุรี,นอกเขตเทศบาล,รวม,20 - 24 ปี,25106,คน,สำนักงานสถิติแห่งชาติ
1937,2543,ภาคกลาง,จันทบุรี,นอกเขตเทศบาล,ชาย,20 - 24 ปี,12546,คน,สำนักงานสถิติแห่งชาติ
1938,2543,ภาคกลาง,จันทบุรี,นอกเขตเทศบาล,หญิง,20 - 24 ปี,12560,คน,สำนักงานสถิติแห่งชาติ
1939,2553,ภาคกลาง,จันทบุรี,รวม,รวม,20 - 24 ปี,33822,คน,สำนักงานสถิติแห่งชาติ
1940,2553,ภาคกลาง,จันทบุรี,รวม,ชาย,20 - 24 ปี,17096,คน,สำนักงานสถิติแห่งชาติ
1941,2553,ภาคกลาง,จันทบุรี,รวม,หญิง,20 - 24 ปี,16726,คน,สำนักงานสถิติแห่งชาติ
1942,2553,ภาคกลาง,จันทบุรี,ในเขตเทศบาล,รวม,20 - 24 ปี,17867,คน,สำนักงานสถิติแห่งชาติ
1943,2553,ภาคกลาง,จันทบุรี,ในเขตเทศบาล,ชาย,20 - 24 ปี,9063,คน,สำนักงานสถิติแห่งชาติ
1944,2553,ภาคกลาง,จันทบุรี,ในเขตเทศบาล,หญิง,20 - 24 ปี,8804,คน,สำนักงานสถิติแห่งชาติ
1945,2553,ภาคกลาง,จันทบุรี,นอกเขตเทศบาล,รวม,20 - 24 ปี,15955,คน,สำนักงานสถิติแห่งชาติ
1946,2553,ภาคกลาง,จันทบุรี,นอกเขตเทศบาล,ชาย,20 - 24 ปี,8033,คน,สำนักงานสถิติแห่งชาติ
1947,2553,ภาคกลาง,จันทบุรี,นอกเขตเทศบาล,หญิง,20 - 24 ปี,7922,คน,สำนักงานสถิติแห่งชาติ
1948,2533,ภาคกลาง,จันทบุรี,รวม,รวม,25 - 29 ปี,40204,คน,สำนักงานสถิติแห่งชาติ
1949,2533,ภาคกลาง,จันทบุรี,รวม,ชาย,25 - 29 ปี,19792,คน,สำนักงานสถิติแห่งชาติ
1950,2533,ภาคกลาง,จันทบุรี,รวม,หญิง,25 - 29 ปี,20412,คน,สำนักงานสถิติแห่งชาติ
1951,2533,ภาคกลาง,จันทบุรี,ในเขตเทศบาล,รวม,25 - 29 ปี,6206,คน,สำนักงานสถิติแห่งชาติ
1952,2533,ภาคกลาง,จันทบุรี,ในเขตเทศบาล,ชาย,25 - 29 ปี,2882,คน,สำนักงานสถิติแห่งชาติ
1953,2533,ภาคกลาง,จันทบุรี,ในเขตเทศบาล,หญิง,25 - 29 ปี,3324,คน,สำนักงานสถิติแห่งชาติ
1954,2533,ภาคกลาง,จันทบุรี,นอกเขตเทศบาล,รวม,25 - 29 ปี,33998,คน,สำนักงานสถิติแห่งชาติ
1955,2533,ภาคกลาง,จันทบุรี,นอกเขตเทศบาล,ชาย,25 - 29 ปี,16910,คน,สำนักงานสถิติแห่งชาติ
1956,2533,ภาคกลาง,จันทบุรี,นอกเขตเทศบาล,หญิง,25 - 29 ปี,17088,คน,สำนักงานสถิติแห่งชาติ
1957,2543,ภาคกลาง,จันทบุรี,รวม,รวม,25 - 29 ปี,43141,คน,สำนักงานสถิติแห่งชาติ
1958,2543,ภาคกลาง,จันทบุรี,รวม,ชาย,25 - 29 ปี,20930,คน,สำนักงานสถิติแห่งชาติ
1959,2543,ภาคกลาง,จันทบุรี,รวม,หญิง,25 - 29 ปี,22211,คน,สำนักงานสถิติแห่งชาติ
1960,2543,ภาคกลาง,จันทบุรี,ในเขตเทศบาล,รวม,25 - 29 ปี,14516,คน,สำนักงานสถิติแห่งชาติ
1961,2543,ภาคกลาง,จันทบุรี,ในเขตเทศบาล,ชาย,25 - 29 ปี,6788,คน,สำนักงานสถิติแห่งชาติ
1962,2543,ภาคกลาง,จันทบุรี,ในเขตเทศบาล,หญิง,25 - 29 ปี,7728,คน,สำนักงานสถิติแห่งชาติ
1963,2543,ภาคกลาง,จันทบุรี,นอกเขตเทศบาล,รวม,25 - 29 ปี,28625,คน,สำนักงานสถิติแห่งชาติ
1964,2543,ภาคกลาง,จันทบุรี,นอกเขตเทศบาล,ชาย,25 - 29 ปี,14142,คน,สำนักงานสถิติแห่งชาติ
1965,2543,ภาคกลาง,จันทบุรี,นอกเขตเทศบาล,หญิง,25 - 29 ปี,14483,คน,สำนักงานสถิติแห่งชาติ
1966,2553,ภาคกลาง,จันทบุรี,รวม,รวม,25 - 29 ปี,35746,คน,สำนักงานสถิติแห่งชาติ
1967,2553,ภาคกลาง,จันทบุรี,รวม,ชาย,25 - 29 ปี,18350,คน,สำนักงานสถิติแห่งชาติ
1968,2553,ภาคกลาง,จันทบุรี,รวม,หญิง,25 - 29 ปี,17396,คน,สำนักงานสถิติแห่งชาติ
1969,2553,ภาคกลาง,จันทบุรี,ในเขตเทศบาล,รวม,25 - 29 ปี,18177,คน,สำนักงานสถิติแห่งชาติ
1970,2553,ภาคกลาง,จันทบุรี,ในเขตเทศบาล,ชาย,25 - 29 ปี,9264,คน,สำนักงานสถิติแห่งชาติ
1971,2553,ภาคกลาง,จันทบุรี,ในเขตเทศบาล,หญิง,25 - 29 ปี,8913,คน,สำนักงานสถิติแห่งชาติ
1972,2553,ภาคกลาง,จันทบุรี,นอกเขตเทศบาล,รวม,25 - 29 ปี,17569,คน,สำนักงานสถิติแห่งชาติ
1973,2553,ภาคกลาง,จันทบุรี,นอกเขตเทศบาล,ชาย,25 - 29 ปี,9086,คน,สำนักงานสถิติแห่งชาติ
1974,2553,ภาคกลาง,จันทบุรี,นอกเขตเทศบาล,หญิง,25 - 29 ปี,8483,คน,สำนักงานสถิติแห่งชาติ
1975,2533,ภาคกลาง,จันทบุรี,รวม,รวม,30 - 34 ปี,35211,คน,สำนักงานสถิติแห่งชาติ
1976,2533,ภาคกลาง,จันทบุรี,รวม,ชาย,30 - 34 ปี,17326,คน,สำนักงานสถิติแห่งชาติ
1977,2533,ภาคกลาง,จันทบุรี,รวม,หญิง,30 - 34 ปี,17885,คน,สำนักงานสถิติแห่งชาติ
1978,2533,ภาคกลาง,จันทบุรี,ในเขตเทศบาล,รวม,30 - 34 ปี,5569,คน,สำนักงานสถิติแห่งชาติ
1979,2533,ภาคกลาง,จันทบุรี,ในเขตเทศบาล,ชาย,30 - 34 ปี,2647,คน,สำนักงานสถิติแห่งชาติ
1980,2533,ภาคกลาง,จันทบุรี,ในเขตเทศบาล,หญิง,30 - 34 ปี,2922,คน,สำนักงานสถิติแห่งชาติ
1981,2533,ภาคกลาง,จันทบุรี,นอกเขตเทศบาล,รวม,30 - 34 ปี,29642,คน,สำนักงานสถิติแห่งชาติ
1982,2533,ภาคกลาง,จันทบุรี,นอกเขตเทศบาล,ชาย,30 - 34 ปี,14679,คน,สำนักงานสถิติแห่งชาติ
1983,2533,ภาคกลาง,จันทบุรี,นอกเขตเทศบาล,หญิง,30 - 34 ปี,14963,คน,สำนักงานสถิติแห่งชาติ
1984,2543,ภาคกลาง,จันทบุรี,รวม,รวม,30 - 34 ปี,46679,คน,สำนักงานสถิติแห่งชาติ
1985,2543,ภาคกลาง,จันทบุรี,รวม,ชาย,30 - 34 ปี,22444,คน,สำนักงานสถิติแห่งชาติ
1986,2543,ภาคกลาง,จันทบุรี,รวม,หญิง,30 - 34 ปี,24235,คน,สำนักงานสถิติแห่งชาติ
1987,2543,ภาคกลาง,จันทบุรี,ในเขตเทศบาล,รวม,30 - 34 ปี,15398,คน,สำนักงานสถิติแห่งชาติ
1988,2543,ภาคกลาง,จันทบุรี,ในเขตเทศบาล,ชาย,30 - 34 ปี,7175,คน,สำนักงานสถิติแห่งชาติ
1989,2543,ภาคกลาง,จันทบุรี,ในเขตเทศบาล,หญิง,30 - 34 ปี,8223,คน,สำนักงานสถิติแห่งชาติ
1990,2543,ภาคกลาง,จันทบุรี,นอกเขตเทศบาล,รวม,30 - 34 ปี,31281,คน,สำนักงานสถิติแห่งชาติ
1991,2543,ภาคกลาง,จันทบุรี,นอกเขตเทศบาล,ชาย,30 - 34 ปี,15269,คน,สำนักงานสถิติแห่งชาติ
1992,2543,ภาคกลาง,จันทบุรี,นอกเขตเทศบาล,หญิง,30 - 34 ปี,16012,คน,สำนักงานสถิติแห่งชาติ
1993,2553,ภาคกลาง,จันทบุรี,รวม,รวม,30 - 34 ปี,38245,คน,สำนักงานสถิติแห่งชาติ
1994,2553,ภาคกลาง,จันทบุรี,รวม,ชาย,30 - 34 ปี,19163,คน,สำนักงานสถิติแห่งชาติ
1995,2553,ภาคกลาง,จันทบุรี,รวม,หญิง,30 - 34 ปี,19082,คน,สำนักงานสถิติแห่งชาติ
1996,2553,ภาคกลาง,จันทบุรี,ในเขตเทศบาล,รวม,30 - 34 ปี,19108,คน,สำนักงานสถิติแห่งชาติ
1997,2553,ภาคกลาง,จันทบุรี,ในเขตเทศบาล,ชาย,30 - 34 ปี,9571,คน,สำนักงานสถิติแห่งชาติ
1998,2553,ภาคกลาง,จันทบุรี,ในเขตเทศบาล,หญิง,30 - 34 ปี,9536,คน,สำนักงานสถิติแห่งชาติ
1999,2553,ภาคกลาง,จันทบุรี,นอกเขตเทศบาล,รวม,30 - 34 ปี,19137,คน,สำนักงานสถิติแห่งชาติ
2000,2553,ภาคกลาง,จันทบุรี,นอกเขตเทศบาล,ชาย,30 - 34 ปี,9592,คน,สำนักงานสถิติแห่งชาติ
2001,2553,ภาคกลาง,จันทบุรี,นอกเขตเทศบาล,หญิง,30 - 34 ปี,9546,คน,สำนักงานสถิติแห่งชาติ
2002,2533,ภาคกลาง,จันทบุรี,รวม,รวม,35 - 39 ปี,28405,คน,สำนักงานสถิติแห่งชาติ
2003,2533,ภาคกลาง,จันทบุรี,รวม,ชาย,35 - 39 ปี,14171,คน,สำนักงานสถิติแห่งชาติ
2004,2533,ภาคกลาง,จันทบุรี,รวม,หญิง,35 - 39 ปี,14234,คน,สำนักงานสถิติแห่งชาติ
2005,2533,ภาคกลาง,จันทบุรี,ในเขตเทศบาล,รวม,35 - 39 ปี,4412,คน,สำนักงานสถิติแห่งชาติ
2006,2533,ภาคกลาง,จันทบุรี,ในเขตเทศบาล,ชาย,35 - 39 ปี,2168,คน,สำนักงานสถิติแห่งชาติ
2007,2533,ภาคกลาง,จันทบุรี,ในเขตเทศบาล,หญิง,35 - 39 ปี,2244,คน,สำนักงานสถิติแห่งชาติ
2008,2533,ภาคกลาง,จันทบุรี,นอกเขตเทศบาล,รวม,35 - 39 ปี,23993,คน,สำนักงานสถิติแห่งชาติ
2009,2533,ภาคกลาง,จันทบุรี,นอกเขตเทศบาล,ชาย,35 - 39 ปี,12003,คน,สำนักงานสถิติแห่งชาติ
2010,2533,ภาคกลาง,จันทบุรี,นอกเขตเทศบาล,หญิง,35 - 39 ปี,11990,คน,สำนักงานสถิติแห่งชาติ
2011,2543,ภาคกลาง,จันทบุรี,รวม,รวม,35 - 39 ปี,44229,คน,สำนักงานสถิติแห่งชาติ
2012,2543,ภาคกลาง,จันทบุรี,รวม,ชาย,35 - 39 ปี,21685,คน,สำนักงานสถิติแห่งชาติ
2013,2543,ภาคกลาง,จันทบุรี,รวม,หญิง,35 - 39 ปี,22544,คน,สำนักงานสถิติแห่งชาติ
2014,2543,ภาคกลาง,จันทบุรี,ในเขตเทศบาล,รวม,35 - 39 ปี,15020,คน,สำนักงานสถิติแห่งชาติ
2015,2543,ภาคกลาง,จันทบุรี,ในเขตเทศบาล,ชาย,35 - 39 ปี,7239,คน,สำนักงานสถิติแห่งชาติ
2016,2543,ภาคกลาง,จันทบุรี,ในเขตเทศบาล,หญิง,35 - 39 ปี,7781,คน,สำนักงานสถิติแห่งชาติ
2017,2543,ภาคกลาง,จันทบุรี,นอกเขตเทศบาล,รวม,35 - 39 ปี,29209,คน,สำนักงานสถิติแห่งชาติ
2018,2543,ภาคกลาง,จันทบุรี,นอกเขตเทศบาล,ชาย,35 - 39 ปี,14446,คน,สำนักงานสถิติแห่งชาติ
2019,2543,ภาคกลาง,จันทบุรี,นอกเขตเทศบาล,หญิง,35 - 39 ปี,14763,คน,สำนักงานสถิติแห่งชาติ
2020,2553,ภาคกลาง,จันทบุรี,รวม,รวม,35 - 39 ปี,41504,คน,สำนักงานสถิติแห่งชาติ
2021,2553,ภาคกลาง,จันทบุรี,รวม,ชาย,35 - 39 ปี,20340,คน,สำนักงานสถิติแห่งชาติ
2022,2553,ภาคกลาง,จันทบุรี,รวม,หญิง,35 - 39 ปี,21164,คน,สำนักงานสถิติแห่งชาติ
2023,2553,ภาคกลาง,จันทบุรี,ในเขตเทศบาล,รวม,35 - 39 ปี,20372,คน,สำนักงานสถิติแห่งชาติ
2024,2553,ภาคกลาง,จันทบุรี,ในเขตเทศบาล,ชาย,35 - 39 ปี,9955,คน,สำนักงานสถิติแห่งชาติ
2025,2553,ภาคกลาง,จันทบุรี,ในเขตเทศบาล,หญิง,35 - 39 ปี,10417,คน,สำนักงานสถิติแห่งชาติ
2026,2553,ภาคกลาง,จันทบุรี,นอกเขตเทศบาล,รวม,35 - 39 ปี,21132,คน,สำนักงานสถิติแห่งชาติ
2027,2553,ภาคกลาง,จันทบุรี,นอกเขตเทศบาล,ชาย,35 - 39 ปี,10385,คน,สำนักงานสถิติแห่งชาติ
2028,2553,ภาคกลาง,จันทบุรี,นอกเขตเทศบาล,หญิง,35 - 39 ปี,10747,คน,สำนักงานสถิติแห่งชาติ
2029,2533,ภาคกลาง,จันทบุรี,รวม,รวม,40 - 44 ปี,20950,คน,สำนักงานสถิติแห่งชาติ
2030,2533,ภาคกลาง,จันทบุรี,รวม,ชาย,40 - 44 ปี,10507,คน,สำนักงานสถิติแห่งชาติ
2031,2533,ภาคกลาง,จันทบุรี,รวม,หญิง,40 - 44 ปี,10443,คน,สำนักงานสถิติแห่งชาติ
2032,2533,ภาคกลาง,จันทบุรี,ในเขตเทศบาล,รวม,40 - 44 ปี,3180,คน,สำนักงานสถิติแห่งชาติ
2033,2533,ภาคกลาง,จันทบุรี,ในเขตเทศบาล,ชาย,40 - 44 ปี,1549,คน,สำนักงานสถิติแห่งชาติ
2034,2533,ภาคกลาง,จันทบุรี,ในเขตเทศบาล,หญิง,40 - 44 ปี,1631,คน,สำนักงานสถิติแห่งชาติ
2035,2533,ภาคกลาง,จันทบุรี,นอกเขตเทศบาล,รวม,40 - 44 ปี,17770,คน,สำนักงานสถิติแห่งชาติ
2036,2533,ภาคกลาง,จันทบุรี,นอกเขตเทศบาล,ชาย,40 - 44 ปี,8958,คน,สำนักงานสถิติแห่งชาติ
2037,2533,ภาคกลาง,จันทบุรี,นอกเขตเทศบาล,หญิง,40 - 44 ปี,8812,คน,สำนักงานสถิติแห่งชาติ
2038,2543,ภาคกลาง,จันทบุรี,รวม,รวม,40 - 44 ปี,39456,คน,สำนักงานสถิติแห่งชาติ
2039,2543,ภาคกลาง,จันทบุรี,รวม,ชาย,40 - 44 ปี,19278,คน,สำนักงานสถิติแห่งชาติ
2040,2543,ภาคกลาง,จันทบุรี,รวม,หญิง,40 - 44 ปี,20178,คน,สำนักงานสถิติแห่งชาติ
2041,2543,ภาคกลาง,จันทบุรี,ในเขตเทศบาล,รวม,40 - 44 ปี,13657,คน,สำนักงานสถิติแห่งชาติ
2042,2543,ภาคกลาง,จันทบุรี,ในเขตเทศบาล,ชาย,40 - 44 ปี,6477,คน,สำนักงานสถิติแห่งชาติ
2043,2543,ภาคกลาง,จันทบุรี,ในเขตเทศบาล,หญิง,40 - 44 ปี,7180,คน,สำนักงานสถิติแห่งชาติ
2044,2543,ภาคกลาง,จันทบุรี,นอกเขตเทศบาล,รวม,40 - 44 ปี,25799,คน,สำนักงานสถิติแห่งชาติ
2045,2543,ภาคกลาง,จันทบุรี,นอกเขตเทศบาล,ชาย,40 - 44 ปี,12801,คน,สำนักงานสถิติแห่งชาติ
2046,2543,ภาคกลาง,จันทบุรี,นอกเขตเทศบาล,หญิง,40 - 44 ปี,12998,คน,สำนักงานสถิติแห่งชาติ
2047,2553,ภาคกลาง,จันทบุรี,รวม,รวม,40 - 44 ปี,42514,คน,สำนักงานสถิติแห่งชาติ
2048,2553,ภาคกลาง,จันทบุรี,รวม,ชาย,40 - 44 ปี,20464,คน,สำนักงานสถิติแห่งชาติ
2049,2553,ภาคกลาง,จันทบุรี,รวม,หญิง,40 - 44 ปี,22050,คน,สำนักงานสถิติแห่งชาติ
2050,2553,ภาคกลาง,จันทบุรี,ในเขตเทศบาล,รวม,40 - 44 ปี,20889,คน,สำนักงานสถิติแห่งชาติ
2051,2553,ภาคกลาง,จันทบุรี,ในเขตเทศบาล,ชาย,40 - 44 ปี,9860,คน,สำนักงานสถิติแห่งชาติ
2052,2553,ภาคกลาง,จันทบุรี,ในเขตเทศบาล,หญิง,40 - 44 ปี,11029,คน,สำนักงานสถิติแห่งชาติ
2053,2553,ภาคกลาง,จันทบุรี,นอกเขตเทศบาล,รวม,40 - 44 ปี,21625,คน,สำนักงานสถิติแห่งชาติ
2054,2553,ภาคกลาง,จันทบุรี,นอกเขตเทศบาล,ชาย,40 - 44 ปี,10604,คน,สำนักงานสถิติแห่งชาติ
2055,2553,ภาคกลาง,จันทบุรี,นอกเขตเทศบาล,หญิง,40 - 44 ปี,11021,คน,สำนักงานสถิติแห่งชาติ
2056,2533,ภาคกลาง,จันทบุรี,รวม,รวม,45 - 49 ปี,18711,คน,สำนักงานสถิติแห่งชาติ
2057,2533,ภาคกลาง,จันทบุรี,รวม,ชาย,45 - 49 ปี,9610,คน,สำนักงานสถิติแห่งชาติ
2058,2533,ภาคกลาง,จันทบุรี,รวม,หญิง,45 - 49 ปี,9101,คน,สำนักงานสถิติแห่งชาติ
2059,2533,ภาคกลาง,จันทบุรี,ในเขตเทศบาล,รวม,45 - 49 ปี,2362,คน,สำนักงานสถิติแห่งชาติ
2060,2533,ภาคกลาง,จันทบุรี,ในเขตเทศบาล,ชาย,45 - 49 ปี,1221,คน,สำนักงานสถิติแห่งชาติ
2061,2533,ภาคกลาง,จันทบุรี,ในเขตเทศบาล,หญิง,45 - 49 ปี,1141,คน,สำนักงานสถิติแห่งชาติ
2062,2533,ภาคกลาง,จันทบุรี,นอกเขตเทศบาล,รวม,45 - 49 ปี,16349,คน,สำนักงานสถิติแห่งชาติ
2063,2533,ภาคกลาง,จันทบุรี,นอกเขตเทศบาล,ชาย,45 - 49 ปี,8389,คน,สำนักงานสถิติแห่งชาติ
2064,2533,ภาคกลาง,จันทบุรี,นอกเขตเทศบาล,หญิง,45 - 49 ปี,7960,คน,สำนักงานสถิติแห่งชาติ
2065,2543,ภาคกลาง,จันทบุรี,รวม,รวม,45 - 49 ปี,30184,คน,สำนักงานสถิติแห่งชาติ
2066,2543,ภาคกลาง,จันทบุรี,รวม,ชาย,45 - 49 ปี,14669,คน,สำนักงานสถิติแห่งชาติ
2067,2543,ภาคกลาง,จันทบุรี,รวม,หญิง,45 - 49 ปี,15515,คน,สำนักงานสถิติแห่งชาติ
2068,2543,ภาคกลาง,จันทบุรี,ในเขตเทศบาล,รวม,45 - 49 ปี,10704,คน,สำนักงานสถิติแห่งชาติ
2069,2543,ภาคกลาง,จันทบุรี,ในเขตเทศบาล,ชาย,45 - 49 ปี,5083,คน,สำนักงานสถิติแห่งชาติ
2070,2543,ภาคกลาง,จันทบุรี,ในเขตเทศบาล,หญิง,45 - 49 ปี,5621,คน,สำนักงานสถิติแห่งชาติ
2071,2543,ภาคกลาง,จันทบุรี,นอกเขตเทศบาล,รวม,45 - 49 ปี,19480,คน,สำนักงานสถิติแห่งชาติ
2072,2543,ภาคกลาง,จันทบุรี,นอกเขตเทศบาล,ชาย,45 - 49 ปี,9586,คน,สำนักงานสถิติแห่งชาติ
2073,2543,ภาคกลาง,จันทบุรี,นอกเขตเทศบาล,หญิง,45 - 49 ปี,9894,คน,สำนักงานสถิติแห่งชาติ
2074,2553,ภาคกลาง,จันทบุรี,รวม,รวม,45 - 49 ปี,40133,คน,สำนักงานสถิติแห่งชาติ
2075,2553,ภาคกลาง,จันทบุรี,รวม,ชาย,45 - 49 ปี,19458,คน,สำนักงานสถิติแห่งชาติ
2076,2553,ภาคกลาง,จันทบุรี,รวม,หญิง,45 - 49 ปี,20675,คน,สำนักงานสถิติแห่งชาติ
2077,2553,ภาคกลาง,จันทบุรี,ในเขตเทศบาล,รวม,45 - 49 ปี,20157,คน,สำนักงานสถิติแห่งชาติ
2078,2553,ภาคกลาง,จันทบุรี,ในเขตเทศบาล,ชาย,45 - 49 ปี,9628,คน,สำนักงานสถิติแห่งชาติ
2079,2553,ภาคกลาง,จันทบุรี,ในเขตเทศบาล,หญิง,45 - 49 ปี,10529,คน,สำนักงานสถิติแห่งชาติ
2080,2553,ภาคกลาง,จันทบุรี,นอกเขตเทศบาล,รวม,45 - 49 ปี,19976,คน,สำนักงานสถิติแห่งชาติ
2081,2553,ภาคกลาง,จันทบุรี,นอกเขตเทศบาล,ชาย,45 - 49 ปี,9830,คน,สำนักงานสถิติแห่งชาติ
2082,2553,ภาคกลาง,จันทบุรี,นอกเขตเทศบาล,หญิง,45 - 49 ปี,10146,คน,สำนักงานสถิติแห่งชาติ
2083,2533,ภาคกลาง,จันทบุรี,รวม,รวม,50 - 54 ปี,17706,คน,สำนักงานสถิติแห่งชาติ
2084,2533,ภาคกลาง,จันทบุรี,รวม,ชาย,50 - 54 ปี,9022,คน,สำนักงานสถิติแห่งชาติ
2085,2533,ภาคกลาง,จันทบุรี,รวม,หญิง,50 - 54 ปี,8684,คน,สำนักงานสถิติแห่งชาติ
2086,2533,ภาคกลาง,จันทบุรี,ในเขตเทศบาล,รวม,50 - 54 ปี,2142,คน,สำนักงานสถิติแห่งชาติ
2087,2533,ภาคกลาง,จันทบุรี,ในเขตเทศบาล,ชาย,50 - 54 ปี,1024,คน,สำนักงานสถิติแห่งชาติ
2088,2533,ภาคกลาง,จันทบุรี,ในเขตเทศบาล,หญิง,50 - 54 ปี,1118,คน,สำนักงานสถิติแห่งชาติ
2089,2533,ภาคกลาง,จันทบุรี,นอกเขตเทศบาล,รวม,50 - 54 ปี,15564,คน,สำนักงานสถิติแห่งชาติ
2090,2533,ภาคกลาง,จันทบุรี,นอกเขตเทศบาล,ชาย,50 - 54 ปี,7998,คน,สำนักงานสถิติแห่งชาติ
2091,2533,ภาคกลาง,จันทบุรี,นอกเขตเทศบาล,หญิง,50 - 54 ปี,7566,คน,สำนักงานสถิติแห่งชาติ
2092,2543,ภาคกลาง,จันทบุรี,รวม,รวม,50 - 54 ปี,21708,คน,สำนักงานสถิติแห่งชาติ
2093,2543,ภาคกลาง,จันทบุรี,รวม,ชาย,50 - 54 ปี,10877,คน,สำนักงานสถิติแห่งชาติ
2094,2543,ภาคกลาง,จันทบุรี,รวม,หญิง,50 - 54 ปี,10831,คน,สำนักงานสถิติแห่งชาติ
2095,2543,ภาคกลาง,จันทบุรี,ในเขตเทศบาล,รวม,50 - 54 ปี,7486,คน,สำนักงานสถิติแห่งชาติ
2096,2543,ภาคกลาง,จันทบุรี,ในเขตเทศบาล,ชาย,50 - 54 ปี,3691,คน,สำนักงานสถิติแห่งชาติ
2097,2543,ภาคกลาง,จันทบุรี,ในเขตเทศบาล,หญิง,50 - 54 ปี,3795,คน,สำนักงานสถิติแห่งชาติ
2098,2543,ภาคกลาง,จันทบุรี,นอกเขตเทศบาล,รวม,50 - 54 ปี,14222,คน,สำนักงานสถิติแห่งชาติ
2099,2543,ภาคกลาง,จันทบุรี,นอกเขตเทศบาล,ชาย,50 - 54 ปี,7186,คน,สำนักงานสถิติแห่งชาติ
2100,2543,ภาคกลาง,จันทบุรี,นอกเขตเทศบาล,หญิง,50 - 54 ปี,7036,คน,สำนักงานสถิติแห่งชาติ
2101,2553,ภาคกลาง,จันทบุรี,รวม,รวม,50 - 54 ปี,34215,คน,สำนักงานสถิติแห่งชาติ
2102,2553,ภาคกลาง,จันทบุรี,รวม,ชาย,50 - 54 ปี,16442,คน,สำนักงานสถิติแห่งชาติ
2103,2553,ภาคกลาง,จันทบุรี,รวม,หญิง,50 - 54 ปี,17773,คน,สำนักงานสถิติแห่งชาติ
2104,2553,ภาคกลาง,จันทบุรี,ในเขตเทศบาล,รวม,50 - 54 ปี,17616,คน,สำนักงานสถิติแห่งชาติ
2105,2553,ภาคกลาง,จันทบุรี,ในเขตเทศบาล,ชาย,50 - 54 ปี,8322,คน,สำนักงานสถิติแห่งชาติ
2106,2553,ภาคกลาง,จันทบุรี,ในเขตเทศบาล,หญิง,50 - 54 ปี,9295,คน,สำนักงานสถิติแห่งชาติ
2107,2553,ภาคกลาง,จันทบุรี,นอกเขตเทศบาล,รวม,50 - 54 ปี,16599,คน,สำนักงานสถิติแห่งชาติ
2108,2553,ภาคกลาง,จันทบุรี,นอกเขตเทศบาล,ชาย,50 - 54 ปี,8121,คน,สำนักงานสถิติแห่งชาติ
2109,2553,ภาคกลาง,จันทบุรี,นอกเขตเทศบาล,หญิง,50 - 54 ปี,8478,คน,สำนักงานสถิติแห่งชาติ
2110,2533,ภาคกลาง,จันทบุรี,รวม,รวม,55 - 59 ปี,13944,คน,สำนักงานสถิติแห่งชาติ
2111,2533,ภาคกลาง,จันทบุรี,รวม,ชาย,55 - 59 ปี,7099,คน,สำนักงานสถิติแห่งชาติ
2112,2533,ภาคกลาง,จันทบุรี,รวม,หญิง,55 - 59 ปี,6845,คน,สำนักงานสถิติแห่งชาติ
2113,2533,ภาคกลาง,จันทบุรี,ในเขตเทศบาล,รวม,55 - 59 ปี,1605,คน,สำนักงานสถิติแห่งชาติ
2114,2533,ภาคกลาง,จันทบุรี,ในเขตเทศบาล,ชาย,55 - 59 ปี,791,คน,สำนักงานสถิติแห่งชาติ
2115,2533,ภาคกลาง,จันทบุรี,ในเขตเทศบาล,หญิง,55 - 59 ปี,814,คน,สำนักงานสถิติแห่งชาติ
2116,2533,ภาคกลาง,จันทบุรี,นอกเขตเทศบาล,รวม,55 - 59 ปี,12339,คน,สำนักงานสถิติแห่งชาติ
2117,2533,ภาคกลาง,จันทบุรี,นอกเขตเทศบาล,ชาย,55 - 59 ปี,6308,คน,สำนักงานสถิติแห่งชาติ
2118,2533,ภาคกลาง,จันทบุรี,นอกเขตเทศบาล,หญิง,55 - 59 ปี,6031,คน,สำนักงานสถิติแห่งชาติ
2119,2543,ภาคกลาง,จันทบุรี,รวม,รวม,55 - 59 ปี,18382,คน,สำนักงานสถิติแห่งชาติ
2120,2543,ภาคกลาง,จันทบุรี,รวม,ชาย,55 - 59 ปี,9313,คน,สำนักงานสถิติแห่งชาติ
2121,2543,ภาคกลาง,จันทบุรี,รวม,หญิง,55 - 59 ปี,9069,คน,สำนักงานสถิติแห่งชาติ
2122,2543,ภาคกลาง,จันทบุรี,ในเขตเทศบาล,รวม,55 - 59 ปี,5550,คน,สำนักงานสถิติแห่งชาติ
2123,2543,ภาคกลาง,จันทบุรี,ในเขตเทศบาล,ชาย,55 - 59 ปี,2731,คน,สำนักงานสถิติแห่งชาติ
2124,2543,ภาคกลาง,จันทบุรี,ในเขตเทศบาล,หญิง,55 - 59 ปี,2819,คน,สำนักงานสถิติแห่งชาติ
2125,2543,ภาคกลาง,จันทบุรี,นอกเขตเทศบาล,รวม,55 - 59 ปี,12832,คน,สำนักงานสถิติแห่งชาติ
2126,2543,ภาคกลาง,จันทบุรี,นอกเขตเทศบาล,ชาย,55 - 59 ปี,6582,คน,สำนักงานสถิติแห่งชาติ
2127,2543,ภาคกลาง,จันทบุรี,นอกเขตเทศบาล,หญิง,55 - 59 ปี,6250,คน,สำนักงานสถิติแห่งชาติ
2128,2553,ภาคกลาง,จันทบุรี,รวม,รวม,55 - 59 ปี,26256,คน,สำนักงานสถิติแห่งชาติ
2129,2553,ภาคกลาง,จันทบุรี,รวม,ชาย,55 - 59 ปี,12489,คน,สำนักงานสถิติแห่งชาติ
2130,2553,ภาคกลาง,จันทบุรี,รวม,หญิง,55 - 59 ปี,13768,คน,สำนักงานสถิติแห่งชาติ
2131,2553,ภาคกลาง,จันทบุรี,ในเขตเทศบาล,รวม,55 - 59 ปี,13526,คน,สำนักงานสถิติแห่งชาติ
2132,2553,ภาคกลาง,จันทบุรี,ในเขตเทศบาล,ชาย,55 - 59 ปี,6296,คน,สำนักงานสถิติแห่งชาติ
2133,2553,ภาคกลาง,จันทบุรี,ในเขตเทศบาล,หญิง,55 - 59 ปี,7230,คน,สำนักงานสถิติแห่งชาติ
2134,2553,ภาคกลาง,จันทบุรี,นอกเขตเทศบาล,รวม,55 - 59 ปี,12731,คน,สำนักงานสถิติแห่งชาติ
2135,2553,ภาคกลาง,จันทบุรี,นอกเขตเทศบาล,ชาย,55 - 59 ปี,6193,คน,สำนักงานสถิติแห่งชาติ
2136,2553,ภาคกลาง,จันทบุรี,นอกเขตเทศบาล,หญิง,55 - 59 ปี,6538,คน,สำนักงานสถิติแห่งชาติ
2137,2533,ภาคกลาง,จันทบุรี,รวม,รวม,60 - 64 ปี,10552,คน,สำนักงานสถิติแห่งชาติ
2138,2533,ภาคกลาง,จันทบุรี,รวม,ชาย,60 - 64 ปี,5330,คน,สำนักงานสถิติแห่งชาติ
2139,2533,ภาคกลาง,จันทบุรี,รวม,หญิง,60 - 64 ปี,5222,คน,สำนักงานสถิติแห่งชาติ
2140,2533,ภาคกลาง,จันทบุรี,ในเขตเทศบาล,รวม,60 - 64 ปี,1335,คน,สำนักงานสถิติแห่งชาติ
2141,2533,ภาคกลาง,จันทบุรี,ในเขตเทศบาล,ชาย,60 - 64 ปี,625,คน,สำนักงานสถิติแห่งชาติ
2142,2533,ภาคกลาง,จันทบุรี,ในเขตเทศบาล,หญิง,60 - 64 ปี,710,คน,สำนักงานสถิติแห่งชาติ
2143,2533,ภาคกลาง,จันทบุรี,นอกเขตเทศบาล,รวม,60 - 64 ปี,9217,คน,สำนักงานสถิติแห่งชาติ
2144,2533,ภาคกลาง,จันทบุรี,นอกเขตเทศบาล,ชาย,60 - 64 ปี,4705,คน,สำนักงานสถิติแห่งชาติ
2145,2533,ภาคกลาง,จันทบุรี,นอกเขตเทศบาล,หญิง,60 - 64 ปี,4512,คน,สำนักงานสถิติแห่งชาติ
2146,2543,ภาคกลาง,จันทบุรี,รวม,รวม,60 - 64 ปี,16413,คน,สำนักงานสถิติแห่งชาติ
2147,2543,ภาคกลาง,จันทบุรี,รวม,ชาย,60 - 64 ปี,8141,คน,สำนักงานสถิติแห่งชาติ
2148,2543,ภาคกลาง,จันทบุรี,รวม,หญิง,60 - 64 ปี,8272,คน,สำนักงานสถิติแห่งชาติ
2149,2543,ภาคกลาง,จันทบุรี,ในเขตเทศบาล,รวม,60 - 64 ปี,4644,คน,สำนักงานสถิติแห่งชาติ
2150,2543,ภาคกลาง,จันทบุรี,ในเขตเทศบาล,ชาย,60 - 64 ปี,2227,คน,สำนักงานสถิติแห่งชาติ
2151,2543,ภาคกลาง,จันทบุรี,ในเขตเทศบาล,หญิง,60 - 64 ปี,2417,คน,สำนักงานสถิติแห่งชาติ
2152,2543,ภาคกลาง,จันทบุรี,นอกเขตเทศบาล,รวม,60 - 64 ปี,11769,คน,สำนักงานสถิติแห่งชาติ
2153,2543,ภาคกลาง,จันทบุรี,นอกเขตเทศบาล,ชาย,60 - 64 ปี,5914,คน,สำนักงานสถิติแห่งชาติ
2154,2543,ภาคกลาง,จันทบุรี,นอกเขตเทศบาล,หญิง,60 - 64 ปี,5855,คน,สำนักงานสถิติแห่งชาติ
2155,2553,ภาคกลาง,จันทบุรี,รวม,รวม,60 - 64 ปี,19309,คน,สำนักงานสถิติแห่งชาติ
2156,2553,ภาคกลาง,จันทบุรี,รวม,ชาย,60 - 64 ปี,9304,คน,สำนักงานสถิติแห่งชาติ
2157,2553,ภาคกลาง,จันทบุรี,รวม,หญิง,60 - 64 ปี,10006,คน,สำนักงานสถิติแห่งชาติ
2158,2553,ภาคกลาง,จันทบุรี,ในเขตเทศบาล,รวม,60 - 64 ปี,9995,คน,สำนักงานสถิติแห่งชาติ
2159,2553,ภาคกลาง,จันทบุรี,ในเขตเทศบาล,ชาย,60 - 64 ปี,4747,คน,สำนักงานสถิติแห่งชาติ
2160,2553,ภาคกลาง,จันทบุรี,ในเขตเทศบาล,หญิง,60 - 64 ปี,5247,คน,สำนักงานสถิติแห่งชาติ
2161,2553,ภาคกลาง,จันทบุรี,นอกเขตเทศบาล,รวม,60 - 64 ปี,9315,คน,สำนักงานสถิติแห่งชาติ
2162,2553,ภาคกลาง,จันทบุรี,นอกเขตเทศบาล,ชาย,60 - 64 ปี,4557,คน,สำนักงานสถิติแห่งชาติ
2163,2553,ภาคกลาง,จันทบุรี,นอกเขตเทศบาล,หญิง,60 - 64 ปี,4758,คน,สำนักงานสถิติแห่งชาติ
2164,2533,ภาคกลาง,จันทบุรี,รวม,รวม,65 - 69 ปี,6732,คน,สำนักงานสถิติแห่งชาติ
2165,2533,ภาคกลาง,จันทบุรี,รวม,ชาย,65 - 69 ปี,3290,คน,สำนักงานสถิติแห่งชาติ
2166,2533,ภาคกลาง,จันทบุรี,รวม,หญิง,65 - 69 ปี,3442,คน,สำนักงานสถิติแห่งชาติ
2167,2533,ภาคกลาง,จันทบุรี,ในเขตเทศบาล,รวม,65 - 69 ปี,856,คน,สำนักงานสถิติแห่งชาติ
2168,2533,ภาคกลาง,จันทบุรี,ในเขตเทศบาล,ชาย,65 - 69 ปี,357,คน,สำนักงานสถิติแห่งชาติ
2169,2533,ภาคกลาง,จันทบุรี,ในเขตเทศบาล,หญิง,65 - 69 ปี,499,คน,สำนักงานสถิติแห่งชาติ
2170,2533,ภาคกลาง,จันทบุรี,นอกเขตเทศบาล,รวม,65 - 69 ปี,5876,คน,สำนักงานสถิติแห่งชาติ
2171,2533,ภาคกลาง,จันทบุรี,นอกเขตเทศบาล,ชาย,65 - 69 ปี,2933,คน,สำนักงานสถิติแห่งชาติ
2172,2533,ภาคกลาง,จันทบุรี,นอกเขตเทศบาล,หญิง,65 - 69 ปี,2943,คน,สำนักงานสถิติแห่งชาติ
2173,2543,ภาคกลาง,จันทบุรี,รวม,รวม,65 - 69 ปี,12766,คน,สำนักงานสถิติแห่งชาติ
2174,2543,ภาคกลาง,จันทบุรี,รวม,ชาย,65 - 69 ปี,6119,คน,สำนักงานสถิติแห่งชาติ
2175,2543,ภาคกลาง,จันทบุรี,รวม,หญิง,65 - 69 ปี,6647,คน,สำนักงานสถิติแห่งชาติ
2176,2543,ภาคกลาง,จันทบุรี,ในเขตเทศบาล,รวม,65 - 69 ปี,3626,คน,สำนักงานสถิติแห่งชาติ
2177,2543,ภาคกลาง,จันทบุรี,ในเขตเทศบาล,ชาย,65 - 69 ปี,1586,คน,สำนักงานสถิติแห่งชาติ
2178,2543,ภาคกลาง,จันทบุรี,ในเขตเทศบาล,หญิง,65 - 69 ปี,2040,คน,สำนักงานสถิติแห่งชาติ
2179,2543,ภาคกลาง,จันทบุรี,นอกเขตเทศบาล,รวม,65 - 69 ปี,9140,คน,สำนักงานสถิติแห่งชาติ
2180,2543,ภาคกลาง,จันทบุรี,นอกเขตเทศบาล,ชาย,65 - 69 ปี,4533,คน,สำนักงานสถิติแห่งชาติ
2181,2543,ภาคกลาง,จันทบุรี,นอกเขตเทศบาล,หญิง,65 - 69 ปี,4607,คน,สำนักงานสถิติแห่งชาติ
2182,2553,ภาคกลาง,จันทบุรี,รวม,รวม,65 - 69 ปี,14246,คน,สำนักงานสถิติแห่งชาติ
2183,2553,ภาคกลาง,จันทบุรี,รวม,ชาย,65 - 69 ปี,6946,คน,สำนักงานสถิติแห่งชาติ
2184,2553,ภาคกลาง,จันทบุรี,รวม,หญิง,65 - 69 ปี,7300,คน,สำนักงานสถิติแห่งชาติ
2185,2553,ภาคกลาง,จันทบุรี,ในเขตเทศบาล,รวม,65 - 69 ปี,6929,คน,สำนักงานสถิติแห่งชาติ
2186,2553,ภาคกลาง,จันทบุรี,ในเขตเทศบาล,ชาย,65 - 69 ปี,3281,คน,สำนักงานสถิติแห่งชาติ
2187,2553,ภาคกลาง,จันทบุรี,ในเขตเทศบาล,หญิง,65 - 69 ปี,3648,คน,สำนักงานสถิติแห่งชาติ
2188,2553,ภาคกลาง,จันทบุรี,นอกเขตเทศบาล,รวม,65 - 69 ปี,7317,คน,สำนักงานสถิติแห่งชาติ
2189,2553,ภาคกลาง,จันทบุรี,นอกเขตเทศบาล,ชาย,65 - 69 ปี,3665,คน,สำนักงานสถิติแห่งชาติ
2190,2553,ภาคกลาง,จันทบุรี,นอกเขตเทศบาล,หญิง,65 - 69 ปี,3652,คน,สำนักงานสถิติแห่งชาติ
2191,2533,ภาคกลาง,จันทบุรี,รวม,รวม,70 - 74 ปี,4742,คน,สำนักงานสถิติแห่งชาติ
2192,2533,ภาคกลาง,จันทบุรี,รวม,ชาย,70 - 74 ปี,2186,คน,สำนักงานสถิติแห่งชาติ
2193,2533,ภาคกลาง,จันทบุรี,รวม,หญิง,70 - 74 ปี,2556,คน,สำนักงานสถิติแห่งชาติ
2194,2533,ภาคกลาง,จันทบุรี,ในเขตเทศบาล,รวม,70 - 74 ปี,620,คน,สำนักงานสถิติแห่งชาติ
2195,2533,ภาคกลาง,จันทบุรี,ในเขตเทศบาล,ชาย,70 - 74 ปี,264,คน,สำนักงานสถิติแห่งชาติ
2196,2533,ภาคกลาง,จันทบุรี,ในเขตเทศบาล,หญิง,70 - 74 ปี,356,คน,สำนักงานสถิติแห่งชาติ
2197,2533,ภาคกลาง,จันทบุรี,นอกเขตเทศบาล,รวม,70 - 74 ปี,4122,คน,สำนักงานสถิติแห่งชาติ
2198,2533,ภาคกลาง,จันทบุรี,นอกเขตเทศบาล,ชาย,70 - 74 ปี,1922,คน,สำนักงานสถิติแห่งชาติ
2199,2533,ภาคกลาง,จันทบุรี,นอกเขตเทศบาล,หญิง,70 - 74 ปี,2200,คน,สำนักงานสถิติแห่งชาติ
2200,2543,ภาคกลาง,จันทบุรี,รวม,รวม,70 - 74 ปี,8897,คน,สำนักงานสถิติแห่งชาติ
2201,2543,ภาคกลาง,จันทบุรี,รวม,ชาย,70 - 74 ปี,4182,คน,สำนักงานสถิติแห่งชาติ
2202,2543,ภาคกลาง,จันทบุรี,รวม,หญิง,70 - 74 ปี,4715,คน,สำนักงานสถิติแห่งชาติ
2203,2543,ภาคกลาง,จันทบุรี,ในเขตเทศบาล,รวม,70 - 74 ปี,2754,คน,สำนักงานสถิติแห่งชาติ
2204,2543,ภาคกลาง,จันทบุรี,ในเขตเทศบาล,ชาย,70 - 74 ปี,1229,คน,สำนักงานสถิติแห่งชาติ
2205,2543,ภาคกลาง,จันทบุรี,ในเขตเทศบาล,หญิง,70 - 74 ปี,1525,คน,สำนักงานสถิติแห่งชาติ
2206,2543,ภาคกลาง,จันทบุรี,นอกเขตเทศบาล,รวม,70 - 74 ปี,6143,คน,สำนักงานสถิติแห่งชาติ
2207,2543,ภาคกลาง,จันทบุรี,นอกเขตเทศบาล,ชาย,70 - 74 ปี,2953,คน,สำนักงานสถิติแห่งชาติ
2208,2543,ภาคกลาง,จันทบุรี,นอกเขตเทศบาล,หญิง,70 - 74 ปี,3190,คน,สำนักงานสถิติแห่งชาติ
2209,2553,ภาคกลาง,จันทบุรี,รวม,รวม,70 - 74 ปี,12799,คน,สำนักงานสถิติแห่งชาติ
2210,2553,ภาคกลาง,จันทบุรี,รวม,ชาย,70 - 74 ปี,5898,คน,สำนักงานสถิติแห่งชาติ
2211,2553,ภาคกลาง,จันทบุรี,รวม,หญิง,70 - 74 ปี,6900,คน,สำนักงานสถิติแห่งชาติ
2212,2553,ภาคกลาง,จันทบุรี,ในเขตเทศบาล,รวม,70 - 74 ปี,6229,คน,สำนักงานสถิติแห่งชาติ
2213,2553,ภาคกลาง,จันทบุรี,ในเขตเทศบาล,ชาย,70 - 74 ปี,2772,คน,สำนักงานสถิติแห่งชาติ
2214,2553,ภาคกลาง,จันทบุรี,ในเขตเทศบาล,หญิง,70 - 74 ปี,3457,คน,สำนักงานสถิติแห่งชาติ
2215,2553,ภาคกลาง,จันทบุรี,นอกเขตเทศบาล,รวม,70 - 74 ปี,6570,คน,สำนักงานสถิติแห่งชาติ
2216,2553,ภาคกลาง,จันทบุรี,นอกเขตเทศบาล,ชาย,70 - 74 ปี,3127,คน,สำนักงานสถิติแห่งชาติ
2217,2553,ภาคกลาง,จันทบุรี,นอกเขตเทศบาล,หญิง,70 - 74 ปี,3443,คน,สำนักงานสถิติแห่งชาติ
2218,2533,ภาคกลาง,จันทบุรี,รวม,รวม,75 - 79 ปี,2978,คน,สำนักงานสถิติแห่งชาติ
2219,2533,ภาคกลาง,จันทบุรี,รวม,ชาย,75 - 79 ปี,1308,คน,สำนักงานสถิติแห่งชาติ
2220,2533,ภาคกลาง,จันทบุรี,รวม,หญิง,75 - 79 ปี,1670,คน,สำนักงานสถิติแห่งชาติ
2221,2533,ภาคกลาง,จันทบุรี,ในเขตเทศบาล,รวม,75 - 79 ปี,427,คน,สำนักงานสถิติแห่งชาติ
2222,2533,ภาคกลาง,จันทบุรี,ในเขตเทศบาล,ชาย,75 - 79 ปี,173,คน,สำนักงานสถิติแห่งชาติ
2223,2533,ภาคกลาง,จันทบุรี,ในเขตเทศบาล,หญิง,75 - 79 ปี,254,คน,สำนักงานสถิติแห่งชาติ
2224,2533,ภาคกลาง,จันทบุรี,นอกเขตเทศบาล,รวม,75 - 79 ปี,2551,คน,สำนักงานสถิติแห่งชาติ
2225,2533,ภาคกลาง,จันทบุรี,นอกเขตเทศบาล,ชาย,75 - 79 ปี,1135,คน,สำนักงานสถิติแห่งชาติ
2226,2533,ภาคกลาง,จันทบุรี,นอกเขตเทศบาล,หญิง,75 - 79 ปี,1416,คน,สำนักงานสถิติแห่งชาติ
2227,2543,ภาคกลาง,จันทบุรี,รวม,รวม,75 - 79 ปี,5232,คน,สำนักงานสถิติแห่งชาติ
2228,2543,ภาคกลาง,จันทบุรี,รวม,ชาย,75 - 79 ปี,2293,คน,สำนักงานสถิติแห่งชาติ
2229,2543,ภาคกลาง,จันทบุรี,รวม,หญิง,75 - 79 ปี,2939,คน,สำนักงานสถิติแห่งชาติ
2230,2543,ภาคกลาง,จันทบุรี,ในเขตเทศบาล,รวม,75 - 79 ปี,1686,คน,สำนักงานสถิติแห่งชาติ
2231,2543,ภาคกลาง,จันทบุรี,ในเขตเทศบาล,ชาย,75 - 79 ปี,683,คน,สำนักงานสถิติแห่งชาติ
2232,2543,ภาคกลาง,จันทบุรี,ในเขตเทศบาล,หญิง,75 - 79 ปี,1003,คน,สำนักงานสถิติแห่งชาติ
2233,2543,ภาคกลาง,จันทบุรี,นอกเขตเทศบาล,รวม,75 - 79 ปี,3546,คน,สำนักงานสถิติแห่งชาติ
2234,2543,ภาคกลาง,จันทบุรี,นอกเขตเทศบาล,ชาย,75 - 79 ปี,1610,คน,สำนักงานสถิติแห่งชาติ
2235,2543,ภาคกลาง,จันทบุรี,นอกเขตเทศบาล,หญิง,75 - 79 ปี,1936,คน,สำนักงานสถิติแห่งชาติ
2236,2553,ภาคกลาง,จันทบุรี,รวม,รวม,75 - 79 ปี,9170,คน,สำนักงานสถิติแห่งชาติ
2237,2553,ภาคกลาง,จันทบุรี,รวม,ชาย,75 - 79 ปี,3999,คน,สำนักงานสถิติแห่งชาติ
2238,2553,ภาคกลาง,จันทบุรี,รวม,หญิง,75 - 79 ปี,5170,คน,สำนักงานสถิติแห่งชาติ
2239,2553,ภาคกลาง,จันทบุรี,ในเขตเทศบาล,รวม,75 - 79 ปี,4550,คน,สำนักงานสถิติแห่งชาติ
2240,2553,ภาคกลาง,จันทบุรี,ในเขตเทศบาล,ชาย,75 - 79 ปี,1959,คน,สำนักงานสถิติแห่งชาติ
2241,2553,ภาคกลาง,จันทบุรี,ในเขตเทศบาล,หญิง,75 - 79 ปี,2591,คน,สำนักงานสถิติแห่งชาติ
2242,2553,ภาคกลาง,จันทบุรี,นอกเขตเทศบาล,รวม,75 - 79 ปี,4620,คน,สำนักงานสถิติแห่งชาติ
2243,2553,ภาคกลาง,จันทบุรี,นอกเขตเทศบาล,ชาย,75 - 79 ปี,2040,คน,สำนักงานสถิติแห่งชาติ
2244,2553,ภาคกลาง,จันทบุรี,นอกเขตเทศบาล,หญิง,75 - 79 ปี,2580,คน,สำนักงานสถิติแห่งชาติ
2245,2533,ภาคกลาง,จันทบุรี,รวม,รวม,80 ปีขึ้นไป   ,3103,คน,สำนักงานสถิติแห่งชาติ
2246,2533,ภาคกลาง,จันทบุรี,รวม,ชาย,80 ปีขึ้นไป   ,1174,คน,สำนักงานสถิติแห่งชาติ
2247,2533,ภาคกลาง,จันทบุรี,รวม,หญิง,80 ปีขึ้นไป   ,1929,คน,สำนักงานสถิติแห่งชาติ
2248,2533,ภาคกลาง,จันทบุรี,ในเขตเทศบาล,รวม,80 ปีขึ้นไป   ,421,คน,สำนักงานสถิติแห่งชาติ
2249,2533,ภาคกลาง,จันทบุรี,ในเขตเทศบาล,ชาย,80 ปีขึ้นไป   ,152,คน,สำนักงานสถิติแห่งชาติ
2250,2533,ภาคกลาง,จันทบุรี,ในเขตเทศบาล,หญิง,80 ปีขึ้นไป   ,269,คน,สำนักงานสถิติแห่งชาติ
2251,2533,ภาคกลาง,จันทบุรี,นอกเขตเทศบาล,รวม,80 ปีขึ้นไป   ,2682,คน,สำนักงานสถิติแห่งชาติ
2252,2533,ภาคกลาง,จันทบุรี,นอกเขตเทศบาล,ชาย,80 ปีขึ้นไป   ,1022,คน,สำนักงานสถิติแห่งชาติ
2253,2533,ภาคกลาง,จันทบุรี,นอกเขตเทศบาล,หญิง,80 ปีขึ้นไป   ,1660,คน,สำนักงานสถิติแห่งชาติ
2254,2543,ภาคกลาง,จันทบุรี,รวม,รวม,80 ปีขึ้นไป   ,4959,คน,สำนักงานสถิติแห่งชาติ
2255,2543,ภาคกลาง,จันทบุรี,รวม,ชาย,80 ปีขึ้นไป   ,1893,คน,สำนักงานสถิติแห่งชาติ
2256,2543,ภาคกลาง,จันทบุรี,รวม,หญิง,80 ปีขึ้นไป   ,3066,คน,สำนักงานสถิติแห่งชาติ
2257,2543,ภาคกลาง,จันทบุรี,ในเขตเทศบาล,รวม,80 ปีขึ้นไป   ,1591,คน,สำนักงานสถิติแห่งชาติ
2258,2543,ภาคกลาง,จันทบุรี,ในเขตเทศบาล,ชาย,80 ปีขึ้นไป   ,560,คน,สำนักงานสถิติแห่งชาติ
2259,2543,ภาคกลาง,จันทบุรี,ในเขตเทศบาล,หญิง,80 ปีขึ้นไป   ,1031,คน,สำนักงานสถิติแห่งชาติ
2260,2543,ภาคกลาง,จันทบุรี,นอกเขตเทศบาล,รวม,80 ปีขึ้นไป   ,3368,คน,สำนักงานสถิติแห่งชาติ
2261,2543,ภาคกลาง,จันทบุรี,นอกเขตเทศบาล,ชาย,80 ปีขึ้นไป   ,1333,คน,สำนักงานสถิติแห่งชาติ
2262,2543,ภาคกลาง,จันทบุรี,นอกเขตเทศบาล,หญิง,80 ปีขึ้นไป   ,2035,คน,สำนักงานสถิติแห่งชาติ
2263,2553,ภาคกลาง,จันทบุรี,รวม,รวม,80 ปีขึ้นไป   ,9442,คน,สำนักงานสถิติแห่งชาติ
2264,2553,ภาคกลาง,จันทบุรี,รวม,ชาย,80 ปีขึ้นไป   ,3753,คน,สำนักงานสถิติแห่งชาติ
2265,2553,ภาคกลาง,จันทบุรี,รวม,หญิง,80 ปีขึ้นไป   ,5687,คน,สำนักงานสถิติแห่งชาติ
2266,2553,ภาคกลาง,จันทบุรี,ในเขตเทศบาล,รวม,80 ปีขึ้นไป   ,5079,คน,สำนักงานสถิติแห่งชาติ
2267,2553,ภาคกลาง,จันทบุรี,ในเขตเทศบาล,ชาย,80 ปีขึ้นไป   ,1960,คน,สำนักงานสถิติแห่งชาติ
2268,2553,ภาคกลาง,จันทบุรี,ในเขตเทศบาล,หญิง,80 ปีขึ้นไป   ,3119,คน,สำนักงานสถิติแห่งชาติ
2269,2553,ภาคกลาง,จันทบุรี,นอกเขตเทศบาล,รวม,80 ปีขึ้นไป   ,4360,คน,สำนักงานสถิติแห่งชาติ
2270,2553,ภาคกลาง,จันทบุรี,นอกเขตเทศบาล,ชาย,80 ปีขึ้นไป   ,1793,คน,สำนักงานสถิติแห่งชาติ
2271,2553,ภาคกลาง,จันทบุรี,นอกเขตเทศบาล,หญิง,80 ปีขึ้นไป   ,2568,คน,สำนักงานสถิติแห่งชาติ
2272,2533,ภาคกลาง,ฉะเชิงเทรา,รวม,รวม,รวม,552108,คน,สำนักงานสถิติแห่งชาติ
2273,2533,ภาคกลาง,ฉะเชิงเทรา,รวม,ชาย,รวม,270533,คน,สำนักงานสถิติแห่งชาติ
2274,2533,ภาคกลาง,ฉะเชิงเทรา,รวม,หญิง,รวม,281575,คน,สำนักงานสถิติแห่งชาติ
2275,2533,ภาคกลาง,ฉะเชิงเทรา,ในเขตเทศบาล,รวม,รวม,461461,คน,สำนักงานสถิติแห่งชาติ
2276,2533,ภาคกลาง,ฉะเชิงเทรา,ในเขตเทศบาล,ชาย,รวม,22184,คน,สำนักงานสถิติแห่งชาติ
2277,2533,ภาคกลาง,ฉะเชิงเทรา,ในเขตเทศบาล,หญิง,รวม,24277,คน,สำนักงานสถิติแห่งชาติ
2278,2533,ภาคกลาง,ฉะเชิงเทรา,นอกเขตเทศบาล,รวม,รวม,505647,คน,สำนักงานสถิติแห่งชาติ
2279,2533,ภาคกลาง,ฉะเชิงเทรา,นอกเขตเทศบาล,ชาย,รวม,248349,คน,สำนักงานสถิติแห่งชาติ
2280,2533,ภาคกลาง,ฉะเชิงเทรา,นอกเขตเทศบาล,หญิง,รวม,257298,คน,สำนักงานสถิติแห่งชาติ
2281,2543,ภาคกลาง,ฉะเชิงเทรา,รวม,รวม,รวม,635153,คน,สำนักงานสถิติแห่งชาติ
2282,2543,ภาคกลาง,ฉะเชิงเทรา,รวม,ชาย,รวม,312034,คน,สำนักงานสถิติแห่งชาติ
2283,2543,ภาคกลาง,ฉะเชิงเทรา,รวม,หญิง,รวม,323119,คน,สำนักงานสถิติแห่งชาติ
2284,2543,ภาคกลาง,ฉะเชิงเทรา,ในเขตเทศบาล,รวม,รวม,133540,คน,สำนักงานสถิติแห่งชาติ
2285,2543,ภาคกลาง,ฉะเชิงเทรา,ในเขตเทศบาล,ชาย,รวม,64592,คน,สำนักงานสถิติแห่งชาติ
2286,2543,ภาคกลาง,ฉะเชิงเทรา,ในเขตเทศบาล,หญิง,รวม,68948,คน,สำนักงานสถิติแห่งชาติ
2287,2543,ภาคกลาง,ฉะเชิงเทรา,นอกเขตเทศบาล,รวม,รวม,501613,คน,สำนักงานสถิติแห่งชาติ
2288,2543,ภาคกลาง,ฉะเชิงเทรา,นอกเขตเทศบาล,ชาย,รวม,247442,คน,สำนักงานสถิติแห่งชาติ
2289,2543,ภาคกลาง,ฉะเชิงเทรา,นอกเขตเทศบาล,หญิง,รวม,254171,คน,สำนักงานสถิติแห่งชาติ
2290,2553,ภาคกลาง,ฉะเชิงเทรา,รวม,รวม,รวม,715603,คน,สำนักงานสถิติแห่งชาติ
2291,2553,ภาคกลาง,ฉะเชิงเทรา,รวม,ชาย,รวม,354566,คน,สำนักงานสถิติแห่งชาติ
2292,2553,ภาคกลาง,ฉะเชิงเทรา,รวม,หญิง,รวม,361037,คน,สำนักงานสถิติแห่งชาติ
2293,2553,ภาคกลาง,ฉะเชิงเทรา,ในเขตเทศบาล,รวม,รวม,206250,คน,สำนักงานสถิติแห่งชาติ
2294,2553,ภาคกลาง,ฉะเชิงเทรา,ในเขตเทศบาล,ชาย,รวม,101563,คน,สำนักงานสถิติแห่งชาติ
2295,2553,ภาคกลาง,ฉะเชิงเทรา,ในเขตเทศบาล,หญิง,รวม,104688,คน,สำนักงานสถิติแห่งชาติ
2296,2553,ภาคกลาง,ฉะเชิงเทรา,นอกเขตเทศบาล,รวม,รวม,509353,คน,สำนักงานสถิติแห่งชาติ
2297,2553,ภาคกลาง,ฉะเชิงเทรา,นอกเขตเทศบาล,ชาย,รวม,253003,คน,สำนักงานสถิติแห่งชาติ
2298,2553,ภาคกลาง,ฉะเชิงเทรา,นอกเขตเทศบาล,หญิง,รวม,256350,คน,สำนักงานสถิติแห่งชาติ
2299,2533,ภาคกลาง,ฉะเชิงเทรา,รวม,รวม,0 - 4 ปี,45091,คน,สำนักงานสถิติแห่งชาติ
2300,2533,ภาคกลาง,ฉะเชิงเทรา,รวม,ชาย,0 - 4 ปี,23089,คน,สำนักงานสถิติแห่งชาติ
2301,2533,ภาคกลาง,ฉะเชิงเทรา,รวม,หญิง,0 - 4 ปี,22002,คน,สำนักงานสถิติแห่งชาติ
2302,2533,ภาคกลาง,ฉะเชิงเทรา,ในเขตเทศบาล,รวม,0 - 4 ปี,3296,คน,สำนักงานสถิติแห่งชาติ
2303,2533,ภาคกลาง,ฉะเชิงเทรา,ในเขตเทศบาล,ชาย,0 - 4 ปี,1647,คน,สำนักงานสถิติแห่งชาติ
2304,2533,ภาคกลาง,ฉะเชิงเทรา,ในเขตเทศบาล,หญิง,0 - 4 ปี,1649,คน,สำนักงานสถิติแห่งชาติ
2305,2533,ภาคกลาง,ฉะเชิงเทรา,นอกเขตเทศบาล,รวม,0 - 4 ปี,41795,คน,สำนักงานสถิติแห่งชาติ
2306,2533,ภาคกลาง,ฉะเชิงเทรา,นอกเขตเทศบาล,ชาย,0 - 4 ปี,21442,คน,สำนักงานสถิติแห่งชาติ
2307,2533,ภาคกลาง,ฉะเชิงเทรา,นอกเขตเทศบาล,หญิง,0 - 4 ปี,20353,คน,สำนักงานสถิติแห่งชาติ
2308,2543,ภาคกลาง,ฉะเชิงเทรา,รวม,รวม,0 - 4 ปี,46194,คน,สำนักงานสถิติแห่งชาติ
2309,2543,ภาคกลาง,ฉะเชิงเทรา,รวม,ชาย,0 - 4 ปี,23588,คน,สำนักงานสถิติแห่งชาติ
2310,2543,ภาคกลาง,ฉะเชิงเทรา,รวม,หญิง,0 - 4 ปี,22606,คน,สำนักงานสถิติแห่งชาติ
2311,2543,ภาคกลาง,ฉะเชิงเทรา,ในเขตเทศบาล,รวม,0 - 4 ปี,8572,คน,สำนักงานสถิติแห่งชาติ
2312,2543,ภาคกลาง,ฉะเชิงเทรา,ในเขตเทศบาล,ชาย,0 - 4 ปี,4351,คน,สำนักงานสถิติแห่งชาติ
2313,2543,ภาคกลาง,ฉะเชิงเทรา,ในเขตเทศบาล,หญิง,0 - 4 ปี,4221,คน,สำนักงานสถิติแห่งชาติ
2314,2543,ภาคกลาง,ฉะเชิงเทรา,นอกเขตเทศบาล,รวม,0 - 4 ปี,37622,คน,สำนักงานสถิติแห่งชาติ
2315,2543,ภาคกลาง,ฉะเชิงเทรา,นอกเขตเทศบาล,ชาย,0 - 4 ปี,19237,คน,สำนักงานสถิติแห่งชาติ
2316,2543,ภาคกลาง,ฉะเชิงเทรา,นอกเขตเทศบาล,หญิง,0 - 4 ปี,18385,คน,สำนักงานสถิติแห่งชาติ
2317,2553,ภาคกลาง,ฉะเชิงเทรา,รวม,รวม,0 - 4 ปี,41580,คน,สำนักงานสถิติแห่งชาติ
2318,2553,ภาคกลาง,ฉะเชิงเทรา,รวม,ชาย,0 - 4 ปี,21737,คน,สำนักงานสถิติแห่งชาติ
2319,2553,ภาคกลาง,ฉะเชิงเทรา,รวม,หญิง,0 - 4 ปี,19842,คน,สำนักงานสถิติแห่งชาติ
2320,2553,ภาคกลาง,ฉะเชิงเทรา,ในเขตเทศบาล,รวม,0 - 4 ปี,10334,คน,สำนักงานสถิติแห่งชาติ
2321,2553,ภาคกลาง,ฉะเชิงเทรา,ในเขตเทศบาล,ชาย,0 - 4 ปี,5418,คน,สำนักงานสถิติแห่งชาติ
2322,2553,ภาคกลาง,ฉะเชิงเทรา,ในเขตเทศบาล,หญิง,0 - 4 ปี,4916,คน,สำนักงานสถิติแห่งชาติ
2323,2553,ภาคกลาง,ฉะเชิงเทรา,นอกเขตเทศบาล,รวม,0 - 4 ปี,31245,คน,สำนักงานสถิติแห่งชาติ
2324,2553,ภาคกลาง,ฉะเชิงเทรา,นอกเขตเทศบาล,ชาย,0 - 4 ปี,16319,คน,สำนักงานสถิติแห่งชาติ
2325,2553,ภาคกลาง,ฉะเชิงเทรา,นอกเขตเทศบาล,หญิง,0 - 4 ปี,14926,คน,สำนักงานสถิติแห่งชาติ
2326,2533,ภาคกลาง,ฉะเชิงเทรา,รวม,รวม,5 - 9 ปี,53526,คน,สำนักงานสถิติแห่งชาติ
2327,2533,ภาคกลาง,ฉะเชิงเทรา,รวม,ชาย,5 - 9 ปี,27286,คน,สำนักงานสถิติแห่งชาติ
2328,2533,ภาคกลาง,ฉะเชิงเทรา,รวม,หญิง,5 - 9 ปี,26240,คน,สำนักงานสถิติแห่งชาติ
2329,2533,ภาคกลาง,ฉะเชิงเทรา,ในเขตเทศบาล,รวม,5 - 9 ปี,3857,คน,สำนักงานสถิติแห่งชาติ
2330,2533,ภาคกลาง,ฉะเชิงเทรา,ในเขตเทศบาล,ชาย,5 - 9 ปี,1917,คน,สำนักงานสถิติแห่งชาติ
2331,2533,ภาคกลาง,ฉะเชิงเทรา,ในเขตเทศบาล,หญิง,5 - 9 ปี,1940,คน,สำนักงานสถิติแห่งชาติ
2332,2533,ภาคกลาง,ฉะเชิงเทรา,นอกเขตเทศบาล,รวม,5 - 9 ปี,49669,คน,สำนักงานสถิติแห่งชาติ
2333,2533,ภาคกลาง,ฉะเชิงเทรา,นอกเขตเทศบาล,ชาย,5 - 9 ปี,25369,คน,สำนักงานสถิติแห่งชาติ
2334,2533,ภาคกลาง,ฉะเชิงเทรา,นอกเขตเทศบาล,หญิง,5 - 9 ปี,24300,คน,สำนักงานสถิติแห่งชาติ
2335,2543,ภาคกลาง,ฉะเชิงเทรา,รวม,รวม,5 - 9 ปี,51399,คน,สำนักงานสถิติแห่งชาติ
2336,2543,ภาคกลาง,ฉะเชิงเทรา,รวม,ชาย,5 - 9 ปี,26581,คน,สำนักงานสถิติแห่งชาติ
2337,2543,ภาคกลาง,ฉะเชิงเทรา,รวม,หญิง,5 - 9 ปี,24818,คน,สำนักงานสถิติแห่งชาติ
2338,2543,ภาคกลาง,ฉะเชิงเทรา,ในเขตเทศบาล,รวม,5 - 9 ปี,9335,คน,สำนักงานสถิติแห่งชาติ
2339,2543,ภาคกลาง,ฉะเชิงเทรา,ในเขตเทศบาล,ชาย,5 - 9 ปี,4947,คน,สำนักงานสถิติแห่งชาติ
2340,2543,ภาคกลาง,ฉะเชิงเทรา,ในเขตเทศบาล,หญิง,5 - 9 ปี,4388,คน,สำนักงานสถิติแห่งชาติ
2341,2543,ภาคกลาง,ฉะเชิงเทรา,นอกเขตเทศบาล,รวม,5 - 9 ปี,42064,คน,สำนักงานสถิติแห่งชาติ
2342,2543,ภาคกลาง,ฉะเชิงเทรา,นอกเขตเทศบาล,ชาย,5 - 9 ปี,21634,คน,สำนักงานสถิติแห่งชาติ
2343,2543,ภาคกลาง,ฉะเชิงเทรา,นอกเขตเทศบาล,หญิง,5 - 9 ปี,20430,คน,สำนักงานสถิติแห่งชาติ
2344,2553,ภาคกลาง,ฉะเชิงเทรา,รวม,รวม,5 - 9 ปี,43090,คน,สำนักงานสถิติแห่งชาติ
2345,2553,ภาคกลาง,ฉะเชิงเทรา,รวม,ชาย,5 - 9 ปี,22151,คน,สำนักงานสถิติแห่งชาติ
2346,2553,ภาคกลาง,ฉะเชิงเทรา,รวม,หญิง,5 - 9 ปี,20938,คน,สำนักงานสถิติแห่งชาติ
2347,2553,ภาคกลาง,ฉะเชิงเทรา,ในเขตเทศบาล,รวม,5 - 9 ปี,10810,คน,สำนักงานสถิติแห่งชาติ
2348,2553,ภาคกลาง,ฉะเชิงเทรา,ในเขตเทศบาล,ชาย,5 - 9 ปี,5540,คน,สำนักงานสถิติแห่งชาติ
2349,2553,ภาคกลาง,ฉะเชิงเทรา,ในเขตเทศบาล,หญิง,5 - 9 ปี,5270,คน,สำนักงานสถิติแห่งชาติ
2350,2553,ภาคกลาง,ฉะเชิงเทรา,นอกเขตเทศบาล,รวม,5 - 9 ปี,32280,คน,สำนักงานสถิติแห่งชาติ
2351,2553,ภาคกลาง,ฉะเชิงเทรา,นอกเขตเทศบาล,ชาย,5 - 9 ปี,16612,คน,สำนักงานสถิติแห่งชาติ
2352,2553,ภาคกลาง,ฉะเชิงเทรา,นอกเขตเทศบาล,หญิง,5 - 9 ปี,15668,คน,สำนักงานสถิติแห่งชาติ
2353,2533,ภาคกลาง,ฉะเชิงเทรา,รวม,รวม,10 - 14 ปี,59587,คน,สำนักงานสถิติแห่งชาติ
2354,2533,ภาคกลาง,ฉะเชิงเทรา,รวม,ชาย,10 - 14 ปี,30210,คน,สำนักงานสถิติแห่งชาติ
2355,2533,ภาคกลาง,ฉะเชิงเทรา,รวม,หญิง,10 - 14 ปี,29377,คน,สำนักงานสถิติแห่งชาติ
2356,2533,ภาคกลาง,ฉะเชิงเทรา,ในเขตเทศบาล,รวม,10 - 14 ปี,4290,คน,สำนักงานสถิติแห่งชาติ
2357,2533,ภาคกลาง,ฉะเชิงเทรา,ในเขตเทศบาล,ชาย,10 - 14 ปี,2100,คน,สำนักงานสถิติแห่งชาติ
2358,2533,ภาคกลาง,ฉะเชิงเทรา,ในเขตเทศบาล,หญิง,10 - 14 ปี,2190,คน,สำนักงานสถิติแห่งชาติ
2359,2533,ภาคกลาง,ฉะเชิงเทรา,นอกเขตเทศบาล,รวม,10 - 14 ปี,55297,คน,สำนักงานสถิติแห่งชาติ
2360,2533,ภาคกลาง,ฉะเชิงเทรา,นอกเขตเทศบาล,ชาย,10 - 14 ปี,28110,คน,สำนักงานสถิติแห่งชาติ
2361,2533,ภาคกลาง,ฉะเชิงเทรา,นอกเขตเทศบาล,หญิง,10 - 14 ปี,27187,คน,สำนักงานสถิติแห่งชาติ
2362,2543,ภาคกลาง,ฉะเชิงเทรา,รวม,รวม,10 - 14 ปี,52489,คน,สำนักงานสถิติแห่งชาติ
2363,2543,ภาคกลาง,ฉะเชิงเทรา,รวม,ชาย,10 - 14 ปี,26988,คน,สำนักงานสถิติแห่งชาติ
2364,2543,ภาคกลาง,ฉะเชิงเทรา,รวม,หญิง,10 - 14 ปี,25501,คน,สำนักงานสถิติแห่งชาติ
2365,2543,ภาคกลาง,ฉะเชิงเทรา,ในเขตเทศบาล,รวม,10 - 14 ปี,9880,คน,สำนักงานสถิติแห่งชาติ
2366,2543,ภาคกลาง,ฉะเชิงเทรา,ในเขตเทศบาล,ชาย,10 - 14 ปี,5095,คน,สำนักงานสถิติแห่งชาติ
2367,2543,ภาคกลาง,ฉะเชิงเทรา,ในเขตเทศบาล,หญิง,10 - 14 ปี,4785,คน,สำนักงานสถิติแห่งชาติ
2368,2543,ภาคกลาง,ฉะเชิงเทรา,นอกเขตเทศบาล,รวม,10 - 14 ปี,42609,คน,สำนักงานสถิติแห่งชาติ
2369,2543,ภาคกลาง,ฉะเชิงเทรา,นอกเขตเทศบาล,ชาย,10 - 14 ปี,21893,คน,สำนักงานสถิติแห่งชาติ
2370,2543,ภาคกลาง,ฉะเชิงเทรา,นอกเขตเทศบาล,หญิง,10 - 14 ปี,20716,คน,สำนักงานสถิติแห่งชาติ
2371,2553,ภาคกลาง,ฉะเชิงเทรา,รวม,รวม,10 - 14 ปี,50554,คน,สำนักงานสถิติแห่งชาติ
2372,2553,ภาคกลาง,ฉะเชิงเทรา,รวม,ชาย,10 - 14 ปี,26273,คน,สำนักงานสถิติแห่งชาติ
2373,2553,ภาคกลาง,ฉะเชิงเทรา,รวม,หญิง,10 - 14 ปี,24281,คน,สำนักงานสถิติแห่งชาติ
2374,2553,ภาคกลาง,ฉะเชิงเทรา,ในเขตเทศบาล,รวม,10 - 14 ปี,13007,คน,สำนักงานสถิติแห่งชาติ
2375,2553,ภาคกลาง,ฉะเชิงเทรา,ในเขตเทศบาล,ชาย,10 - 14 ปี,6873,คน,สำนักงานสถิติแห่งชาติ
2376,2553,ภาคกลาง,ฉะเชิงเทรา,ในเขตเทศบาล,หญิง,10 - 14 ปี,6134,คน,สำนักงานสถิติแห่งชาติ
2377,2553,ภาคกลาง,ฉะเชิงเทรา,นอกเขตเทศบาล,รวม,10 - 14 ปี,37547,คน,สำนักงานสถิติแห่งชาติ
2378,2553,ภาคกลาง,ฉะเชิงเทรา,นอกเขตเทศบาล,ชาย,10 - 14 ปี,19400,คน,สำนักงานสถิติแห่งชาติ
2379,2553,ภาคกลาง,ฉะเชิงเทรา,นอกเขตเทศบาล,หญิง,10 - 14 ปี,18147,คน,สำนักงานสถิติแห่งชาติ
2380,2533,ภาคกลาง,ฉะเชิงเทรา,รวม,รวม,15 - 19 ปี,55811,คน,สำนักงานสถิติแห่งชาติ
2381,2533,ภาคกลาง,ฉะเชิงเทรา,รวม,ชาย,15 - 19 ปี,27932,คน,สำนักงานสถิติแห่งชาติ
2382,2533,ภาคกลาง,ฉะเชิงเทรา,รวม,หญิง,15 - 19 ปี,27879,คน,สำนักงานสถิติแห่งชาติ
2383,2533,ภาคกลาง,ฉะเชิงเทรา,ในเขตเทศบาล,รวม,15 - 19 ปี,4656,คน,สำนักงานสถิติแห่งชาติ
2384,2533,ภาคกลาง,ฉะเชิงเทรา,ในเขตเทศบาล,ชาย,15 - 19 ปี,2229,คน,สำนักงานสถิติแห่งชาติ
2385,2533,ภาคกลาง,ฉะเชิงเทรา,ในเขตเทศบาล,หญิง,15 - 19 ปี,2427,คน,สำนักงานสถิติแห่งชาติ
2386,2533,ภาคกลาง,ฉะเชิงเทรา,นอกเขตเทศบาล,รวม,15 - 19 ปี,51155,คน,สำนักงานสถิติแห่งชาติ
2387,2533,ภาคกลาง,ฉะเชิงเทรา,นอกเขตเทศบาล,ชาย,15 - 19 ปี,25703,คน,สำนักงานสถิติแห่งชาติ
2388,2533,ภาคกลาง,ฉะเชิงเทรา,นอกเขตเทศบาล,หญิง,15 - 19 ปี,25452,คน,สำนักงานสถิติแห่งชาติ
2389,2543,ภาคกลาง,ฉะเชิงเทรา,รวม,รวม,15 - 19 ปี,54949,คน,สำนักงานสถิติแห่งชาติ
2390,2543,ภาคกลาง,ฉะเชิงเทรา,รวม,ชาย,15 - 19 ปี,27822,คน,สำนักงานสถิติแห่งชาติ
2391,2543,ภาคกลาง,ฉะเชิงเทรา,รวม,หญิง,15 - 19 ปี,27127,คน,สำนักงานสถิติแห่งชาติ
2392,2543,ภาคกลาง,ฉะเชิงเทรา,ในเขตเทศบาล,รวม,15 - 19 ปี,11595,คน,สำนักงานสถิติแห่งชาติ
2393,2543,ภาคกลาง,ฉะเชิงเทรา,ในเขตเทศบาล,ชาย,15 - 19 ปี,5743,คน,สำนักงานสถิติแห่งชาติ
2394,2543,ภาคกลาง,ฉะเชิงเทรา,ในเขตเทศบาล,หญิง,15 - 19 ปี,5852,คน,สำนักงานสถิติแห่งชาติ
2395,2543,ภาคกลาง,ฉะเชิงเทรา,นอกเขตเทศบาล,รวม,15 - 19 ปี,43354,คน,สำนักงานสถิติแห่งชาติ
2396,2543,ภาคกลาง,ฉะเชิงเทรา,นอกเขตเทศบาล,ชาย,15 - 19 ปี,22079,คน,สำนักงานสถิติแห่งชาติ
2397,2543,ภาคกลาง,ฉะเชิงเทรา,นอกเขตเทศบาล,หญิง,15 - 19 ปี,21275,คน,สำนักงานสถิติแห่งชาติ
2398,2553,ภาคกลาง,ฉะเชิงเทรา,รวม,รวม,15 - 19 ปี,52325,คน,สำนักงานสถิติแห่งชาติ
2399,2553,ภาคกลาง,ฉะเชิงเทรา,รวม,ชาย,15 - 19 ปี,27035,คน,สำนักงานสถิติแห่งชาติ
2400,2553,ภาคกลาง,ฉะเชิงเทรา,รวม,หญิง,15 - 19 ปี,25290,คน,สำนักงานสถิติแห่งชาติ
2401,2553,ภาคกลาง,ฉะเชิงเทรา,ในเขตเทศบาล,รวม,15 - 19 ปี,15148,คน,สำนักงานสถิติแห่งชาติ
2402,2553,ภาคกลาง,ฉะเชิงเทรา,ในเขตเทศบาล,ชาย,15 - 19 ปี,7852,คน,สำนักงานสถิติแห่งชาติ
2403,2553,ภาคกลาง,ฉะเชิงเทรา,ในเขตเทศบาล,หญิง,15 - 19 ปี,7296,คน,สำนักงานสถิติแห่งชาติ
2404,2553,ภาคกลาง,ฉะเชิงเทรา,นอกเขตเทศบาล,รวม,15 - 19 ปี,37177,คน,สำนักงานสถิติแห่งชาติ
2405,2553,ภาคกลาง,ฉะเชิงเทรา,นอกเขตเทศบาล,ชาย,15 - 19 ปี,19183,คน,สำนักงานสถิติแห่งชาติ
2406,2553,ภาคกลาง,ฉะเชิงเทรา,นอกเขตเทศบาล,หญิง,15 - 19 ปี,17994,คน,สำนักงานสถิติแห่งชาติ
2407,2533,ภาคกลาง,ฉะเชิงเทรา,รวม,รวม,20 - 24 ปี,55685,คน,สำนักงานสถิติแห่งชาติ
2408,2533,ภาคกลาง,ฉะเชิงเทรา,รวม,ชาย,20 - 24 ปี,27386,คน,สำนักงานสถิติแห่งชาติ
2409,2533,ภาคกลาง,ฉะเชิงเทรา,รวม,หญิง,20 - 24 ปี,28299,คน,สำนักงานสถิติแห่งชาติ
2410,2533,ภาคกลาง,ฉะเชิงเทรา,ในเขตเทศบาล,รวม,20 - 24 ปี,4923,คน,สำนักงานสถิติแห่งชาติ
2411,2533,ภาคกลาง,ฉะเชิงเทรา,ในเขตเทศบาล,ชาย,20 - 24 ปี,2384,คน,สำนักงานสถิติแห่งชาติ
2412,2533,ภาคกลาง,ฉะเชิงเทรา,ในเขตเทศบาล,หญิง,20 - 24 ปี,2539,คน,สำนักงานสถิติแห่งชาติ
2413,2533,ภาคกลาง,ฉะเชิงเทรา,นอกเขตเทศบาล,รวม,20 - 24 ปี,50762,คน,สำนักงานสถิติแห่งชาติ
2414,2533,ภาคกลาง,ฉะเชิงเทรา,นอกเขตเทศบาล,ชาย,20 - 24 ปี,25002,คน,สำนักงานสถิติแห่งชาติ
2415,2533,ภาคกลาง,ฉะเชิงเทรา,นอกเขตเทศบาล,หญิง,20 - 24 ปี,25760,คน,สำนักงานสถิติแห่งชาติ
2416,2543,ภาคกลาง,ฉะเชิงเทรา,รวม,รวม,20 - 24 ปี,56906,คน,สำนักงานสถิติแห่งชาติ
2417,2543,ภาคกลาง,ฉะเชิงเทรา,รวม,ชาย,20 - 24 ปี,28250,คน,สำนักงานสถิติแห่งชาติ
2418,2543,ภาคกลาง,ฉะเชิงเทรา,รวม,หญิง,20 - 24 ปี,28656,คน,สำนักงานสถิติแห่งชาติ
2419,2543,ภาคกลาง,ฉะเชิงเทรา,ในเขตเทศบาล,รวม,20 - 24 ปี,12850,คน,สำนักงานสถิติแห่งชาติ
2420,2543,ภาคกลาง,ฉะเชิงเทรา,ในเขตเทศบาล,ชาย,20 - 24 ปี,6160,คน,สำนักงานสถิติแห่งชาติ
2421,2543,ภาคกลาง,ฉะเชิงเทรา,ในเขตเทศบาล,หญิง,20 - 24 ปี,6690,คน,สำนักงานสถิติแห่งชาติ
2422,2543,ภาคกลาง,ฉะเชิงเทรา,นอกเขตเทศบาล,รวม,20 - 24 ปี,44056,คน,สำนักงานสถิติแห่งชาติ
2423,2543,ภาคกลาง,ฉะเชิงเทรา,นอกเขตเทศบาล,ชาย,20 - 24 ปี,22090,คน,สำนักงานสถิติแห่งชาติ
2424,2543,ภาคกลาง,ฉะเชิงเทรา,นอกเขตเทศบาล,หญิง,20 - 24 ปี,21966,คน,สำนักงานสถิติแห่งชาติ
2425,2553,ภาคกลาง,ฉะเชิงเทรา,รวม,รวม,20 - 24 ปี,50978,คน,สำนักงานสถิติแห่งชาติ
2426,2553,ภาคกลาง,ฉะเชิงเทรา,รวม,ชาย,20 - 24 ปี,26407,คน,สำนักงานสถิติแห่งชาติ
2427,2553,ภาคกลาง,ฉะเชิงเทรา,รวม,หญิง,20 - 24 ปี,24571,คน,สำนักงานสถิติแห่งชาติ
2428,2553,ภาคกลาง,ฉะเชิงเทรา,ในเขตเทศบาล,รวม,20 - 24 ปี,16849,คน,สำนักงานสถิติแห่งชาติ
2429,2553,ภาคกลาง,ฉะเชิงเทรา,ในเขตเทศบาล,ชาย,20 - 24 ปี,8595,คน,สำนักงานสถิติแห่งชาติ
2430,2553,ภาคกลาง,ฉะเชิงเทรา,ในเขตเทศบาล,หญิง,20 - 24 ปี,8254,คน,สำนักงานสถิติแห่งชาติ
2431,2553,ภาคกลาง,ฉะเชิงเทรา,นอกเขตเทศบาล,รวม,20 - 24 ปี,34129,คน,สำนักงานสถิติแห่งชาติ
2432,2553,ภาคกลาง,ฉะเชิงเทรา,นอกเขตเทศบาล,ชาย,20 - 24 ปี,17812,คน,สำนักงานสถิติแห่งชาติ
2433,2553,ภาคกลาง,ฉะเชิงเทรา,นอกเขตเทศบาล,หญิง,20 - 24 ปี,16317,คน,สำนักงานสถิติแห่งชาติ
2434,2533,ภาคกลาง,ฉะเชิงเทรา,รวม,รวม,25 - 29 ปี,48650,คน,สำนักงานสถิติแห่งชาติ
2435,2533,ภาคกลาง,ฉะเชิงเทรา,รวม,ชาย,25 - 29 ปี,23715,คน,สำนักงานสถิติแห่งชาติ
2436,2533,ภาคกลาง,ฉะเชิงเทรา,รวม,หญิง,25 - 29 ปี,24935,คน,สำนักงานสถิติแห่งชาติ
2437,2533,ภาคกลาง,ฉะเชิงเทรา,ในเขตเทศบาล,รวม,25 - 29 ปี,4737,คน,สำนักงานสถิติแห่งชาติ
2438,2533,ภาคกลาง,ฉะเชิงเทรา,ในเขตเทศบาล,ชาย,25 - 29 ปี,2266,คน,สำนักงานสถิติแห่งชาติ
2439,2533,ภาคกลาง,ฉะเชิงเทรา,ในเขตเทศบาล,หญิง,25 - 29 ปี,2471,คน,สำนักงานสถิติแห่งชาติ
2440,2533,ภาคกลาง,ฉะเชิงเทรา,นอกเขตเทศบาล,รวม,25 - 29 ปี,43913,คน,สำนักงานสถิติแห่งชาติ
2441,2533,ภาคกลาง,ฉะเชิงเทรา,นอกเขตเทศบาล,ชาย,25 - 29 ปี,21449,คน,สำนักงานสถิติแห่งชาติ
2442,2533,ภาคกลาง,ฉะเชิงเทรา,นอกเขตเทศบาล,หญิง,25 - 29 ปี,22464,คน,สำนักงานสถิติแห่งชาติ
2443,2543,ภาคกลาง,ฉะเชิงเทรา,รวม,รวม,25 - 29 ปี,57761,คน,สำนักงานสถิติแห่งชาติ
2444,2543,ภาคกลาง,ฉะเชิงเทรา,รวม,ชาย,25 - 29 ปี,28170,คน,สำนักงานสถิติแห่งชาติ
2445,2543,ภาคกลาง,ฉะเชิงเทรา,รวม,หญิง,25 - 29 ปี,29591,คน,สำนักงานสถิติแห่งชาติ
2446,2543,ภาคกลาง,ฉะเชิงเทรา,ในเขตเทศบาล,รวม,25 - 29 ปี,13196,คน,สำนักงานสถิติแห่งชาติ
2447,2543,ภาคกลาง,ฉะเชิงเทรา,ในเขตเทศบาล,ชาย,25 - 29 ปี,6420,คน,สำนักงานสถิติแห่งชาติ
2448,2543,ภาคกลาง,ฉะเชิงเทรา,ในเขตเทศบาล,หญิง,25 - 29 ปี,6776,คน,สำนักงานสถิติแห่งชาติ
2449,2543,ภาคกลาง,ฉะเชิงเทรา,นอกเขตเทศบาล,รวม,25 - 29 ปี,44565,คน,สำนักงานสถิติแห่งชาติ
2450,2543,ภาคกลาง,ฉะเชิงเทรา,นอกเขตเทศบาล,ชาย,25 - 29 ปี,21750,คน,สำนักงานสถิติแห่งชาติ
2451,2543,ภาคกลาง,ฉะเชิงเทรา,นอกเขตเทศบาล,หญิง,25 - 29 ปี,22815,คน,สำนักงานสถิติแห่งชาติ
2452,2553,ภาคกลาง,ฉะเชิงเทรา,รวม,รวม,25 - 29 ปี,61125,คน,สำนักงานสถิติแห่งชาติ
2453,2553,ภาคกลาง,ฉะเชิงเทรา,รวม,ชาย,25 - 29 ปี,31590,คน,สำนักงานสถิติแห่งชาติ
2454,2553,ภาคกลาง,ฉะเชิงเทรา,รวม,หญิง,25 - 29 ปี,29535,คน,สำนักงานสถิติแห่งชาติ
2455,2553,ภาคกลาง,ฉะเชิงเทรา,ในเขตเทศบาล,รวม,25 - 29 ปี,21646,คน,สำนักงานสถิติแห่งชาติ
2456,2553,ภาคกลาง,ฉะเชิงเทรา,ในเขตเทศบาล,ชาย,25 - 29 ปี,11529,คน,สำนักงานสถิติแห่งชาติ
2457,2553,ภาคกลาง,ฉะเชิงเทรา,ในเขตเทศบาล,หญิง,25 - 29 ปี,10117,คน,สำนักงานสถิติแห่งชาติ
2458,2553,ภาคกลาง,ฉะเชิงเทรา,นอกเขตเทศบาล,รวม,25 - 29 ปี,39479,คน,สำนักงานสถิติแห่งชาติ
2459,2553,ภาคกลาง,ฉะเชิงเทรา,นอกเขตเทศบาล,ชาย,25 - 29 ปี,20061,คน,สำนักงานสถิติแห่งชาติ
2460,2553,ภาคกลาง,ฉะเชิงเทรา,นอกเขตเทศบาล,หญิง,25 - 29 ปี,19418,คน,สำนักงานสถิติแห่งชาติ
2461,2533,ภาคกลาง,ฉะเชิงเทรา,รวม,รวม,30 - 34 ปี,42619,คน,สำนักงานสถิติแห่งชาติ
2462,2533,ภาคกลาง,ฉะเชิงเทรา,รวม,ชาย,30 - 34 ปี,20706,คน,สำนักงานสถิติแห่งชาติ
2463,2533,ภาคกลาง,ฉะเชิงเทรา,รวม,หญิง,30 - 34 ปี,21913,คน,สำนักงานสถิติแห่งชาติ
2464,2533,ภาคกลาง,ฉะเชิงเทรา,ในเขตเทศบาล,รวม,30 - 34 ปี,4353,คน,สำนักงานสถิติแห่งชาติ
2465,2533,ภาคกลาง,ฉะเชิงเทรา,ในเขตเทศบาล,ชาย,30 - 34 ปี,2094,คน,สำนักงานสถิติแห่งชาติ
2466,2533,ภาคกลาง,ฉะเชิงเทรา,ในเขตเทศบาล,หญิง,30 - 34 ปี,2259,คน,สำนักงานสถิติแห่งชาติ
2467,2533,ภาคกลาง,ฉะเชิงเทรา,นอกเขตเทศบาล,รวม,30 - 34 ปี,38266,คน,สำนักงานสถิติแห่งชาติ
2468,2533,ภาคกลาง,ฉะเชิงเทรา,นอกเขตเทศบาล,ชาย,30 - 34 ปี,18612,คน,สำนักงานสถิติแห่งชาติ
2469,2533,ภาคกลาง,ฉะเชิงเทรา,นอกเขตเทศบาล,หญิง,30 - 34 ปี,19654,คน,สำนักงานสถิติแห่งชาติ
2470,2543,ภาคกลาง,ฉะเชิงเทรา,รวม,รวม,30 - 34 ปี,58384,คน,สำนักงานสถิติแห่งชาติ
2471,2543,ภาคกลาง,ฉะเชิงเทรา,รวม,ชาย,30 - 34 ปี,28434,คน,สำนักงานสถิติแห่งชาติ
2472,2543,ภาคกลาง,ฉะเชิงเทรา,รวม,หญิง,30 - 34 ปี,29950,คน,สำนักงานสถิติแห่งชาติ
2473,2543,ภาคกลาง,ฉะเชิงเทรา,ในเขตเทศบาล,รวม,30 - 34 ปี,12853,คน,สำนักงานสถิติแห่งชาติ
2474,2543,ภาคกลาง,ฉะเชิงเทรา,ในเขตเทศบาล,ชาย,30 - 34 ปี,6170,คน,สำนักงานสถิติแห่งชาติ
2475,2543,ภาคกลาง,ฉะเชิงเทรา,ในเขตเทศบาล,หญิง,30 - 34 ปี,6683,คน,สำนักงานสถิติแห่งชาติ
2476,2543,ภาคกลาง,ฉะเชิงเทรา,นอกเขตเทศบาล,รวม,30 - 34 ปี,45531,คน,สำนักงานสถิติแห่งชาติ
2477,2543,ภาคกลาง,ฉะเชิงเทรา,นอกเขตเทศบาล,ชาย,30 - 34 ปี,22264,คน,สำนักงานสถิติแห่งชาติ
2478,2543,ภาคกลาง,ฉะเชิงเทรา,นอกเขตเทศบาล,หญิง,30 - 34 ปี,23267,คน,สำนักงานสถิติแห่งชาติ
2479,2553,ภาคกลาง,ฉะเชิงเทรา,รวม,รวม,30 - 34 ปี,61891,คน,สำนักงานสถิติแห่งชาติ
2480,2553,ภาคกลาง,ฉะเชิงเทรา,รวม,ชาย,30 - 34 ปี,31498,คน,สำนักงานสถิติแห่งชาติ
2481,2553,ภาคกลาง,ฉะเชิงเทรา,รวม,หญิง,30 - 34 ปี,30394,คน,สำนักงานสถิติแห่งชาติ
2482,2553,ภาคกลาง,ฉะเชิงเทรา,ในเขตเทศบาล,รวม,30 - 34 ปี,19993,คน,สำนักงานสถิติแห่งชาติ
2483,2553,ภาคกลาง,ฉะเชิงเทรา,ในเขตเทศบาล,ชาย,30 - 34 ปี,10259,คน,สำนักงานสถิติแห่งชาติ
2484,2553,ภาคกลาง,ฉะเชิงเทรา,ในเขตเทศบาล,หญิง,30 - 34 ปี,9735,คน,สำนักงานสถิติแห่งชาติ
2485,2553,ภาคกลาง,ฉะเชิงเทรา,นอกเขตเทศบาล,รวม,30 - 34 ปี,41898,คน,สำนักงานสถิติแห่งชาติ
2486,2553,ภาคกลาง,ฉะเชิงเทรา,นอกเขตเทศบาล,ชาย,30 - 34 ปี,21239,คน,สำนักงานสถิติแห่งชาติ
2487,2553,ภาคกลาง,ฉะเชิงเทรา,นอกเขตเทศบาล,หญิง,30 - 34 ปี,20659,คน,สำนักงานสถิติแห่งชาติ
2488,2533,ภาคกลาง,ฉะเชิงเทรา,รวม,รวม,35 - 39 ปี,36966,คน,สำนักงานสถิติแห่งชาติ
2489,2533,ภาคกลาง,ฉะเชิงเทรา,รวม,ชาย,35 - 39 ปี,17849,คน,สำนักงานสถิติแห่งชาติ
2490,2533,ภาคกลาง,ฉะเชิงเทรา,รวม,หญิง,35 - 39 ปี,19117,คน,สำนักงานสถิติแห่งชาติ
2491,2533,ภาคกลาง,ฉะเชิงเทรา,ในเขตเทศบาล,รวม,35 - 39 ปี,3636,คน,สำนักงานสถิติแห่งชาติ
2492,2533,ภาคกลาง,ฉะเชิงเทรา,ในเขตเทศบาล,ชาย,35 - 39 ปี,1723,คน,สำนักงานสถิติแห่งชาติ
2493,2533,ภาคกลาง,ฉะเชิงเทรา,ในเขตเทศบาล,หญิง,35 - 39 ปี,1913,คน,สำนักงานสถิติแห่งชาติ
2494,2533,ภาคกลาง,ฉะเชิงเทรา,นอกเขตเทศบาล,รวม,35 - 39 ปี,33330,คน,สำนักงานสถิติแห่งชาติ
2495,2533,ภาคกลาง,ฉะเชิงเทรา,นอกเขตเทศบาล,ชาย,35 - 39 ปี,16126,คน,สำนักงานสถิติแห่งชาติ
2496,2533,ภาคกลาง,ฉะเชิงเทรา,นอกเขตเทศบาล,หญิง,35 - 39 ปี,17204,คน,สำนักงานสถิติแห่งชาติ
2497,2543,ภาคกลาง,ฉะเชิงเทรา,รวม,รวม,35 - 39 ปี,53582,คน,สำนักงานสถิติแห่งชาติ
2498,2543,ภาคกลาง,ฉะเชิงเทรา,รวม,ชาย,35 - 39 ปี,26317,คน,สำนักงานสถิติแห่งชาติ
2499,2543,ภาคกลาง,ฉะเชิงเทรา,รวม,หญิง,35 - 39 ปี,27265,คน,สำนักงานสถิติแห่งชาติ
2500,2543,ภาคกลาง,ฉะเชิงเทรา,ในเขตเทศบาล,รวม,35 - 39 ปี,11883,คน,สำนักงานสถิติแห่งชาติ
2501,2543,ภาคกลาง,ฉะเชิงเทรา,ในเขตเทศบาล,ชาย,35 - 39 ปี,5627,คน,สำนักงานสถิติแห่งชาติ
2502,2543,ภาคกลาง,ฉะเชิงเทรา,ในเขตเทศบาล,หญิง,35 - 39 ปี,6256,คน,สำนักงานสถิติแห่งชาติ
2503,2543,ภาคกลาง,ฉะเชิงเทรา,นอกเขตเทศบาล,รวม,35 - 39 ปี,41699,คน,สำนักงานสถิติแห่งชาติ
2504,2543,ภาคกลาง,ฉะเชิงเทรา,นอกเขตเทศบาล,ชาย,35 - 39 ปี,20690,คน,สำนักงานสถิติแห่งชาติ
2505,2543,ภาคกลาง,ฉะเชิงเทรา,นอกเขตเทศบาล,หญิง,35 - 39 ปี,21009,คน,สำนักงานสถิติแห่งชาติ
2506,2553,ภาคกลาง,ฉะเชิงเทรา,รวม,รวม,35 - 39 ปี,60463,คน,สำนักงานสถิติแห่งชาติ
2507,2553,ภาคกลาง,ฉะเชิงเทรา,รวม,ชาย,35 - 39 ปี,29662,คน,สำนักงานสถิติแห่งชาติ
2508,2553,ภาคกลาง,ฉะเชิงเทรา,รวม,หญิง,35 - 39 ปี,30801,คน,สำนักงานสถิติแห่งชาติ
2509,2553,ภาคกลาง,ฉะเชิงเทรา,ในเขตเทศบาล,รวม,35 - 39 ปี,18091,คน,สำนักงานสถิติแห่งชาติ
2510,2553,ภาคกลาง,ฉะเชิงเทรา,ในเขตเทศบาล,ชาย,35 - 39 ปี,8888,คน,สำนักงานสถิติแห่งชาติ
2511,2553,ภาคกลาง,ฉะเชิงเทรา,ในเขตเทศบาล,หญิง,35 - 39 ปี,9203,คน,สำนักงานสถิติแห่งชาติ
2512,2553,ภาคกลาง,ฉะเชิงเทรา,นอกเขตเทศบาล,รวม,35 - 39 ปี,42372,คน,สำนักงานสถิติแห่งชาติ
2513,2553,ภาคกลาง,ฉะเชิงเทรา,นอกเขตเทศบาล,ชาย,35 - 39 ปี,20775,คน,สำนักงานสถิติแห่งชาติ
2514,2553,ภาคกลาง,ฉะเชิงเทรา,นอกเขตเทศบาล,หญิง,35 - 39 ปี,21598,คน,สำนักงานสถิติแห่งชาติ
2515,2533,ภาคกลาง,ฉะเชิงเทรา,รวม,รวม,40 - 44 ปี,29263,คน,สำนักงานสถิติแห่งชาติ
2516,2533,ภาคกลาง,ฉะเชิงเทรา,รวม,ชาย,40 - 44 ปี,14058,คน,สำนักงานสถิติแห่งชาติ
2517,2533,ภาคกลาง,ฉะเชิงเทรา,รวม,หญิง,40 - 44 ปี,15205,คน,สำนักงานสถิติแห่งชาติ
2518,2533,ภาคกลาง,ฉะเชิงเทรา,ในเขตเทศบาล,รวม,40 - 44 ปี,2738,คน,สำนักงานสถิติแห่งชาติ
2519,2533,ภาคกลาง,ฉะเชิงเทรา,ในเขตเทศบาล,ชาย,40 - 44 ปี,1324,คน,สำนักงานสถิติแห่งชาติ
2520,2533,ภาคกลาง,ฉะเชิงเทรา,ในเขตเทศบาล,หญิง,40 - 44 ปี,1414,คน,สำนักงานสถิติแห่งชาติ
2521,2533,ภาคกลาง,ฉะเชิงเทรา,นอกเขตเทศบาล,รวม,40 - 44 ปี,26525,คน,สำนักงานสถิติแห่งชาติ
2522,2533,ภาคกลาง,ฉะเชิงเทรา,นอกเขตเทศบาล,ชาย,40 - 44 ปี,12734,คน,สำนักงานสถิติแห่งชาติ
2523,2533,ภาคกลาง,ฉะเชิงเทรา,นอกเขตเทศบาล,หญิง,40 - 44 ปี,13791,คน,สำนักงานสถิติแห่งชาติ
2524,2543,ภาคกลาง,ฉะเชิงเทรา,รวม,รวม,40 - 44 ปี,46577,คน,สำนักงานสถิติแห่งชาติ
2525,2543,ภาคกลาง,ฉะเชิงเทรา,รวม,ชาย,40 - 44 ปี,22680,คน,สำนักงานสถิติแห่งชาติ
2526,2543,ภาคกลาง,ฉะเชิงเทรา,รวม,หญิง,40 - 44 ปี,23897,คน,สำนักงานสถิติแห่งชาติ
2527,2543,ภาคกลาง,ฉะเชิงเทรา,ในเขตเทศบาล,รวม,40 - 44 ปี,10745,คน,สำนักงานสถิติแห่งชาติ
2528,2543,ภาคกลาง,ฉะเชิงเทรา,ในเขตเทศบาล,ชาย,40 - 44 ปี,5261,คน,สำนักงานสถิติแห่งชาติ
2529,2543,ภาคกลาง,ฉะเชิงเทรา,ในเขตเทศบาล,หญิง,40 - 44 ปี,5484,คน,สำนักงานสถิติแห่งชาติ
2530,2543,ภาคกลาง,ฉะเชิงเทรา,นอกเขตเทศบาล,รวม,40 - 44 ปี,35832,คน,สำนักงานสถิติแห่งชาติ
2531,2543,ภาคกลาง,ฉะเชิงเทรา,นอกเขตเทศบาล,ชาย,40 - 44 ปี,17419,คน,สำนักงานสถิติแห่งชาติ
2532,2543,ภาคกลาง,ฉะเชิงเทรา,นอกเขตเทศบาล,หญิง,40 - 44 ปี,18413,คน,สำนักงานสถิติแห่งชาติ
2533,2553,ภาคกลาง,ฉะเชิงเทรา,รวม,รวม,40 - 44 ปี,60733,คน,สำนักงานสถิติแห่งชาติ
2534,2553,ภาคกลาง,ฉะเชิงเทรา,รวม,ชาย,40 - 44 ปี,29746,คน,สำนักงานสถิติแห่งชาติ
2535,2553,ภาคกลาง,ฉะเชิงเทรา,รวม,หญิง,40 - 44 ปี,30987,คน,สำนักงานสถิติแห่งชาติ
2536,2553,ภาคกลาง,ฉะเชิงเทรา,ในเขตเทศบาล,รวม,40 - 44 ปี,17475,คน,สำนักงานสถิติแห่งชาติ
2537,2553,ภาคกลาง,ฉะเชิงเทรา,ในเขตเทศบาล,ชาย,40 - 44 ปี,8315,คน,สำนักงานสถิติแห่งชาติ
2538,2553,ภาคกลาง,ฉะเชิงเทรา,ในเขตเทศบาล,หญิง,40 - 44 ปี,9160,คน,สำนักงานสถิติแห่งชาติ
2539,2553,ภาคกลาง,ฉะเชิงเทรา,นอกเขตเทศบาล,รวม,40 - 44 ปี,43258,คน,สำนักงานสถิติแห่งชาติ
2540,2553,ภาคกลาง,ฉะเชิงเทรา,นอกเขตเทศบาล,ชาย,40 - 44 ปี,21431,คน,สำนักงานสถิติแห่งชาติ
2541,2553,ภาคกลาง,ฉะเชิงเทรา,นอกเขตเทศบาล,หญิง,40 - 44 ปี,21826,คน,สำนักงานสถิติแห่งชาติ
2542,2533,ภาคกลาง,ฉะเชิงเทรา,รวม,รวม,45 - 49 ปี,26396,คน,สำนักงานสถิติแห่งชาติ
2543,2533,ภาคกลาง,ฉะเชิงเทรา,รวม,ชาย,45 - 49 ปี,12698,คน,สำนักงานสถิติแห่งชาติ
2544,2533,ภาคกลาง,ฉะเชิงเทรา,รวม,หญิง,45 - 49 ปี,13698,คน,สำนักงานสถิติแห่งชาติ
2545,2533,ภาคกลาง,ฉะเชิงเทรา,ในเขตเทศบาล,รวม,45 - 49 ปี,2201,คน,สำนักงานสถิติแห่งชาติ
2546,2533,ภาคกลาง,ฉะเชิงเทรา,ในเขตเทศบาล,ชาย,45 - 49 ปี,1058,คน,สำนักงานสถิติแห่งชาติ
2547,2533,ภาคกลาง,ฉะเชิงเทรา,ในเขตเทศบาล,หญิง,45 - 49 ปี,1143,คน,สำนักงานสถิติแห่งชาติ
2548,2533,ภาคกลาง,ฉะเชิงเทรา,นอกเขตเทศบาล,รวม,45 - 49 ปี,24195,คน,สำนักงานสถิติแห่งชาติ
2549,2533,ภาคกลาง,ฉะเชิงเทรา,นอกเขตเทศบาล,ชาย,45 - 49 ปี,11640,คน,สำนักงานสถิติแห่งชาติ
2550,2533,ภาคกลาง,ฉะเชิงเทรา,นอกเขตเทศบาล,หญิง,45 - 49 ปี,12555,คน,สำนักงานสถิติแห่งชาติ
2551,2543,ภาคกลาง,ฉะเชิงเทรา,รวม,รวม,45 - 49 ปี,37332,คน,สำนักงานสถิติแห่งชาติ
2552,2543,ภาคกลาง,ฉะเชิงเทรา,รวม,ชาย,45 - 49 ปี,18207,คน,สำนักงานสถิติแห่งชาติ
2553,2543,ภาคกลาง,ฉะเชิงเทรา,รวม,หญิง,45 - 49 ปี,19125,คน,สำนักงานสถิติแห่งชาติ
2554,2543,ภาคกลาง,ฉะเชิงเทรา,ในเขตเทศบาล,รวม,45 - 49 ปี,8445,คน,สำนักงานสถิติแห่งชาติ
2555,2543,ภาคกลาง,ฉะเชิงเทรา,ในเขตเทศบาล,ชาย,45 - 49 ปี,4032,คน,สำนักงานสถิติแห่งชาติ
2556,2543,ภาคกลาง,ฉะเชิงเทรา,ในเขตเทศบาล,หญิง,45 - 49 ปี,4413,คน,สำนักงานสถิติแห่งชาติ
2557,2543,ภาคกลาง,ฉะเชิงเทรา,นอกเขตเทศบาล,รวม,45 - 49 ปี,28887,คน,สำนักงานสถิติแห่งชาติ
2558,2543,ภาคกลาง,ฉะเชิงเทรา,นอกเขตเทศบาล,ชาย,45 - 49 ปี,14175,คน,สำนักงานสถิติแห่งชาติ
2559,2543,ภาคกลาง,ฉะเชิงเทรา,นอกเขตเทศบาล,หญิง,45 - 49 ปี,14712,คน,สำนักงานสถิติแห่งชาติ
2560,2553,ภาคกลาง,ฉะเชิงเทรา,รวม,รวม,45 - 49 ปี,54751,คน,สำนักงานสถิติแห่งชาติ
2561,2553,ภาคกลาง,ฉะเชิงเทรา,รวม,ชาย,45 - 49 ปี,26798,คน,สำนักงานสถิติแห่งชาติ
2562,2553,ภาคกลาง,ฉะเชิงเทรา,รวม,หญิง,45 - 49 ปี,27953,คน,สำนักงานสถิติแห่งชาติ
2563,2553,ภาคกลาง,ฉะเชิงเทรา,ในเขตเทศบาล,รวม,45 - 49 ปี,14886,คน,สำนักงานสถิติแห่งชาติ
2564,2553,ภาคกลาง,ฉะเชิงเทรา,ในเขตเทศบาล,ชาย,45 - 49 ปี,7138,คน,สำนักงานสถิติแห่งชาติ
2565,2553,ภาคกลาง,ฉะเชิงเทรา,ในเขตเทศบาล,หญิง,45 - 49 ปี,7748,คน,สำนักงานสถิติแห่งชาติ
2566,2553,ภาคกลาง,ฉะเชิงเทรา,นอกเขตเทศบาล,รวม,45 - 49 ปี,39864,คน,สำนักงานสถิติแห่งชาติ
2567,2553,ภาคกลาง,ฉะเชิงเทรา,นอกเขตเทศบาล,ชาย,45 - 49 ปี,19659,คน,สำนักงานสถิติแห่งชาติ
2568,2553,ภาคกลาง,ฉะเชิงเทรา,นอกเขตเทศบาล,หญิง,45 - 49 ปี,20205,คน,สำนักงานสถิติแห่งชาติ
2569,2533,ภาคกลาง,ฉะเชิงเทรา,รวม,รวม,50 - 54 ปี,25089,คน,สำนักงานสถิติแห่งชาติ
2570,2533,ภาคกลาง,ฉะเชิงเทรา,รวม,ชาย,50 - 54 ปี,12091,คน,สำนักงานสถิติแห่งชาติ
2571,2533,ภาคกลาง,ฉะเชิงเทรา,รวม,หญิง,50 - 54 ปี,12998,คน,สำนักงานสถิติแห่งชาติ
2572,2533,ภาคกลาง,ฉะเชิงเทรา,ในเขตเทศบาล,รวม,50 - 54 ปี,2046,คน,สำนักงานสถิติแห่งชาติ
2573,2533,ภาคกลาง,ฉะเชิงเทรา,ในเขตเทศบาล,ชาย,50 - 54 ปี,953,คน,สำนักงานสถิติแห่งชาติ
2574,2533,ภาคกลาง,ฉะเชิงเทรา,ในเขตเทศบาล,หญิง,50 - 54 ปี,1093,คน,สำนักงานสถิติแห่งชาติ
2575,2533,ภาคกลาง,ฉะเชิงเทรา,นอกเขตเทศบาล,รวม,50 - 54 ปี,23043,คน,สำนักงานสถิติแห่งชาติ
2576,2533,ภาคกลาง,ฉะเชิงเทรา,นอกเขตเทศบาล,ชาย,50 - 54 ปี,11138,คน,สำนักงานสถิติแห่งชาติ
2577,2533,ภาคกลาง,ฉะเชิงเทรา,นอกเขตเทศบาล,หญิง,50 - 54 ปี,11905,คน,สำนักงานสถิติแห่งชาติ
2578,2543,ภาคกลาง,ฉะเชิงเทรา,รวม,รวม,50 - 54 ปี,28533,คน,สำนักงานสถิติแห่งชาติ
2579,2543,ภาคกลาง,ฉะเชิงเทรา,รวม,ชาย,50 - 54 ปี,13621,คน,สำนักงานสถิติแห่งชาติ
2580,2543,ภาคกลาง,ฉะเชิงเทรา,รวม,หญิง,50 - 54 ปี,14912,คน,สำนักงานสถิติแห่งชาติ
2581,2543,ภาคกลาง,ฉะเชิงเทรา,ในเขตเทศบาล,รวม,50 - 54 ปี,6293,คน,สำนักงานสถิติแห่งชาติ
2582,2543,ภาคกลาง,ฉะเชิงเทรา,ในเขตเทศบาล,ชาย,50 - 54 ปี,2922,คน,สำนักงานสถิติแห่งชาติ
2583,2543,ภาคกลาง,ฉะเชิงเทรา,ในเขตเทศบาล,หญิง,50 - 54 ปี,3371,คน,สำนักงานสถิติแห่งชาติ
2584,2543,ภาคกลาง,ฉะเชิงเทรา,นอกเขตเทศบาล,รวม,50 - 54 ปี,22240,คน,สำนักงานสถิติแห่งชาติ
2585,2543,ภาคกลาง,ฉะเชิงเทรา,นอกเขตเทศบาล,ชาย,50 - 54 ปี,10699,คน,สำนักงานสถิติแห่งชาติ
2586,2543,ภาคกลาง,ฉะเชิงเทรา,นอกเขตเทศบาล,หญิง,50 - 54 ปี,11541,คน,สำนักงานสถิติแห่งชาติ
2587,2553,ภาคกลาง,ฉะเชิงเทรา,รวม,รวม,50 - 54 ปี,46254,คน,สำนักงานสถิติแห่งชาติ
2588,2553,ภาคกลาง,ฉะเชิงเทรา,รวม,ชาย,50 - 54 ปี,22154,คน,สำนักงานสถิติแห่งชาติ
2589,2553,ภาคกลาง,ฉะเชิงเทรา,รวม,หญิง,50 - 54 ปี,24100,คน,สำนักงานสถิติแห่งชาติ
2590,2553,ภาคกลาง,ฉะเชิงเทรา,ในเขตเทศบาล,รวม,50 - 54 ปี,13155,คน,สำนักงานสถิติแห่งชาติ
2591,2553,ภาคกลาง,ฉะเชิงเทรา,ในเขตเทศบาล,ชาย,50 - 54 ปี,6155,คน,สำนักงานสถิติแห่งชาติ
2592,2553,ภาคกลาง,ฉะเชิงเทรา,ในเขตเทศบาล,หญิง,50 - 54 ปี,7000,คน,สำนักงานสถิติแห่งชาติ
2593,2553,ภาคกลาง,ฉะเชิงเทรา,นอกเขตเทศบาล,รวม,50 - 54 ปี,33099,คน,สำนักงานสถิติแห่งชาติ
2594,2553,ภาคกลาง,ฉะเชิงเทรา,นอกเขตเทศบาล,ชาย,50 - 54 ปี,15999,คน,สำนักงานสถิติแห่งชาติ
2595,2553,ภาคกลาง,ฉะเชิงเทรา,นอกเขตเทศบาล,หญิง,50 - 54 ปี,17100,คน,สำนักงานสถิติแห่งชาติ
2596,2533,ภาคกลาง,ฉะเชิงเทรา,รวม,รวม,55 - 59 ปี,20838,คน,สำนักงานสถิติแห่งชาติ
2597,2533,ภาคกลาง,ฉะเชิงเทรา,รวม,ชาย,55 - 59 ปี,9701,คน,สำนักงานสถิติแห่งชาติ
2598,2533,ภาคกลาง,ฉะเชิงเทรา,รวม,หญิง,55 - 59 ปี,11137,คน,สำนักงานสถิติแห่งชาติ
2599,2533,ภาคกลาง,ฉะเชิงเทรา,ในเขตเทศบาล,รวม,55 - 59 ปี,1652,คน,สำนักงานสถิติแห่งชาติ
2600,2533,ภาคกลาง,ฉะเชิงเทรา,ในเขตเทศบาล,ชาย,55 - 59 ปี,771,คน,สำนักงานสถิติแห่งชาติ
2601,2533,ภาคกลาง,ฉะเชิงเทรา,ในเขตเทศบาล,หญิง,55 - 59 ปี,881,คน,สำนักงานสถิติแห่งชาติ
2602,2533,ภาคกลาง,ฉะเชิงเทรา,นอกเขตเทศบาล,รวม,55 - 59 ปี,19186,คน,สำนักงานสถิติแห่งชาติ
2603,2533,ภาคกลาง,ฉะเชิงเทรา,นอกเขตเทศบาล,ชาย,55 - 59 ปี,8930,คน,สำนักงานสถิติแห่งชาติ
2604,2533,ภาคกลาง,ฉะเชิงเทรา,นอกเขตเทศบาล,หญิง,55 - 59 ปี,10256,คน,สำนักงานสถิติแห่งชาติ
2605,2543,ภาคกลาง,ฉะเชิงเทรา,รวม,รวม,55 - 59 ปี,24149,คน,สำนักงานสถิติแห่งชาติ
2606,2543,ภาคกลาง,ฉะเชิงเทรา,รวม,ชาย,55 - 59 ปี,11452,คน,สำนักงานสถิติแห่งชาติ
2607,2543,ภาคกลาง,ฉะเชิงเทรา,รวม,หญิง,55 - 59 ปี,12697,คน,สำนักงานสถิติแห่งชาติ
2608,2543,ภาคกลาง,ฉะเชิงเทรา,ในเขตเทศบาล,รวม,55 - 59 ปี,4794,คน,สำนักงานสถิติแห่งชาติ
2609,2543,ภาคกลาง,ฉะเชิงเทรา,ในเขตเทศบาล,ชาย,55 - 59 ปี,2273,คน,สำนักงานสถิติแห่งชาติ
2610,2543,ภาคกลาง,ฉะเชิงเทรา,ในเขตเทศบาล,หญิง,55 - 59 ปี,2521,คน,สำนักงานสถิติแห่งชาติ
2611,2543,ภาคกลาง,ฉะเชิงเทรา,นอกเขตเทศบาล,รวม,55 - 59 ปี,19355,คน,สำนักงานสถิติแห่งชาติ
2612,2543,ภาคกลาง,ฉะเชิงเทรา,นอกเขตเทศบาล,ชาย,55 - 59 ปี,9179,คน,สำนักงานสถิติแห่งชาติ
2613,2543,ภาคกลาง,ฉะเชิงเทรา,นอกเขตเทศบาล,หญิง,55 - 59 ปี,10176,คน,สำนักงานสถิติแห่งชาติ
2614,2553,ภาคกลาง,ฉะเชิงเทรา,รวม,รวม,55 - 59 ปี,36291,คน,สำนักงานสถิติแห่งชาติ
2615,2553,ภาคกลาง,ฉะเชิงเทรา,รวม,ชาย,55 - 59 ปี,17059,คน,สำนักงานสถิติแห่งชาติ
2616,2553,ภาคกลาง,ฉะเชิงเทรา,รวม,หญิง,55 - 59 ปี,19232,คน,สำนักงานสถิติแห่งชาติ
2617,2553,ภาคกลาง,ฉะเชิงเทรา,ในเขตเทศบาล,รวม,55 - 59 ปี,9715,คน,สำนักงานสถิติแห่งชาติ
2618,2553,ภาคกลาง,ฉะเชิงเทรา,ในเขตเทศบาล,ชาย,55 - 59 ปี,4405,คน,สำนักงานสถิติแห่งชาติ
2619,2553,ภาคกลาง,ฉะเชิงเทรา,ในเขตเทศบาล,หญิง,55 - 59 ปี,5310,คน,สำนักงานสถิติแห่งชาติ
2620,2553,ภาคกลาง,ฉะเชิงเทรา,นอกเขตเทศบาล,รวม,55 - 59 ปี,26576,คน,สำนักงานสถิติแห่งชาติ
2621,2553,ภาคกลาง,ฉะเชิงเทรา,นอกเขตเทศบาล,ชาย,55 - 59 ปี,12653,คน,สำนักงานสถิติแห่งชาติ
2622,2553,ภาคกลาง,ฉะเชิงเทรา,นอกเขตเทศบาล,หญิง,55 - 59 ปี,13923,คน,สำนักงานสถิติแห่งชาติ
2623,2533,ภาคกลาง,ฉะเชิงเทรา,รวม,รวม,60 - 64 ปี,17570,คน,สำนักงานสถิติแห่งชาติ
2624,2533,ภาคกลาง,ฉะเชิงเทรา,รวม,ชาย,60 - 64 ปี,8361,คน,สำนักงานสถิติแห่งชาติ
2625,2533,ภาคกลาง,ฉะเชิงเทรา,รวม,หญิง,60 - 64 ปี,9209,คน,สำนักงานสถิติแห่งชาติ
2626,2533,ภาคกลาง,ฉะเชิงเทรา,ในเขตเทศบาล,รวม,60 - 64 ปี,1368,คน,สำนักงานสถิติแห่งชาติ
2627,2533,ภาคกลาง,ฉะเชิงเทรา,ในเขตเทศบาล,ชาย,60 - 64 ปี,587,คน,สำนักงานสถิติแห่งชาติ
2628,2533,ภาคกลาง,ฉะเชิงเทรา,ในเขตเทศบาล,หญิง,60 - 64 ปี,781,คน,สำนักงานสถิติแห่งชาติ
2629,2533,ภาคกลาง,ฉะเชิงเทรา,นอกเขตเทศบาล,รวม,60 - 64 ปี,16202,คน,สำนักงานสถิติแห่งชาติ
2630,2533,ภาคกลาง,ฉะเชิงเทรา,นอกเขตเทศบาล,ชาย,60 - 64 ปี,7774,คน,สำนักงานสถิติแห่งชาติ
2631,2533,ภาคกลาง,ฉะเชิงเทรา,นอกเขตเทศบาล,หญิง,60 - 64 ปี,8428,คน,สำนักงานสถิติแห่งชาติ
2632,2543,ภาคกลาง,ฉะเชิงเทรา,รวม,รวม,60 - 64 ปี,21454,คน,สำนักงานสถิติแห่งชาติ
2633,2543,ภาคกลาง,ฉะเชิงเทรา,รวม,ชาย,60 - 64 ปี,10143,คน,สำนักงานสถิติแห่งชาติ
2634,2543,ภาคกลาง,ฉะเชิงเทรา,รวม,หญิง,60 - 64 ปี,11311,คน,สำนักงานสถิติแห่งชาติ
2635,2543,ภาคกลาง,ฉะเชิงเทรา,ในเขตเทศบาล,รวม,60 - 64 ปี,4216,คน,สำนักงานสถิติแห่งชาติ
2636,2543,ภาคกลาง,ฉะเชิงเทรา,ในเขตเทศบาล,ชาย,60 - 64 ปี,1894,คน,สำนักงานสถิติแห่งชาติ
2637,2543,ภาคกลาง,ฉะเชิงเทรา,ในเขตเทศบาล,หญิง,60 - 64 ปี,2322,คน,สำนักงานสถิติแห่งชาติ
2638,2543,ภาคกลาง,ฉะเชิงเทรา,นอกเขตเทศบาล,รวม,60 - 64 ปี,17238,คน,สำนักงานสถิติแห่งชาติ
2639,2543,ภาคกลาง,ฉะเชิงเทรา,นอกเขตเทศบาล,ชาย,60 - 64 ปี,8249,คน,สำนักงานสถิติแห่งชาติ
2640,2543,ภาคกลาง,ฉะเชิงเทรา,นอกเขตเทศบาล,หญิง,60 - 64 ปี,8989,คน,สำนักงานสถิติแห่งชาติ
2641,2553,ภาคกลาง,ฉะเชิงเทรา,รวม,รวม,60 - 64 ปี,28650,คน,สำนักงานสถิติแห่งชาติ
2642,2553,ภาคกลาง,ฉะเชิงเทรา,รวม,ชาย,60 - 64 ปี,13424,คน,สำนักงานสถิติแห่งชาติ
2643,2553,ภาคกลาง,ฉะเชิงเทรา,รวม,หญิง,60 - 64 ปี,15227,คน,สำนักงานสถิติแห่งชาติ
2644,2553,ภาคกลาง,ฉะเชิงเทรา,ในเขตเทศบาล,รวม,60 - 64 ปี,7625,คน,สำนักงานสถิติแห่งชาติ
2645,2553,ภาคกลาง,ฉะเชิงเทรา,ในเขตเทศบาล,ชาย,60 - 64 ปี,3469,คน,สำนักงานสถิติแห่งชาติ
2646,2553,ภาคกลาง,ฉะเชิงเทรา,ในเขตเทศบาล,หญิง,60 - 64 ปี,4156,คน,สำนักงานสถิติแห่งชาติ
2647,2553,ภาคกลาง,ฉะเชิงเทรา,นอกเขตเทศบาล,รวม,60 - 64 ปี,21025,คน,สำนักงานสถิติแห่งชาติ
2648,2553,ภาคกลาง,ฉะเชิงเทรา,นอกเขตเทศบาล,ชาย,60 - 64 ปี,9954,คน,สำนักงานสถิติแห่งชาติ
2649,2553,ภาคกลาง,ฉะเชิงเทรา,นอกเขตเทศบาล,หญิง,60 - 64 ปี,11071,คน,สำนักงานสถิติแห่งชาติ
2650,2533,ภาคกลาง,ฉะเชิงเทรา,รวม,รวม,65 - 69 ปี,12570,คน,สำนักงานสถิติแห่งชาติ
2651,2533,ภาคกลาง,ฉะเชิงเทรา,รวม,ชาย,65 - 69 ปี,5933,คน,สำนักงานสถิติแห่งชาติ
2652,2533,ภาคกลาง,ฉะเชิงเทรา,รวม,หญิง,65 - 69 ปี,6637,คน,สำนักงานสถิติแห่งชาติ
2653,2533,ภาคกลาง,ฉะเชิงเทรา,ในเขตเทศบาล,รวม,65 - 69 ปี,959,คน,สำนักงานสถิติแห่งชาติ
2654,2533,ภาคกลาง,ฉะเชิงเทรา,ในเขตเทศบาล,ชาย,65 - 69 ปี,399,คน,สำนักงานสถิติแห่งชาติ
2655,2533,ภาคกลาง,ฉะเชิงเทรา,ในเขตเทศบาล,หญิง,65 - 69 ปี,560,คน,สำนักงานสถิติแห่งชาติ
2656,2533,ภาคกลาง,ฉะเชิงเทรา,นอกเขตเทศบาล,รวม,65 - 69 ปี,11611,คน,สำนักงานสถิติแห่งชาติ
2657,2533,ภาคกลาง,ฉะเชิงเทรา,นอกเขตเทศบาล,ชาย,65 - 69 ปี,5534,คน,สำนักงานสถิติแห่งชาติ
2658,2533,ภาคกลาง,ฉะเชิงเทรา,นอกเขตเทศบาล,หญิง,65 - 69 ปี,6077,คน,สำนักงานสถิติแห่งชาติ
2659,2543,ภาคกลาง,ฉะเชิงเทรา,รวม,รวม,65 - 69 ปี,16807,คน,สำนักงานสถิติแห่งชาติ
2660,2543,ภาคกลาง,ฉะเชิงเทรา,รวม,ชาย,65 - 69 ปี,7599,คน,สำนักงานสถิติแห่งชาติ
2661,2543,ภาคกลาง,ฉะเชิงเทรา,รวม,หญิง,65 - 69 ปี,9208,คน,สำนักงานสถิติแห่งชาติ
2662,2543,ภาคกลาง,ฉะเชิงเทรา,ในเขตเทศบาล,รวม,65 - 69 ปี,3273,คน,สำนักงานสถิติแห่งชาติ
2663,2543,ภาคกลาง,ฉะเชิงเทรา,ในเขตเทศบาล,ชาย,65 - 69 ปี,1383,คน,สำนักงานสถิติแห่งชาติ
2664,2543,ภาคกลาง,ฉะเชิงเทรา,ในเขตเทศบาล,หญิง,65 - 69 ปี,1890,คน,สำนักงานสถิติแห่งชาติ
2665,2543,ภาคกลาง,ฉะเชิงเทรา,นอกเขตเทศบาล,รวม,65 - 69 ปี,13534,คน,สำนักงานสถิติแห่งชาติ
2666,2543,ภาคกลาง,ฉะเชิงเทรา,นอกเขตเทศบาล,ชาย,65 - 69 ปี,6216,คน,สำนักงานสถิติแห่งชาติ
2667,2543,ภาคกลาง,ฉะเชิงเทรา,นอกเขตเทศบาล,หญิง,65 - 69 ปี,7318,คน,สำนักงานสถิติแห่งชาติ
2668,2553,ภาคกลาง,ฉะเชิงเทรา,รวม,รวม,65 - 69 ปี,21036,คน,สำนักงานสถิติแห่งชาติ
2669,2553,ภาคกลาง,ฉะเชิงเทรา,รวม,ชาย,65 - 69 ปี,9714,คน,สำนักงานสถิติแห่งชาติ
2670,2553,ภาคกลาง,ฉะเชิงเทรา,รวม,หญิง,65 - 69 ปี,11322,คน,สำนักงานสถิติแห่งชาติ
2671,2553,ภาคกลาง,ฉะเชิงเทรา,ในเขตเทศบาล,รวม,65 - 69 ปี,5392,คน,สำนักงานสถิติแห่งชาติ
2672,2553,ภาคกลาง,ฉะเชิงเทรา,ในเขตเทศบาล,ชาย,65 - 69 ปี,2396,คน,สำนักงานสถิติแห่งชาติ
2673,2553,ภาคกลาง,ฉะเชิงเทรา,ในเขตเทศบาล,หญิง,65 - 69 ปี,2996,คน,สำนักงานสถิติแห่งชาติ
2674,2553,ภาคกลาง,ฉะเชิงเทรา,นอกเขตเทศบาล,รวม,65 - 69 ปี,15644,คน,สำนักงานสถิติแห่งชาติ
2675,2553,ภาคกลาง,ฉะเชิงเทรา,นอกเขตเทศบาล,ชาย,65 - 69 ปี,7317,คน,สำนักงานสถิติแห่งชาติ
2676,2553,ภาคกลาง,ฉะเชิงเทรา,นอกเขตเทศบาล,หญิง,65 - 69 ปี,8326,คน,สำนักงานสถิติแห่งชาติ
2677,2533,ภาคกลาง,ฉะเชิงเทรา,รวม,รวม,70 - 74 ปี,9630,คน,สำนักงานสถิติแห่งชาติ
2678,2533,ภาคกลาง,ฉะเชิงเทรา,รวม,ชาย,70 - 74 ปี,4335,คน,สำนักงานสถิติแห่งชาติ
2679,2533,ภาคกลาง,ฉะเชิงเทรา,รวม,หญิง,70 - 74 ปี,5295,คน,สำนักงานสถิติแห่งชาติ
2680,2533,ภาคกลาง,ฉะเชิงเทรา,ในเขตเทศบาล,รวม,70 - 74 ปี,734,คน,สำนักงานสถิติแห่งชาติ
2681,2533,ภาคกลาง,ฉะเชิงเทรา,ในเขตเทศบาล,ชาย,70 - 74 ปี,321,คน,สำนักงานสถิติแห่งชาติ
2682,2533,ภาคกลาง,ฉะเชิงเทรา,ในเขตเทศบาล,หญิง,70 - 74 ปี,413,คน,สำนักงานสถิติแห่งชาติ
2683,2533,ภาคกลาง,ฉะเชิงเทรา,นอกเขตเทศบาล,รวม,70 - 74 ปี,8896,คน,สำนักงานสถิติแห่งชาติ
2684,2533,ภาคกลาง,ฉะเชิงเทรา,นอกเขตเทศบาล,ชาย,70 - 74 ปี,4014,คน,สำนักงานสถิติแห่งชาติ
2685,2533,ภาคกลาง,ฉะเชิงเทรา,นอกเขตเทศบาล,หญิง,70 - 74 ปี,4882,คน,สำนักงานสถิติแห่งชาติ
2686,2543,ภาคกลาง,ฉะเชิงเทรา,รวม,รวม,70 - 74 ปี,12628,คน,สำนักงานสถิติแห่งชาติ
2687,2543,ภาคกลาง,ฉะเชิงเทรา,รวม,ชาย,70 - 74 ปี,5696,คน,สำนักงานสถิติแห่งชาติ
2688,2543,ภาคกลาง,ฉะเชิงเทรา,รวม,หญิง,70 - 74 ปี,6932,คน,สำนักงานสถิติแห่งชาติ
2689,2543,ภาคกลาง,ฉะเชิงเทรา,ในเขตเทศบาล,รวม,70 - 74 ปี,2558,คน,สำนักงานสถิติแห่งชาติ
2690,2543,ภาคกลาง,ฉะเชิงเทรา,ในเขตเทศบาล,ชาย,70 - 74 ปี,1107,คน,สำนักงานสถิติแห่งชาติ
2691,2543,ภาคกลาง,ฉะเชิงเทรา,ในเขตเทศบาล,หญิง,70 - 74 ปี,1451,คน,สำนักงานสถิติแห่งชาติ
2692,2543,ภาคกลาง,ฉะเชิงเทรา,นอกเขตเทศบาล,รวม,70 - 74 ปี,10070,คน,สำนักงานสถิติแห่งชาติ
2693,2543,ภาคกลาง,ฉะเชิงเทรา,นอกเขตเทศบาล,ชาย,70 - 74 ปี,4589,คน,สำนักงานสถิติแห่งชาติ
2694,2543,ภาคกลาง,ฉะเชิงเทรา,นอกเขตเทศบาล,หญิง,70 - 74 ปี,5481,คน,สำนักงานสถิติแห่งชาติ
2695,2553,ภาคกลาง,ฉะเชิงเทรา,รวม,รวม,70 - 74 ปี,18650,คน,สำนักงานสถิติแห่งชาติ
2696,2553,ภาคกลาง,ฉะเชิงเทรา,รวม,ชาย,70 - 74 ปี,8399,คน,สำนักงานสถิติแห่งชาติ
2697,2553,ภาคกลาง,ฉะเชิงเทรา,รวม,หญิง,70 - 74 ปี,10250,คน,สำนักงานสถิติแห่งชาติ
2698,2553,ภาคกลาง,ฉะเชิงเทรา,ในเขตเทศบาล,รวม,70 - 74 ปี,4934,คน,สำนักงานสถิติแห่งชาติ
2699,2553,ภาคกลาง,ฉะเชิงเทรา,ในเขตเทศบาล,ชาย,70 - 74 ปี,2005,คน,สำนักงานสถิติแห่งชาติ
2700,2553,ภาคกลาง,ฉะเชิงเทรา,ในเขตเทศบาล,หญิง,70 - 74 ปี,2929,คน,สำนักงานสถิติแห่งชาติ
2701,2553,ภาคกลาง,ฉะเชิงเทรา,นอกเขตเทศบาล,รวม,70 - 74 ปี,13716,คน,สำนักงานสถิติแห่งชาติ
2702,2553,ภาคกลาง,ฉะเชิงเทรา,นอกเขตเทศบาล,ชาย,70 - 74 ปี,6394,คน,สำนักงานสถิติแห่งชาติ
2703,2553,ภาคกลาง,ฉะเชิงเทรา,นอกเขตเทศบาล,หญิง,70 - 74 ปี,7322,คน,สำนักงานสถิติแห่งชาติ
2704,2533,ภาคกลาง,ฉะเชิงเทรา,รวม,รวม,75 - 79 ปี,6207,คน,สำนักงานสถิติแห่งชาติ
2705,2533,ภาคกลาง,ฉะเชิงเทรา,รวม,ชาย,75 - 79 ปี,2603,คน,สำนักงานสถิติแห่งชาติ
2706,2533,ภาคกลาง,ฉะเชิงเทรา,รวม,หญิง,75 - 79 ปี,3604,คน,สำนักงานสถิติแห่งชาติ
2707,2533,ภาคกลาง,ฉะเชิงเทรา,ในเขตเทศบาล,รวม,75 - 79 ปี,478,คน,สำนักงานสถิติแห่งชาติ
2708,2533,ภาคกลาง,ฉะเชิงเทรา,ในเขตเทศบาล,ชาย,75 - 79 ปี,218,คน,สำนักงานสถิติแห่งชาติ
2709,2533,ภาคกลาง,ฉะเชิงเทรา,ในเขตเทศบาล,หญิง,75 - 79 ปี,260,คน,สำนักงานสถิติแห่งชาติ
2710,2533,ภาคกลาง,ฉะเชิงเทรา,นอกเขตเทศบาล,รวม,75 - 79 ปี,5729,คน,สำนักงานสถิติแห่งชาติ
2711,2533,ภาคกลาง,ฉะเชิงเทรา,นอกเขตเทศบาล,ชาย,75 - 79 ปี,2385,คน,สำนักงานสถิติแห่งชาติ
2712,2533,ภาคกลาง,ฉะเชิงเทรา,นอกเขตเทศบาล,หญิง,75 - 79 ปี,3344,คน,สำนักงานสถิติแห่งชาติ
2713,2543,ภาคกลาง,ฉะเชิงเทรา,รวม,รวม,75 - 79 ปี,7853,คน,สำนักงานสถิติแห่งชาติ
2714,2543,ภาคกลาง,ฉะเชิงเทรา,รวม,ชาย,75 - 79 ปี,3345,คน,สำนักงานสถิติแห่งชาติ
2715,2543,ภาคกลาง,ฉะเชิงเทรา,รวม,หญิง,75 - 79 ปี,4508,คน,สำนักงานสถิติแห่งชาติ
2716,2543,ภาคกลาง,ฉะเชิงเทรา,ในเขตเทศบาล,รวม,75 - 79 ปี,1451,คน,สำนักงานสถิติแห่งชาติ
2717,2543,ภาคกลาง,ฉะเชิงเทรา,ในเขตเทศบาล,ชาย,75 - 79 ปี,596,คน,สำนักงานสถิติแห่งชาติ
2718,2543,ภาคกลาง,ฉะเชิงเทรา,ในเขตเทศบาล,หญิง,75 - 79 ปี,855,คน,สำนักงานสถิติแห่งชาติ
2719,2543,ภาคกลาง,ฉะเชิงเทรา,นอกเขตเทศบาล,รวม,75 - 79 ปี,6402,คน,สำนักงานสถิติแห่งชาติ
2720,2543,ภาคกลาง,ฉะเชิงเทรา,นอกเขตเทศบาล,ชาย,75 - 79 ปี,2749,คน,สำนักงานสถิติแห่งชาติ
2721,2543,ภาคกลาง,ฉะเชิงเทรา,นอกเขตเทศบาล,หญิง,75 - 79 ปี,3653,คน,สำนักงานสถิติแห่งชาติ
2722,2553,ภาคกลาง,ฉะเชิงเทรา,รวม,รวม,75 - 79 ปี,12833,คน,สำนักงานสถิติแห่งชาติ
2723,2553,ภาคกลาง,ฉะเชิงเทรา,รวม,ชาย,75 - 79 ปี,5450,คน,สำนักงานสถิติแห่งชาติ
2724,2553,ภาคกลาง,ฉะเชิงเทรา,รวม,หญิง,75 - 79 ปี,7383,คน,สำนักงานสถิติแห่งชาติ
2725,2553,ภาคกลาง,ฉะเชิงเทรา,ในเขตเทศบาล,รวม,75 - 79 ปี,3267,คน,สำนักงานสถิติแห่งชาติ
2726,2553,ภาคกลาง,ฉะเชิงเทรา,ในเขตเทศบาล,ชาย,75 - 79 ปี,1313,คน,สำนักงานสถิติแห่งชาติ
2727,2553,ภาคกลาง,ฉะเชิงเทรา,ในเขตเทศบาล,หญิง,75 - 79 ปี,1954,คน,สำนักงานสถิติแห่งชาติ
2728,2553,ภาคกลาง,ฉะเชิงเทรา,นอกเขตเทศบาล,รวม,75 - 79 ปี,9566,คน,สำนักงานสถิติแห่งชาติ
2729,2553,ภาคกลาง,ฉะเชิงเทรา,นอกเขตเทศบาล,ชาย,75 - 79 ปี,4136,คน,สำนักงานสถิติแห่งชาติ
2730,2553,ภาคกลาง,ฉะเชิงเทรา,นอกเขตเทศบาล,หญิง,75 - 79 ปี,5429,คน,สำนักงานสถิติแห่งชาติ
2731,2533,ภาคกลาง,ฉะเชิงเทรา,รวม,รวม,80 ปีขึ้นไป   ,6610,คน,สำนักงานสถิติแห่งชาติ
2732,2533,ภาคกลาง,ฉะเชิงเทรา,รวม,ชาย,80 ปีขึ้นไป   ,2580,คน,สำนักงานสถิติแห่งชาติ
2733,2533,ภาคกลาง,ฉะเชิงเทรา,รวม,หญิง,80 ปีขึ้นไป   ,4030,คน,สำนักงานสถิติแห่งชาติ
2734,2533,ภาคกลาง,ฉะเชิงเทรา,ในเขตเทศบาล,รวม,80 ปีขึ้นไป   ,537,คน,สำนักงานสถิติแห่งชาติ
2735,2533,ภาคกลาง,ฉะเชิงเทรา,ในเขตเทศบาล,ชาย,80 ปีขึ้นไป   ,193,คน,สำนักงานสถิติแห่งชาติ
2736,2533,ภาคกลาง,ฉะเชิงเทรา,ในเขตเทศบาล,หญิง,80 ปีขึ้นไป   ,344,คน,สำนักงานสถิติแห่งชาติ
2737,2533,ภาคกลาง,ฉะเชิงเทรา,นอกเขตเทศบาล,รวม,80 ปีขึ้นไป   ,6073,คน,สำนักงานสถิติแห่งชาติ
2738,2533,ภาคกลาง,ฉะเชิงเทรา,นอกเขตเทศบาล,ชาย,80 ปีขึ้นไป   ,2387,คน,สำนักงานสถิติแห่งชาติ
2739,2533,ภาคกลาง,ฉะเชิงเทรา,นอกเขตเทศบาล,หญิง,80 ปีขึ้นไป   ,3686,คน,สำนักงานสถิติแห่งชาติ
2740,2543,ภาคกลาง,ฉะเชิงเทรา,รวม,รวม,80 ปีขึ้นไป   ,8156,คน,สำนักงานสถิติแห่งชาติ
2741,2543,ภาคกลาง,ฉะเชิงเทรา,รวม,ชาย,80 ปีขึ้นไป   ,3141,คน,สำนักงานสถิติแห่งชาติ
2742,2543,ภาคกลาง,ฉะเชิงเทรา,รวม,หญิง,80 ปีขึ้นไป   ,5015,คน,สำนักงานสถิติแห่งชาติ
2743,2543,ภาคกลาง,ฉะเชิงเทรา,ในเขตเทศบาล,รวม,80 ปีขึ้นไป   ,1601,คน,สำนักงานสถิติแห่งชาติ
2744,2543,ภาคกลาง,ฉะเชิงเทรา,ในเขตเทศบาล,ชาย,80 ปีขึ้นไป   ,611,คน,สำนักงานสถิติแห่งชาติ
2745,2543,ภาคกลาง,ฉะเชิงเทรา,ในเขตเทศบาล,หญิง,80 ปีขึ้นไป   ,990,คน,สำนักงานสถิติแห่งชาติ
2746,2543,ภาคกลาง,ฉะเชิงเทรา,นอกเขตเทศบาล,รวม,80 ปีขึ้นไป   ,6555,คน,สำนักงานสถิติแห่งชาติ
2747,2543,ภาคกลาง,ฉะเชิงเทรา,นอกเขตเทศบาล,ชาย,80 ปีขึ้นไป   ,2530,คน,สำนักงานสถิติแห่งชาติ
2748,2543,ภาคกลาง,ฉะเชิงเทรา,นอกเขตเทศบาล,หญิง,80 ปีขึ้นไป   ,4025,คน,สำนักงานสถิติแห่งชาติ
2749,2553,ภาคกลาง,ฉะเชิงเทรา,รวม,รวม,80 ปีขึ้นไป   ,14400,คน,สำนักงานสถิติแห่งชาติ
2750,2553,ภาคกลาง,ฉะเชิงเทรา,รวม,ชาย,80 ปีขึ้นไป   ,5469,คน,สำนักงานสถิติแห่งชาติ
2751,2553,ภาคกลาง,ฉะเชิงเทรา,รวม,หญิง,80 ปีขึ้นไป   ,8931,คน,สำนักงานสถิติแห่งชาติ
2752,2553,ภาคกลาง,ฉะเชิงเทรา,ในเขตเทศบาล,รวม,80 ปีขึ้นไป   ,3924,คน,สำนักงานสถิติแห่งชาติ
2753,2553,ภาคกลาง,ฉะเชิงเทรา,ในเขตเทศบาล,ชาย,80 ปีขึ้นไป   ,1412,คน,สำนักงานสถิติแห่งชาติ
2754,2553,ภาคกลาง,ฉะเชิงเทรา,ในเขตเทศบาล,หญิง,80 ปีขึ้นไป   ,2510,คน,สำนักงานสถิติแห่งชาติ
2755,2553,ภาคกลาง,ฉะเชิงเทรา,นอกเขตเทศบาล,รวม,80 ปีขึ้นไป   ,10478,คน,สำนักงานสถิติแห่งชาติ
2756,2553,ภาคกลาง,ฉะเชิงเทรา,นอกเขตเทศบาล,ชาย,80 ปีขึ้นไป   ,4058,คน,สำนักงานสถิติแห่งชาติ
2757,2553,ภาคกลาง,ฉะเชิงเทรา,นอกเขตเทศบาล,หญิง,80 ปีขึ้นไป   ,6421,คน,สำนักงานสถิติแห่งชาติ
2758,2533,ภาคกลาง,ชลบุรี,รวม,รวม,รวม,851181,คน,สำนักงานสถิติแห่งชาติ
2759,2533,ภาคกลาง,ชลบุรี,รวม,ชาย,รวม,423744,คน,สำนักงานสถิติแห่งชาติ
2760,2533,ภาคกลาง,ชลบุรี,รวม,หญิง,รวม,427437,คน,สำนักงานสถิติแห่งชาติ
2761,2533,ภาคกลาง,ชลบุรี,ในเขตเทศบาล,รวม,รวม,187052,คน,สำนักงานสถิติแห่งชาติ
2762,2533,ภาคกลาง,ชลบุรี,ในเขตเทศบาล,ชาย,รวม,89684,คน,สำนักงานสถิติแห่งชาติ
2763,2533,ภาคกลาง,ชลบุรี,ในเขตเทศบาล,หญิง,รวม,97368,คน,สำนักงานสถิติแห่งชาติ
2764,2533,ภาคกลาง,ชลบุรี,นอกเขตเทศบาล,รวม,รวม,664129,คน,สำนักงานสถิติแห่งชาติ
2765,2533,ภาคกลาง,ชลบุรี,นอกเขตเทศบาล,ชาย,รวม,334060,คน,สำนักงานสถิติแห่งชาติ
2766,2533,ภาคกลาง,ชลบุรี,นอกเขตเทศบาล,หญิง,รวม,330069,คน,สำนักงานสถิติแห่งชาติ
2767,2543,ภาคกลาง,ชลบุรี,รวม,รวม,รวม,1040865,คน,สำนักงานสถิติแห่งชาติ
2768,2543,ภาคกลาง,ชลบุรี,รวม,ชาย,รวม,518730,คน,สำนักงานสถิติแห่งชาติ
2769,2543,ภาคกลาง,ชลบุรี,รวม,หญิง,รวม,522135,คน,สำนักงานสถิติแห่งชาติ
2770,2543,ภาคกลาง,ชลบุรี,ในเขตเทศบาล,รวม,รวม,566877,คน,สำนักงานสถิติแห่งชาติ
2771,2543,ภาคกลาง,ชลบุรี,ในเขตเทศบาล,ชาย,รวม,275952,คน,สำนักงานสถิติแห่งชาติ
2772,2543,ภาคกลาง,ชลบุรี,ในเขตเทศบาล,หญิง,รวม,290925,คน,สำนักงานสถิติแห่งชาติ
2773,2543,ภาคกลาง,ชลบุรี,นอกเขตเทศบาล,รวม,รวม,473988,คน,สำนักงานสถิติแห่งชาติ
2774,2543,ภาคกลาง,ชลบุรี,นอกเขตเทศบาล,ชาย,รวม,242778,คน,สำนักงานสถิติแห่งชาติ
2775,2543,ภาคกลาง,ชลบุรี,นอกเขตเทศบาล,หญิง,รวม,231210,คน,สำนักงานสถิติแห่งชาติ
2776,2553,ภาคกลาง,ชลบุรี,รวม,รวม,รวม,1555358,คน,สำนักงานสถิติแห่งชาติ
2777,2553,ภาคกลาง,ชลบุรี,รวม,ชาย,รวม,773437,คน,สำนักงานสถิติแห่งชาติ
2778,2553,ภาคกลาง,ชลบุรี,รวม,หญิง,รวม,781921,คน,สำนักงานสถิติแห่งชาติ
2779,2553,ภาคกลาง,ชลบุรี,ในเขตเทศบาล,รวม,รวม,1158989,คน,สำนักงานสถิติแห่งชาติ
2780,2553,ภาคกลาง,ชลบุรี,ในเขตเทศบาล,ชาย,รวม,575321,คน,สำนักงานสถิติแห่งชาติ
2781,2553,ภาคกลาง,ชลบุรี,ในเขตเทศบาล,หญิง,รวม,583668,คน,สำนักงานสถิติแห่งชาติ
2782,2553,ภาคกลาง,ชลบุรี,นอกเขตเทศบาล,รวม,รวม,396369,คน,สำนักงานสถิติแห่งชาติ
2783,2553,ภาคกลาง,ชลบุรี,นอกเขตเทศบาล,ชาย,รวม,198117,คน,สำนักงานสถิติแห่งชาติ
2784,2553,ภาคกลาง,ชลบุรี,นอกเขตเทศบาล,หญิง,รวม,198252,คน,สำนักงานสถิติแห่งชาติ
2785,2533,ภาคกลาง,ชลบุรี,รวม,รวม,0 - 4 ปี,53548,คน,สำนักงานสถิติแห่งชาติ
2786,2533,ภาคกลาง,ชลบุรี,รวม,ชาย,0 - 4 ปี,27691,คน,สำนักงานสถิติแห่งชาติ
2787,2533,ภาคกลาง,ชลบุรี,รวม,หญิง,0 - 4 ปี,25857,คน,สำนักงานสถิติแห่งชาติ
2788,2533,ภาคกลาง,ชลบุรี,ในเขตเทศบาล,รวม,0 - 4 ปี,11672,คน,สำนักงานสถิติแห่งชาติ
2789,2533,ภาคกลาง,ชลบุรี,ในเขตเทศบาล,ชาย,0 - 4 ปี,6068,คน,สำนักงานสถิติแห่งชาติ
2790,2533,ภาคกลาง,ชลบุรี,ในเขตเทศบาล,หญิง,0 - 4 ปี,5604,คน,สำนักงานสถิติแห่งชาติ
2791,2533,ภาคกลาง,ชลบุรี,นอกเขตเทศบาล,รวม,0 - 4 ปี,41876,คน,สำนักงานสถิติแห่งชาติ
2792,2533,ภาคกลาง,ชลบุรี,นอกเขตเทศบาล,ชาย,0 - 4 ปี,21623,คน,สำนักงานสถิติแห่งชาติ
2793,2533,ภาคกลาง,ชลบุรี,นอกเขตเทศบาล,หญิง,0 - 4 ปี,20253,คน,สำนักงานสถิติแห่งชาติ
2794,2543,ภาคกลาง,ชลบุรี,รวม,รวม,0 - 4 ปี,69490,คน,สำนักงานสถิติแห่งชาติ
2795,2543,ภาคกลาง,ชลบุรี,รวม,ชาย,0 - 4 ปี,36039,คน,สำนักงานสถิติแห่งชาติ
2796,2543,ภาคกลาง,ชลบุรี,รวม,หญิง,0 - 4 ปี,33451,คน,สำนักงานสถิติแห่งชาติ
2797,2543,ภาคกลาง,ชลบุรี,ในเขตเทศบาล,รวม,0 - 4 ปี,36161,คน,สำนักงานสถิติแห่งชาติ
2798,2543,ภาคกลาง,ชลบุรี,ในเขตเทศบาล,ชาย,0 - 4 ปี,18759,คน,สำนักงานสถิติแห่งชาติ
2799,2543,ภาคกลาง,ชลบุรี,ในเขตเทศบาล,หญิง,0 - 4 ปี,17402,คน,สำนักงานสถิติแห่งชาติ
2800,2543,ภาคกลาง,ชลบุรี,นอกเขตเทศบาล,รวม,0 - 4 ปี,33329,คน,สำนักงานสถิติแห่งชาติ
2801,2543,ภาคกลาง,ชลบุรี,นอกเขตเทศบาล,ชาย,0 - 4 ปี,17280,คน,สำนักงานสถิติแห่งชาติ
2802,2543,ภาคกลาง,ชลบุรี,นอกเขตเทศบาล,หญิง,0 - 4 ปี,16049,คน,สำนักงานสถิติแห่งชาติ
2803,2553,ภาคกลาง,ชลบุรี,รวม,รวม,0 - 4 ปี,26744,คน,สำนักงานสถิติแห่งชาติ
2804,2553,ภาคกลาง,ชลบุรี,รวม,ชาย,0 - 4 ปี,12766,คน,สำนักงานสถิติแห่งชาติ
2805,2553,ภาคกลาง,ชลบุรี,รวม,หญิง,0 - 4 ปี,13978,คน,สำนักงานสถิติแห่งชาติ
2806,2553,ภาคกลาง,ชลบุรี,ในเขตเทศบาล,รวม,0 - 4 ปี,18101,คน,สำนักงานสถิติแห่งชาติ
2807,2553,ภาคกลาง,ชลบุรี,ในเขตเทศบาล,ชาย,0 - 4 ปี,8487,คน,สำนักงานสถิติแห่งชาติ
2808,2553,ภาคกลาง,ชลบุรี,ในเขตเทศบาล,หญิง,0 - 4 ปี,9614,คน,สำนักงานสถิติแห่งชาติ
2809,2553,ภาคกลาง,ชลบุรี,นอกเขตเทศบาล,รวม,0 - 4 ปี,8643,คน,สำนักงานสถิติแห่งชาติ
2810,2553,ภาคกลาง,ชลบุรี,นอกเขตเทศบาล,ชาย,0 - 4 ปี,4279,คน,สำนักงานสถิติแห่งชาติ
2811,2553,ภาคกลาง,ชลบุรี,นอกเขตเทศบาล,หญิง,0 - 4 ปี,4364,คน,สำนักงานสถิติแห่งชาติ
2812,2533,ภาคกลาง,ชลบุรี,รวม,รวม,5 - 9 ปี,71027,คน,สำนักงานสถิติแห่งชาติ
2813,2533,ภาคกลาง,ชลบุรี,รวม,ชาย,5 - 9 ปี,36694,คน,สำนักงานสถิติแห่งชาติ
2814,2533,ภาคกลาง,ชลบุรี,รวม,หญิง,5 - 9 ปี,34333,คน,สำนักงานสถิติแห่งชาติ
2815,2533,ภาคกลาง,ชลบุรี,ในเขตเทศบาล,รวม,5 - 9 ปี,13516,คน,สำนักงานสถิติแห่งชาติ
2816,2533,ภาคกลาง,ชลบุรี,ในเขตเทศบาล,ชาย,5 - 9 ปี,6955,คน,สำนักงานสถิติแห่งชาติ
2817,2533,ภาคกลาง,ชลบุรี,ในเขตเทศบาล,หญิง,5 - 9 ปี,6561,คน,สำนักงานสถิติแห่งชาติ
2818,2533,ภาคกลาง,ชลบุรี,นอกเขตเทศบาล,รวม,5 - 9 ปี,57511,คน,สำนักงานสถิติแห่งชาติ
2819,2533,ภาคกลาง,ชลบุรี,นอกเขตเทศบาล,ชาย,5 - 9 ปี,29739,คน,สำนักงานสถิติแห่งชาติ
2820,2533,ภาคกลาง,ชลบุรี,นอกเขตเทศบาล,หญิง,5 - 9 ปี,27772,คน,สำนักงานสถิติแห่งชาติ
2821,2543,ภาคกลาง,ชลบุรี,รวม,รวม,5 - 9 ปี,72947,คน,สำนักงานสถิติแห่งชาติ
2822,2543,ภาคกลาง,ชลบุรี,รวม,ชาย,5 - 9 ปี,37375,คน,สำนักงานสถิติแห่งชาติ
2823,2543,ภาคกลาง,ชลบุรี,รวม,หญิง,5 - 9 ปี,35572,คน,สำนักงานสถิติแห่งชาติ
2824,2543,ภาคกลาง,ชลบุรี,ในเขตเทศบาล,รวม,5 - 9 ปี,37696,คน,สำนักงานสถิติแห่งชาติ
2825,2543,ภาคกลาง,ชลบุรี,ในเขตเทศบาล,ชาย,5 - 9 ปี,19184,คน,สำนักงานสถิติแห่งชาติ
2826,2543,ภาคกลาง,ชลบุรี,ในเขตเทศบาล,หญิง,5 - 9 ปี,18512,คน,สำนักงานสถิติแห่งชาติ
2827,2543,ภาคกลาง,ชลบุรี,นอกเขตเทศบาล,รวม,5 - 9 ปี,35251,คน,สำนักงานสถิติแห่งชาติ
2828,2543,ภาคกลาง,ชลบุรี,นอกเขตเทศบาล,ชาย,5 - 9 ปี,18191,คน,สำนักงานสถิติแห่งชาติ
2829,2543,ภาคกลาง,ชลบุรี,นอกเขตเทศบาล,หญิง,5 - 9 ปี,17060,คน,สำนักงานสถิติแห่งชาติ
2830,2553,ภาคกลาง,ชลบุรี,รวม,รวม,5 - 9 ปี,71079,คน,สำนักงานสถิติแห่งชาติ
2831,2553,ภาคกลาง,ชลบุรี,รวม,ชาย,5 - 9 ปี,33806,คน,สำนักงานสถิติแห่งชาติ
2832,2553,ภาคกลาง,ชลบุรี,รวม,หญิง,5 - 9 ปี,37273,คน,สำนักงานสถิติแห่งชาติ
2833,2553,ภาคกลาง,ชลบุรี,ในเขตเทศบาล,รวม,5 - 9 ปี,48062,คน,สำนักงานสถิติแห่งชาติ
2834,2553,ภาคกลาง,ชลบุรี,ในเขตเทศบาล,ชาย,5 - 9 ปี,22292,คน,สำนักงานสถิติแห่งชาติ
2835,2553,ภาคกลาง,ชลบุรี,ในเขตเทศบาล,หญิง,5 - 9 ปี,25770,คน,สำนักงานสถิติแห่งชาติ
2836,2553,ภาคกลาง,ชลบุรี,นอกเขตเทศบาล,รวม,5 - 9 ปี,23017,คน,สำนักงานสถิติแห่งชาติ
2837,2553,ภาคกลาง,ชลบุรี,นอกเขตเทศบาล,ชาย,5 - 9 ปี,11514,คน,สำนักงานสถิติแห่งชาติ
2838,2553,ภาคกลาง,ชลบุรี,นอกเขตเทศบาล,หญิง,5 - 9 ปี,11502,คน,สำนักงานสถิติแห่งชาติ
2839,2533,ภาคกลาง,ชลบุรี,รวม,รวม,10 - 14 ปี,84067,คน,สำนักงานสถิติแห่งชาติ
2840,2533,ภาคกลาง,ชลบุรี,รวม,ชาย,10 - 14 ปี,43144,คน,สำนักงานสถิติแห่งชาติ
2841,2533,ภาคกลาง,ชลบุรี,รวม,หญิง,10 - 14 ปี,40923,คน,สำนักงานสถิติแห่งชาติ
2842,2533,ภาคกลาง,ชลบุรี,ในเขตเทศบาล,รวม,10 - 14 ปี,16397,คน,สำนักงานสถิติแห่งชาติ
2843,2533,ภาคกลาง,ชลบุรี,ในเขตเทศบาล,ชาย,10 - 14 ปี,8330,คน,สำนักงานสถิติแห่งชาติ
2844,2533,ภาคกลาง,ชลบุรี,ในเขตเทศบาล,หญิง,10 - 14 ปี,8067,คน,สำนักงานสถิติแห่งชาติ
2845,2533,ภาคกลาง,ชลบุรี,นอกเขตเทศบาล,รวม,10 - 14 ปี,67670,คน,สำนักงานสถิติแห่งชาติ
2846,2533,ภาคกลาง,ชลบุรี,นอกเขตเทศบาล,ชาย,10 - 14 ปี,34814,คน,สำนักงานสถิติแห่งชาติ
2847,2533,ภาคกลาง,ชลบุรี,นอกเขตเทศบาล,หญิง,10 - 14 ปี,32856,คน,สำนักงานสถิติแห่งชาติ
2848,2543,ภาคกลาง,ชลบุรี,รวม,รวม,10 - 14 ปี,72878,คน,สำนักงานสถิติแห่งชาติ
2849,2543,ภาคกลาง,ชลบุรี,รวม,ชาย,10 - 14 ปี,37544,คน,สำนักงานสถิติแห่งชาติ
2850,2543,ภาคกลาง,ชลบุรี,รวม,หญิง,10 - 14 ปี,35334,คน,สำนักงานสถิติแห่งชาติ
2851,2543,ภาคกลาง,ชลบุรี,ในเขตเทศบาล,รวม,10 - 14 ปี,37969,คน,สำนักงานสถิติแห่งชาติ
2852,2543,ภาคกลาง,ชลบุรี,ในเขตเทศบาล,ชาย,10 - 14 ปี,19278,คน,สำนักงานสถิติแห่งชาติ
2853,2543,ภาคกลาง,ชลบุรี,ในเขตเทศบาล,หญิง,10 - 14 ปี,18691,คน,สำนักงานสถิติแห่งชาติ
2854,2543,ภาคกลาง,ชลบุรี,นอกเขตเทศบาล,รวม,10 - 14 ปี,34909,คน,สำนักงานสถิติแห่งชาติ
2855,2543,ภาคกลาง,ชลบุรี,นอกเขตเทศบาล,ชาย,10 - 14 ปี,18266,คน,สำนักงานสถิติแห่งชาติ
2856,2543,ภาคกลาง,ชลบุรี,นอกเขตเทศบาล,หญิง,10 - 14 ปี,16643,คน,สำนักงานสถิติแห่งชาติ
2857,2553,ภาคกลาง,ชลบุรี,รวม,รวม,10 - 14 ปี,82958,คน,สำนักงานสถิติแห่งชาติ
2858,2553,ภาคกลาง,ชลบุรี,รวม,ชาย,10 - 14 ปี,38391,คน,สำนักงานสถิติแห่งชาติ
2859,2553,ภาคกลาง,ชลบุรี,รวม,หญิง,10 - 14 ปี,44567,คน,สำนักงานสถิติแห่งชาติ
2860,2553,ภาคกลาง,ชลบุรี,ในเขตเทศบาล,รวม,10 - 14 ปี,58028,คน,สำนักงานสถิติแห่งชาติ
2861,2553,ภาคกลาง,ชลบุรี,ในเขตเทศบาล,ชาย,10 - 14 ปี,25965,คน,สำนักงานสถิติแห่งชาติ
2862,2553,ภาคกลาง,ชลบุรี,ในเขตเทศบาล,หญิง,10 - 14 ปี,32063,คน,สำนักงานสถิติแห่งชาติ
2863,2553,ภาคกลาง,ชลบุรี,นอกเขตเทศบาล,รวม,10 - 14 ปี,24930,คน,สำนักงานสถิติแห่งชาติ
2864,2553,ภาคกลาง,ชลบุรี,นอกเขตเทศบาล,ชาย,10 - 14 ปี,12426,คน,สำนักงานสถิติแห่งชาติ
2865,2553,ภาคกลาง,ชลบุรี,นอกเขตเทศบาล,หญิง,10 - 14 ปี,12504,คน,สำนักงานสถิติแห่งชาติ
2866,2533,ภาคกลาง,ชลบุรี,รวม,รวม,15 - 19 ปี,89961,คน,สำนักงานสถิติแห่งชาติ
2867,2533,ภาคกลาง,ชลบุรี,รวม,ชาย,15 - 19 ปี,44416,คน,สำนักงานสถิติแห่งชาติ
2868,2533,ภาคกลาง,ชลบุรี,รวม,หญิง,15 - 19 ปี,45545,คน,สำนักงานสถิติแห่งชาติ
2869,2533,ภาคกลาง,ชลบุรี,ในเขตเทศบาล,รวม,15 - 19 ปี,18648,คน,สำนักงานสถิติแห่งชาติ
2870,2533,ภาคกลาง,ชลบุรี,ในเขตเทศบาล,ชาย,15 - 19 ปี,8830,คน,สำนักงานสถิติแห่งชาติ
2871,2533,ภาคกลาง,ชลบุรี,ในเขตเทศบาล,หญิง,15 - 19 ปี,9818,คน,สำนักงานสถิติแห่งชาติ
2872,2533,ภาคกลาง,ชลบุรี,นอกเขตเทศบาล,รวม,15 - 19 ปี,71313,คน,สำนักงานสถิติแห่งชาติ
2873,2533,ภาคกลาง,ชลบุรี,นอกเขตเทศบาล,ชาย,15 - 19 ปี,35586,คน,สำนักงานสถิติแห่งชาติ
2874,2533,ภาคกลาง,ชลบุรี,นอกเขตเทศบาล,หญิง,15 - 19 ปี,35727,คน,สำนักงานสถิติแห่งชาติ
2875,2543,ภาคกลาง,ชลบุรี,รวม,รวม,15 - 19 ปี,87713,คน,สำนักงานสถิติแห่งชาติ
2876,2543,ภาคกลาง,ชลบุรี,รวม,ชาย,15 - 19 ปี,43549,คน,สำนักงานสถิติแห่งชาติ
2877,2543,ภาคกลาง,ชลบุรี,รวม,หญิง,15 - 19 ปี,44164,คน,สำนักงานสถิติแห่งชาติ
2878,2543,ภาคกลาง,ชลบุรี,ในเขตเทศบาล,รวม,15 - 19 ปี,47705,คน,สำนักงานสถิติแห่งชาติ
2879,2543,ภาคกลาง,ชลบุรี,ในเขตเทศบาล,ชาย,15 - 19 ปี,23287,คน,สำนักงานสถิติแห่งชาติ
2880,2543,ภาคกลาง,ชลบุรี,ในเขตเทศบาล,หญิง,15 - 19 ปี,24418,คน,สำนักงานสถิติแห่งชาติ
2881,2543,ภาคกลาง,ชลบุรี,นอกเขตเทศบาล,รวม,15 - 19 ปี,40008,คน,สำนักงานสถิติแห่งชาติ
2882,2543,ภาคกลาง,ชลบุรี,นอกเขตเทศบาล,ชาย,15 - 19 ปี,20262,คน,สำนักงานสถิติแห่งชาติ
2883,2543,ภาคกลาง,ชลบุรี,นอกเขตเทศบาล,หญิง,15 - 19 ปี,19746,คน,สำนักงานสถิติแห่งชาติ
2884,2553,ภาคกลาง,ชลบุรี,รวม,รวม,15 - 19 ปี,105252,คน,สำนักงานสถิติแห่งชาติ
2885,2553,ภาคกลาง,ชลบุรี,รวม,ชาย,15 - 19 ปี,46484,คน,สำนักงานสถิติแห่งชาติ
2886,2553,ภาคกลาง,ชลบุรี,รวม,หญิง,15 - 19 ปี,58768,คน,สำนักงานสถิติแห่งชาติ
2887,2553,ภาคกลาง,ชลบุรี,ในเขตเทศบาล,รวม,15 - 19 ปี,77177,คน,สำนักงานสถิติแห่งชาติ
2888,2553,ภาคกลาง,ชลบุรี,ในเขตเทศบาล,ชาย,15 - 19 ปี,32506,คน,สำนักงานสถิติแห่งชาติ
2889,2553,ภาคกลาง,ชลบุรี,ในเขตเทศบาล,หญิง,15 - 19 ปี,44671,คน,สำนักงานสถิติแห่งชาติ
2890,2553,ภาคกลาง,ชลบุรี,นอกเขตเทศบาล,รวม,15 - 19 ปี,28075,คน,สำนักงานสถิติแห่งชาติ
2891,2553,ภาคกลาง,ชลบุรี,นอกเขตเทศบาล,ชาย,15 - 19 ปี,13978,คน,สำนักงานสถิติแห่งชาติ
2892,2553,ภาคกลาง,ชลบุรี,นอกเขตเทศบาล,หญิง,15 - 19 ปี,14097,คน,สำนักงานสถิติแห่งชาติ
2893,2533,ภาคกลาง,ชลบุรี,รวม,รวม,20 - 24 ปี,99568,คน,สำนักงานสถิติแห่งชาติ
2894,2533,ภาคกลาง,ชลบุรี,รวม,ชาย,20 - 24 ปี,50431,คน,สำนักงานสถิติแห่งชาติ
2895,2533,ภาคกลาง,ชลบุรี,รวม,หญิง,20 - 24 ปี,49137,คน,สำนักงานสถิติแห่งชาติ
2896,2533,ภาคกลาง,ชลบุรี,ในเขตเทศบาล,รวม,20 - 24 ปี,21861,คน,สำนักงานสถิติแห่งชาติ
2897,2533,ภาคกลาง,ชลบุรี,ในเขตเทศบาล,ชาย,20 - 24 ปี,9891,คน,สำนักงานสถิติแห่งชาติ
2898,2533,ภาคกลาง,ชลบุรี,ในเขตเทศบาล,หญิง,20 - 24 ปี,11970,คน,สำนักงานสถิติแห่งชาติ
2899,2533,ภาคกลาง,ชลบุรี,นอกเขตเทศบาล,รวม,20 - 24 ปี,77707,คน,สำนักงานสถิติแห่งชาติ
2900,2533,ภาคกลาง,ชลบุรี,นอกเขตเทศบาล,ชาย,20 - 24 ปี,40540,คน,สำนักงานสถิติแห่งชาติ
2901,2533,ภาคกลาง,ชลบุรี,นอกเขตเทศบาล,หญิง,20 - 24 ปี,37167,คน,สำนักงานสถิติแห่งชาติ
2902,2543,ภาคกลาง,ชลบุรี,รวม,รวม,20 - 24 ปี,121366,คน,สำนักงานสถิติแห่งชาติ
2903,2543,ภาคกลาง,ชลบุรี,รวม,ชาย,20 - 24 ปี,66454,คน,สำนักงานสถิติแห่งชาติ
2904,2543,ภาคกลาง,ชลบุรี,รวม,หญิง,20 - 24 ปี,54912,คน,สำนักงานสถิติแห่งชาติ
2905,2543,ภาคกลาง,ชลบุรี,ในเขตเทศบาล,รวม,20 - 24 ปี,65350,คน,สำนักงานสถิติแห่งชาติ
2906,2543,ภาคกลาง,ชลบุรี,ในเขตเทศบาล,ชาย,20 - 24 ปี,32460,คน,สำนักงานสถิติแห่งชาติ
2907,2543,ภาคกลาง,ชลบุรี,ในเขตเทศบาล,หญิง,20 - 24 ปี,32890,คน,สำนักงานสถิติแห่งชาติ
2908,2543,ภาคกลาง,ชลบุรี,นอกเขตเทศบาล,รวม,20 - 24 ปี,56016,คน,สำนักงานสถิติแห่งชาติ
2909,2543,ภาคกลาง,ชลบุรี,นอกเขตเทศบาล,ชาย,20 - 24 ปี,33994,คน,สำนักงานสถิติแห่งชาติ
2910,2543,ภาคกลาง,ชลบุรี,นอกเขตเทศบาล,หญิง,20 - 24 ปี,22022,คน,สำนักงานสถิติแห่งชาติ
2911,2553,ภาคกลาง,ชลบุรี,รวม,รวม,20 - 24 ปี,145762,คน,สำนักงานสถิติแห่งชาติ
2912,2553,ภาคกลาง,ชลบุรี,รวม,ชาย,20 - 24 ปี,66909,คน,สำนักงานสถิติแห่งชาติ
2913,2553,ภาคกลาง,ชลบุรี,รวม,หญิง,20 - 24 ปี,78853,คน,สำนักงานสถิติแห่งชาติ
2914,2553,ภาคกลาง,ชลบุรี,ในเขตเทศบาล,รวม,20 - 24 ปี,111935,คน,สำนักงานสถิติแห่งชาติ
2915,2553,ภาคกลาง,ชลบุรี,ในเขตเทศบาล,ชาย,20 - 24 ปี,49692,คน,สำนักงานสถิติแห่งชาติ
2916,2553,ภาคกลาง,ชลบุรี,ในเขตเทศบาล,หญิง,20 - 24 ปี,62243,คน,สำนักงานสถิติแห่งชาติ
2917,2553,ภาคกลาง,ชลบุรี,นอกเขตเทศบาล,รวม,20 - 24 ปี,33827,คน,สำนักงานสถิติแห่งชาติ
2918,2553,ภาคกลาง,ชลบุรี,นอกเขตเทศบาล,ชาย,20 - 24 ปี,17218,คน,สำนักงานสถิติแห่งชาติ
2919,2553,ภาคกลาง,ชลบุรี,นอกเขตเทศบาล,หญิง,20 - 24 ปี,16610,คน,สำนักงานสถิติแห่งชาติ
2920,2533,ภาคกลาง,ชลบุรี,รวม,รวม,25 - 29 ปี,92929,คน,สำนักงานสถิติแห่งชาติ
2921,2533,ภาคกลาง,ชลบุรี,รวม,ชาย,25 - 29 ปี,45711,คน,สำนักงานสถิติแห่งชาติ
2922,2533,ภาคกลาง,ชลบุรี,รวม,หญิง,25 - 29 ปี,47218,คน,สำนักงานสถิติแห่งชาติ
2923,2533,ภาคกลาง,ชลบุรี,ในเขตเทศบาล,รวม,25 - 29 ปี,23555,คน,สำนักงานสถิติแห่งชาติ
2924,2533,ภาคกลาง,ชลบุรี,ในเขตเทศบาล,ชาย,25 - 29 ปี,11140,คน,สำนักงานสถิติแห่งชาติ
2925,2533,ภาคกลาง,ชลบุรี,ในเขตเทศบาล,หญิง,25 - 29 ปี,12415,คน,สำนักงานสถิติแห่งชาติ
2926,2533,ภาคกลาง,ชลบุรี,นอกเขตเทศบาล,รวม,25 - 29 ปี,69374,คน,สำนักงานสถิติแห่งชาติ
2927,2533,ภาคกลาง,ชลบุรี,นอกเขตเทศบาล,ชาย,25 - 29 ปี,34571,คน,สำนักงานสถิติแห่งชาติ
2928,2533,ภาคกลาง,ชลบุรี,นอกเขตเทศบาล,หญิง,25 - 29 ปี,34803,คน,สำนักงานสถิติแห่งชาติ
2929,2543,ภาคกลาง,ชลบุรี,รวม,รวม,25 - 29 ปี,113855,คน,สำนักงานสถิติแห่งชาติ
2930,2543,ภาคกลาง,ชลบุรี,รวม,ชาย,25 - 29 ปี,56221,คน,สำนักงานสถิติแห่งชาติ
2931,2543,ภาคกลาง,ชลบุรี,รวม,หญิง,25 - 29 ปี,57634,คน,สำนักงานสถิติแห่งชาติ
2932,2543,ภาคกลาง,ชลบุรี,ในเขตเทศบาล,รวม,25 - 29 ปี,66016,คน,สำนักงานสถิติแห่งชาติ
2933,2543,ภาคกลาง,ชลบุรี,ในเขตเทศบาล,ชาย,25 - 29 ปี,32215,คน,สำนักงานสถิติแห่งชาติ
2934,2543,ภาคกลาง,ชลบุรี,ในเขตเทศบาล,หญิง,25 - 29 ปี,33801,คน,สำนักงานสถิติแห่งชาติ
2935,2543,ภาคกลาง,ชลบุรี,นอกเขตเทศบาล,รวม,25 - 29 ปี,47839,คน,สำนักงานสถิติแห่งชาติ
2936,2543,ภาคกลาง,ชลบุรี,นอกเขตเทศบาล,ชาย,25 - 29 ปี,24006,คน,สำนักงานสถิติแห่งชาติ
2937,2543,ภาคกลาง,ชลบุรี,นอกเขตเทศบาล,หญิง,25 - 29 ปี,23833,คน,สำนักงานสถิติแห่งชาติ
2938,2553,ภาคกลาง,ชลบุรี,รวม,รวม,25 - 29 ปี,197914,คน,สำนักงานสถิติแห่งชาติ
2939,2553,ภาคกลาง,ชลบุรี,รวม,ชาย,25 - 29 ปี,93791,คน,สำนักงานสถิติแห่งชาติ
2940,2553,ภาคกลาง,ชลบุรี,รวม,หญิง,25 - 29 ปี,104123,คน,สำนักงานสถิติแห่งชาติ
2941,2553,ภาคกลาง,ชลบุรี,ในเขตเทศบาล,รวม,25 - 29 ปี,151860,คน,สำนักงานสถิติแห่งชาติ
2942,2553,ภาคกลาง,ชลบุรี,ในเขตเทศบาล,ชาย,25 - 29 ปี,70689,คน,สำนักงานสถิติแห่งชาติ
2943,2553,ภาคกลาง,ชลบุรี,ในเขตเทศบาล,หญิง,25 - 29 ปี,81171,คน,สำนักงานสถิติแห่งชาติ
2944,2553,ภาคกลาง,ชลบุรี,นอกเขตเทศบาล,รวม,25 - 29 ปี,46054,คน,สำนักงานสถิติแห่งชาติ
2945,2553,ภาคกลาง,ชลบุรี,นอกเขตเทศบาล,ชาย,25 - 29 ปี,23102,คน,สำนักงานสถิติแห่งชาติ
2946,2553,ภาคกลาง,ชลบุรี,นอกเขตเทศบาล,หญิง,25 - 29 ปี,22952,คน,สำนักงานสถิติแห่งชาติ
2947,2533,ภาคกลาง,ชลบุรี,รวม,รวม,30 - 34 ปี,77117,คน,สำนักงานสถิติแห่งชาติ
2948,2533,ภาคกลาง,ชลบุรี,รวม,ชาย,30 - 34 ปี,37827,คน,สำนักงานสถิติแห่งชาติ
2949,2533,ภาคกลาง,ชลบุรี,รวม,หญิง,30 - 34 ปี,39290,คน,สำนักงานสถิติแห่งชาติ
2950,2533,ภาคกลาง,ชลบุรี,ในเขตเทศบาล,รวม,30 - 34 ปี,19431,คน,สำนักงานสถิติแห่งชาติ
2951,2533,ภาคกลาง,ชลบุรี,ในเขตเทศบาล,ชาย,30 - 34 ปี,9182,คน,สำนักงานสถิติแห่งชาติ
2952,2533,ภาคกลาง,ชลบุรี,ในเขตเทศบาล,หญิง,30 - 34 ปี,10249,คน,สำนักงานสถิติแห่งชาติ
2953,2533,ภาคกลาง,ชลบุรี,นอกเขตเทศบาล,รวม,30 - 34 ปี,57686,คน,สำนักงานสถิติแห่งชาติ
2954,2533,ภาคกลาง,ชลบุรี,นอกเขตเทศบาล,ชาย,30 - 34 ปี,28645,คน,สำนักงานสถิติแห่งชาติ
2955,2533,ภาคกลาง,ชลบุรี,นอกเขตเทศบาล,หญิง,30 - 34 ปี,29041,คน,สำนักงานสถิติแห่งชาติ
2956,2543,ภาคกลาง,ชลบุรี,รวม,รวม,30 - 34 ปี,109206,คน,สำนักงานสถิติแห่งชาติ
2957,2543,ภาคกลาง,ชลบุรี,รวม,ชาย,30 - 34 ปี,53463,คน,สำนักงานสถิติแห่งชาติ
2958,2543,ภาคกลาง,ชลบุรี,รวม,หญิง,30 - 34 ปี,55743,คน,สำนักงานสถิติแห่งชาติ
2959,2543,ภาคกลาง,ชลบุรี,ในเขตเทศบาล,รวม,30 - 34 ปี,61720,คน,สำนักงานสถิติแห่งชาติ
2960,2543,ภาคกลาง,ชลบุรี,ในเขตเทศบาล,ชาย,30 - 34 ปี,29841,คน,สำนักงานสถิติแห่งชาติ
2961,2543,ภาคกลาง,ชลบุรี,ในเขตเทศบาล,หญิง,30 - 34 ปี,31879,คน,สำนักงานสถิติแห่งชาติ
2962,2543,ภาคกลาง,ชลบุรี,นอกเขตเทศบาล,รวม,30 - 34 ปี,47486,คน,สำนักงานสถิติแห่งชาติ
2963,2543,ภาคกลาง,ชลบุรี,นอกเขตเทศบาล,ชาย,30 - 34 ปี,23622,คน,สำนักงานสถิติแห่งชาติ
2964,2543,ภาคกลาง,ชลบุรี,นอกเขตเทศบาล,หญิง,30 - 34 ปี,23864,คน,สำนักงานสถิติแห่งชาติ
2965,2553,ภาคกลาง,ชลบุรี,รวม,รวม,30 - 34 ปี,190653,คน,สำนักงานสถิติแห่งชาติ
2966,2553,ภาคกลาง,ชลบุรี,รวม,ชาย,30 - 34 ปี,98807,คน,สำนักงานสถิติแห่งชาติ
2967,2553,ภาคกลาง,ชลบุรี,รวม,หญิง,30 - 34 ปี,91846,คน,สำนักงานสถิติแห่งชาติ
2968,2553,ภาคกลาง,ชลบุรี,ในเขตเทศบาล,รวม,30 - 34 ปี,148442,คน,สำนักงานสถิติแห่งชาติ
2969,2553,ภาคกลาง,ชลบุรี,ในเขตเทศบาล,ชาย,30 - 34 ปี,75932,คน,สำนักงานสถิติแห่งชาติ
2970,2553,ภาคกลาง,ชลบุรี,ในเขตเทศบาล,หญิง,30 - 34 ปี,72510,คน,สำนักงานสถิติแห่งชาติ
2971,2553,ภาคกลาง,ชลบุรี,นอกเขตเทศบาล,รวม,30 - 34 ปี,42212,คน,สำนักงานสถิติแห่งชาติ
2972,2553,ภาคกลาง,ชลบุรี,นอกเขตเทศบาล,ชาย,30 - 34 ปี,22875,คน,สำนักงานสถิติแห่งชาติ
2973,2553,ภาคกลาง,ชลบุรี,นอกเขตเทศบาล,หญิง,30 - 34 ปี,19336,คน,สำนักงานสถิติแห่งชาติ
2974,2533,ภาคกลาง,ชลบุรี,รวม,รวม,35 - 39 ปี,62924,คน,สำนักงานสถิติแห่งชาติ
2975,2533,ภาคกลาง,ชลบุรี,รวม,ชาย,35 - 39 ปี,30517,คน,สำนักงานสถิติแห่งชาติ
2976,2533,ภาคกลาง,ชลบุรี,รวม,หญิง,35 - 39 ปี,32407,คน,สำนักงานสถิติแห่งชาติ
2977,2533,ภาคกลาง,ชลบุรี,ในเขตเทศบาล,รวม,35 - 39 ปี,15573,คน,สำนักงานสถิติแห่งชาติ
2978,2533,ภาคกลาง,ชลบุรี,ในเขตเทศบาล,ชาย,35 - 39 ปี,7332,คน,สำนักงานสถิติแห่งชาติ
2979,2533,ภาคกลาง,ชลบุรี,ในเขตเทศบาล,หญิง,35 - 39 ปี,8241,คน,สำนักงานสถิติแห่งชาติ
2980,2533,ภาคกลาง,ชลบุรี,นอกเขตเทศบาล,รวม,35 - 39 ปี,47351,คน,สำนักงานสถิติแห่งชาติ
2981,2533,ภาคกลาง,ชลบุรี,นอกเขตเทศบาล,ชาย,35 - 39 ปี,23185,คน,สำนักงานสถิติแห่งชาติ
2982,2533,ภาคกลาง,ชลบุรี,นอกเขตเทศบาล,หญิง,35 - 39 ปี,24166,คน,สำนักงานสถิติแห่งชาติ
2983,2543,ภาคกลาง,ชลบุรี,รวม,รวม,35 - 39 ปี,95926,คน,สำนักงานสถิติแห่งชาติ
2984,2543,ภาคกลาง,ชลบุรี,รวม,ชาย,35 - 39 ปี,46922,คน,สำนักงานสถิติแห่งชาติ
2985,2543,ภาคกลาง,ชลบุรี,รวม,หญิง,35 - 39 ปี,49004,คน,สำนักงานสถิติแห่งชาติ
2986,2543,ภาคกลาง,ชลบุรี,ในเขตเทศบาล,รวม,35 - 39 ปี,53572,คน,สำนักงานสถิติแห่งชาติ
2987,2543,ภาคกลาง,ชลบุรี,ในเขตเทศบาล,ชาย,35 - 39 ปี,25809,คน,สำนักงานสถิติแห่งชาติ
2988,2543,ภาคกลาง,ชลบุรี,ในเขตเทศบาล,หญิง,35 - 39 ปี,27763,คน,สำนักงานสถิติแห่งชาติ
2989,2543,ภาคกลาง,ชลบุรี,นอกเขตเทศบาล,รวม,35 - 39 ปี,42354,คน,สำนักงานสถิติแห่งชาติ
2990,2543,ภาคกลาง,ชลบุรี,นอกเขตเทศบาล,ชาย,35 - 39 ปี,21113,คน,สำนักงานสถิติแห่งชาติ
2991,2543,ภาคกลาง,ชลบุรี,นอกเขตเทศบาล,หญิง,35 - 39 ปี,21241,คน,สำนักงานสถิติแห่งชาติ
2992,2553,ภาคกลาง,ชลบุรี,รวม,รวม,35 - 39 ปี,170142,คน,สำนักงานสถิติแห่งชาติ
2993,2553,ภาคกลาง,ชลบุรี,รวม,ชาย,35 - 39 ปี,90495,คน,สำนักงานสถิติแห่งชาติ
2994,2553,ภาคกลาง,ชลบุรี,รวม,หญิง,35 - 39 ปี,79647,คน,สำนักงานสถิติแห่งชาติ
2995,2553,ภาคกลาง,ชลบุรี,ในเขตเทศบาล,รวม,35 - 39 ปี,131783,คน,สำนักงานสถิติแห่งชาติ
2996,2553,ภาคกลาง,ชลบุรี,ในเขตเทศบาล,ชาย,35 - 39 ปี,70353,คน,สำนักงานสถิติแห่งชาติ
2997,2553,ภาคกลาง,ชลบุรี,ในเขตเทศบาล,หญิง,35 - 39 ปี,61431,คน,สำนักงานสถิติแห่งชาติ
2998,2553,ภาคกลาง,ชลบุรี,นอกเขตเทศบาล,รวม,35 - 39 ปี,38358,คน,สำนักงานสถิติแห่งชาติ
2999,2553,ภาคกลาง,ชลบุรี,นอกเขตเทศบาล,ชาย,35 - 39 ปี,20142,คน,สำนักงานสถิติแห่งชาติ
3000,2553,ภาคกลาง,ชลบุรี,นอกเขตเทศบาล,หญิง,35 - 39 ปี,18216,คน,สำนักงานสถิติแห่งชาติ
3001,2533,ภาคกลาง,ชลบุรี,รวม,รวม,40 - 44 ปี,48777,คน,สำนักงานสถิติแห่งชาติ
3002,2533,ภาคกลาง,ชลบุรี,รวม,ชาย,40 - 44 ปี,24000,คน,สำนักงานสถิติแห่งชาติ
3003,2533,ภาคกลาง,ชลบุรี,รวม,หญิง,40 - 44 ปี,24777,คน,สำนักงานสถิติแห่งชาติ
3004,2533,ภาคกลาง,ชลบุรี,ในเขตเทศบาล,รวม,40 - 44 ปี,11447,คน,สำนักงานสถิติแห่งชาติ
3005,2533,ภาคกลาง,ชลบุรี,ในเขตเทศบาล,ชาย,40 - 44 ปี,5547,คน,สำนักงานสถิติแห่งชาติ
3006,2533,ภาคกลาง,ชลบุรี,ในเขตเทศบาล,หญิง,40 - 44 ปี,5900,คน,สำนักงานสถิติแห่งชาติ
3007,2533,ภาคกลาง,ชลบุรี,นอกเขตเทศบาล,รวม,40 - 44 ปี,37330,คน,สำนักงานสถิติแห่งชาติ
3008,2533,ภาคกลาง,ชลบุรี,นอกเขตเทศบาล,ชาย,40 - 44 ปี,18453,คน,สำนักงานสถิติแห่งชาติ
3009,2533,ภาคกลาง,ชลบุรี,นอกเขตเทศบาล,หญิง,40 - 44 ปี,18877,คน,สำนักงานสถิติแห่งชาติ
3010,2543,ภาคกลาง,ชลบุรี,รวม,รวม,40 - 44 ปี,79138,คน,สำนักงานสถิติแห่งชาติ
3011,2543,ภาคกลาง,ชลบุรี,รวม,ชาย,40 - 44 ปี,38048,คน,สำนักงานสถิติแห่งชาติ
3012,2543,ภาคกลาง,ชลบุรี,รวม,หญิง,40 - 44 ปี,41090,คน,สำนักงานสถิติแห่งชาติ
3013,2543,ภาคกลาง,ชลบุรี,ในเขตเทศบาล,รวม,40 - 44 ปี,44943,คน,สำนักงานสถิติแห่งชาติ
3014,2543,ภาคกลาง,ชลบุรี,ในเขตเทศบาล,ชาย,40 - 44 ปี,21305,คน,สำนักงานสถิติแห่งชาติ
3015,2543,ภาคกลาง,ชลบุรี,ในเขตเทศบาล,หญิง,40 - 44 ปี,23638,คน,สำนักงานสถิติแห่งชาติ
3016,2543,ภาคกลาง,ชลบุรี,นอกเขตเทศบาล,รวม,40 - 44 ปี,34195,คน,สำนักงานสถิติแห่งชาติ
3017,2543,ภาคกลาง,ชลบุรี,นอกเขตเทศบาล,ชาย,40 - 44 ปี,16743,คน,สำนักงานสถิติแห่งชาติ
3018,2543,ภาคกลาง,ชลบุรี,นอกเขตเทศบาล,หญิง,40 - 44 ปี,17452,คน,สำนักงานสถิติแห่งชาติ
3019,2553,ภาคกลาง,ชลบุรี,รวม,รวม,40 - 44 ปี,145754,คน,สำนักงานสถิติแห่งชาติ
3020,2553,ภาคกลาง,ชลบุรี,รวม,ชาย,40 - 44 ปี,76213,คน,สำนักงานสถิติแห่งชาติ
3021,2553,ภาคกลาง,ชลบุรี,รวม,หญิง,40 - 44 ปี,69541,คน,สำนักงานสถิติแห่งชาติ
3022,2553,ภาคกลาง,ชลบุรี,ในเขตเทศบาล,รวม,40 - 44 ปี,110368,คน,สำนักงานสถิติแห่งชาติ
3023,2553,ภาคกลาง,ชลบุรี,ในเขตเทศบาล,ชาย,40 - 44 ปี,58074,คน,สำนักงานสถิติแห่งชาติ
3024,2553,ภาคกลาง,ชลบุรี,ในเขตเทศบาล,หญิง,40 - 44 ปี,52293,คน,สำนักงานสถิติแห่งชาติ
3025,2553,ภาคกลาง,ชลบุรี,นอกเขตเทศบาล,รวม,40 - 44 ปี,35386,คน,สำนักงานสถิติแห่งชาติ
3026,2553,ภาคกลาง,ชลบุรี,นอกเขตเทศบาล,ชาย,40 - 44 ปี,18139,คน,สำนักงานสถิติแห่งชาติ
3027,2553,ภาคกลาง,ชลบุรี,นอกเขตเทศบาล,หญิง,40 - 44 ปี,17248,คน,สำนักงานสถิติแห่งชาติ
3028,2533,ภาคกลาง,ชลบุรี,รวม,รวม,45 - 49 ปี,41180,คน,สำนักงานสถิติแห่งชาติ
3029,2533,ภาคกลาง,ชลบุรี,รวม,ชาย,45 - 49 ปี,20397,คน,สำนักงานสถิติแห่งชาติ
3030,2533,ภาคกลาง,ชลบุรี,รวม,หญิง,45 - 49 ปี,20783,คน,สำนักงานสถิติแห่งชาติ
3031,2533,ภาคกลาง,ชลบุรี,ในเขตเทศบาล,รวม,45 - 49 ปี,8913,คน,สำนักงานสถิติแห่งชาติ
3032,2533,ภาคกลาง,ชลบุรี,ในเขตเทศบาล,ชาย,45 - 49 ปี,4269,คน,สำนักงานสถิติแห่งชาติ
3033,2533,ภาคกลาง,ชลบุรี,ในเขตเทศบาล,หญิง,45 - 49 ปี,4644,คน,สำนักงานสถิติแห่งชาติ
3034,2533,ภาคกลาง,ชลบุรี,นอกเขตเทศบาล,รวม,45 - 49 ปี,32267,คน,สำนักงานสถิติแห่งชาติ
3035,2533,ภาคกลาง,ชลบุรี,นอกเขตเทศบาล,ชาย,45 - 49 ปี,16128,คน,สำนักงานสถิติแห่งชาติ
3036,2533,ภาคกลาง,ชลบุรี,นอกเขตเทศบาล,หญิง,45 - 49 ปี,16139,คน,สำนักงานสถิติแห่งชาติ
3037,2543,ภาคกลาง,ชลบุรี,รวม,รวม,45 - 49 ปี,58775,คน,สำนักงานสถิติแห่งชาติ
3038,2543,ภาคกลาง,ชลบุรี,รวม,ชาย,45 - 49 ปี,28346,คน,สำนักงานสถิติแห่งชาติ
3039,2543,ภาคกลาง,ชลบุรี,รวม,หญิง,45 - 49 ปี,30429,คน,สำนักงานสถิติแห่งชาติ
3040,2543,ภาคกลาง,ชลบุรี,ในเขตเทศบาล,รวม,45 - 49 ปี,32829,คน,สำนักงานสถิติแห่งชาติ
3041,2543,ภาคกลาง,ชลบุรี,ในเขตเทศบาล,ชาย,45 - 49 ปี,15550,คน,สำนักงานสถิติแห่งชาติ
3042,2543,ภาคกลาง,ชลบุรี,ในเขตเทศบาล,หญิง,45 - 49 ปี,17279,คน,สำนักงานสถิติแห่งชาติ
3043,2543,ภาคกลาง,ชลบุรี,นอกเขตเทศบาล,รวม,45 - 49 ปี,25946,คน,สำนักงานสถิติแห่งชาติ
3044,2543,ภาคกลาง,ชลบุรี,นอกเขตเทศบาล,ชาย,45 - 49 ปี,12796,คน,สำนักงานสถิติแห่งชาติ
3045,2543,ภาคกลาง,ชลบุรี,นอกเขตเทศบาล,หญิง,45 - 49 ปี,13150,คน,สำนักงานสถิติแห่งชาติ
3046,2553,ภาคกลาง,ชลบุรี,รวม,รวม,45 - 49 ปี,116659,คน,สำนักงานสถิติแห่งชาติ
3047,2553,ภาคกลาง,ชลบุรี,รวม,ชาย,45 - 49 ปี,61548,คน,สำนักงานสถิติแห่งชาติ
3048,2553,ภาคกลาง,ชลบุรี,รวม,หญิง,45 - 49 ปี,55111,คน,สำนักงานสถิติแห่งชาติ
3049,2553,ภาคกลาง,ชลบุรี,ในเขตเทศบาล,รวม,45 - 49 ปี,86992,คน,สำนักงานสถิติแห่งชาติ
3050,2553,ภาคกลาง,ชลบุรี,ในเขตเทศบาล,ชาย,45 - 49 ปี,46659,คน,สำนักงานสถิติแห่งชาติ
3051,2553,ภาคกลาง,ชลบุรี,ในเขตเทศบาล,หญิง,45 - 49 ปี,40333,คน,สำนักงานสถิติแห่งชาติ
3052,2553,ภาคกลาง,ชลบุรี,นอกเขตเทศบาล,รวม,45 - 49 ปี,29667,คน,สำนักงานสถิติแห่งชาติ
3053,2553,ภาคกลาง,ชลบุรี,นอกเขตเทศบาล,ชาย,45 - 49 ปี,14889,คน,สำนักงานสถิติแห่งชาติ
3054,2553,ภาคกลาง,ชลบุรี,นอกเขตเทศบาล,หญิง,45 - 49 ปี,14778,คน,สำนักงานสถิติแห่งชาติ
3055,2533,ภาคกลาง,ชลบุรี,รวม,รวม,50 - 54 ปี,37398,คน,สำนักงานสถิติแห่งชาติ
3056,2533,ภาคกลาง,ชลบุรี,รวม,ชาย,50 - 54 ปี,18650,คน,สำนักงานสถิติแห่งชาติ
3057,2533,ภาคกลาง,ชลบุรี,รวม,หญิง,50 - 54 ปี,18748,คน,สำนักงานสถิติแห่งชาติ
3058,2533,ภาคกลาง,ชลบุรี,ในเขตเทศบาล,รวม,50 - 54 ปี,7661,คน,สำนักงานสถิติแห่งชาติ
3059,2533,ภาคกลาง,ชลบุรี,ในเขตเทศบาล,ชาย,50 - 54 ปี,3671,คน,สำนักงานสถิติแห่งชาติ
3060,2533,ภาคกลาง,ชลบุรี,ในเขตเทศบาล,หญิง,50 - 54 ปี,3990,คน,สำนักงานสถิติแห่งชาติ
3061,2533,ภาคกลาง,ชลบุรี,นอกเขตเทศบาล,รวม,50 - 54 ปี,29737,คน,สำนักงานสถิติแห่งชาติ
3062,2533,ภาคกลาง,ชลบุรี,นอกเขตเทศบาล,ชาย,50 - 54 ปี,14979,คน,สำนักงานสถิติแห่งชาติ
3063,2533,ภาคกลาง,ชลบุรี,นอกเขตเทศบาล,หญิง,50 - 54 ปี,14758,คน,สำนักงานสถิติแห่งชาติ
3064,2543,ภาคกลาง,ชลบุรี,รวม,รวม,50 - 54 ปี,43119,คน,สำนักงานสถิติแห่งชาติ
3065,2543,ภาคกลาง,ชลบุรี,รวม,ชาย,50 - 54 ปี,20638,คน,สำนักงานสถิติแห่งชาติ
3066,2543,ภาคกลาง,ชลบุรี,รวม,หญิง,50 - 54 ปี,22481,คน,สำนักงานสถิติแห่งชาติ
3067,2543,ภาคกลาง,ชลบุรี,ในเขตเทศบาล,รวม,50 - 54 ปี,23679,คน,สำนักงานสถิติแห่งชาติ
3068,2543,ภาคกลาง,ชลบุรี,ในเขตเทศบาล,ชาย,50 - 54 ปี,11157,คน,สำนักงานสถิติแห่งชาติ
3069,2543,ภาคกลาง,ชลบุรี,ในเขตเทศบาล,หญิง,50 - 54 ปี,12522,คน,สำนักงานสถิติแห่งชาติ
3070,2543,ภาคกลาง,ชลบุรี,นอกเขตเทศบาล,รวม,50 - 54 ปี,19440,คน,สำนักงานสถิติแห่งชาติ
3071,2543,ภาคกลาง,ชลบุรี,นอกเขตเทศบาล,ชาย,50 - 54 ปี,9481,คน,สำนักงานสถิติแห่งชาติ
3072,2543,ภาคกลาง,ชลบุรี,นอกเขตเทศบาล,หญิง,50 - 54 ปี,9959,คน,สำนักงานสถิติแห่งชาติ
3073,2553,ภาคกลาง,ชลบุรี,รวม,รวม,50 - 54 ปี,89416,คน,สำนักงานสถิติแห่งชาติ
3074,2553,ภาคกลาง,ชลบุรี,รวม,ชาย,50 - 54 ปี,46129,คน,สำนักงานสถิติแห่งชาติ
3075,2553,ภาคกลาง,ชลบุรี,รวม,หญิง,50 - 54 ปี,43287,คน,สำนักงานสถิติแห่งชาติ
3076,2553,ภาคกลาง,ชลบุรี,ในเขตเทศบาล,รวม,50 - 54 ปี,66012,คน,สำนักงานสถิติแห่งชาติ
3077,2553,ภาคกลาง,ชลบุรี,ในเขตเทศบาล,ชาย,50 - 54 ปี,34933,คน,สำนักงานสถิติแห่งชาติ
3078,2553,ภาคกลาง,ชลบุรี,ในเขตเทศบาล,หญิง,50 - 54 ปี,31079,คน,สำนักงานสถิติแห่งชาติ
3079,2553,ภาคกลาง,ชลบุรี,นอกเขตเทศบาล,รวม,50 - 54 ปี,23403,คน,สำนักงานสถิติแห่งชาติ
3080,2553,ภาคกลาง,ชลบุรี,นอกเขตเทศบาล,ชาย,50 - 54 ปี,11196,คน,สำนักงานสถิติแห่งชาติ
3081,2553,ภาคกลาง,ชลบุรี,นอกเขตเทศบาล,หญิง,50 - 54 ปี,12208,คน,สำนักงานสถิติแห่งชาติ
3082,2533,ภาคกลาง,ชลบุรี,รวม,รวม,55 - 59 ปี,29326,คน,สำนักงานสถิติแห่งชาติ
3083,2533,ภาคกลาง,ชลบุรี,รวม,ชาย,55 - 59 ปี,14449,คน,สำนักงานสถิติแห่งชาติ
3084,2533,ภาคกลาง,ชลบุรี,รวม,หญิง,55 - 59 ปี,14877,คน,สำนักงานสถิติแห่งชาติ
3085,2533,ภาคกลาง,ชลบุรี,ในเขตเทศบาล,รวม,55 - 59 ปี,5588,คน,สำนักงานสถิติแห่งชาติ
3086,2533,ภาคกลาง,ชลบุรี,ในเขตเทศบาล,ชาย,55 - 59 ปี,2552,คน,สำนักงานสถิติแห่งชาติ
3087,2533,ภาคกลาง,ชลบุรี,ในเขตเทศบาล,หญิง,55 - 59 ปี,3036,คน,สำนักงานสถิติแห่งชาติ
3088,2533,ภาคกลาง,ชลบุรี,นอกเขตเทศบาล,รวม,55 - 59 ปี,23738,คน,สำนักงานสถิติแห่งชาติ
3089,2533,ภาคกลาง,ชลบุรี,นอกเขตเทศบาล,ชาย,55 - 59 ปี,11897,คน,สำนักงานสถิติแห่งชาติ
3090,2533,ภาคกลาง,ชลบุรี,นอกเขตเทศบาล,หญิง,55 - 59 ปี,11841,คน,สำนักงานสถิติแห่งชาติ
3091,2543,ภาคกลาง,ชลบุรี,รวม,รวม,55 - 59 ปี,33734,คน,สำนักงานสถิติแห่งชาติ
3092,2543,ภาคกลาง,ชลบุรี,รวม,ชาย,55 - 59 ปี,16329,คน,สำนักงานสถิติแห่งชาติ
3093,2543,ภาคกลาง,ชลบุรี,รวม,หญิง,55 - 59 ปี,17405,คน,สำนักงานสถิติแห่งชาติ
3094,2543,ภาคกลาง,ชลบุรี,ในเขตเทศบาล,รวม,55 - 59 ปี,17142,คน,สำนักงานสถิติแห่งชาติ
3095,2543,ภาคกลาง,ชลบุรี,ในเขตเทศบาล,ชาย,55 - 59 ปี,8187,คน,สำนักงานสถิติแห่งชาติ
3096,2543,ภาคกลาง,ชลบุรี,ในเขตเทศบาล,หญิง,55 - 59 ปี,8955,คน,สำนักงานสถิติแห่งชาติ
3097,2543,ภาคกลาง,ชลบุรี,นอกเขตเทศบาล,รวม,55 - 59 ปี,16592,คน,สำนักงานสถิติแห่งชาติ
3098,2543,ภาคกลาง,ชลบุรี,นอกเขตเทศบาล,ชาย,55 - 59 ปี,8142,คน,สำนักงานสถิติแห่งชาติ
3099,2543,ภาคกลาง,ชลบุรี,นอกเขตเทศบาล,หญิง,55 - 59 ปี,8450,คน,สำนักงานสถิติแห่งชาติ
3100,2553,ภาคกลาง,ชลบุรี,รวม,รวม,55 - 59 ปี,62276,คน,สำนักงานสถิติแห่งชาติ
3101,2553,ภาคกลาง,ชลบุรี,รวม,ชาย,55 - 59 ปี,31362,คน,สำนักงานสถิติแห่งชาติ
3102,2553,ภาคกลาง,ชลบุรี,รวม,หญิง,55 - 59 ปี,30914,คน,สำนักงานสถิติแห่งชาติ
3103,2553,ภาคกลาง,ชลบุรี,ในเขตเทศบาล,รวม,55 - 59 ปี,44669,คน,สำนักงานสถิติแห่งชาติ
3104,2553,ภาคกลาง,ชลบุรี,ในเขตเทศบาล,ชาย,55 - 59 ปี,23159,คน,สำนักงานสถิติแห่งชาติ
3105,2553,ภาคกลาง,ชลบุรี,ในเขตเทศบาล,หญิง,55 - 59 ปี,21510,คน,สำนักงานสถิติแห่งชาติ
3106,2553,ภาคกลาง,ชลบุรี,นอกเขตเทศบาล,รวม,55 - 59 ปี,17607,คน,สำนักงานสถิติแห่งชาติ
3107,2553,ภาคกลาง,ชลบุรี,นอกเขตเทศบาล,ชาย,55 - 59 ปี,8203,คน,สำนักงานสถิติแห่งชาติ
3108,2553,ภาคกลาง,ชลบุรี,นอกเขตเทศบาล,หญิง,55 - 59 ปี,9404,คน,สำนักงานสถิติแห่งชาติ
3109,2533,ภาคกลาง,ชลบุรี,รวม,รวม,60 - 64 ปี,22756,คน,สำนักงานสถิติแห่งชาติ
3110,2533,ภาคกลาง,ชลบุรี,รวม,ชาย,60 - 64 ปี,11253,คน,สำนักงานสถิติแห่งชาติ
3111,2533,ภาคกลาง,ชลบุรี,รวม,หญิง,60 - 64 ปี,11503,คน,สำนักงานสถิติแห่งชาติ
3112,2533,ภาคกลาง,ชลบุรี,ในเขตเทศบาล,รวม,60 - 64 ปี,4818,คน,สำนักงานสถิติแห่งชาติ
3113,2533,ภาคกลาง,ชลบุรี,ในเขตเทศบาล,ชาย,60 - 64 ปี,2263,คน,สำนักงานสถิติแห่งชาติ
3114,2533,ภาคกลาง,ชลบุรี,ในเขตเทศบาล,หญิง,60 - 64 ปี,2555,คน,สำนักงานสถิติแห่งชาติ
3115,2533,ภาคกลาง,ชลบุรี,นอกเขตเทศบาล,รวม,60 - 64 ปี,17938,คน,สำนักงานสถิติแห่งชาติ
3116,2533,ภาคกลาง,ชลบุรี,นอกเขตเทศบาล,ชาย,60 - 64 ปี,8990,คน,สำนักงานสถิติแห่งชาติ
3117,2533,ภาคกลาง,ชลบุรี,นอกเขตเทศบาล,หญิง,60 - 64 ปี,8948,คน,สำนักงานสถิติแห่งชาติ
3118,2543,ภาคกลาง,ชลบุรี,รวม,รวม,60 - 64 ปี,29009,คน,สำนักงานสถิติแห่งชาติ
3119,2543,ภาคกลาง,ชลบุรี,รวม,ชาย,60 - 64 ปี,13999,คน,สำนักงานสถิติแห่งชาติ
3120,2543,ภาคกลาง,ชลบุรี,รวม,หญิง,60 - 64 ปี,15010,คน,สำนักงานสถิติแห่งชาติ
3121,2543,ภาคกลาง,ชลบุรี,ในเขตเทศบาล,รวม,60 - 64 ปี,15088,คน,สำนักงานสถิติแห่งชาติ
3122,2543,ภาคกลาง,ชลบุรี,ในเขตเทศบาล,ชาย,60 - 64 ปี,7191,คน,สำนักงานสถิติแห่งชาติ
3123,2543,ภาคกลาง,ชลบุรี,ในเขตเทศบาล,หญิง,60 - 64 ปี,7897,คน,สำนักงานสถิติแห่งชาติ
3124,2543,ภาคกลาง,ชลบุรี,นอกเขตเทศบาล,รวม,60 - 64 ปี,13921,คน,สำนักงานสถิติแห่งชาติ
3125,2543,ภาคกลาง,ชลบุรี,นอกเขตเทศบาล,ชาย,60 - 64 ปี,6808,คน,สำนักงานสถิติแห่งชาติ
3126,2543,ภาคกลาง,ชลบุรี,นอกเขตเทศบาล,หญิง,60 - 64 ปี,7113,คน,สำนักงานสถิติแห่งชาติ
3127,2553,ภาคกลาง,ชลบุรี,รวม,รวม,60 - 64 ปี,54049,คน,สำนักงานสถิติแห่งชาติ
3128,2553,ภาคกลาง,ชลบุรี,รวม,ชาย,60 - 64 ปี,29161,คน,สำนักงานสถิติแห่งชาติ
3129,2553,ภาคกลาง,ชลบุรี,รวม,หญิง,60 - 64 ปี,24889,คน,สำนักงานสถิติแห่งชาติ
3130,2553,ภาคกลาง,ชลบุรี,ในเขตเทศบาล,รวม,60 - 64 ปี,40281,คน,สำนักงานสถิติแห่งชาติ
3131,2553,ภาคกลาง,ชลบุรี,ในเขตเทศบาล,ชาย,60 - 64 ปี,22782,คน,สำนักงานสถิติแห่งชาติ
3132,2553,ภาคกลาง,ชลบุรี,ในเขตเทศบาล,หญิง,60 - 64 ปี,17499,คน,สำนักงานสถิติแห่งชาติ
3133,2553,ภาคกลาง,ชลบุรี,นอกเขตเทศบาล,รวม,60 - 64 ปี,13769,คน,สำนักงานสถิติแห่งชาติ
3134,2553,ภาคกลาง,ชลบุรี,นอกเขตเทศบาล,ชาย,60 - 64 ปี,6379,คน,สำนักงานสถิติแห่งชาติ
3135,2553,ภาคกลาง,ชลบุรี,นอกเขตเทศบาล,หญิง,60 - 64 ปี,7389,คน,สำนักงานสถิติแห่งชาติ
3136,2533,ภาคกลาง,ชลบุรี,รวม,รวม,65 - 69 ปี,14887,คน,สำนักงานสถิติแห่งชาติ
3137,2533,ภาคกลาง,ชลบุรี,รวม,ชาย,65 - 69 ปี,7380,คน,สำนักงานสถิติแห่งชาติ
3138,2533,ภาคกลาง,ชลบุรี,รวม,หญิง,65 - 69 ปี,7507,คน,สำนักงานสถิติแห่งชาติ
3139,2533,ภาคกลาง,ชลบุรี,ในเขตเทศบาล,รวม,65 - 69 ปี,3151,คน,สำนักงานสถิติแห่งชาติ
3140,2533,ภาคกลาง,ชลบุรี,ในเขตเทศบาล,ชาย,65 - 69 ปี,1559,คน,สำนักงานสถิติแห่งชาติ
3141,2533,ภาคกลาง,ชลบุรี,ในเขตเทศบาล,หญิง,65 - 69 ปี,1592,คน,สำนักงานสถิติแห่งชาติ
3142,2533,ภาคกลาง,ชลบุรี,นอกเขตเทศบาล,รวม,65 - 69 ปี,11736,คน,สำนักงานสถิติแห่งชาติ
3143,2533,ภาคกลาง,ชลบุรี,นอกเขตเทศบาล,ชาย,65 - 69 ปี,5821,คน,สำนักงานสถิติแห่งชาติ
3144,2533,ภาคกลาง,ชลบุรี,นอกเขตเทศบาล,หญิง,65 - 69 ปี,5915,คน,สำนักงานสถิติแห่งชาติ
3145,2543,ภาคกลาง,ชลบุรี,รวม,รวม,65 - 69 ปี,20887,คน,สำนักงานสถิติแห่งชาติ
3146,2543,ภาคกลาง,ชลบุรี,รวม,ชาย,65 - 69 ปี,9744,คน,สำนักงานสถิติแห่งชาติ
3147,2543,ภาคกลาง,ชลบุรี,รวม,หญิง,65 - 69 ปี,11143,คน,สำนักงานสถิติแห่งชาติ
3148,2543,ภาคกลาง,ชลบุรี,ในเขตเทศบาล,รวม,65 - 69 ปี,10462,คน,สำนักงานสถิติแห่งชาติ
3149,2543,ภาคกลาง,ชลบุรี,ในเขตเทศบาล,ชาย,65 - 69 ปี,4721,คน,สำนักงานสถิติแห่งชาติ
3150,2543,ภาคกลาง,ชลบุรี,ในเขตเทศบาล,หญิง,65 - 69 ปี,5741,คน,สำนักงานสถิติแห่งชาติ
3151,2543,ภาคกลาง,ชลบุรี,นอกเขตเทศบาล,รวม,65 - 69 ปี,10425,คน,สำนักงานสถิติแห่งชาติ
3152,2543,ภาคกลาง,ชลบุรี,นอกเขตเทศบาล,ชาย,65 - 69 ปี,5023,คน,สำนักงานสถิติแห่งชาติ
3153,2543,ภาคกลาง,ชลบุรี,นอกเขตเทศบาล,หญิง,65 - 69 ปี,5402,คน,สำนักงานสถิติแห่งชาติ
3154,2553,ภาคกลาง,ชลบุรี,รวม,รวม,65 - 69 ปี,39239,คน,สำนักงานสถิติแห่งชาติ
3155,2553,ภาคกลาง,ชลบุรี,รวม,ชาย,65 - 69 ปี,22336,คน,สำนักงานสถิติแห่งชาติ
3156,2553,ภาคกลาง,ชลบุรี,รวม,หญิง,65 - 69 ปี,16903,คน,สำนักงานสถิติแห่งชาติ
3157,2553,ภาคกลาง,ชลบุรี,ในเขตเทศบาล,รวม,65 - 69 ปี,28546,คน,สำนักงานสถิติแห่งชาติ
3158,2553,ภาคกลาง,ชลบุรี,ในเขตเทศบาล,ชาย,65 - 69 ปี,17327,คน,สำนักงานสถิติแห่งชาติ
3159,2553,ภาคกลาง,ชลบุรี,ในเขตเทศบาล,หญิง,65 - 69 ปี,11219,คน,สำนักงานสถิติแห่งชาติ
3160,2553,ภาคกลาง,ชลบุรี,นอกเขตเทศบาล,รวม,65 - 69 ปี,10693,คน,สำนักงานสถิติแห่งชาติ
3161,2553,ภาคกลาง,ชลบุรี,นอกเขตเทศบาล,ชาย,65 - 69 ปี,5009,คน,สำนักงานสถิติแห่งชาติ
3162,2553,ภาคกลาง,ชลบุรี,นอกเขตเทศบาล,หญิง,65 - 69 ปี,5684,คน,สำนักงานสถิติแห่งชาติ
3163,2533,ภาคกลาง,ชลบุรี,รวม,รวม,70 - 74 ปี,11021,คน,สำนักงานสถิติแห่งชาติ
3164,2533,ภาคกลาง,ชลบุรี,รวม,ชาย,70 - 74 ปี,4962,คน,สำนักงานสถิติแห่งชาติ
3165,2533,ภาคกลาง,ชลบุรี,รวม,หญิง,70 - 74 ปี,6059,คน,สำนักงานสถิติแห่งชาติ
3166,2533,ภาคกลาง,ชลบุรี,ในเขตเทศบาล,รวม,70 - 74 ปี,2121,คน,สำนักงานสถิติแห่งชาติ
3167,2533,ภาคกลาง,ชลบุรี,ในเขตเทศบาล,ชาย,70 - 74 ปี,978,คน,สำนักงานสถิติแห่งชาติ
3168,2533,ภาคกลาง,ชลบุรี,ในเขตเทศบาล,หญิง,70 - 74 ปี,1143,คน,สำนักงานสถิติแห่งชาติ
3169,2533,ภาคกลาง,ชลบุรี,นอกเขตเทศบาล,รวม,70 - 74 ปี,8900,คน,สำนักงานสถิติแห่งชาติ
3170,2533,ภาคกลาง,ชลบุรี,นอกเขตเทศบาล,ชาย,70 - 74 ปี,3984,คน,สำนักงานสถิติแห่งชาติ
3171,2533,ภาคกลาง,ชลบุรี,นอกเขตเทศบาล,หญิง,70 - 74 ปี,4916,คน,สำนักงานสถิติแห่งชาติ
3172,2543,ภาคกลาง,ชลบุรี,รวม,รวม,70 - 74 ปี,15402,คน,สำนักงานสถิติแห่งชาติ
3173,2543,ภาคกลาง,ชลบุรี,รวม,ชาย,70 - 74 ปี,6944,คน,สำนักงานสถิติแห่งชาติ
3174,2543,ภาคกลาง,ชลบุรี,รวม,หญิง,70 - 74 ปี,8458,คน,สำนักงานสถิติแห่งชาติ
3175,2543,ภาคกลาง,ชลบุรี,ในเขตเทศบาล,รวม,70 - 74 ปี,7853,คน,สำนักงานสถิติแห่งชาติ
3176,2543,ภาคกลาง,ชลบุรี,ในเขตเทศบาล,ชาย,70 - 74 ปี,3492,คน,สำนักงานสถิติแห่งชาติ
3177,2543,ภาคกลาง,ชลบุรี,ในเขตเทศบาล,หญิง,70 - 74 ปี,4361,คน,สำนักงานสถิติแห่งชาติ
3178,2543,ภาคกลาง,ชลบุรี,นอกเขตเทศบาล,รวม,70 - 74 ปี,7549,คน,สำนักงานสถิติแห่งชาติ
3179,2543,ภาคกลาง,ชลบุรี,นอกเขตเทศบาล,ชาย,70 - 74 ปี,3452,คน,สำนักงานสถิติแห่งชาติ
3180,2543,ภาคกลาง,ชลบุรี,นอกเขตเทศบาล,หญิง,70 - 74 ปี,4097,คน,สำนักงานสถิติแห่งชาติ
3181,2553,ภาคกลาง,ชลบุรี,รวม,รวม,70 - 74 ปี,25726,คน,สำนักงานสถิติแห่งชาติ
3182,2553,ภาคกลาง,ชลบุรี,รวม,ชาย,70 - 74 ปี,12222,คน,สำนักงานสถิติแห่งชาติ
3183,2553,ภาคกลาง,ชลบุรี,รวม,หญิง,70 - 74 ปี,13504,คน,สำนักงานสถิติแห่งชาติ
3184,2553,ภาคกลาง,ชลบุรี,ในเขตเทศบาล,รวม,70 - 74 ปี,17144,คน,สำนักงานสถิติแห่งชาติ
3185,2553,ภาคกลาง,ชลบุรี,ในเขตเทศบาล,ชาย,70 - 74 ปี,8415,คน,สำนักงานสถิติแห่งชาติ
3186,2553,ภาคกลาง,ชลบุรี,ในเขตเทศบาล,หญิง,70 - 74 ปี,8729,คน,สำนักงานสถิติแห่งชาติ
3187,2553,ภาคกลาง,ชลบุรี,นอกเขตเทศบาล,รวม,70 - 74 ปี,8582,คน,สำนักงานสถิติแห่งชาติ
3188,2553,ภาคกลาง,ชลบุรี,นอกเขตเทศบาล,ชาย,70 - 74 ปี,3807,คน,สำนักงานสถิติแห่งชาติ
3189,2553,ภาคกลาง,ชลบุรี,นอกเขตเทศบาล,หญิง,70 - 74 ปี,4775,คน,สำนักงานสถิติแห่งชาติ
3190,2533,ภาคกลาง,ชลบุรี,รวม,รวม,75 - 79 ปี,7113,คน,สำนักงานสถิติแห่งชาติ
3191,2533,ภาคกลาง,ชลบุรี,รวม,ชาย,75 - 79 ปี,3084,คน,สำนักงานสถิติแห่งชาติ
3192,2533,ภาคกลาง,ชลบุรี,รวม,หญิง,75 - 79 ปี,4029,คน,สำนักงานสถิติแห่งชาติ
3193,2533,ภาคกลาง,ชลบุรี,ในเขตเทศบาล,รวม,75 - 79 ปี,1266,คน,สำนักงานสถิติแห่งชาติ
3194,2533,ภาคกลาง,ชลบุรี,ในเขตเทศบาล,ชาย,75 - 79 ปี,546,คน,สำนักงานสถิติแห่งชาติ
3195,2533,ภาคกลาง,ชลบุรี,ในเขตเทศบาล,หญิง,75 - 79 ปี,720,คน,สำนักงานสถิติแห่งชาติ
3196,2533,ภาคกลาง,ชลบุรี,นอกเขตเทศบาล,รวม,75 - 79 ปี,5847,คน,สำนักงานสถิติแห่งชาติ
3197,2533,ภาคกลาง,ชลบุรี,นอกเขตเทศบาล,ชาย,75 - 79 ปี,2538,คน,สำนักงานสถิติแห่งชาติ
3198,2533,ภาคกลาง,ชลบุรี,นอกเขตเทศบาล,หญิง,75 - 79 ปี,3309,คน,สำนักงานสถิติแห่งชาติ
3199,2543,ภาคกลาง,ชลบุรี,รวม,รวม,75 - 79 ปี,8490,คน,สำนักงานสถิติแห่งชาติ
3200,2543,ภาคกลาง,ชลบุรี,รวม,ชาย,75 - 79 ปี,3699,คน,สำนักงานสถิติแห่งชาติ
3201,2543,ภาคกลาง,ชลบุรี,รวม,หญิง,75 - 79 ปี,4791,คน,สำนักงานสถิติแห่งชาติ
3202,2543,ภาคกลาง,ชลบุรี,ในเขตเทศบาล,รวม,75 - 79 ปี,4182,คน,สำนักงานสถิติแห่งชาติ
3203,2543,ภาคกลาง,ชลบุรี,ในเขตเทศบาล,ชาย,75 - 79 ปี,1789,คน,สำนักงานสถิติแห่งชาติ
3204,2543,ภาคกลาง,ชลบุรี,ในเขตเทศบาล,หญิง,75 - 79 ปี,2393,คน,สำนักงานสถิติแห่งชาติ
3205,2543,ภาคกลาง,ชลบุรี,นอกเขตเทศบาล,รวม,75 - 79 ปี,4308,คน,สำนักงานสถิติแห่งชาติ
3206,2543,ภาคกลาง,ชลบุรี,นอกเขตเทศบาล,ชาย,75 - 79 ปี,1910,คน,สำนักงานสถิติแห่งชาติ
3207,2543,ภาคกลาง,ชลบุรี,นอกเขตเทศบาล,หญิง,75 - 79 ปี,2398,คน,สำนักงานสถิติแห่งชาติ
3208,2553,ภาคกลาง,ชลบุรี,รวม,รวม,75 - 79 ปี,16092,คน,สำนักงานสถิติแห่งชาติ
3209,2553,ภาคกลาง,ชลบุรี,รวม,ชาย,75 - 79 ปี,6847,คน,สำนักงานสถิติแห่งชาติ
3210,2553,ภาคกลาง,ชลบุรี,รวม,หญิง,75 - 79 ปี,9246,คน,สำนักงานสถิติแห่งชาติ
3211,2553,ภาคกลาง,ชลบุรี,ในเขตเทศบาล,รวม,75 - 79 ปี,10090,คน,สำนักงานสถิติแห่งชาติ
3212,2553,ภาคกลาง,ชลบุรี,ในเขตเทศบาล,ชาย,75 - 79 ปี,4258,คน,สำนักงานสถิติแห่งชาติ
3213,2553,ภาคกลาง,ชลบุรี,ในเขตเทศบาล,หญิง,75 - 79 ปี,5832,คน,สำนักงานสถิติแห่งชาติ
3214,2553,ภาคกลาง,ชลบุรี,นอกเขตเทศบาล,รวม,75 - 79 ปี,6002,คน,สำนักงานสถิติแห่งชาติ
3215,2553,ภาคกลาง,ชลบุรี,นอกเขตเทศบาล,ชาย,75 - 79 ปี,2589,คน,สำนักงานสถิติแห่งชาติ
3216,2553,ภาคกลาง,ชลบุรี,นอกเขตเทศบาล,หญิง,75 - 79 ปี,3414,คน,สำนักงานสถิติแห่งชาติ
3217,2533,ภาคกลาง,ชลบุรี,รวม,รวม,80 ปีขึ้นไป   ,7582,คน,สำนักงานสถิติแห่งชาติ
3218,2533,ภาคกลาง,ชลบุรี,รวม,ชาย,80 ปีขึ้นไป   ,3138,คน,สำนักงานสถิติแห่งชาติ
3219,2533,ภาคกลาง,ชลบุรี,รวม,หญิง,80 ปีขึ้นไป   ,4444,คน,สำนักงานสถิติแห่งชาติ
3220,2533,ภาคกลาง,ชลบุรี,ในเขตเทศบาล,รวม,80 ปีขึ้นไป   ,1434,คน,สำนักงานสถิติแห่งชาติ
3221,2533,ภาคกลาง,ชลบุรี,ในเขตเทศบาล,ชาย,80 ปีขึ้นไป   ,571,คน,สำนักงานสถิติแห่งชาติ
3222,2533,ภาคกลาง,ชลบุรี,ในเขตเทศบาล,หญิง,80 ปีขึ้นไป   ,863,คน,สำนักงานสถิติแห่งชาติ
3223,2533,ภาคกลาง,ชลบุรี,นอกเขตเทศบาล,รวม,80 ปีขึ้นไป   ,6148,คน,สำนักงานสถิติแห่งชาติ
3224,2533,ภาคกลาง,ชลบุรี,นอกเขตเทศบาล,ชาย,80 ปีขึ้นไป   ,2567,คน,สำนักงานสถิติแห่งชาติ
3225,2533,ภาคกลาง,ชลบุรี,นอกเขตเทศบาล,หญิง,80 ปีขึ้นไป   ,3581,คน,สำนักงานสถิติแห่งชาติ
3226,2543,ภาคกลาง,ชลบุรี,รวม,รวม,80 ปีขึ้นไป   ,8930,คน,สำนักงานสถิติแห่งชาติ
3227,2543,ภาคกลาง,ชลบุรี,รวม,ชาย,80 ปีขึ้นไป   ,3416,คน,สำนักงานสถิติแห่งชาติ
3228,2543,ภาคกลาง,ชลบุรี,รวม,หญิง,80 ปีขึ้นไป   ,5514,คน,สำนักงานสถิติแห่งชาติ
3229,2543,ภาคกลาง,ชลบุรี,ในเขตเทศบาล,รวม,80 ปีขึ้นไป   ,4510,คน,สำนักงานสถิติแห่งชาติ
3230,2543,ภาคกลาง,ชลบุรี,ในเขตเทศบาล,ชาย,80 ปีขึ้นไป   ,1727,คน,สำนักงานสถิติแห่งชาติ
3231,2543,ภาคกลาง,ชลบุรี,ในเขตเทศบาล,หญิง,80 ปีขึ้นไป   ,2783,คน,สำนักงานสถิติแห่งชาติ
3232,2543,ภาคกลาง,ชลบุรี,นอกเขตเทศบาล,รวม,80 ปีขึ้นไป   ,4420,คน,สำนักงานสถิติแห่งชาติ
3233,2543,ภาคกลาง,ชลบุรี,นอกเขตเทศบาล,ชาย,80 ปีขึ้นไป   ,1689,คน,สำนักงานสถิติแห่งชาติ
3234,2543,ภาคกลาง,ชลบุรี,นอกเขตเทศบาล,หญิง,80 ปีขึ้นไป   ,2731,คน,สำนักงานสถิติแห่งชาติ
3235,2553,ภาคกลาง,ชลบุรี,รวม,รวม,80 ปีขึ้นไป   ,15640,คน,สำนักงานสถิติแห่งชาติ
3236,2553,ภาคกลาง,ชลบุรี,รวม,ชาย,80 ปีขึ้นไป   ,6170,คน,สำนักงานสถิติแห่งชาติ
3237,2553,ภาคกลาง,ชลบุรี,รวม,หญิง,80 ปีขึ้นไป   ,9472,คน,สำนักงานสถิติแห่งชาติ
3238,2553,ภาคกลาง,ชลบุรี,ในเขตเทศบาล,รวม,80 ปีขึ้นไป   ,9499,คน,สำนักงานสถิติแห่งชาติ
3239,2553,ภาคกลาง,ชลบุรี,ในเขตเทศบาล,ชาย,80 ปีขึ้นไป   ,3798,คน,สำนักงานสถิติแห่งชาติ
3240,2553,ภาคกลาง,ชลบุรี,ในเขตเทศบาล,หญิง,80 ปีขึ้นไป   ,5703,คน,สำนักงานสถิติแห่งชาติ
3241,2553,ภาคกลาง,ชลบุรี,นอกเขตเทศบาล,รวม,80 ปีขึ้นไป   ,6141,คน,สำนักงานสถิติแห่งชาติ
3242,2553,ภาคกลาง,ชลบุรี,นอกเขตเทศบาล,ชาย,80 ปีขึ้นไป   ,2372,คน,สำนักงานสถิติแห่งชาติ
3243,2553,ภาคกลาง,ชลบุรี,นอกเขตเทศบาล,หญิง,80 ปีขึ้นไป   ,3771,คน,สำนักงานสถิติแห่งชาติ
3244,2533,ภาคกลาง,ชัยนาท,รวม,รวม,รวม,357129,คน,สำนักงานสถิติแห่งชาติ
3245,2533,ภาคกลาง,ชัยนาท,รวม,ชาย,รวม,171525,คน,สำนักงานสถิติแห่งชาติ
3246,2533,ภาคกลาง,ชัยนาท,รวม,หญิง,รวม,185604,คน,สำนักงานสถิติแห่งชาติ
3247,2533,ภาคกลาง,ชัยนาท,ในเขตเทศบาล,รวม,รวม,19391,คน,สำนักงานสถิติแห่งชาติ
3248,2533,ภาคกลาง,ชัยนาท,ในเขตเทศบาล,ชาย,รวม,9141,คน,สำนักงานสถิติแห่งชาติ
3249,2533,ภาคกลาง,ชัยนาท,ในเขตเทศบาล,หญิง,รวม,10250,คน,สำนักงานสถิติแห่งชาติ
3250,2533,ภาคกลาง,ชัยนาท,นอกเขตเทศบาล,รวม,รวม,337738,คน,สำนักงานสถิติแห่งชาติ
3251,2533,ภาคกลาง,ชัยนาท,นอกเขตเทศบาล,ชาย,รวม,162384,คน,สำนักงานสถิติแห่งชาติ
3252,2533,ภาคกลาง,ชัยนาท,นอกเขตเทศบาล,หญิง,รวม,175354,คน,สำนักงานสถิติแห่งชาติ
3253,2543,ภาคกลาง,ชัยนาท,รวม,รวม,รวม,359829,คน,สำนักงานสถิติแห่งชาติ
3254,2543,ภาคกลาง,ชัยนาท,รวม,ชาย,รวม,173042,คน,สำนักงานสถิติแห่งชาติ
3255,2543,ภาคกลาง,ชัยนาท,รวม,หญิง,รวม,186787,คน,สำนักงานสถิติแห่งชาติ
3256,2543,ภาคกลาง,ชัยนาท,ในเขตเทศบาล,รวม,รวม,46669,คน,สำนักงานสถิติแห่งชาติ
3257,2543,ภาคกลาง,ชัยนาท,ในเขตเทศบาล,ชาย,รวม,22022,คน,สำนักงานสถิติแห่งชาติ
3258,2543,ภาคกลาง,ชัยนาท,ในเขตเทศบาล,หญิง,รวม,24647,คน,สำนักงานสถิติแห่งชาติ
3259,2543,ภาคกลาง,ชัยนาท,นอกเขตเทศบาล,รวม,รวม,313160,คน,สำนักงานสถิติแห่งชาติ
3260,2543,ภาคกลาง,ชัยนาท,นอกเขตเทศบาล,ชาย,รวม,151020,คน,สำนักงานสถิติแห่งชาติ
3261,2543,ภาคกลาง,ชัยนาท,นอกเขตเทศบาล,หญิง,รวม,162140,คน,สำนักงานสถิติแห่งชาติ
3262,2553,ภาคกลาง,ชัยนาท,รวม,รวม,รวม,305587,คน,สำนักงานสถิติแห่งชาติ
3263,2553,ภาคกลาง,ชัยนาท,รวม,ชาย,รวม,146476,คน,สำนักงานสถิติแห่งชาติ
3264,2553,ภาคกลาง,ชัยนาท,รวม,หญิง,รวม,159111,คน,สำนักงานสถิติแห่งชาติ
3265,2553,ภาคกลาง,ชัยนาท,ในเขตเทศบาล,รวม,รวม,205456,คน,สำนักงานสถิติแห่งชาติ
3266,2553,ภาคกลาง,ชัยนาท,ในเขตเทศบาล,ชาย,รวม,97373,คน,สำนักงานสถิติแห่งชาติ
3267,2553,ภาคกลาง,ชัยนาท,ในเขตเทศบาล,หญิง,รวม,108083,คน,สำนักงานสถิติแห่งชาติ
3268,2553,ภาคกลาง,ชัยนาท,นอกเขตเทศบาล,รวม,รวม,100131,คน,สำนักงานสถิติแห่งชาติ
3269,2553,ภาคกลาง,ชัยนาท,นอกเขตเทศบาล,ชาย,รวม,49103,คน,สำนักงานสถิติแห่งชาติ
3270,2553,ภาคกลาง,ชัยนาท,นอกเขตเทศบาล,หญิง,รวม,51028,คน,สำนักงานสถิติแห่งชาติ
3271,2533,ภาคกลาง,ชัยนาท,รวม,รวม,0 - 4 ปี,24979,คน,สำนักงานสถิติแห่งชาติ
3272,2533,ภาคกลาง,ชัยนาท,รวม,ชาย,0 - 4 ปี,12919,คน,สำนักงานสถิติแห่งชาติ
3273,2533,ภาคกลาง,ชัยนาท,รวม,หญิง,0 - 4 ปี,12060,คน,สำนักงานสถิติแห่งชาติ
3274,2533,ภาคกลาง,ชัยนาท,ในเขตเทศบาล,รวม,0 - 4 ปี,1368,คน,สำนักงานสถิติแห่งชาติ
3275,2533,ภาคกลาง,ชัยนาท,ในเขตเทศบาล,ชาย,0 - 4 ปี,714,คน,สำนักงานสถิติแห่งชาติ
3276,2533,ภาคกลาง,ชัยนาท,ในเขตเทศบาล,หญิง,0 - 4 ปี,654,คน,สำนักงานสถิติแห่งชาติ
3277,2533,ภาคกลาง,ชัยนาท,นอกเขตเทศบาล,รวม,0 - 4 ปี,23611,คน,สำนักงานสถิติแห่งชาติ
3278,2533,ภาคกลาง,ชัยนาท,นอกเขตเทศบาล,ชาย,0 - 4 ปี,12205,คน,สำนักงานสถิติแห่งชาติ
3279,2533,ภาคกลาง,ชัยนาท,นอกเขตเทศบาล,หญิง,0 - 4 ปี,11406,คน,สำนักงานสถิติแห่งชาติ
3280,2543,ภาคกลาง,ชัยนาท,รวม,รวม,0 - 4 ปี,23574,คน,สำนักงานสถิติแห่งชาติ
3281,2543,ภาคกลาง,ชัยนาท,รวม,ชาย,0 - 4 ปี,12222,คน,สำนักงานสถิติแห่งชาติ
3282,2543,ภาคกลาง,ชัยนาท,รวม,หญิง,0 - 4 ปี,11352,คน,สำนักงานสถิติแห่งชาติ
3283,2543,ภาคกลาง,ชัยนาท,ในเขตเทศบาล,รวม,0 - 4 ปี,2776,คน,สำนักงานสถิติแห่งชาติ
3284,2543,ภาคกลาง,ชัยนาท,ในเขตเทศบาล,ชาย,0 - 4 ปี,1444,คน,สำนักงานสถิติแห่งชาติ
3285,2543,ภาคกลาง,ชัยนาท,ในเขตเทศบาล,หญิง,0 - 4 ปี,1332,คน,สำนักงานสถิติแห่งชาติ
3286,2543,ภาคกลาง,ชัยนาท,นอกเขตเทศบาล,รวม,0 - 4 ปี,20798,คน,สำนักงานสถิติแห่งชาติ
3287,2543,ภาคกลาง,ชัยนาท,นอกเขตเทศบาล,ชาย,0 - 4 ปี,10778,คน,สำนักงานสถิติแห่งชาติ
3288,2543,ภาคกลาง,ชัยนาท,นอกเขตเทศบาล,หญิง,0 - 4 ปี,10020,คน,สำนักงานสถิติแห่งชาติ
3289,2553,ภาคกลาง,ชัยนาท,รวม,รวม,0 - 4 ปี,17350,คน,สำนักงานสถิติแห่งชาติ
3290,2553,ภาคกลาง,ชัยนาท,รวม,ชาย,0 - 4 ปี,8990,คน,สำนักงานสถิติแห่งชาติ
3291,2553,ภาคกลาง,ชัยนาท,รวม,หญิง,0 - 4 ปี,8360,คน,สำนักงานสถิติแห่งชาติ
3292,2553,ภาคกลาง,ชัยนาท,ในเขตเทศบาล,รวม,0 - 4 ปี,11433,คน,สำนักงานสถิติแห่งชาติ
3293,2553,ภาคกลาง,ชัยนาท,ในเขตเทศบาล,ชาย,0 - 4 ปี,5896,คน,สำนักงานสถิติแห่งชาติ
3294,2553,ภาคกลาง,ชัยนาท,ในเขตเทศบาล,หญิง,0 - 4 ปี,5537,คน,สำนักงานสถิติแห่งชาติ
3295,2553,ภาคกลาง,ชัยนาท,นอกเขตเทศบาล,รวม,0 - 4 ปี,5917,คน,สำนักงานสถิติแห่งชาติ
3296,2553,ภาคกลาง,ชัยนาท,นอกเขตเทศบาล,ชาย,0 - 4 ปี,3094,คน,สำนักงานสถิติแห่งชาติ
3297,2553,ภาคกลาง,ชัยนาท,นอกเขตเทศบาล,หญิง,0 - 4 ปี,2823,คน,สำนักงานสถิติแห่งชาติ
3298,2533,ภาคกลาง,ชัยนาท,รวม,รวม,5 - 9 ปี,30513,คน,สำนักงานสถิติแห่งชาติ
3299,2533,ภาคกลาง,ชัยนาท,รวม,ชาย,5 - 9 ปี,15740,คน,สำนักงานสถิติแห่งชาติ
3300,2533,ภาคกลาง,ชัยนาท,รวม,หญิง,5 - 9 ปี,14773,คน,สำนักงานสถิติแห่งชาติ
3301,2533,ภาคกลาง,ชัยนาท,ในเขตเทศบาล,รวม,5 - 9 ปี,1646,คน,สำนักงานสถิติแห่งชาติ
3302,2533,ภาคกลาง,ชัยนาท,ในเขตเทศบาล,ชาย,5 - 9 ปี,850,คน,สำนักงานสถิติแห่งชาติ
3303,2533,ภาคกลาง,ชัยนาท,ในเขตเทศบาล,หญิง,5 - 9 ปี,796,คน,สำนักงานสถิติแห่งชาติ
3304,2533,ภาคกลาง,ชัยนาท,นอกเขตเทศบาล,รวม,5 - 9 ปี,28867,คน,สำนักงานสถิติแห่งชาติ
3305,2533,ภาคกลาง,ชัยนาท,นอกเขตเทศบาล,ชาย,5 - 9 ปี,14890,คน,สำนักงานสถิติแห่งชาติ
3306,2533,ภาคกลาง,ชัยนาท,นอกเขตเทศบาล,หญิง,5 - 9 ปี,13977,คน,สำนักงานสถิติแห่งชาติ
3307,2543,ภาคกลาง,ชัยนาท,รวม,รวม,5 - 9 ปี,27485,คน,สำนักงานสถิติแห่งชาติ
3308,2543,ภาคกลาง,ชัยนาท,รวม,ชาย,5 - 9 ปี,14235,คน,สำนักงานสถิติแห่งชาติ
3309,2543,ภาคกลาง,ชัยนาท,รวม,หญิง,5 - 9 ปี,13250,คน,สำนักงานสถิติแห่งชาติ
3310,2543,ภาคกลาง,ชัยนาท,ในเขตเทศบาล,รวม,5 - 9 ปี,3210,คน,สำนักงานสถิติแห่งชาติ
3311,2543,ภาคกลาง,ชัยนาท,ในเขตเทศบาล,ชาย,5 - 9 ปี,1709,คน,สำนักงานสถิติแห่งชาติ
3312,2543,ภาคกลาง,ชัยนาท,ในเขตเทศบาล,หญิง,5 - 9 ปี,1501,คน,สำนักงานสถิติแห่งชาติ
3313,2543,ภาคกลาง,ชัยนาท,นอกเขตเทศบาล,รวม,5 - 9 ปี,24275,คน,สำนักงานสถิติแห่งชาติ
3314,2543,ภาคกลาง,ชัยนาท,นอกเขตเทศบาล,ชาย,5 - 9 ปี,12526,คน,สำนักงานสถิติแห่งชาติ
3315,2543,ภาคกลาง,ชัยนาท,นอกเขตเทศบาล,หญิง,5 - 9 ปี,11749,คน,สำนักงานสถิติแห่งชาติ
3316,2553,ภาคกลาง,ชัยนาท,รวม,รวม,5 - 9 ปี,18200,คน,สำนักงานสถิติแห่งชาติ
3317,2553,ภาคกลาง,ชัยนาท,รวม,ชาย,5 - 9 ปี,9294,คน,สำนักงานสถิติแห่งชาติ
3318,2553,ภาคกลาง,ชัยนาท,รวม,หญิง,5 - 9 ปี,8906,คน,สำนักงานสถิติแห่งชาติ
3319,2553,ภาคกลาง,ชัยนาท,ในเขตเทศบาล,รวม,5 - 9 ปี,11859,คน,สำนักงานสถิติแห่งชาติ
3320,2553,ภาคกลาง,ชัยนาท,ในเขตเทศบาล,ชาย,5 - 9 ปี,5988,คน,สำนักงานสถิติแห่งชาติ
3321,2553,ภาคกลาง,ชัยนาท,ในเขตเทศบาล,หญิง,5 - 9 ปี,5871,คน,สำนักงานสถิติแห่งชาติ
3322,2553,ภาคกลาง,ชัยนาท,นอกเขตเทศบาล,รวม,5 - 9 ปี,6341,คน,สำนักงานสถิติแห่งชาติ
3323,2553,ภาคกลาง,ชัยนาท,นอกเขตเทศบาล,ชาย,5 - 9 ปี,3306,คน,สำนักงานสถิติแห่งชาติ
3324,2553,ภาคกลาง,ชัยนาท,นอกเขตเทศบาล,หญิง,5 - 9 ปี,3036,คน,สำนักงานสถิติแห่งชาติ
3325,2533,ภาคกลาง,ชัยนาท,รวม,รวม,10 - 14 ปี,35271,คน,สำนักงานสถิติแห่งชาติ
3326,2533,ภาคกลาง,ชัยนาท,รวม,ชาย,10 - 14 ปี,18148,คน,สำนักงานสถิติแห่งชาติ
3327,2533,ภาคกลาง,ชัยนาท,รวม,หญิง,10 - 14 ปี,17123,คน,สำนักงานสถิติแห่งชาติ
3328,2533,ภาคกลาง,ชัยนาท,ในเขตเทศบาล,รวม,10 - 14 ปี,1908,คน,สำนักงานสถิติแห่งชาติ
3329,2533,ภาคกลาง,ชัยนาท,ในเขตเทศบาล,ชาย,10 - 14 ปี,1007,คน,สำนักงานสถิติแห่งชาติ
3330,2533,ภาคกลาง,ชัยนาท,ในเขตเทศบาล,หญิง,10 - 14 ปี,901,คน,สำนักงานสถิติแห่งชาติ
3331,2533,ภาคกลาง,ชัยนาท,นอกเขตเทศบาล,รวม,10 - 14 ปี,33363,คน,สำนักงานสถิติแห่งชาติ
3332,2533,ภาคกลาง,ชัยนาท,นอกเขตเทศบาล,ชาย,10 - 14 ปี,17141,คน,สำนักงานสถิติแห่งชาติ
3333,2533,ภาคกลาง,ชัยนาท,นอกเขตเทศบาล,หญิง,10 - 14 ปี,16222,คน,สำนักงานสถิติแห่งชาติ
3334,2543,ภาคกลาง,ชัยนาท,รวม,รวม,10 - 14 ปี,26950,คน,สำนักงานสถิติแห่งชาติ
3335,2543,ภาคกลาง,ชัยนาท,รวม,ชาย,10 - 14 ปี,13968,คน,สำนักงานสถิติแห่งชาติ
3336,2543,ภาคกลาง,ชัยนาท,รวม,หญิง,10 - 14 ปี,12982,คน,สำนักงานสถิติแห่งชาติ
3337,2543,ภาคกลาง,ชัยนาท,ในเขตเทศบาล,รวม,10 - 14 ปี,3415,คน,สำนักงานสถิติแห่งชาติ
3338,2543,ภาคกลาง,ชัยนาท,ในเขตเทศบาล,ชาย,10 - 14 ปี,1775,คน,สำนักงานสถิติแห่งชาติ
3339,2543,ภาคกลาง,ชัยนาท,ในเขตเทศบาล,หญิง,10 - 14 ปี,1640,คน,สำนักงานสถิติแห่งชาติ
3340,2543,ภาคกลาง,ชัยนาท,นอกเขตเทศบาล,รวม,10 - 14 ปี,23535,คน,สำนักงานสถิติแห่งชาติ
3341,2543,ภาคกลาง,ชัยนาท,นอกเขตเทศบาล,ชาย,10 - 14 ปี,12193,คน,สำนักงานสถิติแห่งชาติ
3342,2543,ภาคกลาง,ชัยนาท,นอกเขตเทศบาล,หญิง,10 - 14 ปี,11342,คน,สำนักงานสถิติแห่งชาติ
3343,2553,ภาคกลาง,ชัยนาท,รวม,รวม,10 - 14 ปี,21805,คน,สำนักงานสถิติแห่งชาติ
3344,2553,ภาคกลาง,ชัยนาท,รวม,ชาย,10 - 14 ปี,11203,คน,สำนักงานสถิติแห่งชาติ
3345,2553,ภาคกลาง,ชัยนาท,รวม,หญิง,10 - 14 ปี,10602,คน,สำนักงานสถิติแห่งชาติ
3346,2553,ภาคกลาง,ชัยนาท,ในเขตเทศบาล,รวม,10 - 14 ปี,14122,คน,สำนักงานสถิติแห่งชาติ
3347,2553,ภาคกลาง,ชัยนาท,ในเขตเทศบาล,ชาย,10 - 14 ปี,7232,คน,สำนักงานสถิติแห่งชาติ
3348,2553,ภาคกลาง,ชัยนาท,ในเขตเทศบาล,หญิง,10 - 14 ปี,6890,คน,สำนักงานสถิติแห่งชาติ
3349,2553,ภาคกลาง,ชัยนาท,นอกเขตเทศบาล,รวม,10 - 14 ปี,7683,คน,สำนักงานสถิติแห่งชาติ
3350,2553,ภาคกลาง,ชัยนาท,นอกเขตเทศบาล,ชาย,10 - 14 ปี,3971,คน,สำนักงานสถิติแห่งชาติ
3351,2553,ภาคกลาง,ชัยนาท,นอกเขตเทศบาล,หญิง,10 - 14 ปี,3712,คน,สำนักงานสถิติแห่งชาติ
3352,2533,ภาคกลาง,ชัยนาท,รวม,รวม,15 - 19 ปี,31758,คน,สำนักงานสถิติแห่งชาติ
3353,2533,ภาคกลาง,ชัยนาท,รวม,ชาย,15 - 19 ปี,15994,คน,สำนักงานสถิติแห่งชาติ
3354,2533,ภาคกลาง,ชัยนาท,รวม,หญิง,15 - 19 ปี,15764,คน,สำนักงานสถิติแห่งชาติ
3355,2533,ภาคกลาง,ชัยนาท,ในเขตเทศบาล,รวม,15 - 19 ปี,1690,คน,สำนักงานสถิติแห่งชาติ
3356,2533,ภาคกลาง,ชัยนาท,ในเขตเทศบาล,ชาย,15 - 19 ปี,765,คน,สำนักงานสถิติแห่งชาติ
3357,2533,ภาคกลาง,ชัยนาท,ในเขตเทศบาล,หญิง,15 - 19 ปี,925,คน,สำนักงานสถิติแห่งชาติ
3358,2533,ภาคกลาง,ชัยนาท,นอกเขตเทศบาล,รวม,15 - 19 ปี,30068,คน,สำนักงานสถิติแห่งชาติ
3359,2533,ภาคกลาง,ชัยนาท,นอกเขตเทศบาล,ชาย,15 - 19 ปี,15229,คน,สำนักงานสถิติแห่งชาติ
3360,2533,ภาคกลาง,ชัยนาท,นอกเขตเทศบาล,หญิง,15 - 19 ปี,14839,คน,สำนักงานสถิติแห่งชาติ
3361,2543,ภาคกลาง,ชัยนาท,รวม,รวม,15 - 19 ปี,26436,คน,สำนักงานสถิติแห่งชาติ
3362,2543,ภาคกลาง,ชัยนาท,รวม,ชาย,15 - 19 ปี,13625,คน,สำนักงานสถิติแห่งชาติ
3363,2543,ภาคกลาง,ชัยนาท,รวม,หญิง,15 - 19 ปี,12811,คน,สำนักงานสถิติแห่งชาติ
3364,2543,ภาคกลาง,ชัยนาท,ในเขตเทศบาล,รวม,15 - 19 ปี,3462,คน,สำนักงานสถิติแห่งชาติ
3365,2543,ภาคกลาง,ชัยนาท,ในเขตเทศบาล,ชาย,15 - 19 ปี,1733,คน,สำนักงานสถิติแห่งชาติ
3366,2543,ภาคกลาง,ชัยนาท,ในเขตเทศบาล,หญิง,15 - 19 ปี,1729,คน,สำนักงานสถิติแห่งชาติ
3367,2543,ภาคกลาง,ชัยนาท,นอกเขตเทศบาล,รวม,15 - 19 ปี,22974,คน,สำนักงานสถิติแห่งชาติ
3368,2543,ภาคกลาง,ชัยนาท,นอกเขตเทศบาล,ชาย,15 - 19 ปี,11892,คน,สำนักงานสถิติแห่งชาติ
3369,2543,ภาคกลาง,ชัยนาท,นอกเขตเทศบาล,หญิง,15 - 19 ปี,11082,คน,สำนักงานสถิติแห่งชาติ
3370,2553,ภาคกลาง,ชัยนาท,รวม,รวม,15 - 19 ปี,20937,คน,สำนักงานสถิติแห่งชาติ
3371,2553,ภาคกลาง,ชัยนาท,รวม,ชาย,15 - 19 ปี,10858,คน,สำนักงานสถิติแห่งชาติ
3372,2553,ภาคกลาง,ชัยนาท,รวม,หญิง,15 - 19 ปี,10079,คน,สำนักงานสถิติแห่งชาติ
3373,2553,ภาคกลาง,ชัยนาท,ในเขตเทศบาล,รวม,15 - 19 ปี,13912,คน,สำนักงานสถิติแห่งชาติ
3374,2553,ภาคกลาง,ชัยนาท,ในเขตเทศบาล,ชาย,15 - 19 ปี,7189,คน,สำนักงานสถิติแห่งชาติ
3375,2553,ภาคกลาง,ชัยนาท,ในเขตเทศบาล,หญิง,15 - 19 ปี,6723,คน,สำนักงานสถิติแห่งชาติ
3376,2553,ภาคกลาง,ชัยนาท,นอกเขตเทศบาล,รวม,15 - 19 ปี,7025,คน,สำนักงานสถิติแห่งชาติ
3377,2553,ภาคกลาง,ชัยนาท,นอกเขตเทศบาล,ชาย,15 - 19 ปี,3669,คน,สำนักงานสถิติแห่งชาติ
3378,2553,ภาคกลาง,ชัยนาท,นอกเขตเทศบาล,หญิง,15 - 19 ปี,3356,คน,สำนักงานสถิติแห่งชาติ
3379,2533,ภาคกลาง,ชัยนาท,รวม,รวม,20 - 24 ปี,29461,คน,สำนักงานสถิติแห่งชาติ
3380,2533,ภาคกลาง,ชัยนาท,รวม,ชาย,20 - 24 ปี,14194,คน,สำนักงานสถิติแห่งชาติ
3381,2533,ภาคกลาง,ชัยนาท,รวม,หญิง,20 - 24 ปี,15267,คน,สำนักงานสถิติแห่งชาติ
3382,2533,ภาคกลาง,ชัยนาท,ในเขตเทศบาล,รวม,20 - 24 ปี,1476,คน,สำนักงานสถิติแห่งชาติ
3383,2533,ภาคกลาง,ชัยนาท,ในเขตเทศบาล,ชาย,20 - 24 ปี,689,คน,สำนักงานสถิติแห่งชาติ
3384,2533,ภาคกลาง,ชัยนาท,ในเขตเทศบาล,หญิง,20 - 24 ปี,787,คน,สำนักงานสถิติแห่งชาติ
3385,2533,ภาคกลาง,ชัยนาท,นอกเขตเทศบาล,รวม,20 - 24 ปี,27985,คน,สำนักงานสถิติแห่งชาติ
3386,2533,ภาคกลาง,ชัยนาท,นอกเขตเทศบาล,ชาย,20 - 24 ปี,13505,คน,สำนักงานสถิติแห่งชาติ
3387,2533,ภาคกลาง,ชัยนาท,นอกเขตเทศบาล,หญิง,20 - 24 ปี,14480,คน,สำนักงานสถิติแห่งชาติ
3388,2543,ภาคกลาง,ชัยนาท,รวม,รวม,20 - 24 ปี,23346,คน,สำนักงานสถิติแห่งชาติ
3389,2543,ภาคกลาง,ชัยนาท,รวม,ชาย,20 - 24 ปี,11813,คน,สำนักงานสถิติแห่งชาติ
3390,2543,ภาคกลาง,ชัยนาท,รวม,หญิง,20 - 24 ปี,11533,คน,สำนักงานสถิติแห่งชาติ
3391,2543,ภาคกลาง,ชัยนาท,ในเขตเทศบาล,รวม,20 - 24 ปี,3298,คน,สำนักงานสถิติแห่งชาติ
3392,2543,ภาคกลาง,ชัยนาท,ในเขตเทศบาล,ชาย,20 - 24 ปี,1674,คน,สำนักงานสถิติแห่งชาติ
3393,2543,ภาคกลาง,ชัยนาท,ในเขตเทศบาล,หญิง,20 - 24 ปี,1624,คน,สำนักงานสถิติแห่งชาติ
3394,2543,ภาคกลาง,ชัยนาท,นอกเขตเทศบาล,รวม,20 - 24 ปี,20048,คน,สำนักงานสถิติแห่งชาติ
3395,2543,ภาคกลาง,ชัยนาท,นอกเขตเทศบาล,ชาย,20 - 24 ปี,10139,คน,สำนักงานสถิติแห่งชาติ
3396,2543,ภาคกลาง,ชัยนาท,นอกเขตเทศบาล,หญิง,20 - 24 ปี,9909,คน,สำนักงานสถิติแห่งชาติ
3397,2553,ภาคกลาง,ชัยนาท,รวม,รวม,20 - 24 ปี,14606,คน,สำนักงานสถิติแห่งชาติ
3398,2553,ภาคกลาง,ชัยนาท,รวม,ชาย,20 - 24 ปี,7605,คน,สำนักงานสถิติแห่งชาติ
3399,2553,ภาคกลาง,ชัยนาท,รวม,หญิง,20 - 24 ปี,7001,คน,สำนักงานสถิติแห่งชาติ
3400,2553,ภาคกลาง,ชัยนาท,ในเขตเทศบาล,รวม,20 - 24 ปี,9848,คน,สำนักงานสถิติแห่งชาติ
3401,2553,ภาคกลาง,ชัยนาท,ในเขตเทศบาล,ชาย,20 - 24 ปี,5113,คน,สำนักงานสถิติแห่งชาติ
3402,2553,ภาคกลาง,ชัยนาท,ในเขตเทศบาล,หญิง,20 - 24 ปี,4735,คน,สำนักงานสถิติแห่งชาติ
3403,2553,ภาคกลาง,ชัยนาท,นอกเขตเทศบาล,รวม,20 - 24 ปี,4758,คน,สำนักงานสถิติแห่งชาติ
3404,2553,ภาคกลาง,ชัยนาท,นอกเขตเทศบาล,ชาย,20 - 24 ปี,2492,คน,สำนักงานสถิติแห่งชาติ
3405,2553,ภาคกลาง,ชัยนาท,นอกเขตเทศบาล,หญิง,20 - 24 ปี,2266,คน,สำนักงานสถิติแห่งชาติ
3406,2533,ภาคกลาง,ชัยนาท,รวม,รวม,25 - 29 ปี,31172,คน,สำนักงานสถิติแห่งชาติ
3407,2533,ภาคกลาง,ชัยนาท,รวม,ชาย,25 - 29 ปี,14572,คน,สำนักงานสถิติแห่งชาติ
3408,2533,ภาคกลาง,ชัยนาท,รวม,หญิง,25 - 29 ปี,16600,คน,สำนักงานสถิติแห่งชาติ
3409,2533,ภาคกลาง,ชัยนาท,ในเขตเทศบาล,รวม,25 - 29 ปี,1765,คน,สำนักงานสถิติแห่งชาติ
3410,2533,ภาคกลาง,ชัยนาท,ในเขตเทศบาล,ชาย,25 - 29 ปี,777,คน,สำนักงานสถิติแห่งชาติ
3411,2533,ภาคกลาง,ชัยนาท,ในเขตเทศบาล,หญิง,25 - 29 ปี,988,คน,สำนักงานสถิติแห่งชาติ
3412,2533,ภาคกลาง,ชัยนาท,นอกเขตเทศบาล,รวม,25 - 29 ปี,29407,คน,สำนักงานสถิติแห่งชาติ
3413,2533,ภาคกลาง,ชัยนาท,นอกเขตเทศบาล,ชาย,25 - 29 ปี,13795,คน,สำนักงานสถิติแห่งชาติ
3414,2533,ภาคกลาง,ชัยนาท,นอกเขตเทศบาล,หญิง,25 - 29 ปี,15612,คน,สำนักงานสถิติแห่งชาติ
3415,2543,ภาคกลาง,ชัยนาท,รวม,รวม,25 - 29 ปี,24284,คน,สำนักงานสถิติแห่งชาติ
3416,2543,ภาคกลาง,ชัยนาท,รวม,ชาย,25 - 29 ปี,11843,คน,สำนักงานสถิติแห่งชาติ
3417,2543,ภาคกลาง,ชัยนาท,รวม,หญิง,25 - 29 ปี,12441,คน,สำนักงานสถิติแห่งชาติ
3418,2543,ภาคกลาง,ชัยนาท,ในเขตเทศบาล,รวม,25 - 29 ปี,3361,คน,สำนักงานสถิติแห่งชาติ
3419,2543,ภาคกลาง,ชัยนาท,ในเขตเทศบาล,ชาย,25 - 29 ปี,1596,คน,สำนักงานสถิติแห่งชาติ
3420,2543,ภาคกลาง,ชัยนาท,ในเขตเทศบาล,หญิง,25 - 29 ปี,1765,คน,สำนักงานสถิติแห่งชาติ
3421,2543,ภาคกลาง,ชัยนาท,นอกเขตเทศบาล,รวม,25 - 29 ปี,20923,คน,สำนักงานสถิติแห่งชาติ
3422,2543,ภาคกลาง,ชัยนาท,นอกเขตเทศบาล,ชาย,25 - 29 ปี,10247,คน,สำนักงานสถิติแห่งชาติ
3423,2543,ภาคกลาง,ชัยนาท,นอกเขตเทศบาล,หญิง,25 - 29 ปี,10676,คน,สำนักงานสถิติแห่งชาติ
3424,2553,ภาคกลาง,ชัยนาท,รวม,รวม,25 - 29 ปี,15951,คน,สำนักงานสถิติแห่งชาติ
3425,2553,ภาคกลาง,ชัยนาท,รวม,ชาย,25 - 29 ปี,8141,คน,สำนักงานสถิติแห่งชาติ
3426,2553,ภาคกลาง,ชัยนาท,รวม,หญิง,25 - 29 ปี,7811,คน,สำนักงานสถิติแห่งชาติ
3427,2553,ภาคกลาง,ชัยนาท,ในเขตเทศบาล,รวม,25 - 29 ปี,10546,คน,สำนักงานสถิติแห่งชาติ
3428,2553,ภาคกลาง,ชัยนาท,ในเขตเทศบาล,ชาย,25 - 29 ปี,5424,คน,สำนักงานสถิติแห่งชาติ
3429,2553,ภาคกลาง,ชัยนาท,ในเขตเทศบาล,หญิง,25 - 29 ปี,5122,คน,สำนักงานสถิติแห่งชาติ
3430,2553,ภาคกลาง,ชัยนาท,นอกเขตเทศบาล,รวม,25 - 29 ปี,5406,คน,สำนักงานสถิติแห่งชาติ
3431,2553,ภาคกลาง,ชัยนาท,นอกเขตเทศบาล,ชาย,25 - 29 ปี,2717,คน,สำนักงานสถิติแห่งชาติ
3432,2553,ภาคกลาง,ชัยนาท,นอกเขตเทศบาล,หญิง,25 - 29 ปี,2689,คน,สำนักงานสถิติแห่งชาติ
3433,2533,ภาคกลาง,ชัยนาท,รวม,รวม,30 - 34 ปี,30375,คน,สำนักงานสถิติแห่งชาติ
3434,2533,ภาคกลาง,ชัยนาท,รวม,ชาย,30 - 34 ปี,13915,คน,สำนักงานสถิติแห่งชาติ
3435,2533,ภาคกลาง,ชัยนาท,รวม,หญิง,30 - 34 ปี,16460,คน,สำนักงานสถิติแห่งชาติ
3436,2533,ภาคกลาง,ชัยนาท,ในเขตเทศบาล,รวม,30 - 34 ปี,1964,คน,สำนักงานสถิติแห่งชาติ
3437,2533,ภาคกลาง,ชัยนาท,ในเขตเทศบาล,ชาย,30 - 34 ปี,894,คน,สำนักงานสถิติแห่งชาติ
3438,2533,ภาคกลาง,ชัยนาท,ในเขตเทศบาล,หญิง,30 - 34 ปี,1070,คน,สำนักงานสถิติแห่งชาติ
3439,2533,ภาคกลาง,ชัยนาท,นอกเขตเทศบาล,รวม,30 - 34 ปี,28411,คน,สำนักงานสถิติแห่งชาติ
3440,2533,ภาคกลาง,ชัยนาท,นอกเขตเทศบาล,ชาย,30 - 34 ปี,13021,คน,สำนักงานสถิติแห่งชาติ
3441,2533,ภาคกลาง,ชัยนาท,นอกเขตเทศบาล,หญิง,30 - 34 ปี,15390,คน,สำนักงานสถิติแห่งชาติ
3442,2543,ภาคกลาง,ชัยนาท,รวม,รวม,30 - 34 ปี,28468,คน,สำนักงานสถิติแห่งชาติ
3443,2543,ภาคกลาง,ชัยนาท,รวม,ชาย,30 - 34 ปี,13392,คน,สำนักงานสถิติแห่งชาติ
3444,2543,ภาคกลาง,ชัยนาท,รวม,หญิง,30 - 34 ปี,15076,คน,สำนักงานสถิติแห่งชาติ
3445,2543,ภาคกลาง,ชัยนาท,ในเขตเทศบาล,รวม,30 - 34 ปี,3719,คน,สำนักงานสถิติแห่งชาติ
3446,2543,ภาคกลาง,ชัยนาท,ในเขตเทศบาล,ชาย,30 - 34 ปี,1799,คน,สำนักงานสถิติแห่งชาติ
3447,2543,ภาคกลาง,ชัยนาท,ในเขตเทศบาล,หญิง,30 - 34 ปี,1920,คน,สำนักงานสถิติแห่งชาติ
3448,2543,ภาคกลาง,ชัยนาท,นอกเขตเทศบาล,รวม,30 - 34 ปี,24749,คน,สำนักงานสถิติแห่งชาติ
3449,2543,ภาคกลาง,ชัยนาท,นอกเขตเทศบาล,ชาย,30 - 34 ปี,11593,คน,สำนักงานสถิติแห่งชาติ
3450,2543,ภาคกลาง,ชัยนาท,นอกเขตเทศบาล,หญิง,30 - 34 ปี,13156,คน,สำนักงานสถิติแห่งชาติ
3451,2553,ภาคกลาง,ชัยนาท,รวม,รวม,30 - 34 ปี,18342,คน,สำนักงานสถิติแห่งชาติ
3452,2553,ภาคกลาง,ชัยนาท,รวม,ชาย,30 - 34 ปี,9164,คน,สำนักงานสถิติแห่งชาติ
3453,2553,ภาคกลาง,ชัยนาท,รวม,หญิง,30 - 34 ปี,9179,คน,สำนักงานสถิติแห่งชาติ
3454,2553,ภาคกลาง,ชัยนาท,ในเขตเทศบาล,รวม,30 - 34 ปี,12309,คน,สำนักงานสถิติแห่งชาติ
3455,2553,ภาคกลาง,ชัยนาท,ในเขตเทศบาล,ชาย,30 - 34 ปี,6112,คน,สำนักงานสถิติแห่งชาติ
3456,2553,ภาคกลาง,ชัยนาท,ในเขตเทศบาล,หญิง,30 - 34 ปี,6197,คน,สำนักงานสถิติแห่งชาติ
3457,2553,ภาคกลาง,ชัยนาท,นอกเขตเทศบาล,รวม,30 - 34 ปี,6033,คน,สำนักงานสถิติแห่งชาติ
3458,2553,ภาคกลาง,ชัยนาท,นอกเขตเทศบาล,ชาย,30 - 34 ปี,3052,คน,สำนักงานสถิติแห่งชาติ
3459,2553,ภาคกลาง,ชัยนาท,นอกเขตเทศบาล,หญิง,30 - 34 ปี,2981,คน,สำนักงานสถิติแห่งชาติ
3460,2533,ภาคกลาง,ชัยนาท,รวม,รวม,35 - 39 ปี,27764,คน,สำนักงานสถิติแห่งชาติ
3461,2533,ภาคกลาง,ชัยนาท,รวม,ชาย,35 - 39 ปี,13087,คน,สำนักงานสถิติแห่งชาติ
3462,2533,ภาคกลาง,ชัยนาท,รวม,หญิง,35 - 39 ปี,14677,คน,สำนักงานสถิติแห่งชาติ
3463,2533,ภาคกลาง,ชัยนาท,ในเขตเทศบาล,รวม,35 - 39 ปี,1775,คน,สำนักงานสถิติแห่งชาติ
3464,2533,ภาคกลาง,ชัยนาท,ในเขตเทศบาล,ชาย,35 - 39 ปี,838,คน,สำนักงานสถิติแห่งชาติ
3465,2533,ภาคกลาง,ชัยนาท,ในเขตเทศบาล,หญิง,35 - 39 ปี,937,คน,สำนักงานสถิติแห่งชาติ
3466,2533,ภาคกลาง,ชัยนาท,นอกเขตเทศบาล,รวม,35 - 39 ปี,25989,คน,สำนักงานสถิติแห่งชาติ
3467,2533,ภาคกลาง,ชัยนาท,นอกเขตเทศบาล,ชาย,35 - 39 ปี,12249,คน,สำนักงานสถิติแห่งชาติ
3468,2533,ภาคกลาง,ชัยนาท,นอกเขตเทศบาล,หญิง,35 - 39 ปี,13740,คน,สำนักงานสถิติแห่งชาติ
3469,2543,ภาคกลาง,ชัยนาท,รวม,รวม,35 - 39 ปี,31766,คน,สำนักงานสถิติแห่งชาติ
3470,2543,ภาคกลาง,ชัยนาท,รวม,ชาย,35 - 39 ปี,14849,คน,สำนักงานสถิติแห่งชาติ
3471,2543,ภาคกลาง,ชัยนาท,รวม,หญิง,35 - 39 ปี,16917,คน,สำนักงานสถิติแห่งชาติ
3472,2543,ภาคกลาง,ชัยนาท,ในเขตเทศบาล,รวม,35 - 39 ปี,4148,คน,สำนักงานสถิติแห่งชาติ
3473,2543,ภาคกลาง,ชัยนาท,ในเขตเทศบาล,ชาย,35 - 39 ปี,1855,คน,สำนักงานสถิติแห่งชาติ
3474,2543,ภาคกลาง,ชัยนาท,ในเขตเทศบาล,หญิง,35 - 39 ปี,2293,คน,สำนักงานสถิติแห่งชาติ
3475,2543,ภาคกลาง,ชัยนาท,นอกเขตเทศบาล,รวม,35 - 39 ปี,27618,คน,สำนักงานสถิติแห่งชาติ
3476,2543,ภาคกลาง,ชัยนาท,นอกเขตเทศบาล,ชาย,35 - 39 ปี,12994,คน,สำนักงานสถิติแห่งชาติ
3477,2543,ภาคกลาง,ชัยนาท,นอกเขตเทศบาล,หญิง,35 - 39 ปี,14624,คน,สำนักงานสถิติแห่งชาติ
3478,2553,ภาคกลาง,ชัยนาท,รวม,รวม,35 - 39 ปี,20751,คน,สำนักงานสถิติแห่งชาติ
3479,2553,ภาคกลาง,ชัยนาท,รวม,ชาย,35 - 39 ปี,10059,คน,สำนักงานสถิติแห่งชาติ
3480,2553,ภาคกลาง,ชัยนาท,รวม,หญิง,35 - 39 ปี,10692,คน,สำนักงานสถิติแห่งชาติ
3481,2553,ภาคกลาง,ชัยนาท,ในเขตเทศบาล,รวม,35 - 39 ปี,13631,คน,สำนักงานสถิติแห่งชาติ
3482,2553,ภาคกลาง,ชัยนาท,ในเขตเทศบาล,ชาย,35 - 39 ปี,6495,คน,สำนักงานสถิติแห่งชาติ
3483,2553,ภาคกลาง,ชัยนาท,ในเขตเทศบาล,หญิง,35 - 39 ปี,7136,คน,สำนักงานสถิติแห่งชาติ
3484,2553,ภาคกลาง,ชัยนาท,นอกเขตเทศบาล,รวม,35 - 39 ปี,7120,คน,สำนักงานสถิติแห่งชาติ
3485,2553,ภาคกลาง,ชัยนาท,นอกเขตเทศบาล,ชาย,35 - 39 ปี,3565,คน,สำนักงานสถิติแห่งชาติ
3486,2553,ภาคกลาง,ชัยนาท,นอกเขตเทศบาล,หญิง,35 - 39 ปี,3555,คน,สำนักงานสถิติแห่งชาติ
3487,2533,ภาคกลาง,ชัยนาท,รวม,รวม,40 - 44 ปี,21381,คน,สำนักงานสถิติแห่งชาติ
3488,2533,ภาคกลาง,ชัยนาท,รวม,ชาย,40 - 44 ปี,9999,คน,สำนักงานสถิติแห่งชาติ
3489,2533,ภาคกลาง,ชัยนาท,รวม,หญิง,40 - 44 ปี,11382,คน,สำนักงานสถิติแห่งชาติ
3490,2533,ภาคกลาง,ชัยนาท,ในเขตเทศบาล,รวม,40 - 44 ปี,1180,คน,สำนักงานสถิติแห่งชาติ
3491,2533,ภาคกลาง,ชัยนาท,ในเขตเทศบาล,ชาย,40 - 44 ปี,572,คน,สำนักงานสถิติแห่งชาติ
3492,2533,ภาคกลาง,ชัยนาท,ในเขตเทศบาล,หญิง,40 - 44 ปี,608,คน,สำนักงานสถิติแห่งชาติ
3493,2533,ภาคกลาง,ชัยนาท,นอกเขตเทศบาล,รวม,40 - 44 ปี,20201,คน,สำนักงานสถิติแห่งชาติ
3494,2533,ภาคกลาง,ชัยนาท,นอกเขตเทศบาล,ชาย,40 - 44 ปี,9427,คน,สำนักงานสถิติแห่งชาติ
3495,2533,ภาคกลาง,ชัยนาท,นอกเขตเทศบาล,หญิง,40 - 44 ปี,10774,คน,สำนักงานสถิติแห่งชาติ
3496,2543,ภาคกลาง,ชัยนาท,รวม,รวม,40 - 44 ปี,30279,คน,สำนักงานสถิติแห่งชาติ
3497,2543,ภาคกลาง,ชัยนาท,รวม,ชาย,40 - 44 ปี,13939,คน,สำนักงานสถิติแห่งชาติ
3498,2543,ภาคกลาง,ชัยนาท,รวม,หญิง,40 - 44 ปี,16340,คน,สำนักงานสถิติแห่งชาติ
3499,2543,ภาคกลาง,ชัยนาท,ในเขตเทศบาล,รวม,40 - 44 ปี,4421,คน,สำนักงานสถิติแห่งชาติ
3500,2543,ภาคกลาง,ชัยนาท,ในเขตเทศบาล,ชาย,40 - 44 ปี,2005,คน,สำนักงานสถิติแห่งชาติ
3501,2543,ภาคกลาง,ชัยนาท,ในเขตเทศบาล,หญิง,40 - 44 ปี,2416,คน,สำนักงานสถิติแห่งชาติ
3502,2543,ภาคกลาง,ชัยนาท,นอกเขตเทศบาล,รวม,40 - 44 ปี,25858,คน,สำนักงานสถิติแห่งชาติ
3503,2543,ภาคกลาง,ชัยนาท,นอกเขตเทศบาล,ชาย,40 - 44 ปี,11934,คน,สำนักงานสถิติแห่งชาติ
3504,2543,ภาคกลาง,ชัยนาท,นอกเขตเทศบาล,หญิง,40 - 44 ปี,13924,คน,สำนักงานสถิติแห่งชาติ
3505,2553,ภาคกลาง,ชัยนาท,รวม,รวม,40 - 44 ปี,24182,คน,สำนักงานสถิติแห่งชาติ
3506,2553,ภาคกลาง,ชัยนาท,รวม,ชาย,40 - 44 ปี,11308,คน,สำนักงานสถิติแห่งชาติ
3507,2553,ภาคกลาง,ชัยนาท,รวม,หญิง,40 - 44 ปี,12874,คน,สำนักงานสถิติแห่งชาติ
3508,2553,ภาคกลาง,ชัยนาท,ในเขตเทศบาล,รวม,40 - 44 ปี,15971,คน,สำนักงานสถิติแห่งชาติ
3509,2553,ภาคกลาง,ชัยนาท,ในเขตเทศบาล,ชาย,40 - 44 ปี,7394,คน,สำนักงานสถิติแห่งชาติ
3510,2553,ภาคกลาง,ชัยนาท,ในเขตเทศบาล,หญิง,40 - 44 ปี,8577,คน,สำนักงานสถิติแห่งชาติ
3511,2553,ภาคกลาง,ชัยนาท,นอกเขตเทศบาล,รวม,40 - 44 ปี,8211,คน,สำนักงานสถิติแห่งชาติ
3512,2553,ภาคกลาง,ชัยนาท,นอกเขตเทศบาล,ชาย,40 - 44 ปี,3914,คน,สำนักงานสถิติแห่งชาติ
3513,2553,ภาคกลาง,ชัยนาท,นอกเขตเทศบาล,หญิง,40 - 44 ปี,4297,คน,สำนักงานสถิติแห่งชาติ
3514,2533,ภาคกลาง,ชัยนาท,รวม,รวม,45 - 49 ปี,19392,คน,สำนักงานสถิติแห่งชาติ
3515,2533,ภาคกลาง,ชัยนาท,รวม,ชาย,45 - 49 ปี,8937,คน,สำนักงานสถิติแห่งชาติ
3516,2533,ภาคกลาง,ชัยนาท,รวม,หญิง,45 - 49 ปี,10455,คน,สำนักงานสถิติแห่งชาติ
3517,2533,ภาคกลาง,ชัยนาท,ในเขตเทศบาล,รวม,45 - 49 ปี,1053,คน,สำนักงานสถิติแห่งชาติ
3518,2533,ภาคกลาง,ชัยนาท,ในเขตเทศบาล,ชาย,45 - 49 ปี,464,คน,สำนักงานสถิติแห่งชาติ
3519,2533,ภาคกลาง,ชัยนาท,ในเขตเทศบาล,หญิง,45 - 49 ปี,589,คน,สำนักงานสถิติแห่งชาติ
3520,2533,ภาคกลาง,ชัยนาท,นอกเขตเทศบาล,รวม,45 - 49 ปี,18339,คน,สำนักงานสถิติแห่งชาติ
3521,2533,ภาคกลาง,ชัยนาท,นอกเขตเทศบาล,ชาย,45 - 49 ปี,8473,คน,สำนักงานสถิติแห่งชาติ
3522,2533,ภาคกลาง,ชัยนาท,นอกเขตเทศบาล,หญิง,45 - 49 ปี,9866,คน,สำนักงานสถิติแห่งชาติ
3523,2543,ภาคกลาง,ชัยนาท,รวม,รวม,45 - 49 ปี,26370,คน,สำนักงานสถิติแห่งชาติ
3524,2543,ภาคกลาง,ชัยนาท,รวม,ชาย,45 - 49 ปี,12316,คน,สำนักงานสถิติแห่งชาติ
3525,2543,ภาคกลาง,ชัยนาท,รวม,หญิง,45 - 49 ปี,14054,คน,สำนักงานสถิติแห่งชาติ
3526,2543,ภาคกลาง,ชัยนาท,ในเขตเทศบาล,รวม,45 - 49 ปี,3599,คน,สำนักงานสถิติแห่งชาติ
3527,2543,ภาคกลาง,ชัยนาท,ในเขตเทศบาล,ชาย,45 - 49 ปี,1590,คน,สำนักงานสถิติแห่งชาติ
3528,2543,ภาคกลาง,ชัยนาท,ในเขตเทศบาล,หญิง,45 - 49 ปี,2009,คน,สำนักงานสถิติแห่งชาติ
3529,2543,ภาคกลาง,ชัยนาท,นอกเขตเทศบาล,รวม,45 - 49 ปี,22771,คน,สำนักงานสถิติแห่งชาติ
3530,2543,ภาคกลาง,ชัยนาท,นอกเขตเทศบาล,ชาย,45 - 49 ปี,10726,คน,สำนักงานสถิติแห่งชาติ
3531,2543,ภาคกลาง,ชัยนาท,นอกเขตเทศบาล,หญิง,45 - 49 ปี,12045,คน,สำนักงานสถิติแห่งชาติ
3532,2553,ภาคกลาง,ชัยนาท,รวม,รวม,45 - 49 ปี,27342,คน,สำนักงานสถิติแห่งชาติ
3533,2553,ภาคกลาง,ชัยนาท,รวม,ชาย,45 - 49 ปี,12726,คน,สำนักงานสถิติแห่งชาติ
3534,2553,ภาคกลาง,ชัยนาท,รวม,หญิง,45 - 49 ปี,14616,คน,สำนักงานสถิติแห่งชาติ
3535,2553,ภาคกลาง,ชัยนาท,ในเขตเทศบาล,รวม,45 - 49 ปี,18468,คน,สำนักงานสถิติแห่งชาติ
3536,2553,ภาคกลาง,ชัยนาท,ในเขตเทศบาล,ชาย,45 - 49 ปี,8433,คน,สำนักงานสถิติแห่งชาติ
3537,2553,ภาคกลาง,ชัยนาท,ในเขตเทศบาล,หญิง,45 - 49 ปี,10036,คน,สำนักงานสถิติแห่งชาติ
3538,2553,ภาคกลาง,ชัยนาท,นอกเขตเทศบาล,รวม,45 - 49 ปี,8874,คน,สำนักงานสถิติแห่งชาติ
3539,2553,ภาคกลาง,ชัยนาท,นอกเขตเทศบาล,ชาย,45 - 49 ปี,4294,คน,สำนักงานสถิติแห่งชาติ
3540,2553,ภาคกลาง,ชัยนาท,นอกเขตเทศบาล,หญิง,45 - 49 ปี,4581,คน,สำนักงานสถิติแห่งชาติ
3541,2533,ภาคกลาง,ชัยนาท,รวม,รวม,50 - 54 ปี,19779,คน,สำนักงานสถิติแห่งชาติ
3542,2533,ภาคกลาง,ชัยนาท,รวม,ชาย,50 - 54 ปี,9328,คน,สำนักงานสถิติแห่งชาติ
3543,2533,ภาคกลาง,ชัยนาท,รวม,หญิง,50 - 54 ปี,10451,คน,สำนักงานสถิติแห่งชาติ
3544,2533,ภาคกลาง,ชัยนาท,ในเขตเทศบาล,รวม,50 - 54 ปี,965,คน,สำนักงานสถิติแห่งชาติ
3545,2533,ภาคกลาง,ชัยนาท,ในเขตเทศบาล,ชาย,50 - 54 ปี,458,คน,สำนักงานสถิติแห่งชาติ
3546,2533,ภาคกลาง,ชัยนาท,ในเขตเทศบาล,หญิง,50 - 54 ปี,507,คน,สำนักงานสถิติแห่งชาติ
3547,2533,ภาคกลาง,ชัยนาท,นอกเขตเทศบาล,รวม,50 - 54 ปี,18814,คน,สำนักงานสถิติแห่งชาติ
3548,2533,ภาคกลาง,ชัยนาท,นอกเขตเทศบาล,ชาย,50 - 54 ปี,8870,คน,สำนักงานสถิติแห่งชาติ
3549,2533,ภาคกลาง,ชัยนาท,นอกเขตเทศบาล,หญิง,50 - 54 ปี,9944,คน,สำนักงานสถิติแห่งชาติ
3550,2543,ภาคกลาง,ชัยนาท,รวม,รวม,50 - 54 ปี,20097,คน,สำนักงานสถิติแห่งชาติ
3551,2543,ภาคกลาง,ชัยนาท,รวม,ชาย,50 - 54 ปี,9234,คน,สำนักงานสถิติแห่งชาติ
3552,2543,ภาคกลาง,ชัยนาท,รวม,หญิง,50 - 54 ปี,10863,คน,สำนักงานสถิติแห่งชาติ
3553,2543,ภาคกลาง,ชัยนาท,ในเขตเทศบาล,รวม,50 - 54 ปี,2596,คน,สำนักงานสถิติแห่งชาติ
3554,2543,ภาคกลาง,ชัยนาท,ในเขตเทศบาล,ชาย,50 - 54 ปี,1144,คน,สำนักงานสถิติแห่งชาติ
3555,2543,ภาคกลาง,ชัยนาท,ในเขตเทศบาล,หญิง,50 - 54 ปี,1452,คน,สำนักงานสถิติแห่งชาติ
3556,2543,ภาคกลาง,ชัยนาท,นอกเขตเทศบาล,รวม,50 - 54 ปี,17501,คน,สำนักงานสถิติแห่งชาติ
3557,2543,ภาคกลาง,ชัยนาท,นอกเขตเทศบาล,ชาย,50 - 54 ปี,8090,คน,สำนักงานสถิติแห่งชาติ
3558,2543,ภาคกลาง,ชัยนาท,นอกเขตเทศบาล,หญิง,50 - 54 ปี,9411,คน,สำนักงานสถิติแห่งชาติ
3559,2553,ภาคกลาง,ชัยนาท,รวม,รวม,50 - 54 ปี,24966,คน,สำนักงานสถิติแห่งชาติ
3560,2553,ภาคกลาง,ชัยนาท,รวม,ชาย,50 - 54 ปี,11360,คน,สำนักงานสถิติแห่งชาติ
3561,2553,ภาคกลาง,ชัยนาท,รวม,หญิง,50 - 54 ปี,13607,คน,สำนักงานสถิติแห่งชาติ
3562,2553,ภาคกลาง,ชัยนาท,ในเขตเทศบาล,รวม,50 - 54 ปี,16981,คน,สำนักงานสถิติแห่งชาติ
3563,2553,ภาคกลาง,ชัยนาท,ในเขตเทศบาล,ชาย,50 - 54 ปี,7608,คน,สำนักงานสถิติแห่งชาติ
3564,2553,ภาคกลาง,ชัยนาท,ในเขตเทศบาล,หญิง,50 - 54 ปี,9372,คน,สำนักงานสถิติแห่งชาติ
3565,2553,ภาคกลาง,ชัยนาท,นอกเขตเทศบาล,รวม,50 - 54 ปี,7986,คน,สำนักงานสถิติแห่งชาติ
3566,2553,ภาคกลาง,ชัยนาท,นอกเขตเทศบาล,ชาย,50 - 54 ปี,3751,คน,สำนักงานสถิติแห่งชาติ
3567,2553,ภาคกลาง,ชัยนาท,นอกเขตเทศบาล,หญิง,50 - 54 ปี,4234,คน,สำนักงานสถิติแห่งชาติ
3568,2533,ภาคกลาง,ชัยนาท,รวม,รวม,55 - 59 ปี,16392,คน,สำนักงานสถิติแห่งชาติ
3569,2533,ภาคกลาง,ชัยนาท,รวม,ชาย,55 - 59 ปี,7729,คน,สำนักงานสถิติแห่งชาติ
3570,2533,ภาคกลาง,ชัยนาท,รวม,หญิง,55 - 59 ปี,8663,คน,สำนักงานสถิติแห่งชาติ
3571,2533,ภาคกลาง,ชัยนาท,ในเขตเทศบาล,รวม,55 - 59 ปี,855,คน,สำนักงานสถิติแห่งชาติ
3572,2533,ภาคกลาง,ชัยนาท,ในเขตเทศบาล,ชาย,55 - 59 ปี,392,คน,สำนักงานสถิติแห่งชาติ
3573,2533,ภาคกลาง,ชัยนาท,ในเขตเทศบาล,หญิง,55 - 59 ปี,463,คน,สำนักงานสถิติแห่งชาติ
3574,2533,ภาคกลาง,ชัยนาท,นอกเขตเทศบาล,รวม,55 - 59 ปี,15537,คน,สำนักงานสถิติแห่งชาติ
3575,2533,ภาคกลาง,ชัยนาท,นอกเขตเทศบาล,ชาย,55 - 59 ปี,7337,คน,สำนักงานสถิติแห่งชาติ
3576,2533,ภาคกลาง,ชัยนาท,นอกเขตเทศบาล,หญิง,55 - 59 ปี,8200,คน,สำนักงานสถิติแห่งชาติ
3577,2543,ภาคกลาง,ชัยนาท,รวม,รวม,55 - 59 ปี,17817,คน,สำนักงานสถิติแห่งชาติ
3578,2543,ภาคกลาง,ชัยนาท,รวม,ชาย,55 - 59 ปี,8237,คน,สำนักงานสถิติแห่งชาติ
3579,2543,ภาคกลาง,ชัยนาท,รวม,หญิง,55 - 59 ปี,9580,คน,สำนักงานสถิติแห่งชาติ
3580,2543,ภาคกลาง,ชัยนาท,ในเขตเทศบาล,รวม,55 - 59 ปี,2200,คน,สำนักงานสถิติแห่งชาติ
3581,2543,ภาคกลาง,ชัยนาท,ในเขตเทศบาล,ชาย,55 - 59 ปี,988,คน,สำนักงานสถิติแห่งชาติ
3582,2543,ภาคกลาง,ชัยนาท,ในเขตเทศบาล,หญิง,55 - 59 ปี,1212,คน,สำนักงานสถิติแห่งชาติ
3583,2543,ภาคกลาง,ชัยนาท,นอกเขตเทศบาล,รวม,55 - 59 ปี,15617,คน,สำนักงานสถิติแห่งชาติ
3584,2543,ภาคกลาง,ชัยนาท,นอกเขตเทศบาล,ชาย,55 - 59 ปี,7249,คน,สำนักงานสถิติแห่งชาติ
3585,2543,ภาคกลาง,ชัยนาท,นอกเขตเทศบาล,หญิง,55 - 59 ปี,8368,คน,สำนักงานสถิติแห่งชาติ
3586,2553,ภาคกลาง,ชัยนาท,รวม,รวม,55 - 59 ปี,22017,คน,สำนักงานสถิติแห่งชาติ
3587,2553,ภาคกลาง,ชัยนาท,รวม,ชาย,55 - 59 ปี,9964,คน,สำนักงานสถิติแห่งชาติ
3588,2553,ภาคกลาง,ชัยนาท,รวม,หญิง,55 - 59 ปี,12053,คน,สำนักงานสถิติแห่งชาติ
3589,2553,ภาคกลาง,ชัยนาท,ในเขตเทศบาล,รวม,55 - 59 ปี,15307,คน,สำนักงานสถิติแห่งชาติ
3590,2553,ภาคกลาง,ชัยนาท,ในเขตเทศบาล,ชาย,55 - 59 ปี,6848,คน,สำนักงานสถิติแห่งชาติ
3591,2553,ภาคกลาง,ชัยนาท,ในเขตเทศบาล,หญิง,55 - 59 ปี,8458,คน,สำนักงานสถิติแห่งชาติ
3592,2553,ภาคกลาง,ชัยนาท,นอกเขตเทศบาล,รวม,55 - 59 ปี,6710,คน,สำนักงานสถิติแห่งชาติ
3593,2553,ภาคกลาง,ชัยนาท,นอกเขตเทศบาล,ชาย,55 - 59 ปี,3115,คน,สำนักงานสถิติแห่งชาติ
3594,2553,ภาคกลาง,ชัยนาท,นอกเขตเทศบาล,หญิง,55 - 59 ปี,3595,คน,สำนักงานสถิติแห่งชาติ
3595,2533,ภาคกลาง,ชัยนาท,รวม,รวม,60 - 64 ปี,13256,คน,สำนักงานสถิติแห่งชาติ
3596,2533,ภาคกลาง,ชัยนาท,รวม,ชาย,60 - 64 ปี,6187,คน,สำนักงานสถิติแห่งชาติ
3597,2533,ภาคกลาง,ชัยนาท,รวม,หญิง,60 - 64 ปี,7069,คน,สำนักงานสถิติแห่งชาติ
3598,2533,ภาคกลาง,ชัยนาท,ในเขตเทศบาล,รวม,60 - 64 ปี,594,คน,สำนักงานสถิติแห่งชาติ
3599,2533,ภาคกลาง,ชัยนาท,ในเขตเทศบาล,ชาย,60 - 64 ปี,256,คน,สำนักงานสถิติแห่งชาติ
3600,2533,ภาคกลาง,ชัยนาท,ในเขตเทศบาล,หญิง,60 - 64 ปี,338,คน,สำนักงานสถิติแห่งชาติ
3601,2533,ภาคกลาง,ชัยนาท,นอกเขตเทศบาล,รวม,60 - 64 ปี,12662,คน,สำนักงานสถิติแห่งชาติ
3602,2533,ภาคกลาง,ชัยนาท,นอกเขตเทศบาล,ชาย,60 - 64 ปี,5931,คน,สำนักงานสถิติแห่งชาติ
3603,2533,ภาคกลาง,ชัยนาท,นอกเขตเทศบาล,หญิง,60 - 64 ปี,6731,คน,สำนักงานสถิติแห่งชาติ
3604,2543,ภาคกลาง,ชัยนาท,รวม,รวม,60 - 64 ปี,17706,คน,สำนักงานสถิติแห่งชาติ
3605,2543,ภาคกลาง,ชัยนาท,รวม,ชาย,60 - 64 ปี,8168,คน,สำนักงานสถิติแห่งชาติ
3606,2543,ภาคกลาง,ชัยนาท,รวม,หญิง,60 - 64 ปี,9538,คน,สำนักงานสถิติแห่งชาติ
3607,2543,ภาคกลาง,ชัยนาท,ในเขตเทศบาล,รวม,60 - 64 ปี,2154,คน,สำนักงานสถิติแห่งชาติ
3608,2543,ภาคกลาง,ชัยนาท,ในเขตเทศบาล,ชาย,60 - 64 ปี,985,คน,สำนักงานสถิติแห่งชาติ
3609,2543,ภาคกลาง,ชัยนาท,ในเขตเทศบาล,หญิง,60 - 64 ปี,1169,คน,สำนักงานสถิติแห่งชาติ
3610,2543,ภาคกลาง,ชัยนาท,นอกเขตเทศบาล,รวม,60 - 64 ปี,15552,คน,สำนักงานสถิติแห่งชาติ
3611,2543,ภาคกลาง,ชัยนาท,นอกเขตเทศบาล,ชาย,60 - 64 ปี,7183,คน,สำนักงานสถิติแห่งชาติ
3612,2543,ภาคกลาง,ชัยนาท,นอกเขตเทศบาล,หญิง,60 - 64 ปี,8369,คน,สำนักงานสถิติแห่งชาติ
3613,2553,ภาคกลาง,ชัยนาท,รวม,รวม,60 - 64 ปี,17247,คน,สำนักงานสถิติแห่งชาติ
3614,2553,ภาคกลาง,ชัยนาท,รวม,ชาย,60 - 64 ปี,7837,คน,สำนักงานสถิติแห่งชาติ
3615,2553,ภาคกลาง,ชัยนาท,รวม,หญิง,60 - 64 ปี,9410,คน,สำนักงานสถิติแห่งชาติ
3616,2553,ภาคกลาง,ชัยนาท,ในเขตเทศบาล,รวม,60 - 64 ปี,11929,คน,สำนักงานสถิติแห่งชาติ
3617,2553,ภาคกลาง,ชัยนาท,ในเขตเทศบาล,ชาย,60 - 64 ปี,5339,คน,สำนักงานสถิติแห่งชาติ
3618,2553,ภาคกลาง,ชัยนาท,ในเขตเทศบาล,หญิง,60 - 64 ปี,6590,คน,สำนักงานสถิติแห่งชาติ
3619,2553,ภาคกลาง,ชัยนาท,นอกเขตเทศบาล,รวม,60 - 64 ปี,5318,คน,สำนักงานสถิติแห่งชาติ
3620,2553,ภาคกลาง,ชัยนาท,นอกเขตเทศบาล,ชาย,60 - 64 ปี,2498,คน,สำนักงานสถิติแห่งชาติ
3621,2553,ภาคกลาง,ชัยนาท,นอกเขตเทศบาล,หญิง,60 - 64 ปี,2820,คน,สำนักงานสถิติแห่งชาติ
3622,2533,ภาคกลาง,ชัยนาท,รวม,รวม,65 - 69 ปี,9506,คน,สำนักงานสถิติแห่งชาติ
3623,2533,ภาคกลาง,ชัยนาท,รวม,ชาย,65 - 69 ปี,4387,คน,สำนักงานสถิติแห่งชาติ
3624,2533,ภาคกลาง,ชัยนาท,รวม,หญิง,65 - 69 ปี,5119,คน,สำนักงานสถิติแห่งชาติ
3625,2533,ภาคกลาง,ชัยนาท,ในเขตเทศบาล,รวม,65 - 69 ปี,407,คน,สำนักงานสถิติแห่งชาติ
3626,2533,ภาคกลาง,ชัยนาท,ในเขตเทศบาล,ชาย,65 - 69 ปี,180,คน,สำนักงานสถิติแห่งชาติ
3627,2533,ภาคกลาง,ชัยนาท,ในเขตเทศบาล,หญิง,65 - 69 ปี,227,คน,สำนักงานสถิติแห่งชาติ
3628,2533,ภาคกลาง,ชัยนาท,นอกเขตเทศบาล,รวม,65 - 69 ปี,9099,คน,สำนักงานสถิติแห่งชาติ
3629,2533,ภาคกลาง,ชัยนาท,นอกเขตเทศบาล,ชาย,65 - 69 ปี,4207,คน,สำนักงานสถิติแห่งชาติ
3630,2533,ภาคกลาง,ชัยนาท,นอกเขตเทศบาล,หญิง,65 - 69 ปี,4892,คน,สำนักงานสถิติแห่งชาติ
3631,2543,ภาคกลาง,ชัยนาท,รวม,รวม,65 - 69 ปี,13452,คน,สำนักงานสถิติแห่งชาติ
3632,2543,ภาคกลาง,ชัยนาท,รวม,ชาย,65 - 69 ปี,6170,คน,สำนักงานสถิติแห่งชาติ
3633,2543,ภาคกลาง,ชัยนาท,รวม,หญิง,65 - 69 ปี,7282,คน,สำนักงานสถิติแห่งชาติ
3634,2543,ภาคกลาง,ชัยนาท,ในเขตเทศบาล,รวม,65 - 69 ปี,1666,คน,สำนักงานสถิติแห่งชาติ
3635,2543,ภาคกลาง,ชัยนาท,ในเขตเทศบาล,ชาย,65 - 69 ปี,722,คน,สำนักงานสถิติแห่งชาติ
3636,2543,ภาคกลาง,ชัยนาท,ในเขตเทศบาล,หญิง,65 - 69 ปี,944,คน,สำนักงานสถิติแห่งชาติ
3637,2543,ภาคกลาง,ชัยนาท,นอกเขตเทศบาล,รวม,65 - 69 ปี,11786,คน,สำนักงานสถิติแห่งชาติ
3638,2543,ภาคกลาง,ชัยนาท,นอกเขตเทศบาล,ชาย,65 - 69 ปี,5448,คน,สำนักงานสถิติแห่งชาติ
3639,2543,ภาคกลาง,ชัยนาท,นอกเขตเทศบาล,หญิง,65 - 69 ปี,6338,คน,สำนักงานสถิติแห่งชาติ
3640,2553,ภาคกลาง,ชัยนาท,รวม,รวม,65 - 69 ปี,13042,คน,สำนักงานสถิติแห่งชาติ
3641,2553,ภาคกลาง,ชัยนาท,รวม,ชาย,65 - 69 ปี,5854,คน,สำนักงานสถิติแห่งชาติ
3642,2553,ภาคกลาง,ชัยนาท,รวม,หญิง,65 - 69 ปี,7189,คน,สำนักงานสถิติแห่งชาติ
3643,2553,ภาคกลาง,ชัยนาท,ในเขตเทศบาล,รวม,65 - 69 ปี,9056,คน,สำนักงานสถิติแห่งชาติ
3644,2553,ภาคกลาง,ชัยนาท,ในเขตเทศบาล,ชาย,65 - 69 ปี,4013,คน,สำนักงานสถิติแห่งชาติ
3645,2553,ภาคกลาง,ชัยนาท,ในเขตเทศบาล,หญิง,65 - 69 ปี,5043,คน,สำนักงานสถิติแห่งชาติ
3646,2553,ภาคกลาง,ชัยนาท,นอกเขตเทศบาล,รวม,65 - 69 ปี,3987,คน,สำนักงานสถิติแห่งชาติ
3647,2553,ภาคกลาง,ชัยนาท,นอกเขตเทศบาล,ชาย,65 - 69 ปี,1841,คน,สำนักงานสถิติแห่งชาติ
3648,2553,ภาคกลาง,ชัยนาท,นอกเขตเทศบาล,หญิง,65 - 69 ปี,2146,คน,สำนักงานสถิติแห่งชาติ
3649,2533,ภาคกลาง,ชัยนาท,รวม,รวม,70 - 74 ปี,7115,คน,สำนักงานสถิติแห่งชาติ
3650,2533,ภาคกลาง,ชัยนาท,รวม,ชาย,70 - 74 ปี,3014,คน,สำนักงานสถิติแห่งชาติ
3651,2533,ภาคกลาง,ชัยนาท,รวม,หญิง,70 - 74 ปี,4101,คน,สำนักงานสถิติแห่งชาติ
3652,2533,ภาคกลาง,ชัยนาท,ในเขตเทศบาล,รวม,70 - 74 ปี,312,คน,สำนักงานสถิติแห่งชาติ
3653,2533,ภาคกลาง,ชัยนาท,ในเขตเทศบาล,ชาย,70 - 74 ปี,121,คน,สำนักงานสถิติแห่งชาติ
3654,2533,ภาคกลาง,ชัยนาท,ในเขตเทศบาล,หญิง,70 - 74 ปี,191,คน,สำนักงานสถิติแห่งชาติ
3655,2533,ภาคกลาง,ชัยนาท,นอกเขตเทศบาล,รวม,70 - 74 ปี,6803,คน,สำนักงานสถิติแห่งชาติ
3656,2533,ภาคกลาง,ชัยนาท,นอกเขตเทศบาล,ชาย,70 - 74 ปี,2893,คน,สำนักงานสถิติแห่งชาติ
3657,2533,ภาคกลาง,ชัยนาท,นอกเขตเทศบาล,หญิง,70 - 74 ปี,3910,คน,สำนักงานสถิติแห่งชาติ
3658,2543,ภาคกลาง,ชัยนาท,รวม,รวม,70 - 74 ปี,10214,คน,สำนักงานสถิติแห่งชาติ
3659,2543,ภาคกลาง,ชัยนาท,รวม,ชาย,70 - 74 ปี,4518,คน,สำนักงานสถิติแห่งชาติ
3660,2543,ภาคกลาง,ชัยนาท,รวม,หญิง,70 - 74 ปี,5696,คน,สำนักงานสถิติแห่งชาติ
3661,2543,ภาคกลาง,ชัยนาท,ในเขตเทศบาล,รวม,70 - 74 ปี,1204,คน,สำนักงานสถิติแห่งชาติ
3662,2543,ภาคกลาง,ชัยนาท,ในเขตเทศบาล,ชาย,70 - 74 ปี,495,คน,สำนักงานสถิติแห่งชาติ
3663,2543,ภาคกลาง,ชัยนาท,ในเขตเทศบาล,หญิง,70 - 74 ปี,709,คน,สำนักงานสถิติแห่งชาติ
3664,2543,ภาคกลาง,ชัยนาท,นอกเขตเทศบาล,รวม,70 - 74 ปี,9010,คน,สำนักงานสถิติแห่งชาติ
3665,2543,ภาคกลาง,ชัยนาท,นอกเขตเทศบาล,ชาย,70 - 74 ปี,4023,คน,สำนักงานสถิติแห่งชาติ
3666,2543,ภาคกลาง,ชัยนาท,นอกเขตเทศบาล,หญิง,70 - 74 ปี,4987,คน,สำนักงานสถิติแห่งชาติ
3667,2553,ภาคกลาง,ชัยนาท,รวม,รวม,70 - 74 ปี,12232,คน,สำนักงานสถิติแห่งชาติ
3668,2553,ภาคกลาง,ชัยนาท,รวม,ชาย,70 - 74 ปี,5357,คน,สำนักงานสถิติแห่งชาติ
3669,2553,ภาคกลาง,ชัยนาท,รวม,หญิง,70 - 74 ปี,6874,คน,สำนักงานสถิติแห่งชาติ
3670,2553,ภาคกลาง,ชัยนาท,ในเขตเทศบาล,รวม,70 - 74 ปี,8481,คน,สำนักงานสถิติแห่งชาติ
3671,2553,ภาคกลาง,ชัยนาท,ในเขตเทศบาล,ชาย,70 - 74 ปี,3653,คน,สำนักงานสถิติแห่งชาติ
3672,2553,ภาคกลาง,ชัยนาท,ในเขตเทศบาล,หญิง,70 - 74 ปี,4828,คน,สำนักงานสถิติแห่งชาติ
3673,2553,ภาคกลาง,ชัยนาท,นอกเขตเทศบาล,รวม,70 - 74 ปี,3751,คน,สำนักงานสถิติแห่งชาติ
3674,2553,ภาคกลาง,ชัยนาท,นอกเขตเทศบาล,ชาย,70 - 74 ปี,1704,คน,สำนักงานสถิติแห่งชาติ
3675,2553,ภาคกลาง,ชัยนาท,นอกเขตเทศบาล,หญิง,70 - 74 ปี,2047,คน,สำนักงานสถิติแห่งชาติ
3676,2533,ภาคกลาง,ชัยนาท,รวม,รวม,75 - 79 ปี,4711,คน,สำนักงานสถิติแห่งชาติ
3677,2533,ภาคกลาง,ชัยนาท,รวม,ชาย,75 - 79 ปี,1854,คน,สำนักงานสถิติแห่งชาติ
3678,2533,ภาคกลาง,ชัยนาท,รวม,หญิง,75 - 79 ปี,2857,คน,สำนักงานสถิติแห่งชาติ
3679,2533,ภาคกลาง,ชัยนาท,ในเขตเทศบาล,รวม,75 - 79 ปี,212,คน,สำนักงานสถิติแห่งชาติ
3680,2533,ภาคกลาง,ชัยนาท,ในเขตเทศบาล,ชาย,75 - 79 ปี,86,คน,สำนักงานสถิติแห่งชาติ
3681,2533,ภาคกลาง,ชัยนาท,ในเขตเทศบาล,หญิง,75 - 79 ปี,126,คน,สำนักงานสถิติแห่งชาติ
3682,2533,ภาคกลาง,ชัยนาท,นอกเขตเทศบาล,รวม,75 - 79 ปี,4499,คน,สำนักงานสถิติแห่งชาติ
3683,2533,ภาคกลาง,ชัยนาท,นอกเขตเทศบาล,ชาย,75 - 79 ปี,1768,คน,สำนักงานสถิติแห่งชาติ
3684,2533,ภาคกลาง,ชัยนาท,นอกเขตเทศบาล,หญิง,75 - 79 ปี,2731,คน,สำนักงานสถิติแห่งชาติ
3685,2543,ภาคกลาง,ชัยนาท,รวม,รวม,75 - 79 ปี,5922,คน,สำนักงานสถิติแห่งชาติ
3686,2543,ภาคกลาง,ชัยนาท,รวม,ชาย,75 - 79 ปี,2433,คน,สำนักงานสถิติแห่งชาติ
3687,2543,ภาคกลาง,ชัยนาท,รวม,หญิง,75 - 79 ปี,3489,คน,สำนักงานสถิติแห่งชาติ
3688,2543,ภาคกลาง,ชัยนาท,ในเขตเทศบาล,รวม,75 - 79 ปี,688,คน,สำนักงานสถิติแห่งชาติ
3689,2543,ภาคกลาง,ชัยนาท,ในเขตเทศบาล,ชาย,75 - 79 ปี,253,คน,สำนักงานสถิติแห่งชาติ
3690,2543,ภาคกลาง,ชัยนาท,ในเขตเทศบาล,หญิง,75 - 79 ปี,435,คน,สำนักงานสถิติแห่งชาติ
3691,2543,ภาคกลาง,ชัยนาท,นอกเขตเทศบาล,รวม,75 - 79 ปี,5234,คน,สำนักงานสถิติแห่งชาติ
3692,2543,ภาคกลาง,ชัยนาท,นอกเขตเทศบาล,ชาย,75 - 79 ปี,2180,คน,สำนักงานสถิติแห่งชาติ
3693,2543,ภาคกลาง,ชัยนาท,นอกเขตเทศบาล,หญิง,75 - 79 ปี,3054,คน,สำนักงานสถิติแห่งชาติ
3694,2553,ภาคกลาง,ชัยนาท,รวม,รวม,75 - 79 ปี,8487,คน,สำนักงานสถิติแห่งชาติ
3695,2553,ภาคกลาง,ชัยนาท,รวม,ชาย,75 - 79 ปี,3595,คน,สำนักงานสถิติแห่งชาติ
3696,2553,ภาคกลาง,ชัยนาท,รวม,หญิง,75 - 79 ปี,4891,คน,สำนักงานสถิติแห่งชาติ
3697,2553,ภาคกลาง,ชัยนาท,ในเขตเทศบาล,รวม,75 - 79 ปี,5965,คน,สำนักงานสถิติแห่งชาติ
3698,2553,ภาคกลาง,ชัยนาท,ในเขตเทศบาล,ชาย,75 - 79 ปี,2477,คน,สำนักงานสถิติแห่งชาติ
3699,2553,ภาคกลาง,ชัยนาท,ในเขตเทศบาล,หญิง,75 - 79 ปี,3489,คน,สำนักงานสถิติแห่งชาติ
3700,2553,ภาคกลาง,ชัยนาท,นอกเขตเทศบาล,รวม,75 - 79 ปี,2521,คน,สำนักงานสถิติแห่งชาติ
3701,2553,ภาคกลาง,ชัยนาท,นอกเขตเทศบาล,ชาย,75 - 79 ปี,1119,คน,สำนักงานสถิติแห่งชาติ
3702,2553,ภาคกลาง,ชัยนาท,นอกเขตเทศบาล,หญิง,75 - 79 ปี,1403,คน,สำนักงานสถิติแห่งชาติ
3703,2533,ภาคกลาง,ชัยนาท,รวม,รวม,80 ปีขึ้นไป   ,4304,คน,สำนักงานสถิติแห่งชาติ
3704,2533,ภาคกลาง,ชัยนาท,รวม,ชาย,80 ปีขึ้นไป   ,1521,คน,สำนักงานสถิติแห่งชาติ
3705,2533,ภาคกลาง,ชัยนาท,รวม,หญิง,80 ปีขึ้นไป   ,2783,คน,สำนักงานสถิติแห่งชาติ
3706,2533,ภาคกลาง,ชัยนาท,ในเขตเทศบาล,รวม,80 ปีขึ้นไป   ,221,คน,สำนักงานสถิติแห่งชาติ
3707,2533,ภาคกลาง,ชัยนาท,ในเขตเทศบาล,ชาย,80 ปีขึ้นไป   ,78,คน,สำนักงานสถิติแห่งชาติ
3708,2533,ภาคกลาง,ชัยนาท,ในเขตเทศบาล,หญิง,80 ปีขึ้นไป   ,143,คน,สำนักงานสถิติแห่งชาติ
3709,2533,ภาคกลาง,ชัยนาท,นอกเขตเทศบาล,รวม,80 ปีขึ้นไป   ,4083,คน,สำนักงานสถิติแห่งชาติ
3710,2533,ภาคกลาง,ชัยนาท,นอกเขตเทศบาล,ชาย,80 ปีขึ้นไป   ,1443,คน,สำนักงานสถิติแห่งชาติ
3711,2533,ภาคกลาง,ชัยนาท,นอกเขตเทศบาล,หญิง,80 ปีขึ้นไป   ,2640,คน,สำนักงานสถิติแห่งชาติ
3712,2543,ภาคกลาง,ชัยนาท,รวม,รวม,80 ปีขึ้นไป   ,5663,คน,สำนักงานสถิติแห่งชาติ
3713,2543,ภาคกลาง,ชัยนาท,รวม,ชาย,80 ปีขึ้นไป   ,2080,คน,สำนักงานสถิติแห่งชาติ
3714,2543,ภาคกลาง,ชัยนาท,รวม,หญิง,80 ปีขึ้นไป   ,3583,คน,สำนักงานสถิติแห่งชาติ
3715,2543,ภาคกลาง,ชัยนาท,ในเขตเทศบาล,รวม,80 ปีขึ้นไป   ,752,คน,สำนักงานสถิติแห่งชาติ
3716,2543,ภาคกลาง,ชัยนาท,ในเขตเทศบาล,ชาย,80 ปีขึ้นไป   ,255,คน,สำนักงานสถิติแห่งชาติ
3717,2543,ภาคกลาง,ชัยนาท,ในเขตเทศบาล,หญิง,80 ปีขึ้นไป   ,497,คน,สำนักงานสถิติแห่งชาติ
3718,2543,ภาคกลาง,ชัยนาท,นอกเขตเทศบาล,รวม,80 ปีขึ้นไป   ,4911,คน,สำนักงานสถิติแห่งชาติ
3719,2543,ภาคกลาง,ชัยนาท,นอกเขตเทศบาล,ชาย,80 ปีขึ้นไป   ,1825,คน,สำนักงานสถิติแห่งชาติ
3720,2543,ภาคกลาง,ชัยนาท,นอกเขตเทศบาล,หญิง,80 ปีขึ้นไป   ,3086,คน,สำนักงานสถิติแห่งชาติ
3721,2553,ภาคกลาง,ชัยนาท,รวม,รวม,80 ปีขึ้นไป   ,8130,คน,สำนักงานสถิติแห่งชาติ
3722,2553,ภาคกลาง,ชัยนาท,รวม,ชาย,80 ปีขึ้นไป   ,3161,คน,สำนักงานสถิติแห่งชาติ
3723,2553,ภาคกลาง,ชัยนาท,รวม,หญิง,80 ปีขึ้นไป   ,4968,คน,สำนักงานสถิติแห่งชาติ
3724,2553,ภาคกลาง,ชัยนาท,ในเขตเทศบาล,รวม,80 ปีขึ้นไป   ,5640,คน,สำนักงานสถิติแห่งชาติ
3725,2553,ภาคกลาง,ชัยนาท,ในเขตเทศบาล,ชาย,80 ปีขึ้นไป   ,2159,คน,สำนักงานสถิติแห่งชาติ
3726,2553,ภาคกลาง,ชัยนาท,ในเขตเทศบาล,หญิง,80 ปีขึ้นไป   ,3480,คน,สำนักงานสถิติแห่งชาติ
3727,2553,ภาคกลาง,ชัยนาท,นอกเขตเทศบาล,รวม,80 ปีขึ้นไป   ,2490,คน,สำนักงานสถิติแห่งชาติ
3728,2553,ภาคกลาง,ชัยนาท,นอกเขตเทศบาล,ชาย,80 ปีขึ้นไป   ,1001,คน,สำนักงานสถิติแห่งชาติ
3729,2553,ภาคกลาง,ชัยนาท,นอกเขตเทศบาล,หญิง,80 ปีขึ้นไป   ,1488,คน,สำนักงานสถิติแห่งชาติ
3730,2533,ภาคกลาง,ตราด,รวม,รวม,รวม,162226,คน,สำนักงานสถิติแห่งชาติ
3731,2533,ภาคกลาง,ตราด,รวม,ชาย,รวม,82146,คน,สำนักงานสถิติแห่งชาติ
3732,2533,ภาคกลาง,ตราด,รวม,หญิง,รวม,80080,คน,สำนักงานสถิติแห่งชาติ
3733,2533,ภาคกลาง,ตราด,ในเขตเทศบาล,รวม,รวม,11681,คน,สำนักงานสถิติแห่งชาติ
3734,2533,ภาคกลาง,ตราด,ในเขตเทศบาล,ชาย,รวม,5755,คน,สำนักงานสถิติแห่งชาติ
3735,2533,ภาคกลาง,ตราด,ในเขตเทศบาล,หญิง,รวม,5926,คน,สำนักงานสถิติแห่งชาติ
3736,2533,ภาคกลาง,ตราด,นอกเขตเทศบาล,รวม,รวม,150545,คน,สำนักงานสถิติแห่งชาติ
3737,2533,ภาคกลาง,ตราด,นอกเขตเทศบาล,ชาย,รวม,76391,คน,สำนักงานสถิติแห่งชาติ
3738,2533,ภาคกลาง,ตราด,นอกเขตเทศบาล,หญิง,รวม,74154,คน,สำนักงานสถิติแห่งชาติ
3739,2543,ภาคกลาง,ตราด,รวม,รวม,รวม,219345,คน,สำนักงานสถิติแห่งชาติ
3740,2543,ภาคกลาง,ตราด,รวม,ชาย,รวม,109277,คน,สำนักงานสถิติแห่งชาติ
3741,2543,ภาคกลาง,ตราด,รวม,หญิง,รวม,110068,คน,สำนักงานสถิติแห่งชาติ
3742,2543,ภาคกลาง,ตราด,ในเขตเทศบาล,รวม,รวม,50144,คน,สำนักงานสถิติแห่งชาติ
3743,2543,ภาคกลาง,ตราด,ในเขตเทศบาล,ชาย,รวม,23996,คน,สำนักงานสถิติแห่งชาติ
3744,2543,ภาคกลาง,ตราด,ในเขตเทศบาล,หญิง,รวม,26148,คน,สำนักงานสถิติแห่งชาติ
3745,2543,ภาคกลาง,ตราด,นอกเขตเทศบาล,รวม,รวม,169201,คน,สำนักงานสถิติแห่งชาติ
3746,2543,ภาคกลาง,ตราด,นอกเขตเทศบาล,ชาย,รวม,85281,คน,สำนักงานสถิติแห่งชาติ
3747,2543,ภาคกลาง,ตราด,นอกเขตเทศบาล,หญิง,รวม,83920,คน,สำนักงานสถิติแห่งชาติ
3748,2553,ภาคกลาง,ตราด,รวม,รวม,รวม,247876,คน,สำนักงานสถิติแห่งชาติ
3749,2553,ภาคกลาง,ตราด,รวม,ชาย,รวม,126436,คน,สำนักงานสถิติแห่งชาติ
3750,2553,ภาคกลาง,ตราด,รวม,หญิง,รวม,121440,คน,สำนักงานสถิติแห่งชาติ
3751,2553,ภาคกลาง,ตราด,ในเขตเทศบาล,รวม,รวม,82794,คน,สำนักงานสถิติแห่งชาติ
3752,2553,ภาคกลาง,ตราด,ในเขตเทศบาล,ชาย,รวม,41501,คน,สำนักงานสถิติแห่งชาติ
3753,2553,ภาคกลาง,ตราด,ในเขตเทศบาล,หญิง,รวม,41293,คน,สำนักงานสถิติแห่งชาติ
3754,2553,ภาคกลาง,ตราด,นอกเขตเทศบาล,รวม,รวม,165082,คน,สำนักงานสถิติแห่งชาติ
3755,2553,ภาคกลาง,ตราด,นอกเขตเทศบาล,ชาย,รวม,84935,คน,สำนักงานสถิติแห่งชาติ
3756,2553,ภาคกลาง,ตราด,นอกเขตเทศบาล,หญิง,รวม,80147,คน,สำนักงานสถิติแห่งชาติ
3757,2533,ภาคกลาง,ตราด,รวม,รวม,0 - 4 ปี,12948,คน,สำนักงานสถิติแห่งชาติ
3758,2533,ภาคกลาง,ตราด,รวม,ชาย,0 - 4 ปี,6601,คน,สำนักงานสถิติแห่งชาติ
3759,2533,ภาคกลาง,ตราด,รวม,หญิง,0 - 4 ปี,6347,คน,สำนักงานสถิติแห่งชาติ
3760,2533,ภาคกลาง,ตราด,ในเขตเทศบาล,รวม,0 - 4 ปี,801,คน,สำนักงานสถิติแห่งชาติ
3761,2533,ภาคกลาง,ตราด,ในเขตเทศบาล,ชาย,0 - 4 ปี,425,คน,สำนักงานสถิติแห่งชาติ
3762,2533,ภาคกลาง,ตราด,ในเขตเทศบาล,หญิง,0 - 4 ปี,376,คน,สำนักงานสถิติแห่งชาติ
3763,2533,ภาคกลาง,ตราด,นอกเขตเทศบาล,รวม,0 - 4 ปี,12147,คน,สำนักงานสถิติแห่งชาติ
3764,2533,ภาคกลาง,ตราด,นอกเขตเทศบาล,ชาย,0 - 4 ปี,6176,คน,สำนักงานสถิติแห่งชาติ
3765,2533,ภาคกลาง,ตราด,นอกเขตเทศบาล,หญิง,0 - 4 ปี,5971,คน,สำนักงานสถิติแห่งชาติ
3766,2543,ภาคกลาง,ตราด,รวม,รวม,0 - 4 ปี,16461,คน,สำนักงานสถิติแห่งชาติ
3767,2543,ภาคกลาง,ตราด,รวม,ชาย,0 - 4 ปี,8416,คน,สำนักงานสถิติแห่งชาติ
3768,2543,ภาคกลาง,ตราด,รวม,หญิง,0 - 4 ปี,8045,คน,สำนักงานสถิติแห่งชาติ
3769,2543,ภาคกลาง,ตราด,ในเขตเทศบาล,รวม,0 - 4 ปี,3735,คน,สำนักงานสถิติแห่งชาติ
3770,2543,ภาคกลาง,ตราด,ในเขตเทศบาล,ชาย,0 - 4 ปี,1924,คน,สำนักงานสถิติแห่งชาติ
3771,2543,ภาคกลาง,ตราด,ในเขตเทศบาล,หญิง,0 - 4 ปี,1811,คน,สำนักงานสถิติแห่งชาติ
3772,2543,ภาคกลาง,ตราด,นอกเขตเทศบาล,รวม,0 - 4 ปี,12726,คน,สำนักงานสถิติแห่งชาติ
3773,2543,ภาคกลาง,ตราด,นอกเขตเทศบาล,ชาย,0 - 4 ปี,6492,คน,สำนักงานสถิติแห่งชาติ
3774,2543,ภาคกลาง,ตราด,นอกเขตเทศบาล,หญิง,0 - 4 ปี,6234,คน,สำนักงานสถิติแห่งชาติ
3775,2553,ภาคกลาง,ตราด,รวม,รวม,0 - 4 ปี,15580,คน,สำนักงานสถิติแห่งชาติ
3776,2553,ภาคกลาง,ตราด,รวม,ชาย,0 - 4 ปี,8265,คน,สำนักงานสถิติแห่งชาติ
3777,2553,ภาคกลาง,ตราด,รวม,หญิง,0 - 4 ปี,7315,คน,สำนักงานสถิติแห่งชาติ
3778,2553,ภาคกลาง,ตราด,ในเขตเทศบาล,รวม,0 - 4 ปี,4981,คน,สำนักงานสถิติแห่งชาติ
3779,2553,ภาคกลาง,ตราด,ในเขตเทศบาล,ชาย,0 - 4 ปี,2670,คน,สำนักงานสถิติแห่งชาติ
3780,2553,ภาคกลาง,ตราด,ในเขตเทศบาล,หญิง,0 - 4 ปี,2311,คน,สำนักงานสถิติแห่งชาติ
3781,2553,ภาคกลาง,ตราด,นอกเขตเทศบาล,รวม,0 - 4 ปี,10599,คน,สำนักงานสถิติแห่งชาติ
3782,2553,ภาคกลาง,ตราด,นอกเขตเทศบาล,ชาย,0 - 4 ปี,5596,คน,สำนักงานสถิติแห่งชาติ
3783,2553,ภาคกลาง,ตราด,นอกเขตเทศบาล,หญิง,0 - 4 ปี,5003,คน,สำนักงานสถิติแห่งชาติ
3784,2533,ภาคกลาง,ตราด,รวม,รวม,5 - 9 ปี,16093,คน,สำนักงานสถิติแห่งชาติ
3785,2533,ภาคกลาง,ตราด,รวม,ชาย,5 - 9 ปี,8242,คน,สำนักงานสถิติแห่งชาติ
3786,2533,ภาคกลาง,ตราด,รวม,หญิง,5 - 9 ปี,7851,คน,สำนักงานสถิติแห่งชาติ
3787,2533,ภาคกลาง,ตราด,ในเขตเทศบาล,รวม,5 - 9 ปี,961,คน,สำนักงานสถิติแห่งชาติ
3788,2533,ภาคกลาง,ตราด,ในเขตเทศบาล,ชาย,5 - 9 ปี,489,คน,สำนักงานสถิติแห่งชาติ
3789,2533,ภาคกลาง,ตราด,ในเขตเทศบาล,หญิง,5 - 9 ปี,472,คน,สำนักงานสถิติแห่งชาติ
3790,2533,ภาคกลาง,ตราด,นอกเขตเทศบาล,รวม,5 - 9 ปี,15132,คน,สำนักงานสถิติแห่งชาติ
3791,2533,ภาคกลาง,ตราด,นอกเขตเทศบาล,ชาย,5 - 9 ปี,7753,คน,สำนักงานสถิติแห่งชาติ
3792,2533,ภาคกลาง,ตราด,นอกเขตเทศบาล,หญิง,5 - 9 ปี,7379,คน,สำนักงานสถิติแห่งชาติ
3793,2543,ภาคกลาง,ตราด,รวม,รวม,5 - 9 ปี,18706,คน,สำนักงานสถิติแห่งชาติ
3794,2543,ภาคกลาง,ตราด,รวม,ชาย,5 - 9 ปี,9488,คน,สำนักงานสถิติแห่งชาติ
3795,2543,ภาคกลาง,ตราด,รวม,หญิง,5 - 9 ปี,9218,คน,สำนักงานสถิติแห่งชาติ
3796,2543,ภาคกลาง,ตราด,ในเขตเทศบาล,รวม,5 - 9 ปี,4194,คน,สำนักงานสถิติแห่งชาติ
3797,2543,ภาคกลาง,ตราด,ในเขตเทศบาล,ชาย,5 - 9 ปี,2120,คน,สำนักงานสถิติแห่งชาติ
3798,2543,ภาคกลาง,ตราด,ในเขตเทศบาล,หญิง,5 - 9 ปี,2074,คน,สำนักงานสถิติแห่งชาติ
3799,2543,ภาคกลาง,ตราด,นอกเขตเทศบาล,รวม,5 - 9 ปี,14512,คน,สำนักงานสถิติแห่งชาติ
3800,2543,ภาคกลาง,ตราด,นอกเขตเทศบาล,ชาย,5 - 9 ปี,7368,คน,สำนักงานสถิติแห่งชาติ
3801,2543,ภาคกลาง,ตราด,นอกเขตเทศบาล,หญิง,5 - 9 ปี,7144,คน,สำนักงานสถิติแห่งชาติ
3802,2553,ภาคกลาง,ตราด,รวม,รวม,5 - 9 ปี,15733,คน,สำนักงานสถิติแห่งชาติ
3803,2553,ภาคกลาง,ตราด,รวม,ชาย,5 - 9 ปี,8218,คน,สำนักงานสถิติแห่งชาติ
3804,2553,ภาคกลาง,ตราด,รวม,หญิง,5 - 9 ปี,7516,คน,สำนักงานสถิติแห่งชาติ
3805,2553,ภาคกลาง,ตราด,ในเขตเทศบาล,รวม,5 - 9 ปี,4858,คน,สำนักงานสถิติแห่งชาติ
3806,2553,ภาคกลาง,ตราด,ในเขตเทศบาล,ชาย,5 - 9 ปี,2488,คน,สำนักงานสถิติแห่งชาติ
3807,2553,ภาคกลาง,ตราด,ในเขตเทศบาล,หญิง,5 - 9 ปี,2370,คน,สำนักงานสถิติแห่งชาติ
3808,2553,ภาคกลาง,ตราด,นอกเขตเทศบาล,รวม,5 - 9 ปี,10875,คน,สำนักงานสถิติแห่งชาติ
3809,2553,ภาคกลาง,ตราด,นอกเขตเทศบาล,ชาย,5 - 9 ปี,5729,คน,สำนักงานสถิติแห่งชาติ
3810,2553,ภาคกลาง,ตราด,นอกเขตเทศบาล,หญิง,5 - 9 ปี,5146,คน,สำนักงานสถิติแห่งชาติ
3811,2533,ภาคกลาง,ตราด,รวม,รวม,10 - 14 ปี,17568,คน,สำนักงานสถิติแห่งชาติ
3812,2533,ภาคกลาง,ตราด,รวม,ชาย,10 - 14 ปี,8968,คน,สำนักงานสถิติแห่งชาติ
3813,2533,ภาคกลาง,ตราด,รวม,หญิง,10 - 14 ปี,8600,คน,สำนักงานสถิติแห่งชาติ
3814,2533,ภาคกลาง,ตราด,ในเขตเทศบาล,รวม,10 - 14 ปี,1049,คน,สำนักงานสถิติแห่งชาติ
3815,2533,ภาคกลาง,ตราด,ในเขตเทศบาล,ชาย,10 - 14 ปี,498,คน,สำนักงานสถิติแห่งชาติ
3816,2533,ภาคกลาง,ตราด,ในเขตเทศบาล,หญิง,10 - 14 ปี,551,คน,สำนักงานสถิติแห่งชาติ
3817,2533,ภาคกลาง,ตราด,นอกเขตเทศบาล,รวม,10 - 14 ปี,16519,คน,สำนักงานสถิติแห่งชาติ
3818,2533,ภาคกลาง,ตราด,นอกเขตเทศบาล,ชาย,10 - 14 ปี,8470,คน,สำนักงานสถิติแห่งชาติ
3819,2533,ภาคกลาง,ตราด,นอกเขตเทศบาล,หญิง,10 - 14 ปี,8049,คน,สำนักงานสถิติแห่งชาติ
3820,2543,ภาคกลาง,ตราด,รวม,รวม,10 - 14 ปี,19396,คน,สำนักงานสถิติแห่งชาติ
3821,2543,ภาคกลาง,ตราด,รวม,ชาย,10 - 14 ปี,9661,คน,สำนักงานสถิติแห่งชาติ
3822,2543,ภาคกลาง,ตราด,รวม,หญิง,10 - 14 ปี,9735,คน,สำนักงานสถิติแห่งชาติ
3823,2543,ภาคกลาง,ตราด,ในเขตเทศบาล,รวม,10 - 14 ปี,4416,คน,สำนักงานสถิติแห่งชาติ
3824,2543,ภาคกลาง,ตราด,ในเขตเทศบาล,ชาย,10 - 14 ปี,2105,คน,สำนักงานสถิติแห่งชาติ
3825,2543,ภาคกลาง,ตราด,ในเขตเทศบาล,หญิง,10 - 14 ปี,2311,คน,สำนักงานสถิติแห่งชาติ
3826,2543,ภาคกลาง,ตราด,นอกเขตเทศบาล,รวม,10 - 14 ปี,14980,คน,สำนักงานสถิติแห่งชาติ
3827,2543,ภาคกลาง,ตราด,นอกเขตเทศบาล,ชาย,10 - 14 ปี,7556,คน,สำนักงานสถิติแห่งชาติ
3828,2543,ภาคกลาง,ตราด,นอกเขตเทศบาล,หญิง,10 - 14 ปี,7424,คน,สำนักงานสถิติแห่งชาติ
3829,2553,ภาคกลาง,ตราด,รวม,รวม,10 - 14 ปี,18477,คน,สำนักงานสถิติแห่งชาติ
3830,2553,ภาคกลาง,ตราด,รวม,ชาย,10 - 14 ปี,9501,คน,สำนักงานสถิติแห่งชาติ
3831,2553,ภาคกลาง,ตราด,รวม,หญิง,10 - 14 ปี,8976,คน,สำนักงานสถิติแห่งชาติ
3832,2553,ภาคกลาง,ตราด,ในเขตเทศบาล,รวม,10 - 14 ปี,5691,คน,สำนักงานสถิติแห่งชาติ
3833,2553,ภาคกลาง,ตราด,ในเขตเทศบาล,ชาย,10 - 14 ปี,2941,คน,สำนักงานสถิติแห่งชาติ
3834,2553,ภาคกลาง,ตราด,ในเขตเทศบาล,หญิง,10 - 14 ปี,2750,คน,สำนักงานสถิติแห่งชาติ
3835,2553,ภาคกลาง,ตราด,นอกเขตเทศบาล,รวม,10 - 14 ปี,12787,คน,สำนักงานสถิติแห่งชาติ
3836,2553,ภาคกลาง,ตราด,นอกเขตเทศบาล,ชาย,10 - 14 ปี,6561,คน,สำนักงานสถิติแห่งชาติ
3837,2553,ภาคกลาง,ตราด,นอกเขตเทศบาล,หญิง,10 - 14 ปี,6226,คน,สำนักงานสถิติแห่งชาติ
3838,2533,ภาคกลาง,ตราด,รวม,รวม,15 - 19 ปี,16950,คน,สำนักงานสถิติแห่งชาติ
3839,2533,ภาคกลาง,ตราด,รวม,ชาย,15 - 19 ปี,8471,คน,สำนักงานสถิติแห่งชาติ
3840,2533,ภาคกลาง,ตราด,รวม,หญิง,15 - 19 ปี,8479,คน,สำนักงานสถิติแห่งชาติ
3841,2533,ภาคกลาง,ตราด,ในเขตเทศบาล,รวม,15 - 19 ปี,1126,คน,สำนักงานสถิติแห่งชาติ
3842,2533,ภาคกลาง,ตราด,ในเขตเทศบาล,ชาย,15 - 19 ปี,548,คน,สำนักงานสถิติแห่งชาติ
3843,2533,ภาคกลาง,ตราด,ในเขตเทศบาล,หญิง,15 - 19 ปี,578,คน,สำนักงานสถิติแห่งชาติ
3844,2533,ภาคกลาง,ตราด,นอกเขตเทศบาล,รวม,15 - 19 ปี,15824,คน,สำนักงานสถิติแห่งชาติ
3845,2533,ภาคกลาง,ตราด,นอกเขตเทศบาล,ชาย,15 - 19 ปี,7923,คน,สำนักงานสถิติแห่งชาติ
3846,2533,ภาคกลาง,ตราด,นอกเขตเทศบาล,หญิง,15 - 19 ปี,7901,คน,สำนักงานสถิติแห่งชาติ
3847,2543,ภาคกลาง,ตราด,รวม,รวม,15 - 19 ปี,18384,คน,สำนักงานสถิติแห่งชาติ
3848,2543,ภาคกลาง,ตราด,รวม,ชาย,15 - 19 ปี,9368,คน,สำนักงานสถิติแห่งชาติ
3849,2543,ภาคกลาง,ตราด,รวม,หญิง,15 - 19 ปี,9016,คน,สำนักงานสถิติแห่งชาติ
3850,2543,ภาคกลาง,ตราด,ในเขตเทศบาล,รวม,15 - 19 ปี,4221,คน,สำนักงานสถิติแห่งชาติ
3851,2543,ภาคกลาง,ตราด,ในเขตเทศบาล,ชาย,15 - 19 ปี,2098,คน,สำนักงานสถิติแห่งชาติ
3852,2543,ภาคกลาง,ตราด,ในเขตเทศบาล,หญิง,15 - 19 ปี,2123,คน,สำนักงานสถิติแห่งชาติ
3853,2543,ภาคกลาง,ตราด,นอกเขตเทศบาล,รวม,15 - 19 ปี,14163,คน,สำนักงานสถิติแห่งชาติ
3854,2543,ภาคกลาง,ตราด,นอกเขตเทศบาล,ชาย,15 - 19 ปี,7270,คน,สำนักงานสถิติแห่งชาติ
3855,2543,ภาคกลาง,ตราด,นอกเขตเทศบาล,หญิง,15 - 19 ปี,6893,คน,สำนักงานสถิติแห่งชาติ
3856,2553,ภาคกลาง,ตราด,รวม,รวม,15 - 19 ปี,18150,คน,สำนักงานสถิติแห่งชาติ
3857,2553,ภาคกลาง,ตราด,รวม,ชาย,15 - 19 ปี,9178,คน,สำนักงานสถิติแห่งชาติ
3858,2553,ภาคกลาง,ตราด,รวม,หญิง,15 - 19 ปี,8971,คน,สำนักงานสถิติแห่งชาติ
3859,2553,ภาคกลาง,ตราด,ในเขตเทศบาล,รวม,15 - 19 ปี,6009,คน,สำนักงานสถิติแห่งชาติ
3860,2553,ภาคกลาง,ตราด,ในเขตเทศบาล,ชาย,15 - 19 ปี,2975,คน,สำนักงานสถิติแห่งชาติ
3861,2553,ภาคกลาง,ตราด,ในเขตเทศบาล,หญิง,15 - 19 ปี,3034,คน,สำนักงานสถิติแห่งชาติ
3862,2553,ภาคกลาง,ตราด,นอกเขตเทศบาล,รวม,15 - 19 ปี,12141,คน,สำนักงานสถิติแห่งชาติ
3863,2553,ภาคกลาง,ตราด,นอกเขตเทศบาล,ชาย,15 - 19 ปี,6204,คน,สำนักงานสถิติแห่งชาติ
3864,2553,ภาคกลาง,ตราด,นอกเขตเทศบาล,หญิง,15 - 19 ปี,5938,คน,สำนักงานสถิติแห่งชาติ
3865,2533,ภาคกลาง,ตราด,รวม,รวม,20 - 24 ปี,16225,คน,สำนักงานสถิติแห่งชาติ
3866,2533,ภาคกลาง,ตราด,รวม,ชาย,20 - 24 ปี,8028,คน,สำนักงานสถิติแห่งชาติ
3867,2533,ภาคกลาง,ตราด,รวม,หญิง,20 - 24 ปี,8197,คน,สำนักงานสถิติแห่งชาติ
3868,2533,ภาคกลาง,ตราด,ในเขตเทศบาล,รวม,20 - 24 ปี,1170,คน,สำนักงานสถิติแห่งชาติ
3869,2533,ภาคกลาง,ตราด,ในเขตเทศบาล,ชาย,20 - 24 ปี,572,คน,สำนักงานสถิติแห่งชาติ
3870,2533,ภาคกลาง,ตราด,ในเขตเทศบาล,หญิง,20 - 24 ปี,598,คน,สำนักงานสถิติแห่งชาติ
3871,2533,ภาคกลาง,ตราด,นอกเขตเทศบาล,รวม,20 - 24 ปี,15055,คน,สำนักงานสถิติแห่งชาติ
3872,2533,ภาคกลาง,ตราด,นอกเขตเทศบาล,ชาย,20 - 24 ปี,7456,คน,สำนักงานสถิติแห่งชาติ
3873,2533,ภาคกลาง,ตราด,นอกเขตเทศบาล,หญิง,20 - 24 ปี,7599,คน,สำนักงานสถิติแห่งชาติ
3874,2543,ภาคกลาง,ตราด,รวม,รวม,20 - 24 ปี,16670,คน,สำนักงานสถิติแห่งชาติ
3875,2543,ภาคกลาง,ตราด,รวม,ชาย,20 - 24 ปี,8361,คน,สำนักงานสถิติแห่งชาติ
3876,2543,ภาคกลาง,ตราด,รวม,หญิง,20 - 24 ปี,8309,คน,สำนักงานสถิติแห่งชาติ
3877,2543,ภาคกลาง,ตราด,ในเขตเทศบาล,รวม,20 - 24 ปี,3593,คน,สำนักงานสถิติแห่งชาติ
3878,2543,ภาคกลาง,ตราด,ในเขตเทศบาล,ชาย,20 - 24 ปี,1620,คน,สำนักงานสถิติแห่งชาติ
3879,2543,ภาคกลาง,ตราด,ในเขตเทศบาล,หญิง,20 - 24 ปี,1973,คน,สำนักงานสถิติแห่งชาติ
3880,2543,ภาคกลาง,ตราด,นอกเขตเทศบาล,รวม,20 - 24 ปี,13077,คน,สำนักงานสถิติแห่งชาติ
3881,2543,ภาคกลาง,ตราด,นอกเขตเทศบาล,ชาย,20 - 24 ปี,6741,คน,สำนักงานสถิติแห่งชาติ
3882,2543,ภาคกลาง,ตราด,นอกเขตเทศบาล,หญิง,20 - 24 ปี,6336,คน,สำนักงานสถิติแห่งชาติ
3883,2553,ภาคกลาง,ตราด,รวม,รวม,20 - 24 ปี,17483,คน,สำนักงานสถิติแห่งชาติ
3884,2553,ภาคกลาง,ตราด,รวม,ชาย,20 - 24 ปี,9000,คน,สำนักงานสถิติแห่งชาติ
3885,2553,ภาคกลาง,ตราด,รวม,หญิง,20 - 24 ปี,8482,คน,สำนักงานสถิติแห่งชาติ
3886,2553,ภาคกลาง,ตราด,ในเขตเทศบาล,รวม,20 - 24 ปี,6657,คน,สำนักงานสถิติแห่งชาติ
3887,2553,ภาคกลาง,ตราด,ในเขตเทศบาล,ชาย,20 - 24 ปี,3365,คน,สำนักงานสถิติแห่งชาติ
3888,2553,ภาคกลาง,ตราด,ในเขตเทศบาล,หญิง,20 - 24 ปี,3292,คน,สำนักงานสถิติแห่งชาติ
3889,2553,ภาคกลาง,ตราด,นอกเขตเทศบาล,รวม,20 - 24 ปี,10826,คน,สำนักงานสถิติแห่งชาติ
3890,2553,ภาคกลาง,ตราด,นอกเขตเทศบาล,ชาย,20 - 24 ปี,5636,คน,สำนักงานสถิติแห่งชาติ
3891,2553,ภาคกลาง,ตราด,นอกเขตเทศบาล,หญิง,20 - 24 ปี,5190,คน,สำนักงานสถิติแห่งชาติ
3892,2533,ภาคกลาง,ตราด,รวม,รวม,25 - 29 ปี,15933,คน,สำนักงานสถิติแห่งชาติ
3893,2533,ภาคกลาง,ตราด,รวม,ชาย,25 - 29 ปี,7963,คน,สำนักงานสถิติแห่งชาติ
3894,2533,ภาคกลาง,ตราด,รวม,หญิง,25 - 29 ปี,7970,คน,สำนักงานสถิติแห่งชาติ
3895,2533,ภาคกลาง,ตราด,ในเขตเทศบาล,รวม,25 - 29 ปี,1317,คน,สำนักงานสถิติแห่งชาติ
3896,2533,ภาคกลาง,ตราด,ในเขตเทศบาล,ชาย,25 - 29 ปี,670,คน,สำนักงานสถิติแห่งชาติ
3897,2533,ภาคกลาง,ตราด,ในเขตเทศบาล,หญิง,25 - 29 ปี,647,คน,สำนักงานสถิติแห่งชาติ
3898,2533,ภาคกลาง,ตราด,นอกเขตเทศบาล,รวม,25 - 29 ปี,14616,คน,สำนักงานสถิติแห่งชาติ
3899,2533,ภาคกลาง,ตราด,นอกเขตเทศบาล,ชาย,25 - 29 ปี,7293,คน,สำนักงานสถิติแห่งชาติ
3900,2533,ภาคกลาง,ตราด,นอกเขตเทศบาล,หญิง,25 - 29 ปี,7323,คน,สำนักงานสถิติแห่งชาติ
3901,2543,ภาคกลาง,ตราด,รวม,รวม,25 - 29 ปี,18840,คน,สำนักงานสถิติแห่งชาติ
3902,2543,ภาคกลาง,ตราด,รวม,ชาย,25 - 29 ปี,9310,คน,สำนักงานสถิติแห่งชาติ
3903,2543,ภาคกลาง,ตราด,รวม,หญิง,25 - 29 ปี,9530,คน,สำนักงานสถิติแห่งชาติ
3904,2543,ภาคกลาง,ตราด,ในเขตเทศบาล,รวม,25 - 29 ปี,4134,คน,สำนักงานสถิติแห่งชาติ
3905,2543,ภาคกลาง,ตราด,ในเขตเทศบาล,ชาย,25 - 29 ปี,1967,คน,สำนักงานสถิติแห่งชาติ
3906,2543,ภาคกลาง,ตราด,ในเขตเทศบาล,หญิง,25 - 29 ปี,2167,คน,สำนักงานสถิติแห่งชาติ
3907,2543,ภาคกลาง,ตราด,นอกเขตเทศบาล,รวม,25 - 29 ปี,14706,คน,สำนักงานสถิติแห่งชาติ
3908,2543,ภาคกลาง,ตราด,นอกเขตเทศบาล,ชาย,25 - 29 ปี,7343,คน,สำนักงานสถิติแห่งชาติ
3909,2543,ภาคกลาง,ตราด,นอกเขตเทศบาล,หญิง,25 - 29 ปี,7363,คน,สำนักงานสถิติแห่งชาติ
3910,2553,ภาคกลาง,ตราด,รวม,รวม,25 - 29 ปี,20295,คน,สำนักงานสถิติแห่งชาติ
3911,2553,ภาคกลาง,ตราด,รวม,ชาย,25 - 29 ปี,10637,คน,สำนักงานสถิติแห่งชาติ
3912,2553,ภาคกลาง,ตราด,รวม,หญิง,25 - 29 ปี,9657,คน,สำนักงานสถิติแห่งชาติ
3913,2553,ภาคกลาง,ตราด,ในเขตเทศบาล,รวม,25 - 29 ปี,7702,คน,สำนักงานสถิติแห่งชาติ
3914,2553,ภาคกลาง,ตราด,ในเขตเทศบาล,ชาย,25 - 29 ปี,3872,คน,สำนักงานสถิติแห่งชาติ
3915,2553,ภาคกลาง,ตราด,ในเขตเทศบาล,หญิง,25 - 29 ปี,3830,คน,สำนักงานสถิติแห่งชาติ
3916,2553,ภาคกลาง,ตราด,นอกเขตเทศบาล,รวม,25 - 29 ปี,12593,คน,สำนักงานสถิติแห่งชาติ
3917,2553,ภาคกลาง,ตราด,นอกเขตเทศบาล,ชาย,25 - 29 ปี,6765,คน,สำนักงานสถิติแห่งชาติ
3918,2553,ภาคกลาง,ตราด,นอกเขตเทศบาล,หญิง,25 - 29 ปี,5828,คน,สำนักงานสถิติแห่งชาติ
3919,2533,ภาคกลาง,ตราด,รวม,รวม,30 - 34 ปี,14469,คน,สำนักงานสถิติแห่งชาติ
3920,2533,ภาคกลาง,ตราด,รวม,ชาย,30 - 34 ปี,7225,คน,สำนักงานสถิติแห่งชาติ
3921,2533,ภาคกลาง,ตราด,รวม,หญิง,30 - 34 ปี,7244,คน,สำนักงานสถิติแห่งชาติ
3922,2533,ภาคกลาง,ตราด,ในเขตเทศบาล,รวม,30 - 34 ปี,1244,คน,สำนักงานสถิติแห่งชาติ
3923,2533,ภาคกลาง,ตราด,ในเขตเทศบาล,ชาย,30 - 34 ปี,596,คน,สำนักงานสถิติแห่งชาติ
3924,2533,ภาคกลาง,ตราด,ในเขตเทศบาล,หญิง,30 - 34 ปี,648,คน,สำนักงานสถิติแห่งชาติ
3925,2533,ภาคกลาง,ตราด,นอกเขตเทศบาล,รวม,30 - 34 ปี,13225,คน,สำนักงานสถิติแห่งชาติ
3926,2533,ภาคกลาง,ตราด,นอกเขตเทศบาล,ชาย,30 - 34 ปี,6629,คน,สำนักงานสถิติแห่งชาติ
3927,2533,ภาคกลาง,ตราด,นอกเขตเทศบาล,หญิง,30 - 34 ปี,6596,คน,สำนักงานสถิติแห่งชาติ
3928,2543,ภาคกลาง,ตราด,รวม,รวม,30 - 34 ปี,19948,คน,สำนักงานสถิติแห่งชาติ
3929,2543,ภาคกลาง,ตราด,รวม,ชาย,30 - 34 ปี,9891,คน,สำนักงานสถิติแห่งชาติ
3930,2543,ภาคกลาง,ตราด,รวม,หญิง,30 - 34 ปี,10057,คน,สำนักงานสถิติแห่งชาติ
3931,2543,ภาคกลาง,ตราด,ในเขตเทศบาล,รวม,30 - 34 ปี,4408,คน,สำนักงานสถิติแห่งชาติ
3932,2543,ภาคกลาง,ตราด,ในเขตเทศบาล,ชาย,30 - 34 ปี,2074,คน,สำนักงานสถิติแห่งชาติ
3933,2543,ภาคกลาง,ตราด,ในเขตเทศบาล,หญิง,30 - 34 ปี,2334,คน,สำนักงานสถิติแห่งชาติ
3934,2543,ภาคกลาง,ตราด,นอกเขตเทศบาล,รวม,30 - 34 ปี,15540,คน,สำนักงานสถิติแห่งชาติ
3935,2543,ภาคกลาง,ตราด,นอกเขตเทศบาล,ชาย,30 - 34 ปี,7817,คน,สำนักงานสถิติแห่งชาติ
3936,2543,ภาคกลาง,ตราด,นอกเขตเทศบาล,หญิง,30 - 34 ปี,7723,คน,สำนักงานสถิติแห่งชาติ
3937,2553,ภาคกลาง,ตราด,รวม,รวม,30 - 34 ปี,20877,คน,สำนักงานสถิติแห่งชาติ
3938,2553,ภาคกลาง,ตราด,รวม,ชาย,30 - 34 ปี,11240,คน,สำนักงานสถิติแห่งชาติ
3939,2553,ภาคกลาง,ตราด,รวม,หญิง,30 - 34 ปี,9638,คน,สำนักงานสถิติแห่งชาติ
3940,2553,ภาคกลาง,ตราด,ในเขตเทศบาล,รวม,30 - 34 ปี,7409,คน,สำนักงานสถิติแห่งชาติ
3941,2553,ภาคกลาง,ตราด,ในเขตเทศบาล,ชาย,30 - 34 ปี,3921,คน,สำนักงานสถิติแห่งชาติ
3942,2553,ภาคกลาง,ตราด,ในเขตเทศบาล,หญิง,30 - 34 ปี,3488,คน,สำนักงานสถิติแห่งชาติ
3943,2553,ภาคกลาง,ตราด,นอกเขตเทศบาล,รวม,30 - 34 ปี,13468,คน,สำนักงานสถิติแห่งชาติ
3944,2553,ภาคกลาง,ตราด,นอกเขตเทศบาล,ชาย,30 - 34 ปี,7319,คน,สำนักงานสถิติแห่งชาติ
3945,2553,ภาคกลาง,ตราด,นอกเขตเทศบาล,หญิง,30 - 34 ปี,6150,คน,สำนักงานสถิติแห่งชาติ
3946,2533,ภาคกลาง,ตราด,รวม,รวม,35 - 39 ปี,12101,คน,สำนักงานสถิติแห่งชาติ
3947,2533,ภาคกลาง,ตราด,รวม,ชาย,35 - 39 ปี,6143,คน,สำนักงานสถิติแห่งชาติ
3948,2533,ภาคกลาง,ตราด,รวม,หญิง,35 - 39 ปี,5958,คน,สำนักงานสถิติแห่งชาติ
3949,2533,ภาคกลาง,ตราด,ในเขตเทศบาล,รวม,35 - 39 ปี,946,คน,สำนักงานสถิติแห่งชาติ
3950,2533,ภาคกลาง,ตราด,ในเขตเทศบาล,ชาย,35 - 39 ปี,457,คน,สำนักงานสถิติแห่งชาติ
3951,2533,ภาคกลาง,ตราด,ในเขตเทศบาล,หญิง,35 - 39 ปี,489,คน,สำนักงานสถิติแห่งชาติ
3952,2533,ภาคกลาง,ตราด,นอกเขตเทศบาล,รวม,35 - 39 ปี,11155,คน,สำนักงานสถิติแห่งชาติ
3953,2533,ภาคกลาง,ตราด,นอกเขตเทศบาล,ชาย,35 - 39 ปี,5686,คน,สำนักงานสถิติแห่งชาติ
3954,2533,ภาคกลาง,ตราด,นอกเขตเทศบาล,หญิง,35 - 39 ปี,5469,คน,สำนักงานสถิติแห่งชาติ
3955,2543,ภาคกลาง,ตราด,รวม,รวม,35 - 39 ปี,19581,คน,สำนักงานสถิติแห่งชาติ
3956,2543,ภาคกลาง,ตราด,รวม,ชาย,35 - 39 ปี,9596,คน,สำนักงานสถิติแห่งชาติ
3957,2543,ภาคกลาง,ตราด,รวม,หญิง,35 - 39 ปี,9985,คน,สำนักงานสถิติแห่งชาติ
3958,2543,ภาคกลาง,ตราด,ในเขตเทศบาล,รวม,35 - 39 ปี,4523,คน,สำนักงานสถิติแห่งชาติ
3959,2543,ภาคกลาง,ตราด,ในเขตเทศบาล,ชาย,35 - 39 ปี,2094,คน,สำนักงานสถิติแห่งชาติ
3960,2543,ภาคกลาง,ตราด,ในเขตเทศบาล,หญิง,35 - 39 ปี,2429,คน,สำนักงานสถิติแห่งชาติ
3961,2543,ภาคกลาง,ตราด,นอกเขตเทศบาล,รวม,35 - 39 ปี,15058,คน,สำนักงานสถิติแห่งชาติ
3962,2543,ภาคกลาง,ตราด,นอกเขตเทศบาล,ชาย,35 - 39 ปี,7502,คน,สำนักงานสถิติแห่งชาติ
3963,2543,ภาคกลาง,ตราด,นอกเขตเทศบาล,หญิง,35 - 39 ปี,7556,คน,สำนักงานสถิติแห่งชาติ
3964,2553,ภาคกลาง,ตราด,รวม,รวม,35 - 39 ปี,21479,คน,สำนักงานสถิติแห่งชาติ
3965,2553,ภาคกลาง,ตราด,รวม,ชาย,35 - 39 ปี,11232,คน,สำนักงานสถิติแห่งชาติ
3966,2553,ภาคกลาง,ตราด,รวม,หญิง,35 - 39 ปี,10248,คน,สำนักงานสถิติแห่งชาติ
3967,2553,ภาคกลาง,ตราด,ในเขตเทศบาล,รวม,35 - 39 ปี,7082,คน,สำนักงานสถิติแห่งชาติ
3968,2553,ภาคกลาง,ตราด,ในเขตเทศบาล,ชาย,35 - 39 ปี,3672,คน,สำนักงานสถิติแห่งชาติ
3969,2553,ภาคกลาง,ตราด,ในเขตเทศบาล,หญิง,35 - 39 ปี,3410,คน,สำนักงานสถิติแห่งชาติ
3970,2553,ภาคกลาง,ตราด,นอกเขตเทศบาล,รวม,35 - 39 ปี,14398,คน,สำนักงานสถิติแห่งชาติ
3971,2553,ภาคกลาง,ตราด,นอกเขตเทศบาล,ชาย,35 - 39 ปี,7560,คน,สำนักงานสถิติแห่งชาติ
3972,2553,ภาคกลาง,ตราด,นอกเขตเทศบาล,หญิง,35 - 39 ปี,6838,คน,สำนักงานสถิติแห่งชาติ
3973,2533,ภาคกลาง,ตราด,รวม,รวม,40 - 44 ปี,8958,คน,สำนักงานสถิติแห่งชาติ
3974,2533,ภาคกลาง,ตราด,รวม,ชาย,40 - 44 ปี,4670,คน,สำนักงานสถิติแห่งชาติ
3975,2533,ภาคกลาง,ตราด,รวม,หญิง,40 - 44 ปี,4288,คน,สำนักงานสถิติแห่งชาติ
3976,2533,ภาคกลาง,ตราด,ในเขตเทศบาล,รวม,40 - 44 ปี,784,คน,สำนักงานสถิติแห่งชาติ
3977,2533,ภาคกลาง,ตราด,ในเขตเทศบาล,ชาย,40 - 44 ปี,397,คน,สำนักงานสถิติแห่งชาติ
3978,2533,ภาคกลาง,ตราด,ในเขตเทศบาล,หญิง,40 - 44 ปี,387,คน,สำนักงานสถิติแห่งชาติ
3979,2533,ภาคกลาง,ตราด,นอกเขตเทศบาล,รวม,40 - 44 ปี,8174,คน,สำนักงานสถิติแห่งชาติ
3980,2533,ภาคกลาง,ตราด,นอกเขตเทศบาล,ชาย,40 - 44 ปี,4273,คน,สำนักงานสถิติแห่งชาติ
3981,2533,ภาคกลาง,ตราด,นอกเขตเทศบาล,หญิง,40 - 44 ปี,3901,คน,สำนักงานสถิติแห่งชาติ
3982,2543,ภาคกลาง,ตราด,รวม,รวม,40 - 44 ปี,17360,คน,สำนักงานสถิติแห่งชาติ
3983,2543,ภาคกลาง,ตราด,รวม,ชาย,40 - 44 ปี,8597,คน,สำนักงานสถิติแห่งชาติ
3984,2543,ภาคกลาง,ตราด,รวม,หญิง,40 - 44 ปี,8763,คน,สำนักงานสถิติแห่งชาติ
3985,2543,ภาคกลาง,ตราด,ในเขตเทศบาล,รวม,40 - 44 ปี,4277,คน,สำนักงานสถิติแห่งชาติ
3986,2543,ภาคกลาง,ตราด,ในเขตเทศบาล,ชาย,40 - 44 ปี,2026,คน,สำนักงานสถิติแห่งชาติ
3987,2543,ภาคกลาง,ตราด,ในเขตเทศบาล,หญิง,40 - 44 ปี,2251,คน,สำนักงานสถิติแห่งชาติ
3988,2543,ภาคกลาง,ตราด,นอกเขตเทศบาล,รวม,40 - 44 ปี,13083,คน,สำนักงานสถิติแห่งชาติ
3989,2543,ภาคกลาง,ตราด,นอกเขตเทศบาล,ชาย,40 - 44 ปี,6571,คน,สำนักงานสถิติแห่งชาติ
3990,2543,ภาคกลาง,ตราด,นอกเขตเทศบาล,หญิง,40 - 44 ปี,6512,คน,สำนักงานสถิติแห่งชาติ
3991,2553,ภาคกลาง,ตราด,รวม,รวม,40 - 44 ปี,21219,คน,สำนักงานสถิติแห่งชาติ
3992,2553,ภาคกลาง,ตราด,รวม,ชาย,40 - 44 ปี,10690,คน,สำนักงานสถิติแห่งชาติ
3993,2553,ภาคกลาง,ตราด,รวม,หญิง,40 - 44 ปี,10529,คน,สำนักงานสถิติแห่งชาติ
3994,2553,ภาคกลาง,ตราด,ในเขตเทศบาล,รวม,40 - 44 ปี,6663,คน,สำนักงานสถิติแห่งชาติ
3995,2553,ภาคกลาง,ตราด,ในเขตเทศบาล,ชาย,40 - 44 ปี,3284,คน,สำนักงานสถิติแห่งชาติ
3996,2553,ภาคกลาง,ตราด,ในเขตเทศบาล,หญิง,40 - 44 ปี,3379,คน,สำนักงานสถิติแห่งชาติ
3997,2553,ภาคกลาง,ตราด,นอกเขตเทศบาล,รวม,40 - 44 ปี,14556,คน,สำนักงานสถิติแห่งชาติ
3998,2553,ภาคกลาง,ตราด,นอกเขตเทศบาล,ชาย,40 - 44 ปี,7406,คน,สำนักงานสถิติแห่งชาติ
3999,2553,ภาคกลาง,ตราด,นอกเขตเทศบาล,หญิง,40 - 44 ปี,7150,คน,สำนักงานสถิติแห่งชาติ
4000,2533,ภาคกลาง,ตราด,รวม,รวม,45 - 49 ปี,8025,คน,สำนักงานสถิติแห่งชาติ
4001,2533,ภาคกลาง,ตราด,รวม,ชาย,45 - 49 ปี,4163,คน,สำนักงานสถิติแห่งชาติ
4002,2533,ภาคกลาง,ตราด,รวม,หญิง,45 - 49 ปี,3862,คน,สำนักงานสถิติแห่งชาติ
4003,2533,ภาคกลาง,ตราด,ในเขตเทศบาล,รวม,45 - 49 ปี,591,คน,สำนักงานสถิติแห่งชาติ
4004,2533,ภาคกลาง,ตราด,ในเขตเทศบาล,ชาย,45 - 49 ปี,283,คน,สำนักงานสถิติแห่งชาติ
4005,2533,ภาคกลาง,ตราด,ในเขตเทศบาล,หญิง,45 - 49 ปี,308,คน,สำนักงานสถิติแห่งชาติ
4006,2533,ภาคกลาง,ตราด,นอกเขตเทศบาล,รวม,45 - 49 ปี,7434,คน,สำนักงานสถิติแห่งชาติ
4007,2533,ภาคกลาง,ตราด,นอกเขตเทศบาล,ชาย,45 - 49 ปี,3880,คน,สำนักงานสถิติแห่งชาติ
4008,2533,ภาคกลาง,ตราด,นอกเขตเทศบาล,หญิง,45 - 49 ปี,3554,คน,สำนักงานสถิติแห่งชาติ
4009,2543,ภาคกลาง,ตราด,รวม,รวม,45 - 49 ปี,13736,คน,สำนักงานสถิติแห่งชาติ
4010,2543,ภาคกลาง,ตราด,รวม,ชาย,45 - 49 ปี,6723,คน,สำนักงานสถิติแห่งชาติ
4011,2543,ภาคกลาง,ตราด,รวม,หญิง,45 - 49 ปี,7013,คน,สำนักงานสถิติแห่งชาติ
4012,2543,ภาคกลาง,ตราด,ในเขตเทศบาล,รวม,45 - 49 ปี,3277,คน,สำนักงานสถิติแห่งชาติ
4013,2543,ภาคกลาง,ตราด,ในเขตเทศบาล,ชาย,45 - 49 ปี,1549,คน,สำนักงานสถิติแห่งชาติ
4014,2543,ภาคกลาง,ตราด,ในเขตเทศบาล,หญิง,45 - 49 ปี,1728,คน,สำนักงานสถิติแห่งชาติ
4015,2543,ภาคกลาง,ตราด,นอกเขตเทศบาล,รวม,45 - 49 ปี,10459,คน,สำนักงานสถิติแห่งชาติ
4016,2543,ภาคกลาง,ตราด,นอกเขตเทศบาล,ชาย,45 - 49 ปี,5174,คน,สำนักงานสถิติแห่งชาติ
4017,2543,ภาคกลาง,ตราด,นอกเขตเทศบาล,หญิง,45 - 49 ปี,5285,คน,สำนักงานสถิติแห่งชาติ
4018,2553,ภาคกลาง,ตราด,รวม,รวม,45 - 49 ปี,19098,คน,สำนักงานสถิติแห่งชาติ
4019,2553,ภาคกลาง,ตราด,รวม,ชาย,45 - 49 ปี,9606,คน,สำนักงานสถิติแห่งชาติ
4020,2553,ภาคกลาง,ตราด,รวม,หญิง,45 - 49 ปี,9492,คน,สำนักงานสถิติแห่งชาติ
4021,2553,ภาคกลาง,ตราด,ในเขตเทศบาล,รวม,45 - 49 ปี,6137,คน,สำนักงานสถิติแห่งชาติ
4022,2553,ภาคกลาง,ตราด,ในเขตเทศบาล,ชาย,45 - 49 ปี,3023,คน,สำนักงานสถิติแห่งชาติ
4023,2553,ภาคกลาง,ตราด,ในเขตเทศบาล,หญิง,45 - 49 ปี,3115,คน,สำนักงานสถิติแห่งชาติ
4024,2553,ภาคกลาง,ตราด,นอกเขตเทศบาล,รวม,45 - 49 ปี,12961,คน,สำนักงานสถิติแห่งชาติ
4025,2553,ภาคกลาง,ตราด,นอกเขตเทศบาล,ชาย,45 - 49 ปี,6584,คน,สำนักงานสถิติแห่งชาติ
4026,2553,ภาคกลาง,ตราด,นอกเขตเทศบาล,หญิง,45 - 49 ปี,6377,คน,สำนักงานสถิติแห่งชาติ
4027,2533,ภาคกลาง,ตราด,รวม,รวม,50 - 54 ปี,7046,คน,สำนักงานสถิติแห่งชาติ
4028,2533,ภาคกลาง,ตราด,รวม,ชาย,50 - 54 ปี,3746,คน,สำนักงานสถิติแห่งชาติ
4029,2533,ภาคกลาง,ตราด,รวม,หญิง,50 - 54 ปี,3300,คน,สำนักงานสถิติแห่งชาติ
4030,2533,ภาคกลาง,ตราด,ในเขตเทศบาล,รวม,50 - 54 ปี,561,คน,สำนักงานสถิติแห่งชาติ
4031,2533,ภาคกลาง,ตราด,ในเขตเทศบาล,ชาย,50 - 54 ปี,293,คน,สำนักงานสถิติแห่งชาติ
4032,2533,ภาคกลาง,ตราด,ในเขตเทศบาล,หญิง,50 - 54 ปี,268,คน,สำนักงานสถิติแห่งชาติ
4033,2533,ภาคกลาง,ตราด,นอกเขตเทศบาล,รวม,50 - 54 ปี,6485,คน,สำนักงานสถิติแห่งชาติ
4034,2533,ภาคกลาง,ตราด,นอกเขตเทศบาล,ชาย,50 - 54 ปี,3453,คน,สำนักงานสถิติแห่งชาติ
4035,2533,ภาคกลาง,ตราด,นอกเขตเทศบาล,หญิง,50 - 54 ปี,3032,คน,สำนักงานสถิติแห่งชาติ
4036,2543,ภาคกลาง,ตราด,รวม,รวม,50 - 54 ปี,10364,คน,สำนักงานสถิติแห่งชาติ
4037,2543,ภาคกลาง,ตราด,รวม,ชาย,50 - 54 ปี,5241,คน,สำนักงานสถิติแห่งชาติ
4038,2543,ภาคกลาง,ตราด,รวม,หญิง,50 - 54 ปี,5123,คน,สำนักงานสถิติแห่งชาติ
4039,2543,ภาคกลาง,ตราด,ในเขตเทศบาล,รวม,50 - 54 ปี,2503,คน,สำนักงานสถิติแห่งชาติ
4040,2543,ภาคกลาง,ตราด,ในเขตเทศบาล,ชาย,50 - 54 ปี,1205,คน,สำนักงานสถิติแห่งชาติ
4041,2543,ภาคกลาง,ตราด,ในเขตเทศบาล,หญิง,50 - 54 ปี,1298,คน,สำนักงานสถิติแห่งชาติ
4042,2543,ภาคกลาง,ตราด,นอกเขตเทศบาล,รวม,50 - 54 ปี,7861,คน,สำนักงานสถิติแห่งชาติ
4043,2543,ภาคกลาง,ตราด,นอกเขตเทศบาล,ชาย,50 - 54 ปี,4036,คน,สำนักงานสถิติแห่งชาติ
4044,2543,ภาคกลาง,ตราด,นอกเขตเทศบาล,หญิง,50 - 54 ปี,3825,คน,สำนักงานสถิติแห่งชาติ
4045,2553,ภาคกลาง,ตราด,รวม,รวม,50 - 54 ปี,16679,คน,สำนักงานสถิติแห่งชาติ
4046,2553,ภาคกลาง,ตราด,รวม,ชาย,50 - 54 ปี,8240,คน,สำนักงานสถิติแห่งชาติ
4047,2553,ภาคกลาง,ตราด,รวม,หญิง,50 - 54 ปี,8438,คน,สำนักงานสถิติแห่งชาติ
4048,2553,ภาคกลาง,ตราด,ในเขตเทศบาล,รวม,50 - 54 ปี,5587,คน,สำนักงานสถิติแห่งชาติ
4049,2553,ภาคกลาง,ตราด,ในเขตเทศบาล,ชาย,50 - 54 ปี,2718,คน,สำนักงานสถิติแห่งชาติ
4050,2553,ภาคกลาง,ตราด,ในเขตเทศบาล,หญิง,50 - 54 ปี,2869,คน,สำนักงานสถิติแห่งชาติ
4051,2553,ภาคกลาง,ตราด,นอกเขตเทศบาล,รวม,50 - 54 ปี,11092,คน,สำนักงานสถิติแห่งชาติ
4052,2553,ภาคกลาง,ตราด,นอกเขตเทศบาล,ชาย,50 - 54 ปี,5522,คน,สำนักงานสถิติแห่งชาติ
4053,2553,ภาคกลาง,ตราด,นอกเขตเทศบาล,หญิง,50 - 54 ปี,5569,คน,สำนักงานสถิติแห่งชาติ
4054,2533,ภาคกลาง,ตราด,รวม,รวม,55 - 59 ปี,5378,คน,สำนักงานสถิติแห่งชาติ
4055,2533,ภาคกลาง,ตราด,รวม,ชาย,55 - 59 ปี,2756,คน,สำนักงานสถิติแห่งชาติ
4056,2533,ภาคกลาง,ตราด,รวม,หญิง,55 - 59 ปี,2622,คน,สำนักงานสถิติแห่งชาติ
4057,2533,ภาคกลาง,ตราด,ในเขตเทศบาล,รวม,55 - 59 ปี,376,คน,สำนักงานสถิติแห่งชาติ
4058,2533,ภาคกลาง,ตราด,ในเขตเทศบาล,ชาย,55 - 59 ปี,176,คน,สำนักงานสถิติแห่งชาติ
4059,2533,ภาคกลาง,ตราด,ในเขตเทศบาล,หญิง,55 - 59 ปี,200,คน,สำนักงานสถิติแห่งชาติ
4060,2533,ภาคกลาง,ตราด,นอกเขตเทศบาล,รวม,55 - 59 ปี,5002,คน,สำนักงานสถิติแห่งชาติ
4061,2533,ภาคกลาง,ตราด,นอกเขตเทศบาล,ชาย,55 - 59 ปี,2580,คน,สำนักงานสถิติแห่งชาติ
4062,2533,ภาคกลาง,ตราด,นอกเขตเทศบาล,หญิง,55 - 59 ปี,2422,คน,สำนักงานสถิติแห่งชาติ
4063,2543,ภาคกลาง,ตราด,รวม,รวม,55 - 59 ปี,8837,คน,สำนักงานสถิติแห่งชาติ
4064,2543,ภาคกลาง,ตราด,รวม,ชาย,55 - 59 ปี,4568,คน,สำนักงานสถิติแห่งชาติ
4065,2543,ภาคกลาง,ตราด,รวม,หญิง,55 - 59 ปี,4269,คน,สำนักงานสถิติแห่งชาติ
4066,2543,ภาคกลาง,ตราด,ในเขตเทศบาล,รวม,55 - 59 ปี,2067,คน,สำนักงานสถิติแห่งชาติ
4067,2543,ภาคกลาง,ตราด,ในเขตเทศบาล,ชาย,55 - 59 ปี,1033,คน,สำนักงานสถิติแห่งชาติ
4068,2543,ภาคกลาง,ตราด,ในเขตเทศบาล,หญิง,55 - 59 ปี,1034,คน,สำนักงานสถิติแห่งชาติ
4069,2543,ภาคกลาง,ตราด,นอกเขตเทศบาล,รวม,55 - 59 ปี,6770,คน,สำนักงานสถิติแห่งชาติ
4070,2543,ภาคกลาง,ตราด,นอกเขตเทศบาล,ชาย,55 - 59 ปี,3535,คน,สำนักงานสถิติแห่งชาติ
4071,2543,ภาคกลาง,ตราด,นอกเขตเทศบาล,หญิง,55 - 59 ปี,3235,คน,สำนักงานสถิติแห่งชาติ
4072,2553,ภาคกลาง,ตราด,รวม,รวม,55 - 59 ปี,12363,คน,สำนักงานสถิติแห่งชาติ
4073,2553,ภาคกลาง,ตราด,รวม,ชาย,55 - 59 ปี,6063,คน,สำนักงานสถิติแห่งชาติ
4074,2553,ภาคกลาง,ตราด,รวม,หญิง,55 - 59 ปี,6300,คน,สำนักงานสถิติแห่งชาติ
4075,2553,ภาคกลาง,ตราด,ในเขตเทศบาล,รวม,55 - 59 ปี,4041,คน,สำนักงานสถิติแห่งชาติ
4076,2553,ภาคกลาง,ตราด,ในเขตเทศบาล,ชาย,55 - 59 ปี,1953,คน,สำนักงานสถิติแห่งชาติ
4077,2553,ภาคกลาง,ตราด,ในเขตเทศบาล,หญิง,55 - 59 ปี,2088,คน,สำนักงานสถิติแห่งชาติ
4078,2553,ภาคกลาง,ตราด,นอกเขตเทศบาล,รวม,55 - 59 ปี,8322,คน,สำนักงานสถิติแห่งชาติ
4079,2553,ภาคกลาง,ตราด,นอกเขตเทศบาล,ชาย,55 - 59 ปี,4110,คน,สำนักงานสถิติแห่งชาติ
4080,2553,ภาคกลาง,ตราด,นอกเขตเทศบาล,หญิง,55 - 59 ปี,4211,คน,สำนักงานสถิติแห่งชาติ
4081,2533,ภาคกลาง,ตราด,รวม,รวม,60 - 64 ปี,3962,คน,สำนักงานสถิติแห่งชาติ
4082,2533,ภาคกลาง,ตราด,รวม,ชาย,60 - 64 ปี,2070,คน,สำนักงานสถิติแห่งชาติ
4083,2533,ภาคกลาง,ตราด,รวม,หญิง,60 - 64 ปี,1892,คน,สำนักงานสถิติแห่งชาติ
4084,2533,ภาคกลาง,ตราด,ในเขตเทศบาล,รวม,60 - 64 ปี,279,คน,สำนักงานสถิติแห่งชาติ
4085,2533,ภาคกลาง,ตราด,ในเขตเทศบาล,ชาย,60 - 64 ปี,137,คน,สำนักงานสถิติแห่งชาติ
4086,2533,ภาคกลาง,ตราด,ในเขตเทศบาล,หญิง,60 - 64 ปี,142,คน,สำนักงานสถิติแห่งชาติ
4087,2533,ภาคกลาง,ตราด,นอกเขตเทศบาล,รวม,60 - 64 ปี,3683,คน,สำนักงานสถิติแห่งชาติ
4088,2533,ภาคกลาง,ตราด,นอกเขตเทศบาล,ชาย,60 - 64 ปี,1933,คน,สำนักงานสถิติแห่งชาติ
4089,2533,ภาคกลาง,ตราด,นอกเขตเทศบาล,หญิง,60 - 64 ปี,1750,คน,สำนักงานสถิติแห่งชาติ
4090,2543,ภาคกลาง,ตราด,รวม,รวม,60 - 64 ปี,7277,คน,สำนักงานสถิติแห่งชาติ
4091,2543,ภาคกลาง,ตราด,รวม,ชาย,60 - 64 ปี,3692,คน,สำนักงานสถิติแห่งชาติ
4092,2543,ภาคกลาง,ตราด,รวม,หญิง,60 - 64 ปี,3585,คน,สำนักงานสถิติแห่งชาติ
4093,2543,ภาคกลาง,ตราด,ในเขตเทศบาล,รวม,60 - 64 ปี,1577,คน,สำนักงานสถิติแห่งชาติ
4094,2543,ภาคกลาง,ตราด,ในเขตเทศบาล,ชาย,60 - 64 ปี,756,คน,สำนักงานสถิติแห่งชาติ
4095,2543,ภาคกลาง,ตราด,ในเขตเทศบาล,หญิง,60 - 64 ปี,821,คน,สำนักงานสถิติแห่งชาติ
4096,2543,ภาคกลาง,ตราด,นอกเขตเทศบาล,รวม,60 - 64 ปี,5700,คน,สำนักงานสถิติแห่งชาติ
4097,2543,ภาคกลาง,ตราด,นอกเขตเทศบาล,ชาย,60 - 64 ปี,2936,คน,สำนักงานสถิติแห่งชาติ
4098,2543,ภาคกลาง,ตราด,นอกเขตเทศบาล,หญิง,60 - 64 ปี,2764,คน,สำนักงานสถิติแห่งชาติ
4099,2553,ภาคกลาง,ตราด,รวม,รวม,60 - 64 ปี,9558,คน,สำนักงานสถิติแห่งชาติ
4100,2553,ภาคกลาง,ตราด,รวม,ชาย,60 - 64 ปี,4652,คน,สำนักงานสถิติแห่งชาติ
4101,2553,ภาคกลาง,ตราด,รวม,หญิง,60 - 64 ปี,4906,คน,สำนักงานสถิติแห่งชาติ
4102,2553,ภาคกลาง,ตราด,ในเขตเทศบาล,รวม,60 - 64 ปี,3186,คน,สำนักงานสถิติแห่งชาติ
4103,2553,ภาคกลาง,ตราด,ในเขตเทศบาล,ชาย,60 - 64 ปี,1475,คน,สำนักงานสถิติแห่งชาติ
4104,2553,ภาคกลาง,ตราด,ในเขตเทศบาล,หญิง,60 - 64 ปี,1710,คน,สำนักงานสถิติแห่งชาติ
4105,2553,ภาคกลาง,ตราด,นอกเขตเทศบาล,รวม,60 - 64 ปี,6373,คน,สำนักงานสถิติแห่งชาติ
4106,2553,ภาคกลาง,ตราด,นอกเขตเทศบาล,ชาย,60 - 64 ปี,3177,คน,สำนักงานสถิติแห่งชาติ
4107,2553,ภาคกลาง,ตราด,นอกเขตเทศบาล,หญิง,60 - 64 ปี,3196,คน,สำนักงานสถิติแห่งชาติ
4108,2533,ภาคกลาง,ตราด,รวม,รวม,65 - 69 ปี,2486,คน,สำนักงานสถิติแห่งชาติ
4109,2533,ภาคกลาง,ตราด,รวม,ชาย,65 - 69 ปี,1301,คน,สำนักงานสถิติแห่งชาติ
4110,2533,ภาคกลาง,ตราด,รวม,หญิง,65 - 69 ปี,1185,คน,สำนักงานสถิติแห่งชาติ
4111,2533,ภาคกลาง,ตราด,ในเขตเทศบาล,รวม,65 - 69 ปี,155,คน,สำนักงานสถิติแห่งชาติ
4112,2533,ภาคกลาง,ตราด,ในเขตเทศบาล,ชาย,65 - 69 ปี,78,คน,สำนักงานสถิติแห่งชาติ
4113,2533,ภาคกลาง,ตราด,ในเขตเทศบาล,หญิง,65 - 69 ปี,77,คน,สำนักงานสถิติแห่งชาติ
4114,2533,ภาคกลาง,ตราด,นอกเขตเทศบาล,รวม,65 - 69 ปี,2331,คน,สำนักงานสถิติแห่งชาติ
4115,2533,ภาคกลาง,ตราด,นอกเขตเทศบาล,ชาย,65 - 69 ปี,1223,คน,สำนักงานสถิติแห่งชาติ
4116,2533,ภาคกลาง,ตราด,นอกเขตเทศบาล,หญิง,65 - 69 ปี,1108,คน,สำนักงานสถิติแห่งชาติ
4117,2543,ภาคกลาง,ตราด,รวม,รวม,65 - 69 ปี,5653,คน,สำนักงานสถิติแห่งชาติ
4118,2543,ภาคกลาง,ตราด,รวม,ชาย,65 - 69 ปี,2767,คน,สำนักงานสถิติแห่งชาติ
4119,2543,ภาคกลาง,ตราด,รวม,หญิง,65 - 69 ปี,2886,คน,สำนักงานสถิติแห่งชาติ
4120,2543,ภาคกลาง,ตราด,ในเขตเทศบาล,รวม,65 - 69 ปี,1264,คน,สำนักงานสถิติแห่งชาติ
4121,2543,ภาคกลาง,ตราด,ในเขตเทศบาล,ชาย,65 - 69 ปี,578,คน,สำนักงานสถิติแห่งชาติ
4122,2543,ภาคกลาง,ตราด,ในเขตเทศบาล,หญิง,65 - 69 ปี,686,คน,สำนักงานสถิติแห่งชาติ
4123,2543,ภาคกลาง,ตราด,นอกเขตเทศบาล,รวม,65 - 69 ปี,4389,คน,สำนักงานสถิติแห่งชาติ
4124,2543,ภาคกลาง,ตราด,นอกเขตเทศบาล,ชาย,65 - 69 ปี,2189,คน,สำนักงานสถิติแห่งชาติ
4125,2543,ภาคกลาง,ตราด,นอกเขตเทศบาล,หญิง,65 - 69 ปี,2200,คน,สำนักงานสถิติแห่งชาติ
4126,2553,ภาคกลาง,ตราด,รวม,รวม,65 - 69 ปี,7116,คน,สำนักงานสถิติแห่งชาติ
4127,2553,ภาคกลาง,ตราด,รวม,ชาย,65 - 69 ปี,3533,คน,สำนักงานสถิติแห่งชาติ
4128,2553,ภาคกลาง,ตราด,รวม,หญิง,65 - 69 ปี,3583,คน,สำนักงานสถิติแห่งชาติ
4129,2553,ภาคกลาง,ตราด,ในเขตเทศบาล,รวม,65 - 69 ปี,2344,คน,สำนักงานสถิติแห่งชาติ
4130,2553,ภาคกลาง,ตราด,ในเขตเทศบาล,ชาย,65 - 69 ปี,1126,คน,สำนักงานสถิติแห่งชาติ
4131,2553,ภาคกลาง,ตราด,ในเขตเทศบาล,หญิง,65 - 69 ปี,1218,คน,สำนักงานสถิติแห่งชาติ
4132,2553,ภาคกลาง,ตราด,นอกเขตเทศบาล,รวม,65 - 69 ปี,4772,คน,สำนักงานสถิติแห่งชาติ
4133,2553,ภาคกลาง,ตราด,นอกเขตเทศบาล,ชาย,65 - 69 ปี,2407,คน,สำนักงานสถิติแห่งชาติ
4134,2553,ภาคกลาง,ตราด,นอกเขตเทศบาล,หญิง,65 - 69 ปี,2365,คน,สำนักงานสถิติแห่งชาติ
4135,2533,ภาคกลาง,ตราด,รวม,รวม,70 - 74 ปี,1722,คน,สำนักงานสถิติแห่งชาติ
4136,2533,ภาคกลาง,ตราด,รวม,ชาย,70 - 74 ปี,773,คน,สำนักงานสถิติแห่งชาติ
4137,2533,ภาคกลาง,ตราด,รวม,หญิง,70 - 74 ปี,949,คน,สำนักงานสถิติแห่งชาติ
4138,2533,ภาคกลาง,ตราด,ในเขตเทศบาล,รวม,70 - 74 ปี,130,คน,สำนักงานสถิติแห่งชาติ
4139,2533,ภาคกลาง,ตราด,ในเขตเทศบาล,ชาย,70 - 74 ปี,56,คน,สำนักงานสถิติแห่งชาติ
4140,2533,ภาคกลาง,ตราด,ในเขตเทศบาล,หญิง,70 - 74 ปี,74,คน,สำนักงานสถิติแห่งชาติ
4141,2533,ภาคกลาง,ตราด,นอกเขตเทศบาล,รวม,70 - 74 ปี,1592,คน,สำนักงานสถิติแห่งชาติ
4142,2533,ภาคกลาง,ตราด,นอกเขตเทศบาล,ชาย,70 - 74 ปี,717,คน,สำนักงานสถิติแห่งชาติ
4143,2533,ภาคกลาง,ตราด,นอกเขตเทศบาล,หญิง,70 - 74 ปี,875,คน,สำนักงานสถิติแห่งชาติ
4144,2543,ภาคกลาง,ตราด,รวม,รวม,70 - 74 ปี,3858,คน,สำนักงานสถิติแห่งชาติ
4145,2543,ภาคกลาง,ตราด,รวม,ชาย,70 - 74 ปี,1809,คน,สำนักงานสถิติแห่งชาติ
4146,2543,ภาคกลาง,ตราด,รวม,หญิง,70 - 74 ปี,2049,คน,สำนักงานสถิติแห่งชาติ
4147,2543,ภาคกลาง,ตราด,ในเขตเทศบาล,รวม,70 - 74 ปี,916,คน,สำนักงานสถิติแห่งชาติ
4148,2543,ภาคกลาง,ตราด,ในเขตเทศบาล,ชาย,70 - 74 ปี,426,คน,สำนักงานสถิติแห่งชาติ
4149,2543,ภาคกลาง,ตราด,ในเขตเทศบาล,หญิง,70 - 74 ปี,490,คน,สำนักงานสถิติแห่งชาติ
4150,2543,ภาคกลาง,ตราด,นอกเขตเทศบาล,รวม,70 - 74 ปี,2942,คน,สำนักงานสถิติแห่งชาติ
4151,2543,ภาคกลาง,ตราด,นอกเขตเทศบาล,ชาย,70 - 74 ปี,1383,คน,สำนักงานสถิติแห่งชาติ
4152,2543,ภาคกลาง,ตราด,นอกเขตเทศบาล,หญิง,70 - 74 ปี,1559,คน,สำนักงานสถิติแห่งชาติ
4153,2553,ภาคกลาง,ตราด,รวม,รวม,70 - 74 ปี,5962,คน,สำนักงานสถิติแห่งชาติ
4154,2553,ภาคกลาง,ตราด,รวม,ชาย,70 - 74 ปี,2907,คน,สำนักงานสถิติแห่งชาติ
4155,2553,ภาคกลาง,ตราด,รวม,หญิง,70 - 74 ปี,3054,คน,สำนักงานสถิติแห่งชาติ
4156,2553,ภาคกลาง,ตราด,ในเขตเทศบาล,รวม,70 - 74 ปี,1845,คน,สำนักงานสถิติแห่งชาติ
4157,2553,ภาคกลาง,ตราด,ในเขตเทศบาล,ชาย,70 - 74 ปี,889,คน,สำนักงานสถิติแห่งชาติ
4158,2553,ภาคกลาง,ตราด,ในเขตเทศบาล,หญิง,70 - 74 ปี,956,คน,สำนักงานสถิติแห่งชาติ
4159,2553,ภาคกลาง,ตราด,นอกเขตเทศบาล,รวม,70 - 74 ปี,4116,คน,สำนักงานสถิติแห่งชาติ
4160,2553,ภาคกลาง,ตราด,นอกเขตเทศบาล,ชาย,70 - 74 ปี,2018,คน,สำนักงานสถิติแห่งชาติ
4161,2553,ภาคกลาง,ตราด,นอกเขตเทศบาล,หญิง,70 - 74 ปี,2098,คน,สำนักงานสถิติแห่งชาติ
4162,2533,ภาคกลาง,ตราด,รวม,รวม,75 - 79 ปี,1164,คน,สำนักงานสถิติแห่งชาติ
4163,2533,ภาคกลาง,ตราด,รวม,ชาย,75 - 79 ปี,547,คน,สำนักงานสถิติแห่งชาติ
4164,2533,ภาคกลาง,ตราด,รวม,หญิง,75 - 79 ปี,617,คน,สำนักงานสถิติแห่งชาติ
4165,2533,ภาคกลาง,ตราด,ในเขตเทศบาล,รวม,75 - 79 ปี,93,คน,สำนักงานสถิติแห่งชาติ
4166,2533,ภาคกลาง,ตราด,ในเขตเทศบาล,ชาย,75 - 79 ปี,48,คน,สำนักงานสถิติแห่งชาติ
4167,2533,ภาคกลาง,ตราด,ในเขตเทศบาล,หญิง,75 - 79 ปี,45,คน,สำนักงานสถิติแห่งชาติ
4168,2533,ภาคกลาง,ตราด,นอกเขตเทศบาล,รวม,75 - 79 ปี,1071,คน,สำนักงานสถิติแห่งชาติ
4169,2533,ภาคกลาง,ตราด,นอกเขตเทศบาล,ชาย,75 - 79 ปี,499,คน,สำนักงานสถิติแห่งชาติ
4170,2533,ภาคกลาง,ตราด,นอกเขตเทศบาล,หญิง,75 - 79 ปี,572,คน,สำนักงานสถิติแห่งชาติ
4171,2543,ภาคกลาง,ตราด,รวม,รวม,75 - 79 ปี,2144,คน,สำนักงานสถิติแห่งชาติ
4172,2543,ภาคกลาง,ตราด,รวม,ชาย,75 - 79 ปี,982,คน,สำนักงานสถิติแห่งชาติ
4173,2543,ภาคกลาง,ตราด,รวม,หญิง,75 - 79 ปี,1162,คน,สำนักงานสถิติแห่งชาติ
4174,2543,ภาคกลาง,ตราด,ในเขตเทศบาล,รวม,75 - 79 ปี,543,คน,สำนักงานสถิติแห่งชาติ
4175,2543,ภาคกลาง,ตราด,ในเขตเทศบาล,ชาย,75 - 79 ปี,222,คน,สำนักงานสถิติแห่งชาติ
4176,2543,ภาคกลาง,ตราด,ในเขตเทศบาล,หญิง,75 - 79 ปี,321,คน,สำนักงานสถิติแห่งชาติ
4177,2543,ภาคกลาง,ตราด,นอกเขตเทศบาล,รวม,75 - 79 ปี,1601,คน,สำนักงานสถิติแห่งชาติ
4178,2543,ภาคกลาง,ตราด,นอกเขตเทศบาล,ชาย,75 - 79 ปี,760,คน,สำนักงานสถิติแห่งชาติ
4179,2543,ภาคกลาง,ตราด,นอกเขตเทศบาล,หญิง,75 - 79 ปี,841,คน,สำนักงานสถิติแห่งชาติ
4180,2553,ภาคกลาง,ตราด,รวม,รวม,75 - 79 ปี,3929,คน,สำนักงานสถิติแห่งชาติ
4181,2553,ภาคกลาง,ตราด,รวม,ชาย,75 - 79 ปี,1826,คน,สำนักงานสถิติแห่งชาติ
4182,2553,ภาคกลาง,ตราด,รวม,หญิง,75 - 79 ปี,2102,คน,สำนักงานสถิติแห่งชาติ
4183,2553,ภาคกลาง,ตราด,ในเขตเทศบาล,รวม,75 - 79 ปี,1241,คน,สำนักงานสถิติแห่งชาติ
4184,2553,ภาคกลาง,ตราด,ในเขตเทศบาล,ชาย,75 - 79 ปี,567,คน,สำนักงานสถิติแห่งชาติ
4185,2553,ภาคกลาง,ตราด,ในเขตเทศบาล,หญิง,75 - 79 ปี,674,คน,สำนักงานสถิติแห่งชาติ
4186,2553,ภาคกลาง,ตราด,นอกเขตเทศบาล,รวม,75 - 79 ปี,2688,คน,สำนักงานสถิติแห่งชาติ
4187,2553,ภาคกลาง,ตราด,นอกเขตเทศบาล,ชาย,75 - 79 ปี,1260,คน,สำนักงานสถิติแห่งชาติ
4188,2553,ภาคกลาง,ตราด,นอกเขตเทศบาล,หญิง,75 - 79 ปี,1428,คน,สำนักงานสถิติแห่งชาติ
4189,2533,ภาคกลาง,ตราด,รวม,รวม,80 ปีขึ้นไป   ,1198,คน,สำนักงานสถิติแห่งชาติ
4190,2533,ภาคกลาง,ตราด,รวม,ชาย,80 ปีขึ้นไป   ,479,คน,สำนักงานสถิติแห่งชาติ
4191,2533,ภาคกลาง,ตราด,รวม,หญิง,80 ปีขึ้นไป   ,719,คน,สำนักงานสถิติแห่งชาติ
4192,2533,ภาคกลาง,ตราด,ในเขตเทศบาล,รวม,80 ปีขึ้นไป   ,98,คน,สำนักงานสถิติแห่งชาติ
4193,2533,ภาคกลาง,ตราด,ในเขตเทศบาล,ชาย,80 ปีขึ้นไป   ,32,คน,สำนักงานสถิติแห่งชาติ
4194,2533,ภาคกลาง,ตราด,ในเขตเทศบาล,หญิง,80 ปีขึ้นไป   ,66,คน,สำนักงานสถิติแห่งชาติ
4195,2533,ภาคกลาง,ตราด,นอกเขตเทศบาล,รวม,80 ปีขึ้นไป   ,1100,คน,สำนักงานสถิติแห่งชาติ
4196,2533,ภาคกลาง,ตราด,นอกเขตเทศบาล,ชาย,80 ปีขึ้นไป   ,447,คน,สำนักงานสถิติแห่งชาติ
4197,2533,ภาคกลาง,ตราด,นอกเขตเทศบาล,หญิง,80 ปีขึ้นไป   ,653,คน,สำนักงานสถิติแห่งชาติ
4198,2543,ภาคกลาง,ตราด,รวม,รวม,80 ปีขึ้นไป   ,2130,คน,สำนักงานสถิติแห่งชาติ
4199,2543,ภาคกลาง,ตราด,รวม,ชาย,80 ปีขึ้นไป   ,807,คน,สำนักงานสถิติแห่งชาติ
4200,2543,ภาคกลาง,ตราด,รวม,หญิง,80 ปีขึ้นไป   ,1323,คน,สำนักงานสถิติแห่งชาติ
4201,2543,ภาคกลาง,ตราด,ในเขตเทศบาล,รวม,80 ปีขึ้นไป   ,496,คน,สำนักงานสถิติแห่งชาติ
4202,2543,ภาคกลาง,ตราด,ในเขตเทศบาล,ชาย,80 ปีขึ้นไป   ,199,คน,สำนักงานสถิติแห่งชาติ
4203,2543,ภาคกลาง,ตราด,ในเขตเทศบาล,หญิง,80 ปีขึ้นไป   ,297,คน,สำนักงานสถิติแห่งชาติ
4204,2543,ภาคกลาง,ตราด,นอกเขตเทศบาล,รวม,80 ปีขึ้นไป   ,1634,คน,สำนักงานสถิติแห่งชาติ
4205,2543,ภาคกลาง,ตราด,นอกเขตเทศบาล,ชาย,80 ปีขึ้นไป   ,608,คน,สำนักงานสถิติแห่งชาติ
4206,2543,ภาคกลาง,ตราด,นอกเขตเทศบาล,หญิง,80 ปีขึ้นไป   ,1026,คน,สำนักงานสถิติแห่งชาติ
4207,2553,ภาคกลาง,ตราด,รวม,รวม,80 ปีขึ้นไป   ,3878,คน,สำนักงานสถิติแห่งชาติ
4208,2553,ภาคกลาง,ตราด,รวม,ชาย,80 ปีขึ้นไป   ,1646,คน,สำนักงานสถิติแห่งชาติ
4209,2553,ภาคกลาง,ตราด,รวม,หญิง,80 ปีขึ้นไป   ,2232,คน,สำนักงานสถิติแห่งชาติ
4210,2553,ภาคกลาง,ตราด,ในเขตเทศบาล,รวม,80 ปีขึ้นไป   ,1361,คน,สำนักงานสถิติแห่งชาติ
4211,2553,ภาคกลาง,ตราด,ในเขตเทศบาล,ชาย,80 ปีขึ้นไป   ,563,คน,สำนักงานสถิติแห่งชาติ
4212,2553,ภาคกลาง,ตราด,ในเขตเทศบาล,หญิง,80 ปีขึ้นไป   ,799,คน,สำนักงานสถิติแห่งชาติ
4213,2553,ภาคกลาง,ตราด,นอกเขตเทศบาล,รวม,80 ปีขึ้นไป   ,2516,คน,สำนักงานสถิติแห่งชาติ
4214,2553,ภาคกลาง,ตราด,นอกเขตเทศบาล,ชาย,80 ปีขึ้นไป   ,1083,คน,สำนักงานสถิติแห่งชาติ
4215,2553,ภาคกลาง,ตราด,นอกเขตเทศบาล,หญิง,80 ปีขึ้นไป   ,1433,คน,สำนักงานสถิติแห่งชาติ
4216,2533,ภาคกลาง,นครนายก,รวม,รวม,รวม,221706,คน,สำนักงานสถิติแห่งชาติ
4217,2533,ภาคกลาง,นครนายก,รวม,ชาย,รวม,107792,คน,สำนักงานสถิติแห่งชาติ
4218,2533,ภาคกลาง,นครนายก,รวม,หญิง,รวม,113914,คน,สำนักงานสถิติแห่งชาติ
4219,2533,ภาคกลาง,นครนายก,ในเขตเทศบาล,รวม,รวม,18209,คน,สำนักงานสถิติแห่งชาติ
4220,2533,ภาคกลาง,นครนายก,ในเขตเทศบาล,ชาย,รวม,8804,คน,สำนักงานสถิติแห่งชาติ
4221,2533,ภาคกลาง,นครนายก,ในเขตเทศบาล,หญิง,รวม,9405,คน,สำนักงานสถิติแห่งชาติ
4222,2533,ภาคกลาง,นครนายก,นอกเขตเทศบาล,รวม,รวม,203497,คน,สำนักงานสถิติแห่งชาติ
4223,2533,ภาคกลาง,นครนายก,นอกเขตเทศบาล,ชาย,รวม,98988,คน,สำนักงานสถิติแห่งชาติ
4224,2533,ภาคกลาง,นครนายก,นอกเขตเทศบาล,หญิง,รวม,104509,คน,สำนักงานสถิติแห่งชาติ
4225,2543,ภาคกลาง,นครนายก,รวม,รวม,รวม,241081,คน,สำนักงานสถิติแห่งชาติ
4226,2543,ภาคกลาง,นครนายก,รวม,ชาย,รวม,118881,คน,สำนักงานสถิติแห่งชาติ
4227,2543,ภาคกลาง,นครนายก,รวม,หญิง,รวม,122200,คน,สำนักงานสถิติแห่งชาติ
4228,2543,ภาคกลาง,นครนายก,ในเขตเทศบาล,รวม,รวม,30407,คน,สำนักงานสถิติแห่งชาติ
4229,2543,ภาคกลาง,นครนายก,ในเขตเทศบาล,ชาย,รวม,14716,คน,สำนักงานสถิติแห่งชาติ
4230,2543,ภาคกลาง,นครนายก,ในเขตเทศบาล,หญิง,รวม,15691,คน,สำนักงานสถิติแห่งชาติ
4231,2543,ภาคกลาง,นครนายก,นอกเขตเทศบาล,รวม,รวม,210674,คน,สำนักงานสถิติแห่งชาติ
4232,2543,ภาคกลาง,นครนายก,นอกเขตเทศบาล,ชาย,รวม,104165,คน,สำนักงานสถิติแห่งชาติ
4233,2543,ภาคกลาง,นครนายก,นอกเขตเทศบาล,หญิง,รวม,106509,คน,สำนักงานสถิติแห่งชาติ
4234,2553,ภาคกลาง,นครนายก,รวม,รวม,รวม,246867,คน,สำนักงานสถิติแห่งชาติ
4235,2553,ภาคกลาง,นครนายก,รวม,ชาย,รวม,121595,คน,สำนักงานสถิติแห่งชาติ
4236,2553,ภาคกลาง,นครนายก,รวม,หญิง,รวม,125272,คน,สำนักงานสถิติแห่งชาติ
4237,2553,ภาคกลาง,นครนายก,ในเขตเทศบาล,รวม,รวม,28592,คน,สำนักงานสถิติแห่งชาติ
4238,2553,ภาคกลาง,นครนายก,ในเขตเทศบาล,ชาย,รวม,13414,คน,สำนักงานสถิติแห่งชาติ
4239,2553,ภาคกลาง,นครนายก,ในเขตเทศบาล,หญิง,รวม,15178,คน,สำนักงานสถิติแห่งชาติ
4240,2553,ภาคกลาง,นครนายก,นอกเขตเทศบาล,รวม,รวม,110415,คน,สำนักงานสถิติแห่งชาติ
4241,2553,ภาคกลาง,นครนายก,นอกเขตเทศบาล,ชาย,รวม,110415,คน,สำนักงานสถิติแห่งชาติ
4242,2553,ภาคกลาง,นครนายก,นอกเขตเทศบาล,หญิง,รวม,113757,คน,สำนักงานสถิติแห่งชาติ
4243,2533,ภาคกลาง,นครนายก,รวม,รวม,0 - 4 ปี,16848,คน,สำนักงานสถิติแห่งชาติ
4244,2533,ภาคกลาง,นครนายก,รวม,ชาย,0 - 4 ปี,8667,คน,สำนักงานสถิติแห่งชาติ
4245,2533,ภาคกลาง,นครนายก,รวม,หญิง,0 - 4 ปี,8181,คน,สำนักงานสถิติแห่งชาติ
4246,2533,ภาคกลาง,นครนายก,ในเขตเทศบาล,รวม,0 - 4 ปี,1369,คน,สำนักงานสถิติแห่งชาติ
4247,2533,ภาคกลาง,นครนายก,ในเขตเทศบาล,ชาย,0 - 4 ปี,739,คน,สำนักงานสถิติแห่งชาติ
4248,2533,ภาคกลาง,นครนายก,ในเขตเทศบาล,หญิง,0 - 4 ปี,630,คน,สำนักงานสถิติแห่งชาติ
4249,2533,ภาคกลาง,นครนายก,นอกเขตเทศบาล,รวม,0 - 4 ปี,15479,คน,สำนักงานสถิติแห่งชาติ
4250,2533,ภาคกลาง,นครนายก,นอกเขตเทศบาล,ชาย,0 - 4 ปี,7928,คน,สำนักงานสถิติแห่งชาติ
4251,2533,ภาคกลาง,นครนายก,นอกเขตเทศบาล,หญิง,0 - 4 ปี,7551,คน,สำนักงานสถิติแห่งชาติ
4252,2543,ภาคกลาง,นครนายก,รวม,รวม,0 - 4 ปี,17325,คน,สำนักงานสถิติแห่งชาติ
4253,2543,ภาคกลาง,นครนายก,รวม,ชาย,0 - 4 ปี,9010,คน,สำนักงานสถิติแห่งชาติ
4254,2543,ภาคกลาง,นครนายก,รวม,หญิง,0 - 4 ปี,8315,คน,สำนักงานสถิติแห่งชาติ
4255,2543,ภาคกลาง,นครนายก,ในเขตเทศบาล,รวม,0 - 4 ปี,1784,คน,สำนักงานสถิติแห่งชาติ
4256,2543,ภาคกลาง,นครนายก,ในเขตเทศบาล,ชาย,0 - 4 ปี,952,คน,สำนักงานสถิติแห่งชาติ
4257,2543,ภาคกลาง,นครนายก,ในเขตเทศบาล,หญิง,0 - 4 ปี,832,คน,สำนักงานสถิติแห่งชาติ
4258,2543,ภาคกลาง,นครนายก,นอกเขตเทศบาล,รวม,0 - 4 ปี,15541,คน,สำนักงานสถิติแห่งชาติ
4259,2543,ภาคกลาง,นครนายก,นอกเขตเทศบาล,ชาย,0 - 4 ปี,8058,คน,สำนักงานสถิติแห่งชาติ
4260,2543,ภาคกลาง,นครนายก,นอกเขตเทศบาล,หญิง,0 - 4 ปี,7483,คน,สำนักงานสถิติแห่งชาติ
4261,2553,ภาคกลาง,นครนายก,รวม,รวม,0 - 4 ปี,13842,คน,สำนักงานสถิติแห่งชาติ
4262,2553,ภาคกลาง,นครนายก,รวม,ชาย,0 - 4 ปี,7325,คน,สำนักงานสถิติแห่งชาติ
4263,2553,ภาคกลาง,นครนายก,รวม,หญิง,0 - 4 ปี,6517,คน,สำนักงานสถิติแห่งชาติ
4264,2553,ภาคกลาง,นครนายก,ในเขตเทศบาล,รวม,0 - 4 ปี,1341,คน,สำนักงานสถิติแห่งชาติ
4265,2553,ภาคกลาง,นครนายก,ในเขตเทศบาล,ชาย,0 - 4 ปี,694,คน,สำนักงานสถิติแห่งชาติ
4266,2553,ภาคกลาง,นครนายก,ในเขตเทศบาล,หญิง,0 - 4 ปี,647,คน,สำนักงานสถิติแห่งชาติ
4267,2553,ภาคกลาง,นครนายก,นอกเขตเทศบาล,รวม,0 - 4 ปี,6631,คน,สำนักงานสถิติแห่งชาติ
4268,2553,ภาคกลาง,นครนายก,นอกเขตเทศบาล,ชาย,0 - 4 ปี,6631,คน,สำนักงานสถิติแห่งชาติ
4269,2553,ภาคกลาง,นครนายก,นอกเขตเทศบาล,หญิง,0 - 4 ปี,5870,คน,สำนักงานสถิติแห่งชาติ
4270,2533,ภาคกลาง,นครนายก,รวม,รวม,5 - 9 ปี,21365,คน,สำนักงานสถิติแห่งชาติ
4271,2533,ภาคกลาง,นครนายก,รวม,ชาย,5 - 9 ปี,10902,คน,สำนักงานสถิติแห่งชาติ
4272,2533,ภาคกลาง,นครนายก,รวม,หญิง,5 - 9 ปี,10463,คน,สำนักงานสถิติแห่งชาติ
4273,2533,ภาคกลาง,นครนายก,ในเขตเทศบาล,รวม,5 - 9 ปี,1559,คน,สำนักงานสถิติแห่งชาติ
4274,2533,ภาคกลาง,นครนายก,ในเขตเทศบาล,ชาย,5 - 9 ปี,816,คน,สำนักงานสถิติแห่งชาติ
4275,2533,ภาคกลาง,นครนายก,ในเขตเทศบาล,หญิง,5 - 9 ปี,743,คน,สำนักงานสถิติแห่งชาติ
4276,2533,ภาคกลาง,นครนายก,นอกเขตเทศบาล,รวม,5 - 9 ปี,19806,คน,สำนักงานสถิติแห่งชาติ
4277,2533,ภาคกลาง,นครนายก,นอกเขตเทศบาล,ชาย,5 - 9 ปี,10086,คน,สำนักงานสถิติแห่งชาติ
4278,2533,ภาคกลาง,นครนายก,นอกเขตเทศบาล,หญิง,5 - 9 ปี,9720,คน,สำนักงานสถิติแห่งชาติ
4279,2543,ภาคกลาง,นครนายก,รวม,รวม,5 - 9 ปี,19641,คน,สำนักงานสถิติแห่งชาติ
4280,2543,ภาคกลาง,นครนายก,รวม,ชาย,5 - 9 ปี,10252,คน,สำนักงานสถิติแห่งชาติ
4281,2543,ภาคกลาง,นครนายก,รวม,หญิง,5 - 9 ปี,9389,คน,สำนักงานสถิติแห่งชาติ
4282,2543,ภาคกลาง,นครนายก,ในเขตเทศบาล,รวม,5 - 9 ปี,2166,คน,สำนักงานสถิติแห่งชาติ
4283,2543,ภาคกลาง,นครนายก,ในเขตเทศบาล,ชาย,5 - 9 ปี,1156,คน,สำนักงานสถิติแห่งชาติ
4284,2543,ภาคกลาง,นครนายก,ในเขตเทศบาล,หญิง,5 - 9 ปี,1010,คน,สำนักงานสถิติแห่งชาติ
4285,2543,ภาคกลาง,นครนายก,นอกเขตเทศบาล,รวม,5 - 9 ปี,17475,คน,สำนักงานสถิติแห่งชาติ
4286,2543,ภาคกลาง,นครนายก,นอกเขตเทศบาล,ชาย,5 - 9 ปี,9096,คน,สำนักงานสถิติแห่งชาติ
4287,2543,ภาคกลาง,นครนายก,นอกเขตเทศบาล,หญิง,5 - 9 ปี,8379,คน,สำนักงานสถิติแห่งชาติ
4288,2553,ภาคกลาง,นครนายก,รวม,รวม,5 - 9 ปี,14397,คน,สำนักงานสถิติแห่งชาติ
4289,2553,ภาคกลาง,นครนายก,รวม,ชาย,5 - 9 ปี,7337,คน,สำนักงานสถิติแห่งชาติ
4290,2553,ภาคกลาง,นครนายก,รวม,หญิง,5 - 9 ปี,7060,คน,สำนักงานสถิติแห่งชาติ
4291,2553,ภาคกลาง,นครนายก,ในเขตเทศบาล,รวม,5 - 9 ปี,1329,คน,สำนักงานสถิติแห่งชาติ
4292,2553,ภาคกลาง,นครนายก,ในเขตเทศบาล,ชาย,5 - 9 ปี,702,คน,สำนักงานสถิติแห่งชาติ
4293,2553,ภาคกลาง,นครนายก,ในเขตเทศบาล,หญิง,5 - 9 ปี,627,คน,สำนักงานสถิติแห่งชาติ
4294,2553,ภาคกลาง,นครนายก,นอกเขตเทศบาล,รวม,5 - 9 ปี,6635,คน,สำนักงานสถิติแห่งชาติ
4295,2553,ภาคกลาง,นครนายก,นอกเขตเทศบาล,ชาย,5 - 9 ปี,6635,คน,สำนักงานสถิติแห่งชาติ
4296,2553,ภาคกลาง,นครนายก,นอกเขตเทศบาล,หญิง,5 - 9 ปี,6433,คน,สำนักงานสถิติแห่งชาติ
4297,2533,ภาคกลาง,นครนายก,รวม,รวม,10 - 14 ปี,24338,คน,สำนักงานสถิติแห่งชาติ
4298,2533,ภาคกลาง,นครนายก,รวม,ชาย,10 - 14 ปี,12394,คน,สำนักงานสถิติแห่งชาติ
4299,2533,ภาคกลาง,นครนายก,รวม,หญิง,10 - 14 ปี,11944,คน,สำนักงานสถิติแห่งชาติ
4300,2533,ภาคกลาง,นครนายก,ในเขตเทศบาล,รวม,10 - 14 ปี,1688,คน,สำนักงานสถิติแห่งชาติ
4301,2533,ภาคกลาง,นครนายก,ในเขตเทศบาล,ชาย,10 - 14 ปี,880,คน,สำนักงานสถิติแห่งชาติ
4302,2533,ภาคกลาง,นครนายก,ในเขตเทศบาล,หญิง,10 - 14 ปี,808,คน,สำนักงานสถิติแห่งชาติ
4303,2533,ภาคกลาง,นครนายก,นอกเขตเทศบาล,รวม,10 - 14 ปี,22650,คน,สำนักงานสถิติแห่งชาติ
4304,2533,ภาคกลาง,นครนายก,นอกเขตเทศบาล,ชาย,10 - 14 ปี,11514,คน,สำนักงานสถิติแห่งชาติ
4305,2533,ภาคกลาง,นครนายก,นอกเขตเทศบาล,หญิง,10 - 14 ปี,11136,คน,สำนักงานสถิติแห่งชาติ
4306,2543,ภาคกลาง,นครนายก,รวม,รวม,10 - 14 ปี,19833,คน,สำนักงานสถิติแห่งชาติ
4307,2543,ภาคกลาง,นครนายก,รวม,ชาย,10 - 14 ปี,10235,คน,สำนักงานสถิติแห่งชาติ
4308,2543,ภาคกลาง,นครนายก,รวม,หญิง,10 - 14 ปี,9598,คน,สำนักงานสถิติแห่งชาติ
4309,2543,ภาคกลาง,นครนายก,ในเขตเทศบาล,รวม,10 - 14 ปี,2254,คน,สำนักงานสถิติแห่งชาติ
4310,2543,ภาคกลาง,นครนายก,ในเขตเทศบาล,ชาย,10 - 14 ปี,1220,คน,สำนักงานสถิติแห่งชาติ
4311,2543,ภาคกลาง,นครนายก,ในเขตเทศบาล,หญิง,10 - 14 ปี,1034,คน,สำนักงานสถิติแห่งชาติ
4312,2543,ภาคกลาง,นครนายก,นอกเขตเทศบาล,รวม,10 - 14 ปี,17579,คน,สำนักงานสถิติแห่งชาติ
4313,2543,ภาคกลาง,นครนายก,นอกเขตเทศบาล,ชาย,10 - 14 ปี,9015,คน,สำนักงานสถิติแห่งชาติ
4314,2543,ภาคกลาง,นครนายก,นอกเขตเทศบาล,หญิง,10 - 14 ปี,8564,คน,สำนักงานสถิติแห่งชาติ
4315,2553,ภาคกลาง,นครนายก,รวม,รวม,10 - 14 ปี,17238,คน,สำนักงานสถิติแห่งชาติ
4316,2553,ภาคกลาง,นครนายก,รวม,ชาย,10 - 14 ปี,8941,คน,สำนักงานสถิติแห่งชาติ
4317,2553,ภาคกลาง,นครนายก,รวม,หญิง,10 - 14 ปี,8297,คน,สำนักงานสถิติแห่งชาติ
4318,2553,ภาคกลาง,นครนายก,ในเขตเทศบาล,รวม,10 - 14 ปี,1759,คน,สำนักงานสถิติแห่งชาติ
4319,2553,ภาคกลาง,นครนายก,ในเขตเทศบาล,ชาย,10 - 14 ปี,920,คน,สำนักงานสถิติแห่งชาติ
4320,2553,ภาคกลาง,นครนายก,ในเขตเทศบาล,หญิง,10 - 14 ปี,839,คน,สำนักงานสถิติแห่งชาติ
4321,2553,ภาคกลาง,นครนายก,นอกเขตเทศบาล,รวม,10 - 14 ปี,8021,คน,สำนักงานสถิติแห่งชาติ
4322,2553,ภาคกลาง,นครนายก,นอกเขตเทศบาล,ชาย,10 - 14 ปี,8021,คน,สำนักงานสถิติแห่งชาติ
4323,2553,ภาคกลาง,นครนายก,นอกเขตเทศบาล,หญิง,10 - 14 ปี,7458,คน,สำนักงานสถิติแห่งชาติ
4324,2533,ภาคกลาง,นครนายก,รวม,รวม,15 - 19 ปี,19975,คน,สำนักงานสถิติแห่งชาติ
4325,2533,ภาคกลาง,นครนายก,รวม,ชาย,15 - 19 ปี,10360,คน,สำนักงานสถิติแห่งชาติ
4326,2533,ภาคกลาง,นครนายก,รวม,หญิง,15 - 19 ปี,9615,คน,สำนักงานสถิติแห่งชาติ
4327,2533,ภาคกลาง,นครนายก,ในเขตเทศบาล,รวม,15 - 19 ปี,1635,คน,สำนักงานสถิติแห่งชาติ
4328,2533,ภาคกลาง,นครนายก,ในเขตเทศบาล,ชาย,15 - 19 ปี,839,คน,สำนักงานสถิติแห่งชาติ
4329,2533,ภาคกลาง,นครนายก,ในเขตเทศบาล,หญิง,15 - 19 ปี,796,คน,สำนักงานสถิติแห่งชาติ
4330,2533,ภาคกลาง,นครนายก,นอกเขตเทศบาล,รวม,15 - 19 ปี,18340,คน,สำนักงานสถิติแห่งชาติ
4331,2533,ภาคกลาง,นครนายก,นอกเขตเทศบาล,ชาย,15 - 19 ปี,9521,คน,สำนักงานสถิติแห่งชาติ
4332,2533,ภาคกลาง,นครนายก,นอกเขตเทศบาล,หญิง,15 - 19 ปี,8819,คน,สำนักงานสถิติแห่งชาติ
4333,2543,ภาคกลาง,นครนายก,รวม,รวม,15 - 19 ปี,19842,คน,สำนักงานสถิติแห่งชาติ
4334,2543,ภาคกลาง,นครนายก,รวม,ชาย,15 - 19 ปี,10341,คน,สำนักงานสถิติแห่งชาติ
4335,2543,ภาคกลาง,นครนายก,รวม,หญิง,15 - 19 ปี,9501,คน,สำนักงานสถิติแห่งชาติ
4336,2543,ภาคกลาง,นครนายก,ในเขตเทศบาล,รวม,15 - 19 ปี,2516,คน,สำนักงานสถิติแห่งชาติ
4337,2543,ภาคกลาง,นครนายก,ในเขตเทศบาล,ชาย,15 - 19 ปี,1314,คน,สำนักงานสถิติแห่งชาติ
4338,2543,ภาคกลาง,นครนายก,ในเขตเทศบาล,หญิง,15 - 19 ปี,1202,คน,สำนักงานสถิติแห่งชาติ
4339,2543,ภาคกลาง,นครนายก,นอกเขตเทศบาล,รวม,15 - 19 ปี,17326,คน,สำนักงานสถิติแห่งชาติ
4340,2543,ภาคกลาง,นครนายก,นอกเขตเทศบาล,ชาย,15 - 19 ปี,9027,คน,สำนักงานสถิติแห่งชาติ
4341,2543,ภาคกลาง,นครนายก,นอกเขตเทศบาล,หญิง,15 - 19 ปี,8299,คน,สำนักงานสถิติแห่งชาติ
4342,2553,ภาคกลาง,นครนายก,รวม,รวม,15 - 19 ปี,23136,คน,สำนักงานสถิติแห่งชาติ
4343,2553,ภาคกลาง,นครนายก,รวม,ชาย,15 - 19 ปี,12054,คน,สำนักงานสถิติแห่งชาติ
4344,2553,ภาคกลาง,นครนายก,รวม,หญิง,15 - 19 ปี,11082,คน,สำนักงานสถิติแห่งชาติ
4345,2553,ภาคกลาง,นครนายก,ในเขตเทศบาล,รวม,15 - 19 ปี,1962,คน,สำนักงานสถิติแห่งชาติ
4346,2553,ภาคกลาง,นครนายก,ในเขตเทศบาล,ชาย,15 - 19 ปี,1015,คน,สำนักงานสถิติแห่งชาติ
4347,2553,ภาคกลาง,นครนายก,ในเขตเทศบาล,หญิง,15 - 19 ปี,947,คน,สำนักงานสถิติแห่งชาติ
4348,2553,ภาคกลาง,นครนายก,นอกเขตเทศบาล,รวม,15 - 19 ปี,11039,คน,สำนักงานสถิติแห่งชาติ
4349,2553,ภาคกลาง,นครนายก,นอกเขตเทศบาล,ชาย,15 - 19 ปี,11039,คน,สำนักงานสถิติแห่งชาติ
4350,2553,ภาคกลาง,นครนายก,นอกเขตเทศบาล,หญิง,15 - 19 ปี,10135,คน,สำนักงานสถิติแห่งชาติ
4351,2533,ภาคกลาง,นครนายก,รวม,รวม,20 - 24 ปี,18136,คน,สำนักงานสถิติแห่งชาติ
4352,2533,ภาคกลาง,นครนายก,รวม,ชาย,20 - 24 ปี,9537,คน,สำนักงานสถิติแห่งชาติ
4353,2533,ภาคกลาง,นครนายก,รวม,หญิง,20 - 24 ปี,8599,คน,สำนักงานสถิติแห่งชาติ
4354,2533,ภาคกลาง,นครนายก,ในเขตเทศบาล,รวม,20 - 24 ปี,1492,คน,สำนักงานสถิติแห่งชาติ
4355,2533,ภาคกลาง,นครนายก,ในเขตเทศบาล,ชาย,20 - 24 ปี,727,คน,สำนักงานสถิติแห่งชาติ
4356,2533,ภาคกลาง,นครนายก,ในเขตเทศบาล,หญิง,20 - 24 ปี,765,คน,สำนักงานสถิติแห่งชาติ
4357,2533,ภาคกลาง,นครนายก,นอกเขตเทศบาล,รวม,20 - 24 ปี,16644,คน,สำนักงานสถิติแห่งชาติ
4358,2533,ภาคกลาง,นครนายก,นอกเขตเทศบาล,ชาย,20 - 24 ปี,8810,คน,สำนักงานสถิติแห่งชาติ
4359,2533,ภาคกลาง,นครนายก,นอกเขตเทศบาล,หญิง,20 - 24 ปี,7834,คน,สำนักงานสถิติแห่งชาติ
4360,2543,ภาคกลาง,นครนายก,รวม,รวม,20 - 24 ปี,18589,คน,สำนักงานสถิติแห่งชาติ
4361,2543,ภาคกลาง,นครนายก,รวม,ชาย,20 - 24 ปี,10138,คน,สำนักงานสถิติแห่งชาติ
4362,2543,ภาคกลาง,นครนายก,รวม,หญิง,20 - 24 ปี,8451,คน,สำนักงานสถิติแห่งชาติ
4363,2543,ภาคกลาง,นครนายก,ในเขตเทศบาล,รวม,20 - 24 ปี,2306,คน,สำนักงานสถิติแห่งชาติ
4364,2543,ภาคกลาง,นครนายก,ในเขตเทศบาล,ชาย,20 - 24 ปี,1248,คน,สำนักงานสถิติแห่งชาติ
4365,2543,ภาคกลาง,นครนายก,ในเขตเทศบาล,หญิง,20 - 24 ปี,1058,คน,สำนักงานสถิติแห่งชาติ
4366,2543,ภาคกลาง,นครนายก,นอกเขตเทศบาล,รวม,20 - 24 ปี,16283,คน,สำนักงานสถิติแห่งชาติ
4367,2543,ภาคกลาง,นครนายก,นอกเขตเทศบาล,ชาย,20 - 24 ปี,8890,คน,สำนักงานสถิติแห่งชาติ
4368,2543,ภาคกลาง,นครนายก,นอกเขตเทศบาล,หญิง,20 - 24 ปี,7393,คน,สำนักงานสถิติแห่งชาติ
4369,2553,ภาคกลาง,นครนายก,รวม,รวม,20 - 24 ปี,18763,คน,สำนักงานสถิติแห่งชาติ
4370,2553,ภาคกลาง,นครนายก,รวม,ชาย,20 - 24 ปี,10220,คน,สำนักงานสถิติแห่งชาติ
4371,2553,ภาคกลาง,นครนายก,รวม,หญิง,20 - 24 ปี,8543,คน,สำนักงานสถิติแห่งชาติ
4372,2553,ภาคกลาง,นครนายก,ในเขตเทศบาล,รวม,20 - 24 ปี,1688,คน,สำนักงานสถิติแห่งชาติ
4373,2553,ภาคกลาง,นครนายก,ในเขตเทศบาล,ชาย,20 - 24 ปี,895,คน,สำนักงานสถิติแห่งชาติ
4374,2553,ภาคกลาง,นครนายก,ในเขตเทศบาล,หญิง,20 - 24 ปี,793,คน,สำนักงานสถิติแห่งชาติ
4375,2553,ภาคกลาง,นครนายก,นอกเขตเทศบาล,รวม,20 - 24 ปี,9325,คน,สำนักงานสถิติแห่งชาติ
4376,2553,ภาคกลาง,นครนายก,นอกเขตเทศบาล,ชาย,20 - 24 ปี,9325,คน,สำนักงานสถิติแห่งชาติ
4377,2553,ภาคกลาง,นครนายก,นอกเขตเทศบาล,หญิง,20 - 24 ปี,7750,คน,สำนักงานสถิติแห่งชาติ
4378,2533,ภาคกลาง,นครนายก,รวม,รวม,25 - 29 ปี,16765,คน,สำนักงานสถิติแห่งชาติ
4379,2533,ภาคกลาง,นครนายก,รวม,ชาย,25 - 29 ปี,8107,คน,สำนักงานสถิติแห่งชาติ
4380,2533,ภาคกลาง,นครนายก,รวม,หญิง,25 - 29 ปี,8658,คน,สำนักงานสถิติแห่งชาติ
4381,2533,ภาคกลาง,นครนายก,ในเขตเทศบาล,รวม,25 - 29 ปี,1707,คน,สำนักงานสถิติแห่งชาติ
4382,2533,ภาคกลาง,นครนายก,ในเขตเทศบาล,ชาย,25 - 29 ปี,831,คน,สำนักงานสถิติแห่งชาติ
4383,2533,ภาคกลาง,นครนายก,ในเขตเทศบาล,หญิง,25 - 29 ปี,876,คน,สำนักงานสถิติแห่งชาติ
4384,2533,ภาคกลาง,นครนายก,นอกเขตเทศบาล,รวม,25 - 29 ปี,15058,คน,สำนักงานสถิติแห่งชาติ
4385,2533,ภาคกลาง,นครนายก,นอกเขตเทศบาล,ชาย,25 - 29 ปี,7276,คน,สำนักงานสถิติแห่งชาติ
4386,2533,ภาคกลาง,นครนายก,นอกเขตเทศบาล,หญิง,25 - 29 ปี,7782,คน,สำนักงานสถิติแห่งชาติ
4387,2543,ภาคกลาง,นครนายก,รวม,รวม,25 - 29 ปี,17938,คน,สำนักงานสถิติแห่งชาติ
4388,2543,ภาคกลาง,นครนายก,รวม,ชาย,25 - 29 ปี,8990,คน,สำนักงานสถิติแห่งชาติ
4389,2543,ภาคกลาง,นครนายก,รวม,หญิง,25 - 29 ปี,8948,คน,สำนักงานสถิติแห่งชาติ
4390,2543,ภาคกลาง,นครนายก,ในเขตเทศบาล,รวม,25 - 29 ปี,2363,คน,สำนักงานสถิติแห่งชาติ
4391,2543,ภาคกลาง,นครนายก,ในเขตเทศบาล,ชาย,25 - 29 ปี,1203,คน,สำนักงานสถิติแห่งชาติ
4392,2543,ภาคกลาง,นครนายก,ในเขตเทศบาล,หญิง,25 - 29 ปี,1160,คน,สำนักงานสถิติแห่งชาติ
4393,2543,ภาคกลาง,นครนายก,นอกเขตเทศบาล,รวม,25 - 29 ปี,15575,คน,สำนักงานสถิติแห่งชาติ
4394,2543,ภาคกลาง,นครนายก,นอกเขตเทศบาล,ชาย,25 - 29 ปี,7787,คน,สำนักงานสถิติแห่งชาติ
4395,2543,ภาคกลาง,นครนายก,นอกเขตเทศบาล,หญิง,25 - 29 ปี,7788,คน,สำนักงานสถิติแห่งชาติ
4396,2553,ภาคกลาง,นครนายก,รวม,รวม,25 - 29 ปี,16357,คน,สำนักงานสถิติแห่งชาติ
4397,2553,ภาคกลาง,นครนายก,รวม,ชาย,25 - 29 ปี,8551,คน,สำนักงานสถิติแห่งชาติ
4398,2553,ภาคกลาง,นครนายก,รวม,หญิง,25 - 29 ปี,7806,คน,สำนักงานสถิติแห่งชาติ
4399,2553,ภาคกลาง,นครนายก,ในเขตเทศบาล,รวม,25 - 29 ปี,2033,คน,สำนักงานสถิติแห่งชาติ
4400,2553,ภาคกลาง,นครนายก,ในเขตเทศบาล,ชาย,25 - 29 ปี,1047,คน,สำนักงานสถิติแห่งชาติ
4401,2553,ภาคกลาง,นครนายก,ในเขตเทศบาล,หญิง,25 - 29 ปี,986,คน,สำนักงานสถิติแห่งชาติ
4402,2553,ภาคกลาง,นครนายก,นอกเขตเทศบาล,รวม,25 - 29 ปี,7504,คน,สำนักงานสถิติแห่งชาติ
4403,2553,ภาคกลาง,นครนายก,นอกเขตเทศบาล,ชาย,25 - 29 ปี,7504,คน,สำนักงานสถิติแห่งชาติ
4404,2553,ภาคกลาง,นครนายก,นอกเขตเทศบาล,หญิง,25 - 29 ปี,6820,คน,สำนักงานสถิติแห่งชาติ
4405,2533,ภาคกลาง,นครนายก,รวม,รวม,30 - 34 ปี,16762,คน,สำนักงานสถิติแห่งชาติ
4406,2533,ภาคกลาง,นครนายก,รวม,ชาย,30 - 34 ปี,7813,คน,สำนักงานสถิติแห่งชาติ
4407,2533,ภาคกลาง,นครนายก,รวม,หญิง,30 - 34 ปี,8949,คน,สำนักงานสถิติแห่งชาติ
4408,2533,ภาคกลาง,นครนายก,ในเขตเทศบาล,รวม,30 - 34 ปี,1732,คน,สำนักงานสถิติแห่งชาติ
4409,2533,ภาคกลาง,นครนายก,ในเขตเทศบาล,ชาย,30 - 34 ปี,816,คน,สำนักงานสถิติแห่งชาติ
4410,2533,ภาคกลาง,นครนายก,ในเขตเทศบาล,หญิง,30 - 34 ปี,916,คน,สำนักงานสถิติแห่งชาติ
4411,2533,ภาคกลาง,นครนายก,นอกเขตเทศบาล,รวม,30 - 34 ปี,15030,คน,สำนักงานสถิติแห่งชาติ
4412,2533,ภาคกลาง,นครนายก,นอกเขตเทศบาล,ชาย,30 - 34 ปี,6997,คน,สำนักงานสถิติแห่งชาติ
4413,2533,ภาคกลาง,นครนายก,นอกเขตเทศบาล,หญิง,30 - 34 ปี,8033,คน,สำนักงานสถิติแห่งชาติ
4414,2543,ภาคกลาง,นครนายก,รวม,รวม,30 - 34 ปี,20518,คน,สำนักงานสถิติแห่งชาติ
4415,2543,ภาคกลาง,นครนายก,รวม,ชาย,30 - 34 ปี,9923,คน,สำนักงานสถิติแห่งชาติ
4416,2543,ภาคกลาง,นครนายก,รวม,หญิง,30 - 34 ปี,10595,คน,สำนักงานสถิติแห่งชาติ
4417,2543,ภาคกลาง,นครนายก,ในเขตเทศบาล,รวม,30 - 34 ปี,2680,คน,สำนักงานสถิติแห่งชาติ
4418,2543,ภาคกลาง,นครนายก,ในเขตเทศบาล,ชาย,30 - 34 ปี,1264,คน,สำนักงานสถิติแห่งชาติ
4419,2543,ภาคกลาง,นครนายก,ในเขตเทศบาล,หญิง,30 - 34 ปี,1416,คน,สำนักงานสถิติแห่งชาติ
4420,2543,ภาคกลาง,นครนายก,นอกเขตเทศบาล,รวม,30 - 34 ปี,17838,คน,สำนักงานสถิติแห่งชาติ
4421,2543,ภาคกลาง,นครนายก,นอกเขตเทศบาล,ชาย,30 - 34 ปี,8659,คน,สำนักงานสถิติแห่งชาติ
4422,2543,ภาคกลาง,นครนายก,นอกเขตเทศบาล,หญิง,30 - 34 ปี,9179,คน,สำนักงานสถิติแห่งชาติ
4423,2553,ภาคกลาง,นครนายก,รวม,รวม,30 - 34 ปี,17051,คน,สำนักงานสถิติแห่งชาติ
4424,2553,ภาคกลาง,นครนายก,รวม,ชาย,30 - 34 ปี,8632,คน,สำนักงานสถิติแห่งชาติ
4425,2553,ภาคกลาง,นครนายก,รวม,หญิง,30 - 34 ปี,8419,คน,สำนักงานสถิติแห่งชาติ
4426,2553,ภาคกลาง,นครนายก,ในเขตเทศบาล,รวม,30 - 34 ปี,2173,คน,สำนักงานสถิติแห่งชาติ
4427,2553,ภาคกลาง,นครนายก,ในเขตเทศบาล,ชาย,30 - 34 ปี,1103,คน,สำนักงานสถิติแห่งชาติ
4428,2553,ภาคกลาง,นครนายก,ในเขตเทศบาล,หญิง,30 - 34 ปี,1070,คน,สำนักงานสถิติแห่งชาติ
4429,2553,ภาคกลาง,นครนายก,นอกเขตเทศบาล,รวม,30 - 34 ปี,7529,คน,สำนักงานสถิติแห่งชาติ
4430,2553,ภาคกลาง,นครนายก,นอกเขตเทศบาล,ชาย,30 - 34 ปี,7529,คน,สำนักงานสถิติแห่งชาติ
4431,2553,ภาคกลาง,นครนายก,นอกเขตเทศบาล,หญิง,30 - 34 ปี,7349,คน,สำนักงานสถิติแห่งชาติ
4432,2533,ภาคกลาง,นครนายก,รวม,รวม,35 - 39 ปี,15574,คน,สำนักงานสถิติแห่งชาติ
4433,2533,ภาคกลาง,นครนายก,รวม,ชาย,35 - 39 ปี,7284,คน,สำนักงานสถิติแห่งชาติ
4434,2533,ภาคกลาง,นครนายก,รวม,หญิง,35 - 39 ปี,8290,คน,สำนักงานสถิติแห่งชาติ
4435,2533,ภาคกลาง,นครนายก,ในเขตเทศบาล,รวม,35 - 39 ปี,1498,คน,สำนักงานสถิติแห่งชาติ
4436,2533,ภาคกลาง,นครนายก,ในเขตเทศบาล,ชาย,35 - 39 ปี,687,คน,สำนักงานสถิติแห่งชาติ
4437,2533,ภาคกลาง,นครนายก,ในเขตเทศบาล,หญิง,35 - 39 ปี,811,คน,สำนักงานสถิติแห่งชาติ
4438,2533,ภาคกลาง,นครนายก,นอกเขตเทศบาล,รวม,35 - 39 ปี,14076,คน,สำนักงานสถิติแห่งชาติ
4439,2533,ภาคกลาง,นครนายก,นอกเขตเทศบาล,ชาย,35 - 39 ปี,6597,คน,สำนักงานสถิติแห่งชาติ
4440,2533,ภาคกลาง,นครนายก,นอกเขตเทศบาล,หญิง,35 - 39 ปี,7479,คน,สำนักงานสถิติแห่งชาติ
4441,2543,ภาคกลาง,นครนายก,รวม,รวม,35 - 39 ปี,20004,คน,สำนักงานสถิติแห่งชาติ
4442,2543,ภาคกลาง,นครนายก,รวม,ชาย,35 - 39 ปี,9779,คน,สำนักงานสถิติแห่งชาติ
4443,2543,ภาคกลาง,นครนายก,รวม,หญิง,35 - 39 ปี,10225,คน,สำนักงานสถิติแห่งชาติ
4444,2543,ภาคกลาง,นครนายก,ในเขตเทศบาล,รวม,35 - 39 ปี,2782,คน,สำนักงานสถิติแห่งชาติ
4445,2543,ภาคกลาง,นครนายก,ในเขตเทศบาล,ชาย,35 - 39 ปี,1269,คน,สำนักงานสถิติแห่งชาติ
4446,2543,ภาคกลาง,นครนายก,ในเขตเทศบาล,หญิง,35 - 39 ปี,1513,คน,สำนักงานสถิติแห่งชาติ
4447,2543,ภาคกลาง,นครนายก,นอกเขตเทศบาล,รวม,35 - 39 ปี,17222,คน,สำนักงานสถิติแห่งชาติ
4448,2543,ภาคกลาง,นครนายก,นอกเขตเทศบาล,ชาย,35 - 39 ปี,8510,คน,สำนักงานสถิติแห่งชาติ
4449,2543,ภาคกลาง,นครนายก,นอกเขตเทศบาล,หญิง,35 - 39 ปี,8712,คน,สำนักงานสถิติแห่งชาติ
4450,2553,ภาคกลาง,นครนายก,รวม,รวม,35 - 39 ปี,17852,คน,สำนักงานสถิติแห่งชาติ
4451,2553,ภาคกลาง,นครนายก,รวม,ชาย,35 - 39 ปี,8709,คน,สำนักงานสถิติแห่งชาติ
4452,2553,ภาคกลาง,นครนายก,รวม,หญิง,35 - 39 ปี,9143,คน,สำนักงานสถิติแห่งชาติ
4453,2553,ภาคกลาง,นครนายก,ในเขตเทศบาล,รวม,35 - 39 ปี,2159,คน,สำนักงานสถิติแห่งชาติ
4454,2553,ภาคกลาง,นครนายก,ในเขตเทศบาล,ชาย,35 - 39 ปี,1037,คน,สำนักงานสถิติแห่งชาติ
4455,2553,ภาคกลาง,นครนายก,ในเขตเทศบาล,หญิง,35 - 39 ปี,1122,คน,สำนักงานสถิติแห่งชาติ
4456,2553,ภาคกลาง,นครนายก,นอกเขตเทศบาล,รวม,35 - 39 ปี,7672,คน,สำนักงานสถิติแห่งชาติ
4457,2553,ภาคกลาง,นครนายก,นอกเขตเทศบาล,ชาย,35 - 39 ปี,7672,คน,สำนักงานสถิติแห่งชาติ
4458,2553,ภาคกลาง,นครนายก,นอกเขตเทศบาล,หญิง,35 - 39 ปี,8021,คน,สำนักงานสถิติแห่งชาติ
4459,2533,ภาคกลาง,นครนายก,รวม,รวม,40 - 44 ปี,12809,คน,สำนักงานสถิติแห่งชาติ
4460,2533,ภาคกลาง,นครนายก,รวม,ชาย,40 - 44 ปี,5954,คน,สำนักงานสถิติแห่งชาติ
4461,2533,ภาคกลาง,นครนายก,รวม,หญิง,40 - 44 ปี,6855,คน,สำนักงานสถิติแห่งชาติ
4462,2533,ภาคกลาง,นครนายก,ในเขตเทศบาล,รวม,40 - 44 ปี,1081,คน,สำนักงานสถิติแห่งชาติ
4463,2533,ภาคกลาง,นครนายก,ในเขตเทศบาล,ชาย,40 - 44 ปี,476,คน,สำนักงานสถิติแห่งชาติ
4464,2533,ภาคกลาง,นครนายก,ในเขตเทศบาล,หญิง,40 - 44 ปี,605,คน,สำนักงานสถิติแห่งชาติ
4465,2533,ภาคกลาง,นครนายก,นอกเขตเทศบาล,รวม,40 - 44 ปี,11728,คน,สำนักงานสถิติแห่งชาติ
4466,2533,ภาคกลาง,นครนายก,นอกเขตเทศบาล,ชาย,40 - 44 ปี,5478,คน,สำนักงานสถิติแห่งชาติ
4467,2533,ภาคกลาง,นครนายก,นอกเขตเทศบาล,หญิง,40 - 44 ปี,6250,คน,สำนักงานสถิติแห่งชาติ
4468,2543,ภาคกลาง,นครนายก,รวม,รวม,40 - 44 ปี,18563,คน,สำนักงานสถิติแห่งชาติ
4469,2543,ภาคกลาง,นครนายก,รวม,ชาย,40 - 44 ปี,9011,คน,สำนักงานสถิติแห่งชาติ
4470,2543,ภาคกลาง,นครนายก,รวม,หญิง,40 - 44 ปี,9552,คน,สำนักงานสถิติแห่งชาติ
4471,2543,ภาคกลาง,นครนายก,ในเขตเทศบาล,รวม,40 - 44 ปี,2671,คน,สำนักงานสถิติแห่งชาติ
4472,2543,ภาคกลาง,นครนายก,ในเขตเทศบาล,ชาย,40 - 44 ปี,1278,คน,สำนักงานสถิติแห่งชาติ
4473,2543,ภาคกลาง,นครนายก,ในเขตเทศบาล,หญิง,40 - 44 ปี,1393,คน,สำนักงานสถิติแห่งชาติ
4474,2543,ภาคกลาง,นครนายก,นอกเขตเทศบาล,รวม,40 - 44 ปี,15892,คน,สำนักงานสถิติแห่งชาติ
4475,2543,ภาคกลาง,นครนายก,นอกเขตเทศบาล,ชาย,40 - 44 ปี,7733,คน,สำนักงานสถิติแห่งชาติ
4476,2543,ภาคกลาง,นครนายก,นอกเขตเทศบาล,หญิง,40 - 44 ปี,8159,คน,สำนักงานสถิติแห่งชาติ
4477,2553,ภาคกลาง,นครนายก,รวม,รวม,40 - 44 ปี,19225,คน,สำนักงานสถิติแห่งชาติ
4478,2553,ภาคกลาง,นครนายก,รวม,ชาย,40 - 44 ปี,9103,คน,สำนักงานสถิติแห่งชาติ
4479,2553,ภาคกลาง,นครนายก,รวม,หญิง,40 - 44 ปี,10122,คน,สำนักงานสถิติแห่งชาติ
4480,2553,ภาคกลาง,นครนายก,ในเขตเทศบาล,รวม,40 - 44 ปี,2217,คน,สำนักงานสถิติแห่งชาติ
4481,2553,ภาคกลาง,นครนายก,ในเขตเทศบาล,ชาย,40 - 44 ปี,1024,คน,สำนักงานสถิติแห่งชาติ
4482,2553,ภาคกลาง,นครนายก,ในเขตเทศบาล,หญิง,40 - 44 ปี,1193,คน,สำนักงานสถิติแห่งชาติ
4483,2553,ภาคกลาง,นครนายก,นอกเขตเทศบาล,รวม,40 - 44 ปี,8079,คน,สำนักงานสถิติแห่งชาติ
4484,2553,ภาคกลาง,นครนายก,นอกเขตเทศบาล,ชาย,40 - 44 ปี,8079,คน,สำนักงานสถิติแห่งชาติ
4485,2553,ภาคกลาง,นครนายก,นอกเขตเทศบาล,หญิง,40 - 44 ปี,8929,คน,สำนักงานสถิติแห่งชาติ
4486,2533,ภาคกลาง,นครนายก,รวม,รวม,45 - 49 ปี,11810,คน,สำนักงานสถิติแห่งชาติ
4487,2533,ภาคกลาง,นครนายก,รวม,ชาย,45 - 49 ปี,5366,คน,สำนักงานสถิติแห่งชาติ
4488,2533,ภาคกลาง,นครนายก,รวม,หญิง,45 - 49 ปี,6444,คน,สำนักงานสถิติแห่งชาติ
4489,2533,ภาคกลาง,นครนายก,ในเขตเทศบาล,รวม,45 - 49 ปี,917,คน,สำนักงานสถิติแห่งชาติ
4490,2533,ภาคกลาง,นครนายก,ในเขตเทศบาล,ชาย,45 - 49 ปี,441,คน,สำนักงานสถิติแห่งชาติ
4491,2533,ภาคกลาง,นครนายก,ในเขตเทศบาล,หญิง,45 - 49 ปี,476,คน,สำนักงานสถิติแห่งชาติ
4492,2533,ภาคกลาง,นครนายก,นอกเขตเทศบาล,รวม,45 - 49 ปี,10893,คน,สำนักงานสถิติแห่งชาติ
4493,2533,ภาคกลาง,นครนายก,นอกเขตเทศบาล,ชาย,45 - 49 ปี,4925,คน,สำนักงานสถิติแห่งชาติ
4494,2533,ภาคกลาง,นครนายก,นอกเขตเทศบาล,หญิง,45 - 49 ปี,5968,คน,สำนักงานสถิติแห่งชาติ
4495,2543,ภาคกลาง,นครนายก,รวม,รวม,45 - 49 ปี,15356,คน,สำนักงานสถิติแห่งชาติ
4496,2543,ภาคกลาง,นครนายก,รวม,ชาย,45 - 49 ปี,7276,คน,สำนักงานสถิติแห่งชาติ
4497,2543,ภาคกลาง,นครนายก,รวม,หญิง,45 - 49 ปี,8080,คน,สำนักงานสถิติแห่งชาติ
4498,2543,ภาคกลาง,นครนายก,ในเขตเทศบาล,รวม,45 - 49 ปี,2157,คน,สำนักงานสถิติแห่งชาติ
4499,2543,ภาคกลาง,นครนายก,ในเขตเทศบาล,ชาย,45 - 49 ปี,954,คน,สำนักงานสถิติแห่งชาติ
4500,2543,ภาคกลาง,นครนายก,ในเขตเทศบาล,หญิง,45 - 49 ปี,1203,คน,สำนักงานสถิติแห่งชาติ
4501,2543,ภาคกลาง,นครนายก,นอกเขตเทศบาล,รวม,45 - 49 ปี,13199,คน,สำนักงานสถิติแห่งชาติ
4502,2543,ภาคกลาง,นครนายก,นอกเขตเทศบาล,ชาย,45 - 49 ปี,6322,คน,สำนักงานสถิติแห่งชาติ
4503,2543,ภาคกลาง,นครนายก,นอกเขตเทศบาล,หญิง,45 - 49 ปี,6877,คน,สำนักงานสถิติแห่งชาติ
4504,2553,ภาคกลาง,นครนายก,รวม,รวม,45 - 49 ปี,19033,คน,สำนักงานสถิติแห่งชาติ
4505,2553,ภาคกลาง,นครนายก,รวม,ชาย,45 - 49 ปี,9206,คน,สำนักงานสถิติแห่งชาติ
4506,2553,ภาคกลาง,นครนายก,รวม,หญิง,45 - 49 ปี,9827,คน,สำนักงานสถิติแห่งชาติ
4507,2553,ภาคกลาง,นครนายก,ในเขตเทศบาล,รวม,45 - 49 ปี,2344,คน,สำนักงานสถิติแห่งชาติ
4508,2553,ภาคกลาง,นครนายก,ในเขตเทศบาล,ชาย,45 - 49 ปี,1062,คน,สำนักงานสถิติแห่งชาติ
4509,2553,ภาคกลาง,นครนายก,ในเขตเทศบาล,หญิง,45 - 49 ปี,1282,คน,สำนักงานสถิติแห่งชาติ
4510,2553,ภาคกลาง,นครนายก,นอกเขตเทศบาล,รวม,45 - 49 ปี,8144,คน,สำนักงานสถิติแห่งชาติ
4511,2553,ภาคกลาง,นครนายก,นอกเขตเทศบาล,ชาย,45 - 49 ปี,8144,คน,สำนักงานสถิติแห่งชาติ
4512,2553,ภาคกลาง,นครนายก,นอกเขตเทศบาล,หญิง,45 - 49 ปี,8545,คน,สำนักงานสถิติแห่งชาติ
4513,2533,ภาคกลาง,นครนายก,รวม,รวม,50 - 54 ปี,11967,คน,สำนักงานสถิติแห่งชาติ
4514,2533,ภาคกลาง,นครนายก,รวม,ชาย,50 - 54 ปี,5597,คน,สำนักงานสถิติแห่งชาติ
4515,2533,ภาคกลาง,นครนายก,รวม,หญิง,50 - 54 ปี,6370,คน,สำนักงานสถิติแห่งชาติ
4516,2533,ภาคกลาง,นครนายก,ในเขตเทศบาล,รวม,50 - 54 ปี,907,คน,สำนักงานสถิติแห่งชาติ
4517,2533,ภาคกลาง,นครนายก,ในเขตเทศบาล,ชาย,50 - 54 ปี,405,คน,สำนักงานสถิติแห่งชาติ
4518,2533,ภาคกลาง,นครนายก,ในเขตเทศบาล,หญิง,50 - 54 ปี,502,คน,สำนักงานสถิติแห่งชาติ
4519,2533,ภาคกลาง,นครนายก,นอกเขตเทศบาล,รวม,50 - 54 ปี,11060,คน,สำนักงานสถิติแห่งชาติ
4520,2533,ภาคกลาง,นครนายก,นอกเขตเทศบาล,ชาย,50 - 54 ปี,5192,คน,สำนักงานสถิติแห่งชาติ
4521,2533,ภาคกลาง,นครนายก,นอกเขตเทศบาล,หญิง,50 - 54 ปี,5868,คน,สำนักงานสถิติแห่งชาติ
4522,2543,ภาคกลาง,นครนายก,รวม,รวม,50 - 54 ปี,11914,คน,สำนักงานสถิติแห่งชาติ
4523,2543,ภาคกลาง,นครนายก,รวม,ชาย,50 - 54 ปี,5531,คน,สำนักงานสถิติแห่งชาติ
4524,2543,ภาคกลาง,นครนายก,รวม,หญิง,50 - 54 ปี,6383,คน,สำนักงานสถิติแห่งชาติ
4525,2543,ภาคกลาง,นครนายก,ในเขตเทศบาล,รวม,50 - 54 ปี,1611,คน,สำนักงานสถิติแห่งชาติ
4526,2543,ภาคกลาง,นครนายก,ในเขตเทศบาล,ชาย,50 - 54 ปี,759,คน,สำนักงานสถิติแห่งชาติ
4527,2543,ภาคกลาง,นครนายก,ในเขตเทศบาล,หญิง,50 - 54 ปี,852,คน,สำนักงานสถิติแห่งชาติ
4528,2543,ภาคกลาง,นครนายก,นอกเขตเทศบาล,รวม,50 - 54 ปี,10303,คน,สำนักงานสถิติแห่งชาติ
4529,2543,ภาคกลาง,นครนายก,นอกเขตเทศบาล,ชาย,50 - 54 ปี,4772,คน,สำนักงานสถิติแห่งชาติ
4530,2543,ภาคกลาง,นครนายก,นอกเขตเทศบาล,หญิง,50 - 54 ปี,5531,คน,สำนักงานสถิติแห่งชาติ
4531,2553,ภาคกลาง,นครนายก,รวม,รวม,50 - 54 ปี,16818,คน,สำนักงานสถิติแห่งชาติ
4532,2553,ภาคกลาง,นครนายก,รวม,ชาย,50 - 54 ปี,8013,คน,สำนักงานสถิติแห่งชาติ
4533,2553,ภาคกลาง,นครนายก,รวม,หญิง,50 - 54 ปี,8805,คน,สำนักงานสถิติแห่งชาติ
4534,2553,ภาคกลาง,นครนายก,ในเขตเทศบาล,รวม,50 - 54 ปี,2282,คน,สำนักงานสถิติแห่งชาติ
4535,2553,ภาคกลาง,นครนายก,ในเขตเทศบาล,ชาย,50 - 54 ปี,1056,คน,สำนักงานสถิติแห่งชาติ
4536,2553,ภาคกลาง,นครนายก,ในเขตเทศบาล,หญิง,50 - 54 ปี,1226,คน,สำนักงานสถิติแห่งชาติ
4537,2553,ภาคกลาง,นครนายก,นอกเขตเทศบาล,รวม,50 - 54 ปี,6957,คน,สำนักงานสถิติแห่งชาติ
4538,2553,ภาคกลาง,นครนายก,นอกเขตเทศบาล,ชาย,50 - 54 ปี,6957,คน,สำนักงานสถิติแห่งชาติ
4539,2553,ภาคกลาง,นครนายก,นอกเขตเทศบาล,หญิง,50 - 54 ปี,7579,คน,สำนักงานสถิติแห่งชาติ
4540,2533,ภาคกลาง,นครนายก,รวม,รวม,55 - 59 ปี,10225,คน,สำนักงานสถิติแห่งชาติ
4541,2533,ภาคกลาง,นครนายก,รวม,ชาย,55 - 59 ปี,4793,คน,สำนักงานสถิติแห่งชาติ
4542,2533,ภาคกลาง,นครนายก,รวม,หญิง,55 - 59 ปี,5432,คน,สำนักงานสถิติแห่งชาติ
4543,2533,ภาคกลาง,นครนายก,ในเขตเทศบาล,รวม,55 - 59 ปี,776,คน,สำนักงานสถิติแห่งชาติ
4544,2533,ภาคกลาง,นครนายก,ในเขตเทศบาล,ชาย,55 - 59 ปี,337,คน,สำนักงานสถิติแห่งชาติ
4545,2533,ภาคกลาง,นครนายก,ในเขตเทศบาล,หญิง,55 - 59 ปี,439,คน,สำนักงานสถิติแห่งชาติ
4546,2533,ภาคกลาง,นครนายก,นอกเขตเทศบาล,รวม,55 - 59 ปี,9449,คน,สำนักงานสถิติแห่งชาติ
4547,2533,ภาคกลาง,นครนายก,นอกเขตเทศบาล,ชาย,55 - 59 ปี,4456,คน,สำนักงานสถิติแห่งชาติ
4548,2533,ภาคกลาง,นครนายก,นอกเขตเทศบาล,หญิง,55 - 59 ปี,4993,คน,สำนักงานสถิติแห่งชาติ
4549,2543,ภาคกลาง,นครนายก,รวม,รวม,55 - 59 ปี,10488,คน,สำนักงานสถิติแห่งชาติ
4550,2543,ภาคกลาง,นครนายก,รวม,ชาย,55 - 59 ปี,4798,คน,สำนักงานสถิติแห่งชาติ
4551,2543,ภาคกลาง,นครนายก,รวม,หญิง,55 - 59 ปี,5690,คน,สำนักงานสถิติแห่งชาติ
4552,2543,ภาคกลาง,นครนายก,ในเขตเทศบาล,รวม,55 - 59 ปี,1252,คน,สำนักงานสถิติแห่งชาติ
4553,2543,ภาคกลาง,นครนายก,ในเขตเทศบาล,ชาย,55 - 59 ปี,556,คน,สำนักงานสถิติแห่งชาติ
4554,2543,ภาคกลาง,นครนายก,ในเขตเทศบาล,หญิง,55 - 59 ปี,696,คน,สำนักงานสถิติแห่งชาติ
4555,2543,ภาคกลาง,นครนายก,นอกเขตเทศบาล,รวม,55 - 59 ปี,9236,คน,สำนักงานสถิติแห่งชาติ
4556,2543,ภาคกลาง,นครนายก,นอกเขตเทศบาล,ชาย,55 - 59 ปี,4242,คน,สำนักงานสถิติแห่งชาติ
4557,2543,ภาคกลาง,นครนายก,นอกเขตเทศบาล,หญิง,55 - 59 ปี,4994,คน,สำนักงานสถิติแห่งชาติ
4558,2553,ภาคกลาง,นครนายก,รวม,รวม,55 - 59 ปี,14175,คน,สำนักงานสถิติแห่งชาติ
4559,2553,ภาคกลาง,นครนายก,รวม,ชาย,55 - 59 ปี,6496,คน,สำนักงานสถิติแห่งชาติ
4560,2553,ภาคกลาง,นครนายก,รวม,หญิง,55 - 59 ปี,7679,คน,สำนักงานสถิติแห่งชาติ
4561,2553,ภาคกลาง,นครนายก,ในเขตเทศบาล,รวม,55 - 59 ปี,1844,คน,สำนักงานสถิติแห่งชาติ
4562,2553,ภาคกลาง,นครนายก,ในเขตเทศบาล,ชาย,55 - 59 ปี,782,คน,สำนักงานสถิติแห่งชาติ
4563,2553,ภาคกลาง,นครนายก,ในเขตเทศบาล,หญิง,55 - 59 ปี,1062,คน,สำนักงานสถิติแห่งชาติ
4564,2553,ภาคกลาง,นครนายก,นอกเขตเทศบาล,รวม,55 - 59 ปี,5714,คน,สำนักงานสถิติแห่งชาติ
4565,2553,ภาคกลาง,นครนายก,นอกเขตเทศบาล,ชาย,55 - 59 ปี,5714,คน,สำนักงานสถิติแห่งชาติ
4566,2553,ภาคกลาง,นครนายก,นอกเขตเทศบาล,หญิง,55 - 59 ปี,6617,คน,สำนักงานสถิติแห่งชาติ
4567,2533,ภาคกลาง,นครนายก,รวม,รวม,60 - 64 ปี,8572,คน,สำนักงานสถิติแห่งชาติ
4568,2533,ภาคกลาง,นครนายก,รวม,ชาย,60 - 64 ปี,3946,คน,สำนักงานสถิติแห่งชาติ
4569,2533,ภาคกลาง,นครนายก,รวม,หญิง,60 - 64 ปี,4626,คน,สำนักงานสถิติแห่งชาติ
4570,2533,ภาคกลาง,นครนายก,ในเขตเทศบาล,รวม,60 - 64 ปี,567,คน,สำนักงานสถิติแห่งชาติ
4571,2533,ภาคกลาง,นครนายก,ในเขตเทศบาล,ชาย,60 - 64 ปี,266,คน,สำนักงานสถิติแห่งชาติ
4572,2533,ภาคกลาง,นครนายก,ในเขตเทศบาล,หญิง,60 - 64 ปี,301,คน,สำนักงานสถิติแห่งชาติ
4573,2533,ภาคกลาง,นครนายก,นอกเขตเทศบาล,รวม,60 - 64 ปี,8005,คน,สำนักงานสถิติแห่งชาติ
4574,2533,ภาคกลาง,นครนายก,นอกเขตเทศบาล,ชาย,60 - 64 ปี,3680,คน,สำนักงานสถิติแห่งชาติ
4575,2533,ภาคกลาง,นครนายก,นอกเขตเทศบาล,หญิง,60 - 64 ปี,4325,คน,สำนักงานสถิติแห่งชาติ
4576,2543,ภาคกลาง,นครนายก,รวม,รวม,60 - 64 ปี,9907,คน,สำนักงานสถิติแห่งชาติ
4577,2543,ภาคกลาง,นครนายก,รวม,ชาย,60 - 64 ปี,4613,คน,สำนักงานสถิติแห่งชาติ
4578,2543,ภาคกลาง,นครนายก,รวม,หญิง,60 - 64 ปี,5294,คน,สำนักงานสถิติแห่งชาติ
4579,2543,ภาคกลาง,นครนายก,ในเขตเทศบาล,รวม,60 - 64 ปี,1167,คน,สำนักงานสถิติแห่งชาติ
4580,2543,ภาคกลาง,นครนายก,ในเขตเทศบาล,ชาย,60 - 64 ปี,488,คน,สำนักงานสถิติแห่งชาติ
4581,2543,ภาคกลาง,นครนายก,ในเขตเทศบาล,หญิง,60 - 64 ปี,679,คน,สำนักงานสถิติแห่งชาติ
4582,2543,ภาคกลาง,นครนายก,นอกเขตเทศบาล,รวม,60 - 64 ปี,8740,คน,สำนักงานสถิติแห่งชาติ
4583,2543,ภาคกลาง,นครนายก,นอกเขตเทศบาล,ชาย,60 - 64 ปี,4125,คน,สำนักงานสถิติแห่งชาติ
4584,2543,ภาคกลาง,นครนายก,นอกเขตเทศบาล,หญิง,60 - 64 ปี,4615,คน,สำนักงานสถิติแห่งชาติ
4585,2553,ภาคกลาง,นครนายก,รวม,รวม,60 - 64 ปี,11033,คน,สำนักงานสถิติแห่งชาติ
4586,2553,ภาคกลาง,นครนายก,รวม,ชาย,60 - 64 ปี,5083,คน,สำนักงานสถิติแห่งชาติ
4587,2553,ภาคกลาง,นครนายก,รวม,หญิง,60 - 64 ปี,5950,คน,สำนักงานสถิติแห่งชาติ
4588,2553,ภาคกลาง,นครนายก,ในเขตเทศบาล,รวม,60 - 64 ปี,1344,คน,สำนักงานสถิติแห่งชาติ
4589,2553,ภาคกลาง,นครนายก,ในเขตเทศบาล,ชาย,60 - 64 ปี,558,คน,สำนักงานสถิติแห่งชาติ
4590,2553,ภาคกลาง,นครนายก,ในเขตเทศบาล,หญิง,60 - 64 ปี,786,คน,สำนักงานสถิติแห่งชาติ
4591,2553,ภาคกลาง,นครนายก,นอกเขตเทศบาล,รวม,60 - 64 ปี,4525,คน,สำนักงานสถิติแห่งชาติ
4592,2553,ภาคกลาง,นครนายก,นอกเขตเทศบาล,ชาย,60 - 64 ปี,4525,คน,สำนักงานสถิติแห่งชาติ
4593,2553,ภาคกลาง,นครนายก,นอกเขตเทศบาล,หญิง,60 - 64 ปี,5164,คน,สำนักงานสถิติแห่งชาติ
4594,2533,ภาคกลาง,นครนายก,รวม,รวม,65 - 69 ปี,6055,คน,สำนักงานสถิติแห่งชาติ
4595,2533,ภาคกลาง,นครนายก,รวม,ชาย,65 - 69 ปี,2756,คน,สำนักงานสถิติแห่งชาติ
4596,2533,ภาคกลาง,นครนายก,รวม,หญิง,65 - 69 ปี,3299,คน,สำนักงานสถิติแห่งชาติ
4597,2533,ภาคกลาง,นครนายก,ในเขตเทศบาล,รวม,65 - 69 ปี,440,คน,สำนักงานสถิติแห่งชาติ
4598,2533,ภาคกลาง,นครนายก,ในเขตเทศบาล,ชาย,65 - 69 ปี,181,คน,สำนักงานสถิติแห่งชาติ
4599,2533,ภาคกลาง,นครนายก,ในเขตเทศบาล,หญิง,65 - 69 ปี,259,คน,สำนักงานสถิติแห่งชาติ
4600,2533,ภาคกลาง,นครนายก,นอกเขตเทศบาล,รวม,65 - 69 ปี,5615,คน,สำนักงานสถิติแห่งชาติ
4601,2533,ภาคกลาง,นครนายก,นอกเขตเทศบาล,ชาย,65 - 69 ปี,2575,คน,สำนักงานสถิติแห่งชาติ
4602,2533,ภาคกลาง,นครนายก,นอกเขตเทศบาล,หญิง,65 - 69 ปี,3040,คน,สำนักงานสถิติแห่งชาติ
4603,2543,ภาคกลาง,นครนายก,รวม,รวม,65 - 69 ปี,7828,คน,สำนักงานสถิติแห่งชาติ
4604,2543,ภาคกลาง,นครนายก,รวม,ชาย,65 - 69 ปี,3511,คน,สำนักงานสถิติแห่งชาติ
4605,2543,ภาคกลาง,นครนายก,รวม,หญิง,65 - 69 ปี,4317,คน,สำนักงานสถิติแห่งชาติ
4606,2543,ภาคกลาง,นครนายก,ในเขตเทศบาล,รวม,65 - 69 ปี,984,คน,สำนักงานสถิติแห่งชาติ
4607,2543,ภาคกลาง,นครนายก,ในเขตเทศบาล,ชาย,65 - 69 ปี,387,คน,สำนักงานสถิติแห่งชาติ
4608,2543,ภาคกลาง,นครนายก,ในเขตเทศบาล,หญิง,65 - 69 ปี,597,คน,สำนักงานสถิติแห่งชาติ
4609,2543,ภาคกลาง,นครนายก,นอกเขตเทศบาล,รวม,65 - 69 ปี,6844,คน,สำนักงานสถิติแห่งชาติ
4610,2543,ภาคกลาง,นครนายก,นอกเขตเทศบาล,ชาย,65 - 69 ปี,3124,คน,สำนักงานสถิติแห่งชาติ
4611,2543,ภาคกลาง,นครนายก,นอกเขตเทศบาล,หญิง,65 - 69 ปี,3720,คน,สำนักงานสถิติแห่งชาติ
4612,2553,ภาคกลาง,นครนายก,รวม,รวม,65 - 69 ปี,8634,คน,สำนักงานสถิติแห่งชาติ
4613,2553,ภาคกลาง,นครนายก,รวม,ชาย,65 - 69 ปี,3838,คน,สำนักงานสถิติแห่งชาติ
4614,2553,ภาคกลาง,นครนายก,รวม,หญิง,65 - 69 ปี,4796,คน,สำนักงานสถิติแห่งชาติ
4615,2553,ภาคกลาง,นครนายก,ในเขตเทศบาล,รวม,65 - 69 ปี,1017,คน,สำนักงานสถิติแห่งชาติ
4616,2553,ภาคกลาง,นครนายก,ในเขตเทศบาล,ชาย,65 - 69 ปี,399,คน,สำนักงานสถิติแห่งชาติ
4617,2553,ภาคกลาง,นครนายก,ในเขตเทศบาล,หญิง,65 - 69 ปี,618,คน,สำนักงานสถิติแห่งชาติ
4618,2553,ภาคกลาง,นครนายก,นอกเขตเทศบาล,รวม,65 - 69 ปี,3439,คน,สำนักงานสถิติแห่งชาติ
4619,2553,ภาคกลาง,นครนายก,นอกเขตเทศบาล,ชาย,65 - 69 ปี,3439,คน,สำนักงานสถิติแห่งชาติ
4620,2553,ภาคกลาง,นครนายก,นอกเขตเทศบาล,หญิง,65 - 69 ปี,4178,คน,สำนักงานสถิติแห่งชาติ
4621,2533,ภาคกลาง,นครนายก,รวม,รวม,70 - 74 ปี,4396,คน,สำนักงานสถิติแห่งชาติ
4622,2533,ภาคกลาง,นครนายก,รวม,ชาย,70 - 74 ปี,1943,คน,สำนักงานสถิติแห่งชาติ
4623,2533,ภาคกลาง,นครนายก,รวม,หญิง,70 - 74 ปี,2453,คน,สำนักงานสถิติแห่งชาติ
4624,2533,ภาคกลาง,นครนายก,ในเขตเทศบาล,รวม,70 - 74 ปี,335,คน,สำนักงานสถิติแห่งชาติ
4625,2533,ภาคกลาง,นครนายก,ในเขตเทศบาล,ชาย,70 - 74 ปี,154,คน,สำนักงานสถิติแห่งชาติ
4626,2533,ภาคกลาง,นครนายก,ในเขตเทศบาล,หญิง,70 - 74 ปี,181,คน,สำนักงานสถิติแห่งชาติ
4627,2533,ภาคกลาง,นครนายก,นอกเขตเทศบาล,รวม,70 - 74 ปี,4061,คน,สำนักงานสถิติแห่งชาติ
4628,2533,ภาคกลาง,นครนายก,นอกเขตเทศบาล,ชาย,70 - 74 ปี,1789,คน,สำนักงานสถิติแห่งชาติ
4629,2533,ภาคกลาง,นครนายก,นอกเขตเทศบาล,หญิง,70 - 74 ปี,2272,คน,สำนักงานสถิติแห่งชาติ
4630,2543,ภาคกลาง,นครนายก,รวม,รวม,70 - 74 ปี,5993,คน,สำนักงานสถิติแห่งชาติ
4631,2543,ภาคกลาง,นครนายก,รวม,ชาย,70 - 74 ปี,2596,คน,สำนักงานสถิติแห่งชาติ
4632,2543,ภาคกลาง,นครนายก,รวม,หญิง,70 - 74 ปี,3397,คน,สำนักงานสถิติแห่งชาติ
4633,2543,ภาคกลาง,นครนายก,ในเขตเทศบาล,รวม,70 - 74 ปี,742,คน,สำนักงานสถิติแห่งชาติ
4634,2543,ภาคกลาง,นครนายก,ในเขตเทศบาล,ชาย,70 - 74 ปี,312,คน,สำนักงานสถิติแห่งชาติ
4635,2543,ภาคกลาง,นครนายก,ในเขตเทศบาล,หญิง,70 - 74 ปี,430,คน,สำนักงานสถิติแห่งชาติ
4636,2543,ภาคกลาง,นครนายก,นอกเขตเทศบาล,รวม,70 - 74 ปี,5251,คน,สำนักงานสถิติแห่งชาติ
4637,2543,ภาคกลาง,นครนายก,นอกเขตเทศบาล,ชาย,70 - 74 ปี,2284,คน,สำนักงานสถิติแห่งชาติ
4638,2543,ภาคกลาง,นครนายก,นอกเขตเทศบาล,หญิง,70 - 74 ปี,2967,คน,สำนักงานสถิติแห่งชาติ
4639,2553,ภาคกลาง,นครนายก,รวม,รวม,70 - 74 ปี,7809,คน,สำนักงานสถิติแห่งชาติ
4640,2553,ภาคกลาง,นครนายก,รวม,ชาย,70 - 74 ปี,3443,คน,สำนักงานสถิติแห่งชาติ
4641,2553,ภาคกลาง,นครนายก,รวม,หญิง,70 - 74 ปี,4366,คน,สำนักงานสถิติแห่งชาติ
4642,2553,ภาคกลาง,นครนายก,ในเขตเทศบาล,รวม,70 - 74 ปี,943,คน,สำนักงานสถิติแห่งชาติ
4643,2553,ภาคกลาง,นครนายก,ในเขตเทศบาล,ชาย,70 - 74 ปี,385,คน,สำนักงานสถิติแห่งชาติ
4644,2553,ภาคกลาง,นครนายก,ในเขตเทศบาล,หญิง,70 - 74 ปี,558,คน,สำนักงานสถิติแห่งชาติ
4645,2553,ภาคกลาง,นครนายก,นอกเขตเทศบาล,รวม,70 - 74 ปี,3058,คน,สำนักงานสถิติแห่งชาติ
4646,2553,ภาคกลาง,นครนายก,นอกเขตเทศบาล,ชาย,70 - 74 ปี,3058,คน,สำนักงานสถิติแห่งชาติ
4647,2553,ภาคกลาง,นครนายก,นอกเขตเทศบาล,หญิง,70 - 74 ปี,3808,คน,สำนักงานสถิติแห่งชาติ
4648,2533,ภาคกลาง,นครนายก,รวม,รวม,75 - 79 ปี,3173,คน,สำนักงานสถิติแห่งชาติ
4649,2533,ภาคกลาง,นครนายก,รวม,ชาย,75 - 79 ปี,1220,คน,สำนักงานสถิติแห่งชาติ
4650,2533,ภาคกลาง,นครนายก,รวม,หญิง,75 - 79 ปี,1953,คน,สำนักงานสถิติแห่งชาติ
4651,2533,ภาคกลาง,นครนายก,ในเขตเทศบาล,รวม,75 - 79 ปี,234,คน,สำนักงานสถิติแห่งชาติ
4652,2533,ภาคกลาง,นครนายก,ในเขตเทศบาล,ชาย,75 - 79 ปี,94,คน,สำนักงานสถิติแห่งชาติ
4653,2533,ภาคกลาง,นครนายก,ในเขตเทศบาล,หญิง,75 - 79 ปี,140,คน,สำนักงานสถิติแห่งชาติ
4654,2533,ภาคกลาง,นครนายก,นอกเขตเทศบาล,รวม,75 - 79 ปี,2939,คน,สำนักงานสถิติแห่งชาติ
4655,2533,ภาคกลาง,นครนายก,นอกเขตเทศบาล,ชาย,75 - 79 ปี,1126,คน,สำนักงานสถิติแห่งชาติ
4656,2533,ภาคกลาง,นครนายก,นอกเขตเทศบาล,หญิง,75 - 79 ปี,1813,คน,สำนักงานสถิติแห่งชาติ
4657,2543,ภาคกลาง,นครนายก,รวม,รวม,75 - 79 ปี,3825,คน,สำนักงานสถิติแห่งชาติ
4658,2543,ภาคกลาง,นครนายก,รวม,ชาย,75 - 79 ปี,1594,คน,สำนักงานสถิติแห่งชาติ
4659,2543,ภาคกลาง,นครนายก,รวม,หญิง,75 - 79 ปี,2231,คน,สำนักงานสถิติแห่งชาติ
4660,2543,ภาคกลาง,นครนายก,ในเขตเทศบาล,รวม,75 - 79 ปี,487,คน,สำนักงานสถิติแห่งชาติ
4661,2543,ภาคกลาง,นครนายก,ในเขตเทศบาล,ชาย,75 - 79 ปี,192,คน,สำนักงานสถิติแห่งชาติ
4662,2543,ภาคกลาง,นครนายก,ในเขตเทศบาล,หญิง,75 - 79 ปี,295,คน,สำนักงานสถิติแห่งชาติ
4663,2543,ภาคกลาง,นครนายก,นอกเขตเทศบาล,รวม,75 - 79 ปี,3338,คน,สำนักงานสถิติแห่งชาติ
4664,2543,ภาคกลาง,นครนายก,นอกเขตเทศบาล,ชาย,75 - 79 ปี,1402,คน,สำนักงานสถิติแห่งชาติ
4665,2543,ภาคกลาง,นครนายก,นอกเขตเทศบาล,หญิง,75 - 79 ปี,1936,คน,สำนักงานสถิติแห่งชาติ
4666,2553,ภาคกลาง,นครนายก,รวม,รวม,75 - 79 ปี,5607,คน,สำนักงานสถิติแห่งชาติ
4667,2553,ภาคกลาง,นครนายก,รวม,ชาย,75 - 79 ปี,2410,คน,สำนักงานสถิติแห่งชาติ
4668,2553,ภาคกลาง,นครนายก,รวม,หญิง,75 - 79 ปี,3197,คน,สำนักงานสถิติแห่งชาติ
4669,2553,ภาคกลาง,นครนายก,ในเขตเทศบาล,รวม,75 - 79 ปี,655,คน,สำนักงานสถิติแห่งชาติ
4670,2553,ภาคกลาง,นครนายก,ในเขตเทศบาล,ชาย,75 - 79 ปี,259,คน,สำนักงานสถิติแห่งชาติ
4671,2553,ภาคกลาง,นครนายก,ในเขตเทศบาล,หญิง,75 - 79 ปี,396,คน,สำนักงานสถิติแห่งชาติ
4672,2553,ภาคกลาง,นครนายก,นอกเขตเทศบาล,รวม,75 - 79 ปี,2151,คน,สำนักงานสถิติแห่งชาติ
4673,2553,ภาคกลาง,นครนายก,นอกเขตเทศบาล,ชาย,75 - 79 ปี,2151,คน,สำนักงานสถิติแห่งชาติ
4674,2553,ภาคกลาง,นครนายก,นอกเขตเทศบาล,หญิง,75 - 79 ปี,2801,คน,สำนักงานสถิติแห่งชาติ
4675,2533,ภาคกลาง,นครนายก,รวม,รวม,80 ปีขึ้นไป   ,2936,คน,สำนักงานสถิติแห่งชาติ
4676,2533,ภาคกลาง,นครนายก,รวม,ชาย,80 ปีขึ้นไป   ,1153,คน,สำนักงานสถิติแห่งชาติ
4677,2533,ภาคกลาง,นครนายก,รวม,หญิง,80 ปีขึ้นไป   ,1783,คน,สำนักงานสถิติแห่งชาติ
4678,2533,ภาคกลาง,นครนายก,ในเขตเทศบาล,รวม,80 ปีขึ้นไป   ,272,คน,สำนักงานสถิติแห่งชาติ
4679,2533,ภาคกลาง,นครนายก,ในเขตเทศบาล,ชาย,80 ปีขึ้นไป   ,115,คน,สำนักงานสถิติแห่งชาติ
4680,2533,ภาคกลาง,นครนายก,ในเขตเทศบาล,หญิง,80 ปีขึ้นไป   ,157,คน,สำนักงานสถิติแห่งชาติ
4681,2533,ภาคกลาง,นครนายก,นอกเขตเทศบาล,รวม,80 ปีขึ้นไป   ,2664,คน,สำนักงานสถิติแห่งชาติ
4682,2533,ภาคกลาง,นครนายก,นอกเขตเทศบาล,ชาย,80 ปีขึ้นไป   ,1038,คน,สำนักงานสถิติแห่งชาติ
4683,2533,ภาคกลาง,นครนายก,นอกเขตเทศบาล,หญิง,80 ปีขึ้นไป   ,1626,คน,สำนักงานสถิติแห่งชาติ
4684,2543,ภาคกลาง,นครนายก,รวม,รวม,80 ปีขึ้นไป   ,3517,คน,สำนักงานสถิติแห่งชาติ
4685,2543,ภาคกลาง,นครนายก,รวม,ชาย,80 ปีขึ้นไป   ,1283,คน,สำนักงานสถิติแห่งชาติ
4686,2543,ภาคกลาง,นครนายก,รวม,หญิง,80 ปีขึ้นไป   ,2234,คน,สำนักงานสถิติแห่งชาติ
4687,2543,ภาคกลาง,นครนายก,ในเขตเทศบาล,รวม,80 ปีขึ้นไป   ,485,คน,สำนักงานสถิติแห่งชาติ
4688,2543,ภาคกลาง,นครนายก,ในเขตเทศบาล,ชาย,80 ปีขึ้นไป   ,164,คน,สำนักงานสถิติแห่งชาติ
4689,2543,ภาคกลาง,นครนายก,ในเขตเทศบาล,หญิง,80 ปีขึ้นไป   ,321,คน,สำนักงานสถิติแห่งชาติ
4690,2543,ภาคกลาง,นครนายก,นอกเขตเทศบาล,รวม,80 ปีขึ้นไป   ,3032,คน,สำนักงานสถิติแห่งชาติ
4691,2543,ภาคกลาง,นครนายก,นอกเขตเทศบาล,ชาย,80 ปีขึ้นไป   ,1119,คน,สำนักงานสถิติแห่งชาติ
4692,2543,ภาคกลาง,นครนายก,นอกเขตเทศบาล,หญิง,80 ปีขึ้นไป   ,1913,คน,สำนักงานสถิติแห่งชาติ
4693,2553,ภาคกลาง,นครนายก,รวม,รวม,80 ปีขึ้นไป   ,5897,คน,สำนักงานสถิติแห่งชาติ
4694,2553,ภาคกลาง,นครนายก,รวม,ชาย,80 ปีขึ้นไป   ,2234,คน,สำนักงานสถิติแห่งชาติ
4695,2553,ภาคกลาง,นครนายก,รวม,หญิง,80 ปีขึ้นไป   ,3663,คน,สำนักงานสถิติแห่งชาติ
4696,2553,ภาคกลาง,นครนายก,ในเขตเทศบาล,รวม,80 ปีขึ้นไป   ,751,คน,สำนักงานสถิติแห่งชาติ
4697,2553,ภาคกลาง,นครนายก,ในเขตเทศบาล,ชาย,80 ปีขึ้นไป   ,238,คน,สำนักงานสถิติแห่งชาติ
4698,2553,ภาคกลาง,นครนายก,ในเขตเทศบาล,หญิง,80 ปีขึ้นไป   ,513,คน,สำนักงานสถิติแห่งชาติ
4699,2553,ภาคกลาง,นครนายก,นอกเขตเทศบาล,รวม,80 ปีขึ้นไป   ,1996,คน,สำนักงานสถิติแห่งชาติ
4700,2553,ภาคกลาง,นครนายก,นอกเขตเทศบาล,ชาย,80 ปีขึ้นไป   ,1996,คน,สำนักงานสถิติแห่งชาติ
4701,2553,ภาคกลาง,นครนายก,นอกเขตเทศบาล,หญิง,80 ปีขึ้นไป   ,3150,คน,สำนักงานสถิติแห่งชาติ
4702,2533,ภาคกลาง,นครปฐม,รวม,รวม,รวม,629573,คน,สำนักงานสถิติแห่งชาติ
4703,2533,ภาคกลาง,นครปฐม,รวม,ชาย,รวม,306137,คน,สำนักงานสถิติแห่งชาติ
4704,2533,ภาคกลาง,นครปฐม,รวม,หญิง,รวม,323436,คน,สำนักงานสถิติแห่งชาติ
4705,2533,ภาคกลาง,นครปฐม,ในเขตเทศบาล,รวม,รวม,42738,คน,สำนักงานสถิติแห่งชาติ
4706,2533,ภาคกลาง,นครปฐม,ในเขตเทศบาล,ชาย,รวม,21038,คน,สำนักงานสถิติแห่งชาติ
4707,2533,ภาคกลาง,นครปฐม,ในเขตเทศบาล,หญิง,รวม,21700,คน,สำนักงานสถิติแห่งชาติ
4708,2533,ภาคกลาง,นครปฐม,นอกเขตเทศบาล,รวม,รวม,586835,คน,สำนักงานสถิติแห่งชาติ
4709,2533,ภาคกลาง,นครปฐม,นอกเขตเทศบาล,ชาย,รวม,285099,คน,สำนักงานสถิติแห่งชาติ
4710,2533,ภาคกลาง,นครปฐม,นอกเขตเทศบาล,หญิง,รวม,301736,คน,สำนักงานสถิติแห่งชาติ
4711,2543,ภาคกลาง,นครปฐม,รวม,รวม,รวม,815122,คน,สำนักงานสถิติแห่งชาติ
4712,2543,ภาคกลาง,นครปฐม,รวม,ชาย,รวม,395069,คน,สำนักงานสถิติแห่งชาติ
4713,2543,ภาคกลาง,นครปฐม,รวม,หญิง,รวม,420053,คน,สำนักงานสถิติแห่งชาติ
4714,2543,ภาคกลาง,นครปฐม,ในเขตเทศบาล,รวม,รวม,220078,คน,สำนักงานสถิติแห่งชาติ
4715,2543,ภาคกลาง,นครปฐม,ในเขตเทศบาล,ชาย,รวม,105889,คน,สำนักงานสถิติแห่งชาติ
4716,2543,ภาคกลาง,นครปฐม,ในเขตเทศบาล,หญิง,รวม,114189,คน,สำนักงานสถิติแห่งชาติ
4717,2543,ภาคกลาง,นครปฐม,นอกเขตเทศบาล,รวม,รวม,595044,คน,สำนักงานสถิติแห่งชาติ
4718,2543,ภาคกลาง,นครปฐม,นอกเขตเทศบาล,ชาย,รวม,289180,คน,สำนักงานสถิติแห่งชาติ
4719,2543,ภาคกลาง,นครปฐม,นอกเขตเทศบาล,หญิง,รวม,305864,คน,สำนักงานสถิติแห่งชาติ
4720,2553,ภาคกลาง,นครปฐม,รวม,รวม,รวม,943892,คน,สำนักงานสถิติแห่งชาติ
4721,2553,ภาคกลาง,นครปฐม,รวม,ชาย,รวม,460062,คน,สำนักงานสถิติแห่งชาติ
4722,2553,ภาคกลาง,นครปฐม,รวม,หญิง,รวม,483830,คน,สำนักงานสถิติแห่งชาติ
4723,2553,ภาคกลาง,นครปฐม,ในเขตเทศบาล,รวม,รวม,339737,คน,สำนักงานสถิติแห่งชาติ
4724,2553,ภาคกลาง,นครปฐม,ในเขตเทศบาล,ชาย,รวม,166150,คน,สำนักงานสถิติแห่งชาติ
4725,2553,ภาคกลาง,นครปฐม,ในเขตเทศบาล,หญิง,รวม,173586,คน,สำนักงานสถิติแห่งชาติ
4726,2553,ภาคกลาง,นครปฐม,นอกเขตเทศบาล,รวม,รวม,604155,คน,สำนักงานสถิติแห่งชาติ
4727,2553,ภาคกลาง,นครปฐม,นอกเขตเทศบาล,ชาย,รวม,293912,คน,สำนักงานสถิติแห่งชาติ
4728,2553,ภาคกลาง,นครปฐม,นอกเขตเทศบาล,หญิง,รวม,310243,คน,สำนักงานสถิติแห่งชาติ
4729,2533,ภาคกลาง,นครปฐม,รวม,รวม,0 - 4 ปี,47785,คน,สำนักงานสถิติแห่งชาติ
4730,2533,ภาคกลาง,นครปฐม,รวม,ชาย,0 - 4 ปี,24716,คน,สำนักงานสถิติแห่งชาติ
4731,2533,ภาคกลาง,นครปฐม,รวม,หญิง,0 - 4 ปี,23069,คน,สำนักงานสถิติแห่งชาติ
4732,2533,ภาคกลาง,นครปฐม,ในเขตเทศบาล,รวม,0 - 4 ปี,2826,คน,สำนักงานสถิติแห่งชาติ
4733,2533,ภาคกลาง,นครปฐม,ในเขตเทศบาล,ชาย,0 - 4 ปี,1467,คน,สำนักงานสถิติแห่งชาติ
4734,2533,ภาคกลาง,นครปฐม,ในเขตเทศบาล,หญิง,0 - 4 ปี,1359,คน,สำนักงานสถิติแห่งชาติ
4735,2533,ภาคกลาง,นครปฐม,นอกเขตเทศบาล,รวม,0 - 4 ปี,44959,คน,สำนักงานสถิติแห่งชาติ
4736,2533,ภาคกลาง,นครปฐม,นอกเขตเทศบาล,ชาย,0 - 4 ปี,23249,คน,สำนักงานสถิติแห่งชาติ
4737,2533,ภาคกลาง,นครปฐม,นอกเขตเทศบาล,หญิง,0 - 4 ปี,21710,คน,สำนักงานสถิติแห่งชาติ
4738,2543,ภาคกลาง,นครปฐม,รวม,รวม,0 - 4 ปี,55732,คน,สำนักงานสถิติแห่งชาติ
4739,2543,ภาคกลาง,นครปฐม,รวม,ชาย,0 - 4 ปี,28553,คน,สำนักงานสถิติแห่งชาติ
4740,2543,ภาคกลาง,นครปฐม,รวม,หญิง,0 - 4 ปี,27179,คน,สำนักงานสถิติแห่งชาติ
4741,2543,ภาคกลาง,นครปฐม,ในเขตเทศบาล,รวม,0 - 4 ปี,14297,คน,สำนักงานสถิติแห่งชาติ
4742,2543,ภาคกลาง,นครปฐม,ในเขตเทศบาล,ชาย,0 - 4 ปี,7325,คน,สำนักงานสถิติแห่งชาติ
4743,2543,ภาคกลาง,นครปฐม,ในเขตเทศบาล,หญิง,0 - 4 ปี,6972,คน,สำนักงานสถิติแห่งชาติ
4744,2543,ภาคกลาง,นครปฐม,นอกเขตเทศบาล,รวม,0 - 4 ปี,41435,คน,สำนักงานสถิติแห่งชาติ
4745,2543,ภาคกลาง,นครปฐม,นอกเขตเทศบาล,ชาย,0 - 4 ปี,21228,คน,สำนักงานสถิติแห่งชาติ
4746,2543,ภาคกลาง,นครปฐม,นอกเขตเทศบาล,หญิง,0 - 4 ปี,20207,คน,สำนักงานสถิติแห่งชาติ
4747,2553,ภาคกลาง,นครปฐม,รวม,รวม,0 - 4 ปี,47231,คน,สำนักงานสถิติแห่งชาติ
4748,2553,ภาคกลาง,นครปฐม,รวม,ชาย,0 - 4 ปี,24469,คน,สำนักงานสถิติแห่งชาติ
4749,2553,ภาคกลาง,นครปฐม,รวม,หญิง,0 - 4 ปี,22762,คน,สำนักงานสถิติแห่งชาติ
4750,2553,ภาคกลาง,นครปฐม,ในเขตเทศบาล,รวม,0 - 4 ปี,13716,คน,สำนักงานสถิติแห่งชาติ
4751,2553,ภาคกลาง,นครปฐม,ในเขตเทศบาล,ชาย,0 - 4 ปี,7021,คน,สำนักงานสถิติแห่งชาติ
4752,2553,ภาคกลาง,นครปฐม,ในเขตเทศบาล,หญิง,0 - 4 ปี,6695,คน,สำนักงานสถิติแห่งชาติ
4753,2553,ภาคกลาง,นครปฐม,นอกเขตเทศบาล,รวม,0 - 4 ปี,33515,คน,สำนักงานสถิติแห่งชาติ
4754,2553,ภาคกลาง,นครปฐม,นอกเขตเทศบาล,ชาย,0 - 4 ปี,17448,คน,สำนักงานสถิติแห่งชาติ
4755,2553,ภาคกลาง,นครปฐม,นอกเขตเทศบาล,หญิง,0 - 4 ปี,16067,คน,สำนักงานสถิติแห่งชาติ
4756,2533,ภาคกลาง,นครปฐม,รวม,รวม,5 - 9 ปี,60062,คน,สำนักงานสถิติแห่งชาติ
4757,2533,ภาคกลาง,นครปฐม,รวม,ชาย,5 - 9 ปี,30909,คน,สำนักงานสถิติแห่งชาติ
4758,2533,ภาคกลาง,นครปฐม,รวม,หญิง,5 - 9 ปี,29153,คน,สำนักงานสถิติแห่งชาติ
4759,2533,ภาคกลาง,นครปฐม,ในเขตเทศบาล,รวม,5 - 9 ปี,3266,คน,สำนักงานสถิติแห่งชาติ
4760,2533,ภาคกลาง,นครปฐม,ในเขตเทศบาล,ชาย,5 - 9 ปี,1652,คน,สำนักงานสถิติแห่งชาติ
4761,2533,ภาคกลาง,นครปฐม,ในเขตเทศบาล,หญิง,5 - 9 ปี,1614,คน,สำนักงานสถิติแห่งชาติ
4762,2533,ภาคกลาง,นครปฐม,นอกเขตเทศบาล,รวม,5 - 9 ปี,56796,คน,สำนักงานสถิติแห่งชาติ
4763,2533,ภาคกลาง,นครปฐม,นอกเขตเทศบาล,ชาย,5 - 9 ปี,29257,คน,สำนักงานสถิติแห่งชาติ
4764,2533,ภาคกลาง,นครปฐม,นอกเขตเทศบาล,หญิง,5 - 9 ปี,27539,คน,สำนักงานสถิติแห่งชาติ
4765,2543,ภาคกลาง,นครปฐม,รวม,รวม,5 - 9 ปี,62950,คน,สำนักงานสถิติแห่งชาติ
4766,2543,ภาคกลาง,นครปฐม,รวม,ชาย,5 - 9 ปี,32617,คน,สำนักงานสถิติแห่งชาติ
4767,2543,ภาคกลาง,นครปฐม,รวม,หญิง,5 - 9 ปี,30333,คน,สำนักงานสถิติแห่งชาติ
4768,2543,ภาคกลาง,นครปฐม,ในเขตเทศบาล,รวม,5 - 9 ปี,15971,คน,สำนักงานสถิติแห่งชาติ
4769,2543,ภาคกลาง,นครปฐม,ในเขตเทศบาล,ชาย,5 - 9 ปี,8119,คน,สำนักงานสถิติแห่งชาติ
4770,2543,ภาคกลาง,นครปฐม,ในเขตเทศบาล,หญิง,5 - 9 ปี,7852,คน,สำนักงานสถิติแห่งชาติ
4771,2543,ภาคกลาง,นครปฐม,นอกเขตเทศบาล,รวม,5 - 9 ปี,46979,คน,สำนักงานสถิติแห่งชาติ
4772,2543,ภาคกลาง,นครปฐม,นอกเขตเทศบาล,ชาย,5 - 9 ปี,24498,คน,สำนักงานสถิติแห่งชาติ
4773,2543,ภาคกลาง,นครปฐม,นอกเขตเทศบาล,หญิง,5 - 9 ปี,22481,คน,สำนักงานสถิติแห่งชาติ
4774,2553,ภาคกลาง,นครปฐม,รวม,รวม,5 - 9 ปี,50025,คน,สำนักงานสถิติแห่งชาติ
4775,2553,ภาคกลาง,นครปฐม,รวม,ชาย,5 - 9 ปี,25844,คน,สำนักงานสถิติแห่งชาติ
4776,2553,ภาคกลาง,นครปฐม,รวม,หญิง,5 - 9 ปี,24181,คน,สำนักงานสถิติแห่งชาติ
4777,2553,ภาคกลาง,นครปฐม,ในเขตเทศบาล,รวม,5 - 9 ปี,14632,คน,สำนักงานสถิติแห่งชาติ
4778,2553,ภาคกลาง,นครปฐม,ในเขตเทศบาล,ชาย,5 - 9 ปี,7459,คน,สำนักงานสถิติแห่งชาติ
4779,2553,ภาคกลาง,นครปฐม,ในเขตเทศบาล,หญิง,5 - 9 ปี,7173,คน,สำนักงานสถิติแห่งชาติ
4780,2553,ภาคกลาง,นครปฐม,นอกเขตเทศบาล,รวม,5 - 9 ปี,35393,คน,สำนักงานสถิติแห่งชาติ
4781,2553,ภาคกลาง,นครปฐม,นอกเขตเทศบาล,ชาย,5 - 9 ปี,18385,คน,สำนักงานสถิติแห่งชาติ
4782,2553,ภาคกลาง,นครปฐม,นอกเขตเทศบาล,หญิง,5 - 9 ปี,17008,คน,สำนักงานสถิติแห่งชาติ
4783,2533,ภาคกลาง,นครปฐม,รวม,รวม,10 - 14 ปี,65246,คน,สำนักงานสถิติแห่งชาติ
4784,2533,ภาคกลาง,นครปฐม,รวม,ชาย,10 - 14 ปี,33204,คน,สำนักงานสถิติแห่งชาติ
4785,2533,ภาคกลาง,นครปฐม,รวม,หญิง,10 - 14 ปี,32042,คน,สำนักงานสถิติแห่งชาติ
4786,2533,ภาคกลาง,นครปฐม,ในเขตเทศบาล,รวม,10 - 14 ปี,4138,คน,สำนักงานสถิติแห่งชาติ
4787,2533,ภาคกลาง,นครปฐม,ในเขตเทศบาล,ชาย,10 - 14 ปี,2154,คน,สำนักงานสถิติแห่งชาติ
4788,2533,ภาคกลาง,นครปฐม,ในเขตเทศบาล,หญิง,10 - 14 ปี,1984,คน,สำนักงานสถิติแห่งชาติ
4789,2533,ภาคกลาง,นครปฐม,นอกเขตเทศบาล,รวม,10 - 14 ปี,61108,คน,สำนักงานสถิติแห่งชาติ
4790,2533,ภาคกลาง,นครปฐม,นอกเขตเทศบาล,ชาย,10 - 14 ปี,31050,คน,สำนักงานสถิติแห่งชาติ
4791,2533,ภาคกลาง,นครปฐม,นอกเขตเทศบาล,หญิง,10 - 14 ปี,30058,คน,สำนักงานสถิติแห่งชาติ
4792,2543,ภาคกลาง,นครปฐม,รวม,รวม,10 - 14 ปี,61776,คน,สำนักงานสถิติแห่งชาติ
4793,2543,ภาคกลาง,นครปฐม,รวม,ชาย,10 - 14 ปี,31732,คน,สำนักงานสถิติแห่งชาติ
4794,2543,ภาคกลาง,นครปฐม,รวม,หญิง,10 - 14 ปี,30044,คน,สำนักงานสถิติแห่งชาติ
4795,2543,ภาคกลาง,นครปฐม,ในเขตเทศบาล,รวม,10 - 14 ปี,15640,คน,สำนักงานสถิติแห่งชาติ
4796,2543,ภาคกลาง,นครปฐม,ในเขตเทศบาล,ชาย,10 - 14 ปี,7857,คน,สำนักงานสถิติแห่งชาติ
4797,2543,ภาคกลาง,นครปฐม,ในเขตเทศบาล,หญิง,10 - 14 ปี,7783,คน,สำนักงานสถิติแห่งชาติ
4798,2543,ภาคกลาง,นครปฐม,นอกเขตเทศบาล,รวม,10 - 14 ปี,46136,คน,สำนักงานสถิติแห่งชาติ
4799,2543,ภาคกลาง,นครปฐม,นอกเขตเทศบาล,ชาย,10 - 14 ปี,23875,คน,สำนักงานสถิติแห่งชาติ
4800,2543,ภาคกลาง,นครปฐม,นอกเขตเทศบาล,หญิง,10 - 14 ปี,22261,คน,สำนักงานสถิติแห่งชาติ
4801,2553,ภาคกลาง,นครปฐม,รวม,รวม,10 - 14 ปี,63287,คน,สำนักงานสถิติแห่งชาติ
4802,2553,ภาคกลาง,นครปฐม,รวม,ชาย,10 - 14 ปี,33704,คน,สำนักงานสถิติแห่งชาติ
4803,2553,ภาคกลาง,นครปฐม,รวม,หญิง,10 - 14 ปี,29582,คน,สำนักงานสถิติแห่งชาติ
4804,2553,ภาคกลาง,นครปฐม,ในเขตเทศบาล,รวม,10 - 14 ปี,20894,คน,สำนักงานสถิติแห่งชาติ
4805,2553,ภาคกลาง,นครปฐม,ในเขตเทศบาล,ชาย,10 - 14 ปี,11656,คน,สำนักงานสถิติแห่งชาติ
4806,2553,ภาคกลาง,นครปฐม,ในเขตเทศบาล,หญิง,10 - 14 ปี,9238,คน,สำนักงานสถิติแห่งชาติ
4807,2553,ภาคกลาง,นครปฐม,นอกเขตเทศบาล,รวม,10 - 14 ปี,42392,คน,สำนักงานสถิติแห่งชาติ
4808,2553,ภาคกลาง,นครปฐม,นอกเขตเทศบาล,ชาย,10 - 14 ปี,22048,คน,สำนักงานสถิติแห่งชาติ
4809,2553,ภาคกลาง,นครปฐม,นอกเขตเทศบาล,หญิง,10 - 14 ปี,20344,คน,สำนักงานสถิติแห่งชาติ
4810,2533,ภาคกลาง,นครปฐม,รวม,รวม,15 - 19 ปี,66065,คน,สำนักงานสถิติแห่งชาติ
4811,2533,ภาคกลาง,นครปฐม,รวม,ชาย,15 - 19 ปี,32537,คน,สำนักงานสถิติแห่งชาติ
4812,2533,ภาคกลาง,นครปฐม,รวม,หญิง,15 - 19 ปี,33528,คน,สำนักงานสถิติแห่งชาติ
4813,2533,ภาคกลาง,นครปฐม,ในเขตเทศบาล,รวม,15 - 19 ปี,4970,คน,สำนักงานสถิติแห่งชาติ
4814,2533,ภาคกลาง,นครปฐม,ในเขตเทศบาล,ชาย,15 - 19 ปี,2484,คน,สำนักงานสถิติแห่งชาติ
4815,2533,ภาคกลาง,นครปฐม,ในเขตเทศบาล,หญิง,15 - 19 ปี,2486,คน,สำนักงานสถิติแห่งชาติ
4816,2533,ภาคกลาง,นครปฐม,นอกเขตเทศบาล,รวม,15 - 19 ปี,61095,คน,สำนักงานสถิติแห่งชาติ
4817,2533,ภาคกลาง,นครปฐม,นอกเขตเทศบาล,ชาย,15 - 19 ปี,30053,คน,สำนักงานสถิติแห่งชาติ
4818,2533,ภาคกลาง,นครปฐม,นอกเขตเทศบาล,หญิง,15 - 19 ปี,31042,คน,สำนักงานสถิติแห่งชาติ
4819,2543,ภาคกลาง,นครปฐม,รวม,รวม,15 - 19 ปี,74449,คน,สำนักงานสถิติแห่งชาติ
4820,2543,ภาคกลาง,นครปฐม,รวม,ชาย,15 - 19 ปี,37413,คน,สำนักงานสถิติแห่งชาติ
4821,2543,ภาคกลาง,นครปฐม,รวม,หญิง,15 - 19 ปี,37036,คน,สำนักงานสถิติแห่งชาติ
4822,2543,ภาคกลาง,นครปฐม,ในเขตเทศบาล,รวม,15 - 19 ปี,20474,คน,สำนักงานสถิติแห่งชาติ
4823,2543,ภาคกลาง,นครปฐม,ในเขตเทศบาล,ชาย,15 - 19 ปี,10188,คน,สำนักงานสถิติแห่งชาติ
4824,2543,ภาคกลาง,นครปฐม,ในเขตเทศบาล,หญิง,15 - 19 ปี,10286,คน,สำนักงานสถิติแห่งชาติ
4825,2543,ภาคกลาง,นครปฐม,นอกเขตเทศบาล,รวม,15 - 19 ปี,53975,คน,สำนักงานสถิติแห่งชาติ
4826,2543,ภาคกลาง,นครปฐม,นอกเขตเทศบาล,ชาย,15 - 19 ปี,27225,คน,สำนักงานสถิติแห่งชาติ
4827,2543,ภาคกลาง,นครปฐม,นอกเขตเทศบาล,หญิง,15 - 19 ปี,26750,คน,สำนักงานสถิติแห่งชาติ
4828,2553,ภาคกลาง,นครปฐม,รวม,รวม,15 - 19 ปี,80272,คน,สำนักงานสถิติแห่งชาติ
4829,2553,ภาคกลาง,นครปฐม,รวม,ชาย,15 - 19 ปี,40390,คน,สำนักงานสถิติแห่งชาติ
4830,2553,ภาคกลาง,นครปฐม,รวม,หญิง,15 - 19 ปี,39881,คน,สำนักงานสถิติแห่งชาติ
4831,2553,ภาคกลาง,นครปฐม,ในเขตเทศบาล,รวม,15 - 19 ปี,32373,คน,สำนักงานสถิติแห่งชาติ
4832,2553,ภาคกลาง,นครปฐม,ในเขตเทศบาล,ชาย,15 - 19 ปี,16215,คน,สำนักงานสถิติแห่งชาติ
4833,2553,ภาคกลาง,นครปฐม,ในเขตเทศบาล,หญิง,15 - 19 ปี,16158,คน,สำนักงานสถิติแห่งชาติ
4834,2553,ภาคกลาง,นครปฐม,นอกเขตเทศบาล,รวม,15 - 19 ปี,47898,คน,สำนักงานสถิติแห่งชาติ
4835,2553,ภาคกลาง,นครปฐม,นอกเขตเทศบาล,ชาย,15 - 19 ปี,24175,คน,สำนักงานสถิติแห่งชาติ
4836,2553,ภาคกลาง,นครปฐม,นอกเขตเทศบาล,หญิง,15 - 19 ปี,23723,คน,สำนักงานสถิติแห่งชาติ
4837,2533,ภาคกลาง,นครปฐม,รวม,รวม,20 - 24 ปี,68752,คน,สำนักงานสถิติแห่งชาติ
4838,2533,ภาคกลาง,นครปฐม,รวม,ชาย,20 - 24 ปี,34023,คน,สำนักงานสถิติแห่งชาติ
4839,2533,ภาคกลาง,นครปฐม,รวม,หญิง,20 - 24 ปี,34729,คน,สำนักงานสถิติแห่งชาติ
4840,2533,ภาคกลาง,นครปฐม,ในเขตเทศบาล,รวม,20 - 24 ปี,5507,คน,สำนักงานสถิติแห่งชาติ
4841,2533,ภาคกลาง,นครปฐม,ในเขตเทศบาล,ชาย,20 - 24 ปี,2879,คน,สำนักงานสถิติแห่งชาติ
4842,2533,ภาคกลาง,นครปฐม,ในเขตเทศบาล,หญิง,20 - 24 ปี,2628,คน,สำนักงานสถิติแห่งชาติ
4843,2533,ภาคกลาง,นครปฐม,นอกเขตเทศบาล,รวม,20 - 24 ปี,63245,คน,สำนักงานสถิติแห่งชาติ
4844,2533,ภาคกลาง,นครปฐม,นอกเขตเทศบาล,ชาย,20 - 24 ปี,31144,คน,สำนักงานสถิติแห่งชาติ
4845,2533,ภาคกลาง,นครปฐม,นอกเขตเทศบาล,หญิง,20 - 24 ปี,32101,คน,สำนักงานสถิติแห่งชาติ
4846,2543,ภาคกลาง,นครปฐม,รวม,รวม,20 - 24 ปี,80340,คน,สำนักงานสถิติแห่งชาติ
4847,2543,ภาคกลาง,นครปฐม,รวม,ชาย,20 - 24 ปี,39692,คน,สำนักงานสถิติแห่งชาติ
4848,2543,ภาคกลาง,นครปฐม,รวม,หญิง,20 - 24 ปี,40648,คน,สำนักงานสถิติแห่งชาติ
4849,2543,ภาคกลาง,นครปฐม,ในเขตเทศบาล,รวม,20 - 24 ปี,23916,คน,สำนักงานสถิติแห่งชาติ
4850,2543,ภาคกลาง,นครปฐม,ในเขตเทศบาล,ชาย,20 - 24 ปี,11968,คน,สำนักงานสถิติแห่งชาติ
4851,2543,ภาคกลาง,นครปฐม,ในเขตเทศบาล,หญิง,20 - 24 ปี,11948,คน,สำนักงานสถิติแห่งชาติ
4852,2543,ภาคกลาง,นครปฐม,นอกเขตเทศบาล,รวม,20 - 24 ปี,56424,คน,สำนักงานสถิติแห่งชาติ
4853,2543,ภาคกลาง,นครปฐม,นอกเขตเทศบาล,ชาย,20 - 24 ปี,27724,คน,สำนักงานสถิติแห่งชาติ
4854,2543,ภาคกลาง,นครปฐม,นอกเขตเทศบาล,หญิง,20 - 24 ปี,28700,คน,สำนักงานสถิติแห่งชาติ
4855,2553,ภาคกลาง,นครปฐม,รวม,รวม,20 - 24 ปี,81869,คน,สำนักงานสถิติแห่งชาติ
4856,2553,ภาคกลาง,นครปฐม,รวม,ชาย,20 - 24 ปี,40980,คน,สำนักงานสถิติแห่งชาติ
4857,2553,ภาคกลาง,นครปฐม,รวม,หญิง,20 - 24 ปี,40889,คน,สำนักงานสถิติแห่งชาติ
4858,2553,ภาคกลาง,นครปฐม,ในเขตเทศบาล,รวม,20 - 24 ปี,34067,คน,สำนักงานสถิติแห่งชาติ
4859,2553,ภาคกลาง,นครปฐม,ในเขตเทศบาล,ชาย,20 - 24 ปี,17074,คน,สำนักงานสถิติแห่งชาติ
4860,2553,ภาคกลาง,นครปฐม,ในเขตเทศบาล,หญิง,20 - 24 ปี,16993,คน,สำนักงานสถิติแห่งชาติ
4861,2553,ภาคกลาง,นครปฐม,นอกเขตเทศบาล,รวม,20 - 24 ปี,47802,คน,สำนักงานสถิติแห่งชาติ
4862,2553,ภาคกลาง,นครปฐม,นอกเขตเทศบาล,ชาย,20 - 24 ปี,23906,คน,สำนักงานสถิติแห่งชาติ
4863,2553,ภาคกลาง,นครปฐม,นอกเขตเทศบาล,หญิง,20 - 24 ปี,23896,คน,สำนักงานสถิติแห่งชาติ
4864,2533,ภาคกลาง,นครปฐม,รวม,รวม,25 - 29 ปี,63029,คน,สำนักงานสถิติแห่งชาติ
4865,2533,ภาคกลาง,นครปฐม,รวม,ชาย,25 - 29 ปี,29891,คน,สำนักงานสถิติแห่งชาติ
4866,2533,ภาคกลาง,นครปฐม,รวม,หญิง,25 - 29 ปี,33138,คน,สำนักงานสถิติแห่งชาติ
4867,2533,ภาคกลาง,นครปฐม,ในเขตเทศบาล,รวม,25 - 29 ปี,4719,คน,สำนักงานสถิติแห่งชาติ
4868,2533,ภาคกลาง,นครปฐม,ในเขตเทศบาล,ชาย,25 - 29 ปี,2453,คน,สำนักงานสถิติแห่งชาติ
4869,2533,ภาคกลาง,นครปฐม,ในเขตเทศบาล,หญิง,25 - 29 ปี,2266,คน,สำนักงานสถิติแห่งชาติ
4870,2533,ภาคกลาง,นครปฐม,นอกเขตเทศบาล,รวม,25 - 29 ปี,58310,คน,สำนักงานสถิติแห่งชาติ
4871,2533,ภาคกลาง,นครปฐม,นอกเขตเทศบาล,ชาย,25 - 29 ปี,27438,คน,สำนักงานสถิติแห่งชาติ
4872,2533,ภาคกลาง,นครปฐม,นอกเขตเทศบาล,หญิง,25 - 29 ปี,30872,คน,สำนักงานสถิติแห่งชาติ
4873,2543,ภาคกลาง,นครปฐม,รวม,รวม,25 - 29 ปี,78453,คน,สำนักงานสถิติแห่งชาติ
4874,2543,ภาคกลาง,นครปฐม,รวม,ชาย,25 - 29 ปี,37915,คน,สำนักงานสถิติแห่งชาติ
4875,2543,ภาคกลาง,นครปฐม,รวม,หญิง,25 - 29 ปี,40538,คน,สำนักงานสถิติแห่งชาติ
4876,2543,ภาคกลาง,นครปฐม,ในเขตเทศบาล,รวม,25 - 29 ปี,22779,คน,สำนักงานสถิติแห่งชาติ
4877,2543,ภาคกลาง,นครปฐม,ในเขตเทศบาล,ชาย,25 - 29 ปี,11137,คน,สำนักงานสถิติแห่งชาติ
4878,2543,ภาคกลาง,นครปฐม,ในเขตเทศบาล,หญิง,25 - 29 ปี,11642,คน,สำนักงานสถิติแห่งชาติ
4879,2543,ภาคกลาง,นครปฐม,นอกเขตเทศบาล,รวม,25 - 29 ปี,55674,คน,สำนักงานสถิติแห่งชาติ
4880,2543,ภาคกลาง,นครปฐม,นอกเขตเทศบาล,ชาย,25 - 29 ปี,26778,คน,สำนักงานสถิติแห่งชาติ
4881,2543,ภาคกลาง,นครปฐม,นอกเขตเทศบาล,หญิง,25 - 29 ปี,28896,คน,สำนักงานสถิติแห่งชาติ
4882,2553,ภาคกลาง,นครปฐม,รวม,รวม,25 - 29 ปี,83409,คน,สำนักงานสถิติแห่งชาติ
4883,2553,ภาคกลาง,นครปฐม,รวม,ชาย,25 - 29 ปี,41920,คน,สำนักงานสถิติแห่งชาติ
4884,2553,ภาคกลาง,นครปฐม,รวม,หญิง,25 - 29 ปี,41489,คน,สำนักงานสถิติแห่งชาติ
4885,2553,ภาคกลาง,นครปฐม,ในเขตเทศบาล,รวม,25 - 29 ปี,34188,คน,สำนักงานสถิติแห่งชาติ
4886,2553,ภาคกลาง,นครปฐม,ในเขตเทศบาล,ชาย,25 - 29 ปี,17153,คน,สำนักงานสถิติแห่งชาติ
4887,2553,ภาคกลาง,นครปฐม,ในเขตเทศบาล,หญิง,25 - 29 ปี,17035,คน,สำนักงานสถิติแห่งชาติ
4888,2553,ภาคกลาง,นครปฐม,นอกเขตเทศบาล,รวม,25 - 29 ปี,49221,คน,สำนักงานสถิติแห่งชาติ
4889,2553,ภาคกลาง,นครปฐม,นอกเขตเทศบาล,ชาย,25 - 29 ปี,24768,คน,สำนักงานสถิติแห่งชาติ
4890,2553,ภาคกลาง,นครปฐม,นอกเขตเทศบาล,หญิง,25 - 29 ปี,24454,คน,สำนักงานสถิติแห่งชาติ
4891,2533,ภาคกลาง,นครปฐม,รวม,รวม,30 - 34 ปี,54277,คน,สำนักงานสถิติแห่งชาติ
4892,2533,ภาคกลาง,นครปฐม,รวม,ชาย,30 - 34 ปี,25533,คน,สำนักงานสถิติแห่งชาติ
4893,2533,ภาคกลาง,นครปฐม,รวม,หญิง,30 - 34 ปี,28744,คน,สำนักงานสถิติแห่งชาติ
4894,2533,ภาคกลาง,นครปฐม,ในเขตเทศบาล,รวม,30 - 34 ปี,4015,คน,สำนักงานสถิติแห่งชาติ
4895,2533,ภาคกลาง,นครปฐม,ในเขตเทศบาล,ชาย,30 - 34 ปี,1951,คน,สำนักงานสถิติแห่งชาติ
4896,2533,ภาคกลาง,นครปฐม,ในเขตเทศบาล,หญิง,30 - 34 ปี,2064,คน,สำนักงานสถิติแห่งชาติ
4897,2533,ภาคกลาง,นครปฐม,นอกเขตเทศบาล,รวม,30 - 34 ปี,50262,คน,สำนักงานสถิติแห่งชาติ
4898,2533,ภาคกลาง,นครปฐม,นอกเขตเทศบาล,ชาย,30 - 34 ปี,23582,คน,สำนักงานสถิติแห่งชาติ
4899,2533,ภาคกลาง,นครปฐม,นอกเขตเทศบาล,หญิง,30 - 34 ปี,26680,คน,สำนักงานสถิติแห่งชาติ
4900,2543,ภาคกลาง,นครปฐม,รวม,รวม,30 - 34 ปี,77527,คน,สำนักงานสถิติแห่งชาติ
4901,2543,ภาคกลาง,นครปฐม,รวม,ชาย,30 - 34 ปี,36789,คน,สำนักงานสถิติแห่งชาติ
4902,2543,ภาคกลาง,นครปฐม,รวม,หญิง,30 - 34 ปี,40738,คน,สำนักงานสถิติแห่งชาติ
4903,2543,ภาคกลาง,นครปฐม,ในเขตเทศบาล,รวม,30 - 34 ปี,21133,คน,สำนักงานสถิติแห่งชาติ
4904,2543,ภาคกลาง,นครปฐม,ในเขตเทศบาล,ชาย,30 - 34 ปี,9978,คน,สำนักงานสถิติแห่งชาติ
4905,2543,ภาคกลาง,นครปฐม,ในเขตเทศบาล,หญิง,30 - 34 ปี,11155,คน,สำนักงานสถิติแห่งชาติ
4906,2543,ภาคกลาง,นครปฐม,นอกเขตเทศบาล,รวม,30 - 34 ปี,56394,คน,สำนักงานสถิติแห่งชาติ
4907,2543,ภาคกลาง,นครปฐม,นอกเขตเทศบาล,ชาย,30 - 34 ปี,26811,คน,สำนักงานสถิติแห่งชาติ
4908,2543,ภาคกลาง,นครปฐม,นอกเขตเทศบาล,หญิง,30 - 34 ปี,29583,คน,สำนักงานสถิติแห่งชาติ
4909,2553,ภาคกลาง,นครปฐม,รวม,รวม,30 - 34 ปี,86812,คน,สำนักงานสถิติแห่งชาติ
4910,2553,ภาคกลาง,นครปฐม,รวม,ชาย,30 - 34 ปี,43574,คน,สำนักงานสถิติแห่งชาติ
4911,2553,ภาคกลาง,นครปฐม,รวม,หญิง,30 - 34 ปี,43238,คน,สำนักงานสถิติแห่งชาติ
4912,2553,ภาคกลาง,นครปฐม,ในเขตเทศบาล,รวม,30 - 34 ปี,34643,คน,สำนักงานสถิติแห่งชาติ
4913,2553,ภาคกลาง,นครปฐม,ในเขตเทศบาล,ชาย,30 - 34 ปี,17489,คน,สำนักงานสถิติแห่งชาติ
4914,2553,ภาคกลาง,นครปฐม,ในเขตเทศบาล,หญิง,30 - 34 ปี,17154,คน,สำนักงานสถิติแห่งชาติ
4915,2553,ภาคกลาง,นครปฐม,นอกเขตเทศบาล,รวม,30 - 34 ปี,52169,คน,สำนักงานสถิติแห่งชาติ
4916,2553,ภาคกลาง,นครปฐม,นอกเขตเทศบาล,ชาย,30 - 34 ปี,26085,คน,สำนักงานสถิติแห่งชาติ
4917,2553,ภาคกลาง,นครปฐม,นอกเขตเทศบาล,หญิง,30 - 34 ปี,26084,คน,สำนักงานสถิติแห่งชาติ
4918,2533,ภาคกลาง,นครปฐม,รวม,รวม,35 - 39 ปี,43880,คน,สำนักงานสถิติแห่งชาติ
4919,2533,ภาคกลาง,นครปฐม,รวม,ชาย,35 - 39 ปี,20987,คน,สำนักงานสถิติแห่งชาติ
4920,2533,ภาคกลาง,นครปฐม,รวม,หญิง,35 - 39 ปี,22893,คน,สำนักงานสถิติแห่งชาติ
4921,2533,ภาคกลาง,นครปฐม,ในเขตเทศบาล,รวม,35 - 39 ปี,3239,คน,สำนักงานสถิติแห่งชาติ
4922,2533,ภาคกลาง,นครปฐม,ในเขตเทศบาล,ชาย,35 - 39 ปี,1550,คน,สำนักงานสถิติแห่งชาติ
4923,2533,ภาคกลาง,นครปฐม,ในเขตเทศบาล,หญิง,35 - 39 ปี,1689,คน,สำนักงานสถิติแห่งชาติ
4924,2533,ภาคกลาง,นครปฐม,นอกเขตเทศบาล,รวม,35 - 39 ปี,40641,คน,สำนักงานสถิติแห่งชาติ
4925,2533,ภาคกลาง,นครปฐม,นอกเขตเทศบาล,ชาย,35 - 39 ปี,19437,คน,สำนักงานสถิติแห่งชาติ
4926,2533,ภาคกลาง,นครปฐม,นอกเขตเทศบาล,หญิง,35 - 39 ปี,21204,คน,สำนักงานสถิติแห่งชาติ
4927,2543,ภาคกลาง,นครปฐม,รวม,รวม,35 - 39 ปี,73830,คน,สำนักงานสถิติแห่งชาติ
4928,2543,ภาคกลาง,นครปฐม,รวม,ชาย,35 - 39 ปี,34897,คน,สำนักงานสถิติแห่งชาติ
4929,2543,ภาคกลาง,นครปฐม,รวม,หญิง,35 - 39 ปี,38933,คน,สำนักงานสถิติแห่งชาติ
4930,2543,ภาคกลาง,นครปฐม,ในเขตเทศบาล,รวม,35 - 39 ปี,20016,คน,สำนักงานสถิติแห่งชาติ
4931,2543,ภาคกลาง,นครปฐม,ในเขตเทศบาล,ชาย,35 - 39 ปี,9466,คน,สำนักงานสถิติแห่งชาติ
4932,2543,ภาคกลาง,นครปฐม,ในเขตเทศบาล,หญิง,35 - 39 ปี,10550,คน,สำนักงานสถิติแห่งชาติ
4933,2543,ภาคกลาง,นครปฐม,นอกเขตเทศบาล,รวม,35 - 39 ปี,53814,คน,สำนักงานสถิติแห่งชาติ
4934,2543,ภาคกลาง,นครปฐม,นอกเขตเทศบาล,ชาย,35 - 39 ปี,25431,คน,สำนักงานสถิติแห่งชาติ
4935,2543,ภาคกลาง,นครปฐม,นอกเขตเทศบาล,หญิง,35 - 39 ปี,28383,คน,สำนักงานสถิติแห่งชาติ
4936,2553,ภาคกลาง,นครปฐม,รวม,รวม,35 - 39 ปี,83249,คน,สำนักงานสถิติแห่งชาติ
4937,2553,ภาคกลาง,นครปฐม,รวม,ชาย,35 - 39 ปี,40487,คน,สำนักงานสถิติแห่งชาติ
4938,2553,ภาคกลาง,นครปฐม,รวม,หญิง,35 - 39 ปี,42762,คน,สำนักงานสถิติแห่งชาติ
4939,2553,ภาคกลาง,นครปฐม,ในเขตเทศบาล,รวม,35 - 39 ปี,32548,คน,สำนักงานสถิติแห่งชาติ
4940,2553,ภาคกลาง,นครปฐม,ในเขตเทศบาล,ชาย,35 - 39 ปี,15927,คน,สำนักงานสถิติแห่งชาติ
4941,2553,ภาคกลาง,นครปฐม,ในเขตเทศบาล,หญิง,35 - 39 ปี,16621,คน,สำนักงานสถิติแห่งชาติ
4942,2553,ภาคกลาง,นครปฐม,นอกเขตเทศบาล,รวม,35 - 39 ปี,50701,คน,สำนักงานสถิติแห่งชาติ
4943,2553,ภาคกลาง,นครปฐม,นอกเขตเทศบาล,ชาย,35 - 39 ปี,24560,คน,สำนักงานสถิติแห่งชาติ
4944,2553,ภาคกลาง,นครปฐม,นอกเขตเทศบาล,หญิง,35 - 39 ปี,26141,คน,สำนักงานสถิติแห่งชาติ
4945,2533,ภาคกลาง,นครปฐม,รวม,รวม,40 - 44 ปี,32587,คน,สำนักงานสถิติแห่งชาติ
4946,2533,ภาคกลาง,นครปฐม,รวม,ชาย,40 - 44 ปี,15475,คน,สำนักงานสถิติแห่งชาติ
4947,2533,ภาคกลาง,นครปฐม,รวม,หญิง,40 - 44 ปี,17112,คน,สำนักงานสถิติแห่งชาติ
4948,2533,ภาคกลาง,นครปฐม,ในเขตเทศบาล,รวม,40 - 44 ปี,2377,คน,สำนักงานสถิติแห่งชาติ
4949,2533,ภาคกลาง,นครปฐม,ในเขตเทศบาล,ชาย,40 - 44 ปี,1073,คน,สำนักงานสถิติแห่งชาติ
4950,2533,ภาคกลาง,นครปฐม,ในเขตเทศบาล,หญิง,40 - 44 ปี,1304,คน,สำนักงานสถิติแห่งชาติ
4951,2533,ภาคกลาง,นครปฐม,นอกเขตเทศบาล,รวม,40 - 44 ปี,30210,คน,สำนักงานสถิติแห่งชาติ
4952,2533,ภาคกลาง,นครปฐม,นอกเขตเทศบาล,ชาย,40 - 44 ปี,14402,คน,สำนักงานสถิติแห่งชาติ
4953,2533,ภาคกลาง,นครปฐม,นอกเขตเทศบาล,หญิง,40 - 44 ปี,15808,คน,สำนักงานสถิติแห่งชาติ
4954,2543,ภาคกลาง,นครปฐม,รวม,รวม,40 - 44 ปี,64261,คน,สำนักงานสถิติแห่งชาติ
4955,2543,ภาคกลาง,นครปฐม,รวม,ชาย,40 - 44 ปี,30467,คน,สำนักงานสถิติแห่งชาติ
4956,2543,ภาคกลาง,นครปฐม,รวม,หญิง,40 - 44 ปี,33794,คน,สำนักงานสถิติแห่งชาติ
4957,2543,ภาคกลาง,นครปฐม,ในเขตเทศบาล,รวม,40 - 44 ปี,17502,คน,สำนักงานสถิติแห่งชาติ
4958,2543,ภาคกลาง,นครปฐม,ในเขตเทศบาล,ชาย,40 - 44 ปี,8166,คน,สำนักงานสถิติแห่งชาติ
4959,2543,ภาคกลาง,นครปฐม,ในเขตเทศบาล,หญิง,40 - 44 ปี,9336,คน,สำนักงานสถิติแห่งชาติ
4960,2543,ภาคกลาง,นครปฐม,นอกเขตเทศบาล,รวม,40 - 44 ปี,46759,คน,สำนักงานสถิติแห่งชาติ
4961,2543,ภาคกลาง,นครปฐม,นอกเขตเทศบาล,ชาย,40 - 44 ปี,22301,คน,สำนักงานสถิติแห่งชาติ
4962,2543,ภาคกลาง,นครปฐม,นอกเขตเทศบาล,หญิง,40 - 44 ปี,24458,คน,สำนักงานสถิติแห่งชาติ
4963,2553,ภาคกลาง,นครปฐม,รวม,รวม,40 - 44 ปี,80431,คน,สำนักงานสถิติแห่งชาติ
4964,2553,ภาคกลาง,นครปฐม,รวม,ชาย,40 - 44 ปี,38674,คน,สำนักงานสถิติแห่งชาติ
4965,2553,ภาคกลาง,นครปฐม,รวม,หญิง,40 - 44 ปี,41757,คน,สำนักงานสถิติแห่งชาติ
4966,2553,ภาคกลาง,นครปฐม,ในเขตเทศบาล,รวม,40 - 44 ปี,29467,คน,สำนักงานสถิติแห่งชาติ
4967,2553,ภาคกลาง,นครปฐม,ในเขตเทศบาล,ชาย,40 - 44 ปี,14323,คน,สำนักงานสถิติแห่งชาติ
4968,2553,ภาคกลาง,นครปฐม,ในเขตเทศบาล,หญิง,40 - 44 ปี,15144,คน,สำนักงานสถิติแห่งชาติ
4969,2553,ภาคกลาง,นครปฐม,นอกเขตเทศบาล,รวม,40 - 44 ปี,50963,คน,สำนักงานสถิติแห่งชาติ
4970,2553,ภาคกลาง,นครปฐม,นอกเขตเทศบาล,ชาย,40 - 44 ปี,24351,คน,สำนักงานสถิติแห่งชาติ
4971,2553,ภาคกลาง,นครปฐม,นอกเขตเทศบาล,หญิง,40 - 44 ปี,26612,คน,สำนักงานสถิติแห่งชาติ
4972,2533,ภาคกลาง,นครปฐม,รวม,รวม,45 - 49 ปี,26950,คน,สำนักงานสถิติแห่งชาติ
4973,2533,ภาคกลาง,นครปฐม,รวม,ชาย,45 - 49 ปี,12935,คน,สำนักงานสถิติแห่งชาติ
4974,2533,ภาคกลาง,นครปฐม,รวม,หญิง,45 - 49 ปี,14015,คน,สำนักงานสถิติแห่งชาติ
4975,2533,ภาคกลาง,นครปฐม,ในเขตเทศบาล,รวม,45 - 49 ปี,1743,คน,สำนักงานสถิติแห่งชาติ
4976,2533,ภาคกลาง,นครปฐม,ในเขตเทศบาล,ชาย,45 - 49 ปี,834,คน,สำนักงานสถิติแห่งชาติ
4977,2533,ภาคกลาง,นครปฐม,ในเขตเทศบาล,หญิง,45 - 49 ปี,909,คน,สำนักงานสถิติแห่งชาติ
4978,2533,ภาคกลาง,นครปฐม,นอกเขตเทศบาล,รวม,45 - 49 ปี,25207,คน,สำนักงานสถิติแห่งชาติ
4979,2533,ภาคกลาง,นครปฐม,นอกเขตเทศบาล,ชาย,45 - 49 ปี,12101,คน,สำนักงานสถิติแห่งชาติ
4980,2533,ภาคกลาง,นครปฐม,นอกเขตเทศบาล,หญิง,45 - 49 ปี,13106,คน,สำนักงานสถิติแห่งชาติ
4981,2543,ภาคกลาง,นครปฐม,รวม,รวม,45 - 49 ปี,47968,คน,สำนักงานสถิติแห่งชาติ
4982,2543,ภาคกลาง,นครปฐม,รวม,ชาย,45 - 49 ปี,22605,คน,สำนักงานสถิติแห่งชาติ
4983,2543,ภาคกลาง,นครปฐม,รวม,หญิง,45 - 49 ปี,25363,คน,สำนักงานสถิติแห่งชาติ
4984,2543,ภาคกลาง,นครปฐม,ในเขตเทศบาล,รวม,45 - 49 ปี,13238,คน,สำนักงานสถิติแห่งชาติ
4985,2543,ภาคกลาง,นครปฐม,ในเขตเทศบาล,ชาย,45 - 49 ปี,6119,คน,สำนักงานสถิติแห่งชาติ
4986,2543,ภาคกลาง,นครปฐม,ในเขตเทศบาล,หญิง,45 - 49 ปี,7119,คน,สำนักงานสถิติแห่งชาติ
4987,2543,ภาคกลาง,นครปฐม,นอกเขตเทศบาล,รวม,45 - 49 ปี,34730,คน,สำนักงานสถิติแห่งชาติ
4988,2543,ภาคกลาง,นครปฐม,นอกเขตเทศบาล,ชาย,45 - 49 ปี,16486,คน,สำนักงานสถิติแห่งชาติ
4989,2543,ภาคกลาง,นครปฐม,นอกเขตเทศบาล,หญิง,45 - 49 ปี,18244,คน,สำนักงานสถิติแห่งชาติ
4990,2553,ภาคกลาง,นครปฐม,รวม,รวม,45 - 49 ปี,73744,คน,สำนักงานสถิติแห่งชาติ
4991,2553,ภาคกลาง,นครปฐม,รวม,ชาย,45 - 49 ปี,34619,คน,สำนักงานสถิติแห่งชาติ
4992,2553,ภาคกลาง,นครปฐม,รวม,หญิง,45 - 49 ปี,39125,คน,สำนักงานสถิติแห่งชาติ
4993,2553,ภาคกลาง,นครปฐม,ในเขตเทศบาล,รวม,45 - 49 ปี,25269,คน,สำนักงานสถิติแห่งชาติ
4994,2553,ภาคกลาง,นครปฐม,ในเขตเทศบาล,ชาย,45 - 49 ปี,11853,คน,สำนักงานสถิติแห่งชาติ
4995,2553,ภาคกลาง,นครปฐม,ในเขตเทศบาล,หญิง,45 - 49 ปี,13417,คน,สำนักงานสถิติแห่งชาติ
4996,2553,ภาคกลาง,นครปฐม,นอกเขตเทศบาล,รวม,45 - 49 ปี,48475,คน,สำนักงานสถิติแห่งชาติ
4997,2553,ภาคกลาง,นครปฐม,นอกเขตเทศบาล,ชาย,45 - 49 ปี,22767,คน,สำนักงานสถิติแห่งชาติ
4998,2553,ภาคกลาง,นครปฐม,นอกเขตเทศบาล,หญิง,45 - 49 ปี,25708,คน,สำนักงานสถิติแห่งชาติ
4999,2533,ภาคกลาง,นครปฐม,รวม,รวม,50 - 54 ปี,26833,คน,สำนักงานสถิติแห่งชาติ
5000,2533,ภาคกลาง,นครปฐม,รวม,ชาย,50 - 54 ปี,12763,คน,สำนักงานสถิติแห่งชาติ
