﻿year,quarter,region,area,level_of_edu,value,unit,source
2567,"ไตรมาส 1",ทั่วราชอาณาจักร,รวม,รวม,66.97,ร้อยละ,สำนักงานสถิติแห่งชาติ
2567,"ไตรมาส 1",ทั่วราชอาณาจักร,รวม,"01. ไม่มีการศึกษา",50.11,ร้อยละ,สำนักงานสถิติแห่งชาติ
2567,"ไตรมาส 1",ทั่วราชอาณาจักร,รวม,"02. ต่ำกว่าประถมศึกษา",44.43,ร้อยละ,สำนักงานสถิติแห่งชาติ
2567,"ไตรมาส 1",ทั่วราชอาณาจักร,รวม,"03. ประถมศึกษา",73.94,ร้อยละ,สำนักงานสถิติแห่งชาติ
2567,"ไตรมาส 1",ทั่วราชอาณาจักร,รวม,"04. มัธยมศึกษาตอนต้น",64.00,ร้อยละ,สำนักงานสถิติแห่งชาติ
2567,"ไตรมาส 1",ทั่วราชอาณาจักร,รวม,"05. มัธยมศึกษาตอนปลาย สายสามัญ",71.28,ร้อยละ,สำนักงานสถิติแห่งชาติ
2567,"ไตรมาส 1",ทั่วราชอาณาจักร,รวม,"06. มัธยมศึกษาตอนปลาย สายอาชีวศึกษา",69.79,ร้อยละ,สำนักงานสถิติแห่งชาติ
2567,"ไตรมาส 1",ทั่วราชอาณาจักร,รวม,"07. มัธยมศึกษาตอนปลาย สายวิชาการศึกษา",73.33,ร้อยละ,สำนักงานสถิติแห่งชาติ
2567,"ไตรมาส 1",ทั่วราชอาณาจักร,รวม,"08. อุดมศึกษา สายวิชาการ",82.01,ร้อยละ,สำนักงานสถิติแห่งชาติ
2567,"ไตรมาส 1",ทั่วราชอาณาจักร,รวม,"09. อุดมศึกษา สายวิชาชีพ",82.74,ร้อยละ,สำนักงานสถิติแห่งชาติ
2567,"ไตรมาส 1",ทั่วราชอาณาจักร,รวม,"10. อุดมศึกษา สายวิชาการศึกษา",66.09,ร้อยละ,สำนักงานสถิติแห่งชาติ
2567,"ไตรมาส 1",ทั่วราชอาณาจักร,รวม,"11. อื่น ๆ",92.45,ร้อยละ,สำนักงานสถิติแห่งชาติ
2567,"ไตรมาส 1",ทั่วราชอาณาจักร,รวม,"12. ไม่ทราบ",84.90,ร้อยละ,สำนักงานสถิติแห่งชาติ
2567,"ไตรมาส 1",ทั่วราชอาณาจักร,"1) ในเขตเทศบาล",รวม,68.30,ร้อยละ,สำนักงานสถิติแห่งชาติ
2567,"ไตรมาส 1",ทั่วราชอาณาจักร,"1) ในเขตเทศบาล","01. ไม่มีการศึกษา",56.62,ร้อยละ,สำนักงานสถิติแห่งชาติ
2567,"ไตรมาส 1",ทั่วราชอาณาจักร,"1) ในเขตเทศบาล","02. ต่ำกว่าประถมศึกษา",43.11,ร้อยละ,สำนักงานสถิติแห่งชาติ
2567,"ไตรมาส 1",ทั่วราชอาณาจักร,"1) ในเขตเทศบาล","03. ประถมศึกษา",73.93,ร้อยละ,สำนักงานสถิติแห่งชาติ
2567,"ไตรมาส 1",ทั่วราชอาณาจักร,"1) ในเขตเทศบาล","04. มัธยมศึกษาตอนต้น",65.50,ร้อยละ,สำนักงานสถิติแห่งชาติ
2567,"ไตรมาส 1",ทั่วราชอาณาจักร,"1) ในเขตเทศบาล","05. มัธยมศึกษาตอนปลาย สายสามัญ",67.90,ร้อยละ,สำนักงานสถิติแห่งชาติ
2567,"ไตรมาส 1",ทั่วราชอาณาจักร,"1) ในเขตเทศบาล","06. มัธยมศึกษาตอนปลาย สายอาชีวศึกษา",69.13,ร้อยละ,สำนักงานสถิติแห่งชาติ
2567,"ไตรมาส 1",ทั่วราชอาณาจักร,"1) ในเขตเทศบาล","07. มัธยมศึกษาตอนปลาย สายวิชาการศึกษา",78.64,ร้อยละ,สำนักงานสถิติแห่งชาติ
2567,"ไตรมาส 1",ทั่วราชอาณาจักร,"1) ในเขตเทศบาล","08. อุดมศึกษา สายวิชาการ",81.28,ร้อยละ,สำนักงานสถิติแห่งชาติ
2567,"ไตรมาส 1",ทั่วราชอาณาจักร,"1) ในเขตเทศบาล","09. อุดมศึกษา สายวิชาชีพ",81.33,ร้อยละ,สำนักงานสถิติแห่งชาติ
2567,"ไตรมาส 1",ทั่วราชอาณาจักร,"1) ในเขตเทศบาล","10. อุดมศึกษา สายวิชาการศึกษา",62.92,ร้อยละ,สำนักงานสถิติแห่งชาติ
2567,"ไตรมาส 1",ทั่วราชอาณาจักร,"1) ในเขตเทศบาล","11. อื่น ๆ",93.79,ร้อยละ,สำนักงานสถิติแห่งชาติ
2567,"ไตรมาส 1",ทั่วราชอาณาจักร,"1) ในเขตเทศบาล","12. ไม่ทราบ",83.23,ร้อยละ,สำนักงานสถิติแห่งชาติ
2567,"ไตรมาส 1",ทั่วราชอาณาจักร,"2) นอกเขตเทศบาล",รวม,65.84,ร้อยละ,สำนักงานสถิติแห่งชาติ
2567,"ไตรมาส 1",ทั่วราชอาณาจักร,"2) นอกเขตเทศบาล","01. ไม่มีการศึกษา",45.75,ร้อยละ,สำนักงานสถิติแห่งชาติ
2567,"ไตรมาส 1",ทั่วราชอาณาจักร,"2) นอกเขตเทศบาล","02. ต่ำกว่าประถมศึกษา",45.13,ร้อยละ,สำนักงานสถิติแห่งชาติ
2567,"ไตรมาส 1",ทั่วราชอาณาจักร,"2) นอกเขตเทศบาล","03. ประถมศึกษา",73.94,ร้อยละ,สำนักงานสถิติแห่งชาติ
2567,"ไตรมาส 1",ทั่วราชอาณาจักร,"2) นอกเขตเทศบาล","04. มัธยมศึกษาตอนต้น",62.84,ร้อยละ,สำนักงานสถิติแห่งชาติ
2567,"ไตรมาส 1",ทั่วราชอาณาจักร,"2) นอกเขตเทศบาล","05. มัธยมศึกษาตอนปลาย สายสามัญ",74.53,ร้อยละ,สำนักงานสถิติแห่งชาติ
2567,"ไตรมาส 1",ทั่วราชอาณาจักร,"2) นอกเขตเทศบาล","06. มัธยมศึกษาตอนปลาย สายอาชีวศึกษา",70.65,ร้อยละ,สำนักงานสถิติแห่งชาติ
2567,"ไตรมาส 1",ทั่วราชอาณาจักร,"2) นอกเขตเทศบาล","07. มัธยมศึกษาตอนปลาย สายวิชาการศึกษา",64.52,ร้อยละ,สำนักงานสถิติแห่งชาติ
2567,"ไตรมาส 1",ทั่วราชอาณาจักร,"2) นอกเขตเทศบาล","08. อุดมศึกษา สายวิชาการ",83.39,ร้อยละ,สำนักงานสถิติแห่งชาติ
2567,"ไตรมาส 1",ทั่วราชอาณาจักร,"2) นอกเขตเทศบาล","09. อุดมศึกษา สายวิชาชีพ",84.24,ร้อยละ,สำนักงานสถิติแห่งชาติ
2567,"ไตรมาส 1","2) ภาคกลาง",รวม,"06. มัธยมศึกษาตอนปลาย สายอาชีวศึกษา",70.84,ร้อยละ,สำนักงานสถิติแห่งชาติ
2567,"ไตรมาส 1","2) ภาคกลาง",รวม,"07. มัธยมศึกษาตอนปลาย สายวิชาการศึกษา",80.00,ร้อยละ,สำนักงานสถิติแห่งชาติ
2567,"ไตรมาส 1","2) ภาคกลาง",รวม,"08. อุดมศึกษา สายวิชาการ",81.79,ร้อยละ,สำนักงานสถิติแห่งชาติ
2567,"ไตรมาส 1","2) ภาคกลาง",รวม,"09. อุดมศึกษา สายวิชาชีพ",84.70,ร้อยละ,สำนักงานสถิติแห่งชาติ
2567,"ไตรมาส 1","2) ภาคกลาง",รวม,"10. อุดมศึกษา สายวิชาการศึกษา",64.52,ร้อยละ,สำนักงานสถิติแห่งชาติ
2567,"ไตรมาส 1","2) ภาคกลาง",รวม,"11. อื่น ๆ",95.79,ร้อยละ,สำนักงานสถิติแห่งชาติ
2567,"ไตรมาส 1","2) ภาคกลาง",รวม,"12. ไม่ทราบ",90.78,ร้อยละ,สำนักงานสถิติแห่งชาติ
2567,"ไตรมาส 1","2) ภาคกลาง","1) ในเขตเทศบาล",รวม,70.36,ร้อยละ,สำนักงานสถิติแห่งชาติ
2567,"ไตรมาส 1","2) ภาคกลาง","1) ในเขตเทศบาล","01. ไม่มีการศึกษา",59.66,ร้อยละ,สำนักงานสถิติแห่งชาติ
2567,"ไตรมาส 1","2) ภาคกลาง","1) ในเขตเทศบาล","02. ต่ำกว่าประถมศึกษา",41.96,ร้อยละ,สำนักงานสถิติแห่งชาติ
2567,"ไตรมาส 1","2) ภาคกลาง","1) ในเขตเทศบาล","03. ประถมศึกษา",75.39,ร้อยละ,สำนักงานสถิติแห่งชาติ
2567,"ไตรมาส 1","2) ภาคกลาง","1) ในเขตเทศบาล","04. มัธยมศึกษาตอนต้น",68.55,ร้อยละ,สำนักงานสถิติแห่งชาติ
2567,"ไตรมาส 1","2) ภาคกลาง","1) ในเขตเทศบาล","05. มัธยมศึกษาตอนปลาย สายสามัญ",73.57,ร้อยละ,สำนักงานสถิติแห่งชาติ
2567,"ไตรมาส 1","2) ภาคกลาง","1) ในเขตเทศบาล","06. มัธยมศึกษาตอนปลาย สายอาชีวศึกษา",67.55,ร้อยละ,สำนักงานสถิติแห่งชาติ
2567,"ไตรมาส 1","2) ภาคกลาง","1) ในเขตเทศบาล","07. มัธยมศึกษาตอนปลาย สายวิชาการศึกษา",88.46,ร้อยละ,สำนักงานสถิติแห่งชาติ
2567,"ไตรมาส 1","2) ภาคกลาง","1) ในเขตเทศบาล","08. อุดมศึกษา สายวิชาการ",79.60,ร้อยละ,สำนักงานสถิติแห่งชาติ
2567,"ไตรมาส 1","2) ภาคกลาง","1) ในเขตเทศบาล","09. อุดมศึกษา สายวิชาชีพ",82.81,ร้อยละ,สำนักงานสถิติแห่งชาติ
2567,"ไตรมาส 1","2) ภาคกลาง","1) ในเขตเทศบาล","10. อุดมศึกษา สายวิชาการศึกษา",57.66,ร้อยละ,สำนักงานสถิติแห่งชาติ
2567,"ไตรมาส 1","2) ภาคกลาง","1) ในเขตเทศบาล","11. อื่น ๆ",94.54,ร้อยละ,สำนักงานสถิติแห่งชาติ
2567,"ไตรมาส 1","2) ภาคกลาง","1) ในเขตเทศบาล","12. ไม่ทราบ",89.66,ร้อยละ,สำนักงานสถิติแห่งชาติ
2567,"ไตรมาส 1","2) ภาคกลาง","2) นอกเขตเทศบาล",รวม,70.87,ร้อยละ,สำนักงานสถิติแห่งชาติ
2567,"ไตรมาส 1","2) ภาคกลาง","2) นอกเขตเทศบาล","01. ไม่มีการศึกษา",53.59,ร้อยละ,สำนักงานสถิติแห่งชาติ
2567,"ไตรมาส 1","2) ภาคกลาง","2) นอกเขตเทศบาล","02. ต่ำกว่าประถมศึกษา",45.34,ร้อยละ,สำนักงานสถิติแห่งชาติ
2567,"ไตรมาส 1","2) ภาคกลาง","2) นอกเขตเทศบาล","03. ประถมศึกษา",75.74,ร้อยละ,สำนักงานสถิติแห่งชาติ
2567,"ไตรมาส 1","2) ภาคกลาง","2) นอกเขตเทศบาล","04. มัธยมศึกษาตอนต้น",69.38,ร้อยละ,สำนักงานสถิติแห่งชาติ
2567,"ไตรมาส 1","2) ภาคกลาง","2) นอกเขตเทศบาล","05. มัธยมศึกษาตอนปลาย สายสามัญ",75.58,ร้อยละ,สำนักงานสถิติแห่งชาติ
2567,"ไตรมาส 1","2) ภาคกลาง","2) นอกเขตเทศบาล","06. มัธยมศึกษาตอนปลาย สายอาชีวศึกษา",74.46,ร้อยละ,สำนักงานสถิติแห่งชาติ
2567,"ไตรมาส 1","2) ภาคกลาง","2) นอกเขตเทศบาล","07. มัธยมศึกษาตอนปลาย สายวิชาการศึกษา",70.83,ร้อยละ,สำนักงานสถิติแห่งชาติ
2567,"ไตรมาส 1","2) ภาคกลาง","2) นอกเขตเทศบาล","08. อุดมศึกษา สายวิชาการ",84.47,ร้อยละ,สำนักงานสถิติแห่งชาติ
2567,"ไตรมาส 1","2) ภาคกลาง","2) นอกเขตเทศบาล","09. อุดมศึกษา สายวิชาชีพ",86.45,ร้อยละ,สำนักงานสถิติแห่งชาติ
2567,"ไตรมาส 1","2) ภาคกลาง","2) นอกเขตเทศบาล","10. อุดมศึกษา สายวิชาการศึกษา",72.32,ร้อยละ,สำนักงานสถิติแห่งชาติ
2567,"ไตรมาส 1","2) ภาคกลาง","2) นอกเขตเทศบาล","11. อื่น ๆ",96.79,ร้อยละ,สำนักงานสถิติแห่งชาติ
2567,"ไตรมาส 1","2) ภาคกลาง","2) นอกเขตเทศบาล","12. ไม่ทราบ",93.54,ร้อยละ,สำนักงานสถิติแห่งชาติ
2567,"ไตรมาส 1","3) ภาคเหนือ",รวม,รวม,65.06,ร้อยละ,สำนักงานสถิติแห่งชาติ
2567,"ไตรมาส 1","3) ภาคเหนือ",รวม,"01. ไม่มีการศึกษา",51.02,ร้อยละ,สำนักงานสถิติแห่งชาติ
2567,"ไตรมาส 1","3) ภาคเหนือ",รวม,"02. ต่ำกว่าประถมศึกษา",50.39,ร้อยละ,สำนักงานสถิติแห่งชาติ
2567,"ไตรมาส 1","3) ภาคเหนือ",รวม,"03. ประถมศึกษา",74.17,ร้อยละ,สำนักงานสถิติแห่งชาติ
2567,"ไตรมาส 1","3) ภาคเหนือ",รวม,"04. มัธยมศึกษาตอนต้น",62.33,ร้อยละ,สำนักงานสถิติแห่งชาติ
2567,"ไตรมาส 1","3) ภาคเหนือ",รวม,"05. มัธยมศึกษาตอนปลาย สายสามัญ",72.59,ร้อยละ,สำนักงานสถิติแห่งชาติ
2567,"ไตรมาส 1","3) ภาคเหนือ",รวม,"06. มัธยมศึกษาตอนปลาย สายอาชีวศึกษา",65.86,ร้อยละ,สำนักงานสถิติแห่งชาติ
2567,"ไตรมาส 1","3) ภาคเหนือ",รวม,"07. มัธยมศึกษาตอนปลาย สายวิชาการศึกษา",89.47,ร้อยละ,สำนักงานสถิติแห่งชาติ
2567,"ไตรมาส 1","3) ภาคเหนือ",รวม,"08. อุดมศึกษา สายวิชาการ",81.35,ร้อยละ,สำนักงานสถิติแห่งชาติ
2567,"ไตรมาส 1","3) ภาคเหนือ",รวม,"09. อุดมศึกษา สายวิชาชีพ",83.98,ร้อยละ,สำนักงานสถิติแห่งชาติ
2567,"ไตรมาส 1","3) ภาคเหนือ",รวม,"10. อุดมศึกษา สายวิชาการศึกษา",69.64,ร้อยละ,สำนักงานสถิติแห่งชาติ
2567,"ไตรมาส 1","3) ภาคเหนือ",รวม,"11. อื่น ๆ",60.00,ร้อยละ,สำนักงานสถิติแห่งชาติ
2567,"ไตรมาส 1","3) ภาคเหนือ",รวม,"12. ไม่ทราบ",68.89,ร้อยละ,สำนักงานสถิติแห่งชาติ
2567,"ไตรมาส 1","3) ภาคเหนือ","1) ในเขตเทศบาล",รวม,64.05,ร้อยละ,สำนักงานสถิติแห่งชาติ
2567,"ไตรมาส 1","3) ภาคเหนือ","1) ในเขตเทศบาล","01. ไม่มีการศึกษา",55.59,ร้อยละ,สำนักงานสถิติแห่งชาติ
2567,"ไตรมาส 1","3) ภาคเหนือ","1) ในเขตเทศบาล","02. ต่ำกว่าประถมศึกษา",48.46,ร้อยละ,สำนักงานสถิติแห่งชาติ
2567,"ไตรมาส 1","3) ภาคเหนือ","1) ในเขตเทศบาล","03. ประถมศึกษา",69.95,ร้อยละ,สำนักงานสถิติแห่งชาติ
2567,"ไตรมาส 1","3) ภาคเหนือ","1) ในเขตเทศบาล","04. มัธยมศึกษาตอนต้น",59.70,ร้อยละ,สำนักงานสถิติแห่งชาติ
2567,"ไตรมาส 1","3) ภาคเหนือ","1) ในเขตเทศบาล","05. มัธยมศึกษาตอนปลาย สายสามัญ",64.28,ร้อยละ,สำนักงานสถิติแห่งชาติ
2567,"ไตรมาส 1","3) ภาคเหนือ","1) ในเขตเทศบาล","06. มัธยมศึกษาตอนปลาย สายอาชีวศึกษา",66.44,ร้อยละ,สำนักงานสถิติแห่งชาติ
2567,"ไตรมาส 1","3) ภาคเหนือ","1) ในเขตเทศบาล","07. มัธยมศึกษาตอนปลาย สายวิชาการศึกษา",90.91,ร้อยละ,สำนักงานสถิติแห่งชาติ
2567,"ไตรมาส 1","3) ภาคเหนือ","1) ในเขตเทศบาล","08. อุดมศึกษา สายวิชาการ",79.94,ร้อยละ,สำนักงานสถิติแห่งชาติ
2567,"ไตรมาส 1","3) ภาคเหนือ","1) ในเขตเทศบาล","09. อุดมศึกษา สายวิชาชีพ",83.53,ร้อยละ,สำนักงานสถิติแห่งชาติ
2567,"ไตรมาส 1","3) ภาคเหนือ","1) ในเขตเทศบาล","10. อุดมศึกษา สายวิชาการศึกษา",66.90,ร้อยละ,สำนักงานสถิติแห่งชาติ
2567,"ไตรมาส 1","3) ภาคเหนือ","1) ในเขตเทศบาล","11. อื่น ๆ",60.00,ร้อยละ,สำนักงานสถิติแห่งชาติ
2567,"ไตรมาส 1","3) ภาคเหนือ","1) ในเขตเทศบาล","12. ไม่ทราบ",69.70,ร้อยละ,สำนักงานสถิติแห่งชาติ
2567,"ไตรมาส 1","3) ภาคเหนือ","2) นอกเขตเทศบาล",รวม,65.60,ร้อยละ,สำนักงานสถิติแห่งชาติ
2567,"ไตรมาส 1","3) ภาคเหนือ","2) นอกเขตเทศบาล","01. ไม่มีการศึกษา",49.44,ร้อยละ,สำนักงานสถิติแห่งชาติ
2567,"ไตรมาส 1","3) ภาคเหนือ","2) นอกเขตเทศบาล","02. ต่ำกว่าประถมศึกษา",51.23,ร้อยละ,สำนักงานสถิติแห่งชาติ
2567,"ไตรมาส 1","3) ภาคเหนือ","2) นอกเขตเทศบาล","03. ประถมศึกษา",75.92,ร้อยละ,สำนักงานสถิติแห่งชาติ
2567,"ไตรมาส 1","3) ภาคเหนือ","2) นอกเขตเทศบาล","04. มัธยมศึกษาตอนต้น",63.64,ร้อยละ,สำนักงานสถิติแห่งชาติ
2567,"ไตรมาส 1","3) ภาคเหนือ","2) นอกเขตเทศบาล","05. มัธยมศึกษาตอนปลาย สายสามัญ",77.63,ร้อยละ,สำนักงานสถิติแห่งชาติ
2567,"ไตรมาส 1","3) ภาคเหนือ","2) นอกเขตเทศบาล","06. มัธยมศึกษาตอนปลาย สายอาชีวศึกษา",65.40,ร้อยละ,สำนักงานสถิติแห่งชาติ
2567,"ไตรมาส 1","3) ภาคเหนือ","2) นอกเขตเทศบาล","07. มัธยมศึกษาตอนปลาย สายวิชาการศึกษา",100.00,ร้อยละ,สำนักงานสถิติแห่งชาติ
2567,"ไตรมาส 1","3) ภาคเหนือ","2) นอกเขตเทศบาล","08. อุดมศึกษา สายวิชาการ",83.01,ร้อยละ,สำนักงานสถิติแห่งชาติ
2567,"ไตรมาส 1","3) ภาคเหนือ","2) นอกเขตเทศบาล","09. อุดมศึกษา สายวิชาชีพ",84.28,ร้อยละ,สำนักงานสถิติแห่งชาติ
2567,"ไตรมาส 1","3) ภาคเหนือ","2) นอกเขตเทศบาล","10. อุดมศึกษา สายวิชาการศึกษา",72.35,ร้อยละ,สำนักงานสถิติแห่งชาติ
2567,"ไตรมาส 1","3) ภาคเหนือ","2) นอกเขตเทศบาล","12. ไม่ทราบ",68.42,ร้อยละ,สำนักงานสถิติแห่งชาติ
2567,"ไตรมาส 1","4) ภาคตะวันออกเฉียงเหนือ",รวม,รวม,59.65,ร้อยละ,สำนักงานสถิติแห่งชาติ
2567,"ไตรมาส 1","4) ภาคตะวันออกเฉียงเหนือ",รวม,"01. ไม่มีการศึกษา",26.08,ร้อยละ,สำนักงานสถิติแห่งชาติ
2567,"ไตรมาส 1","4) ภาคตะวันออกเฉียงเหนือ",รวม,"02. ต่ำกว่าประถมศึกษา",38.67,ร้อยละ,สำนักงานสถิติแห่งชาติ
2567,"ไตรมาส 1","4) ภาคตะวันออกเฉียงเหนือ",รวม,"03. ประถมศึกษา",70.66,ร้อยละ,สำนักงานสถิติแห่งชาติ
2567,"ไตรมาส 1","4) ภาคตะวันออกเฉียงเหนือ",รวม,"04. มัธยมศึกษาตอนต้น",56.49,ร้อยละ,สำนักงานสถิติแห่งชาติ
2567,"ไตรมาส 1","4) ภาคตะวันออกเฉียงเหนือ",รวม,"05. มัธยมศึกษาตอนปลาย สายสามัญ",68.61,ร้อยละ,สำนักงานสถิติแห่งชาติ
2567,"ไตรมาส 1","4) ภาคตะวันออกเฉียงเหนือ",รวม,"06. มัธยมศึกษาตอนปลาย สายอาชีวศึกษา",60.91,ร้อยละ,สำนักงานสถิติแห่งชาติ
2567,"ไตรมาส 1","4) ภาคตะวันออกเฉียงเหนือ",รวม,"07. มัธยมศึกษาตอนปลาย สายวิชาการศึกษา",46.15,ร้อยละ,สำนักงานสถิติแห่งชาติ
2567,"ไตรมาส 1","4) ภาคตะวันออกเฉียงเหนือ",รวม,"08. อุดมศึกษา สายวิชาการ",82.34,ร้อยละ,สำนักงานสถิติแห่งชาติ
2567,"ไตรมาส 1","4) ภาคตะวันออกเฉียงเหนือ",รวม,"09. อุดมศึกษา สายวิชาชีพ",81.26,ร้อยละ,สำนักงานสถิติแห่งชาติ
2567,"ไตรมาส 1","4) ภาคตะวันออกเฉียงเหนือ",รวม,"10. อุดมศึกษา สายวิชาการศึกษา",61.51,ร้อยละ,สำนักงานสถิติแห่งชาติ
2567,"ไตรมาส 1","4) ภาคตะวันออกเฉียงเหนือ",รวม,"12. ไม่ทราบ",11.11,ร้อยละ,สำนักงานสถิติแห่งชาติ
2567,"ไตรมาส 1","4) ภาคตะวันออกเฉียงเหนือ","1) ในเขตเทศบาล",รวม,59.07,ร้อยละ,สำนักงานสถิติแห่งชาติ
2567,"ไตรมาส 1","4) ภาคตะวันออกเฉียงเหนือ","1) ในเขตเทศบาล","01. ไม่มีการศึกษา",21.48,ร้อยละ,สำนักงานสถิติแห่งชาติ
2567,"ไตรมาส 1","4) ภาคตะวันออกเฉียงเหนือ","1) ในเขตเทศบาล","02. ต่ำกว่าประถมศึกษา",36.55,ร้อยละ,สำนักงานสถิติแห่งชาติ
2567,"ไตรมาส 1","4) ภาคตะวันออกเฉียงเหนือ","1) ในเขตเทศบาล","03. ประถมศึกษา",68.75,ร้อยละ,สำนักงานสถิติแห่งชาติ
2567,"ไตรมาส 1","4) ภาคตะวันออกเฉียงเหนือ","1) ในเขตเทศบาล","04. มัธยมศึกษาตอนต้น",55.90,ร้อยละ,สำนักงานสถิติแห่งชาติ
2567,"ไตรมาส 1","4) ภาคตะวันออกเฉียงเหนือ","1) ในเขตเทศบาล","05. มัธยมศึกษาตอนปลาย สายสามัญ",64.13,ร้อยละ,สำนักงานสถิติแห่งชาติ
2567,"ไตรมาส 1","4) ภาคตะวันออกเฉียงเหนือ","1) ในเขตเทศบาล","06. มัธยมศึกษาตอนปลาย สายอาชีวศึกษา",58.75,ร้อยละ,สำนักงานสถิติแห่งชาติ
2567,"ไตรมาส 1","4) ภาคตะวันออกเฉียงเหนือ","1) ในเขตเทศบาล","07. มัธยมศึกษาตอนปลาย สายวิชาการศึกษา",100.00,ร้อยละ,สำนักงานสถิติแห่งชาติ
2567,"ไตรมาส 1","4) ภาคตะวันออกเฉียงเหนือ","1) ในเขตเทศบาล","08. อุดมศึกษา สายวิชาการ",81.84,ร้อยละ,สำนักงานสถิติแห่งชาติ
2567,"ไตรมาส 1","4) ภาคตะวันออกเฉียงเหนือ","1) ในเขตเทศบาล","09. อุดมศึกษา สายวิชาชีพ",81.63,ร้อยละ,สำนักงานสถิติแห่งชาติ
2567,"ไตรมาส 1","4) ภาคตะวันออกเฉียงเหนือ","1) ในเขตเทศบาล","10. อุดมศึกษา สายวิชาการศึกษา",54.67,ร้อยละ,สำนักงานสถิติแห่งชาติ
2567,"ไตรมาส 1","4) ภาคตะวันออกเฉียงเหนือ","1) ในเขตเทศบาล","12. ไม่ทราบ",.00,ร้อยละ,สำนักงานสถิติแห่งชาติ
2567,"ไตรมาส 1","4) ภาคตะวันออกเฉียงเหนือ","2) นอกเขตเทศบาล",รวม,59.90,ร้อยละ,สำนักงานสถิติแห่งชาติ
2567,"ไตรมาส 1","4) ภาคตะวันออกเฉียงเหนือ","2) นอกเขตเทศบาล","01. ไม่มีการศึกษา",27.72,ร้อยละ,สำนักงานสถิติแห่งชาติ
2567,"ไตรมาส 1","4) ภาคตะวันออกเฉียงเหนือ","2) นอกเขตเทศบาล","02. ต่ำกว่าประถมศึกษา",39.43,ร้อยละ,สำนักงานสถิติแห่งชาติ
2567,"ไตรมาส 1","4) ภาคตะวันออกเฉียงเหนือ","2) นอกเขตเทศบาล","03. ประถมศึกษา",71.33,ร้อยละ,สำนักงานสถิติแห่งชาติ
2567,"ไตรมาส 1","4) ภาคตะวันออกเฉียงเหนือ","2) นอกเขตเทศบาล","04. มัธยมศึกษาตอนต้น",56.71,ร้อยละ,สำนักงานสถิติแห่งชาติ
2567,"ไตรมาส 1","4) ภาคตะวันออกเฉียงเหนือ","2) นอกเขตเทศบาล","05. มัธยมศึกษาตอนปลาย สายสามัญ",70.89,ร้อยละ,สำนักงานสถิติแห่งชาติ
2567,"ไตรมาส 1","4) ภาคตะวันออกเฉียงเหนือ","2) นอกเขตเทศบาล","06. มัธยมศึกษาตอนปลาย สายอาชีวศึกษา",61.96,ร้อยละ,สำนักงานสถิติแห่งชาติ
2567,"ไตรมาส 1","4) ภาคตะวันออกเฉียงเหนือ","2) นอกเขตเทศบาล","07. มัธยมศึกษาตอนปลาย สายวิชาการศึกษา",33.33,ร้อยละ,สำนักงานสถิติแห่งชาติ
2567,"ไตรมาส 1","4) ภาคตะวันออกเฉียงเหนือ","2) นอกเขตเทศบาล","08. อุดมศึกษา สายวิชาการ",82.76,ร้อยละ,สำนักงานสถิติแห่งชาติ
2567,"ไตรมาส 1","4) ภาคตะวันออกเฉียงเหนือ","2) นอกเขตเทศบาล","09. อุดมศึกษา สายวิชาชีพ",81.05,ร้อยละ,สำนักงานสถิติแห่งชาติ
2567,"ไตรมาส 1","4) ภาคตะวันออกเฉียงเหนือ","2) นอกเขตเทศบาล","10. อุดมศึกษา สายวิชาการศึกษา",66.29,ร้อยละ,สำนักงานสถิติแห่งชาติ
2567,"ไตรมาส 1","4) ภาคตะวันออกเฉียงเหนือ","2) นอกเขตเทศบาล","12. ไม่ทราบ",22.22,ร้อยละ,สำนักงานสถิติแห่งชาติ
2567,"ไตรมาส 1","5) ภาคใต้",รวม,รวม,68.15,ร้อยละ,สำนักงานสถิติแห่งชาติ
2567,"ไตรมาส 1","5) ภาคใต้",รวม,"01. ไม่มีการศึกษา",44.84,ร้อยละ,สำนักงานสถิติแห่งชาติ
2567,"ไตรมาส 1","5) ภาคใต้",รวม,"02. ต่ำกว่าประถมศึกษา",50.57,ร้อยละ,สำนักงานสถิติแห่งชาติ
2567,"ไตรมาส 1","5) ภาคใต้",รวม,"03. ประถมศึกษา",74.02,ร้อยละ,สำนักงานสถิติแห่งชาติ
2567,"ไตรมาส 1","5) ภาคใต้",รวม,"04. มัธยมศึกษาตอนต้น",61.60,ร้อยละ,สำนักงานสถิติแห่งชาติ
2567,"ไตรมาส 1","5) ภาคใต้",รวม,"05. มัธยมศึกษาตอนปลาย สายสามัญ",71.78,ร้อยละ,สำนักงานสถิติแห่งชาติ
2567,"ไตรมาส 1","5) ภาคใต้",รวม,"06. มัธยมศึกษาตอนปลาย สายอาชีวศึกษา",73.47,ร้อยละ,สำนักงานสถิติแห่งชาติ
2567,"ไตรมาส 1","5) ภาคใต้",รวม,"07. มัธยมศึกษาตอนปลาย สายวิชาการศึกษา",75.00,ร้อยละ,สำนักงานสถิติแห่งชาติ
2567,"ไตรมาส 1","5) ภาคใต้",รวม,"08. อุดมศึกษา สายวิชาการ",83.13,ร้อยละ,สำนักงานสถิติแห่งชาติ
2567,"ไตรมาส 1","5) ภาคใต้",รวม,"09. อุดมศึกษา สายวิชาชีพ",83.34,ร้อยละ,สำนักงานสถิติแห่งชาติ
2567,"ไตรมาส 1","5) ภาคใต้",รวม,"10. อุดมศึกษา สายวิชาการศึกษา",67.05,ร้อยละ,สำนักงานสถิติแห่งชาติ
2567,"ไตรมาส 1","5) ภาคใต้",รวม,"11. อื่น ๆ",39.38,ร้อยละ,สำนักงานสถิติแห่งชาติ
2567,"ไตรมาส 1","5) ภาคใต้",รวม,"12. ไม่ทราบ",84.30,ร้อยละ,สำนักงานสถิติแห่งชาติ
2567,"ไตรมาส 1","5) ภาคใต้","1) ในเขตเทศบาล",รวม,67.48,ร้อยละ,สำนักงานสถิติแห่งชาติ
2567,"ไตรมาส 1","5) ภาคใต้","1) ในเขตเทศบาล","01. ไม่มีการศึกษา",57.79,ร้อยละ,สำนักงานสถิติแห่งชาติ
2567,"ไตรมาส 1","5) ภาคใต้","1) ในเขตเทศบาล","02. ต่ำกว่าประถมศึกษา",47.15,ร้อยละ,สำนักงานสถิติแห่งชาติ
2567,"ไตรมาส 1","5) ภาคใต้","1) ในเขตเทศบาล","03. ประถมศึกษา",72.21,ร้อยละ,สำนักงานสถิติแห่งชาติ
2567,"ไตรมาส 1","5) ภาคใต้","1) ในเขตเทศบาล","04. มัธยมศึกษาตอนต้น",61.47,ร้อยละ,สำนักงานสถิติแห่งชาติ
2567,"ไตรมาส 1","5) ภาคใต้","1) ในเขตเทศบาล","05. มัธยมศึกษาตอนปลาย สายสามัญ",63.73,ร้อยละ,สำนักงานสถิติแห่งชาติ
2567,"ไตรมาส 1","5) ภาคใต้","1) ในเขตเทศบาล","06. มัธยมศึกษาตอนปลาย สายอาชีวศึกษา",64.41,ร้อยละ,สำนักงานสถิติแห่งชาติ
2567,"ไตรมาส 1","5) ภาคใต้","1) ในเขตเทศบาล","07. มัธยมศึกษาตอนปลาย สายวิชาการศึกษา",66.67,ร้อยละ,สำนักงานสถิติแห่งชาติ
2567,"ไตรมาส 1","5) ภาคใต้","1) ในเขตเทศบาล","08. อุดมศึกษา สายวิชาการ",84.57,ร้อยละ,สำนักงานสถิติแห่งชาติ
2567,"ไตรมาส 1","5) ภาคใต้","1) ในเขตเทศบาล","09. อุดมศึกษา สายวิชาชีพ",82.97,ร้อยละ,สำนักงานสถิติแห่งชาติ
2567,"ไตรมาส 1","5) ภาคใต้","1) ในเขตเทศบาล","10. อุดมศึกษา สายวิชาการศึกษา",62.82,ร้อยละ,สำนักงานสถิติแห่งชาติ
2567,"ไตรมาส 1","5) ภาคใต้","1) ในเขตเทศบาล","11. อื่น ๆ",45.45,ร้อยละ,สำนักงานสถิติแห่งชาติ
2567,"ไตรมาส 1","5) ภาคใต้","1) ในเขตเทศบาล","12. ไม่ทราบ",80.40,ร้อยละ,สำนักงานสถิติแห่งชาติ
2567,"ไตรมาส 1","5) ภาคใต้","2) นอกเขตเทศบาล",รวม,68.51,ร้อยละ,สำนักงานสถิติแห่งชาติ
2567,"ไตรมาส 1","5) ภาคใต้","2) นอกเขตเทศบาล","01. ไม่มีการศึกษา",38.26,ร้อยละ,สำนักงานสถิติแห่งชาติ
2567,"ไตรมาส 1","5) ภาคใต้","2) นอกเขตเทศบาล","02. ต่ำกว่าประถมศึกษา",51.99,ร้อยละ,สำนักงานสถิติแห่งชาติ
2567,"ไตรมาส 1","5) ภาคใต้","2) นอกเขตเทศบาล","03. ประถมศึกษา",74.65,ร้อยละ,สำนักงานสถิติแห่งชาติ
2567,"ไตรมาส 1","5) ภาคใต้","2) นอกเขตเทศบาล","04. มัธยมศึกษาตอนต้น",61.68,ร้อยละ,สำนักงานสถิติแห่งชาติ
2567,"ไตรมาส 1","5) ภาคใต้","2) นอกเขตเทศบาล","05. มัธยมศึกษาตอนปลาย สายสามัญ",76.60,ร้อยละ,สำนักงานสถิติแห่งชาติ
2567,"ไตรมาส 1","5) ภาคใต้","2) นอกเขตเทศบาล","06. มัธยมศึกษาตอนปลาย สายอาชีวศึกษา",79.92,ร้อยละ,สำนักงานสถิติแห่งชาติ
2567,"ไตรมาส 1","5) ภาคใต้","2) นอกเขตเทศบาล","07. มัธยมศึกษาตอนปลาย สายวิชาการศึกษา",77.78,ร้อยละ,สำนักงานสถิติแห่งชาติ
2567,"ไตรมาส 1","5) ภาคใต้","2) นอกเขตเทศบาล","08. อุดมศึกษา สายวิชาการ",81.83,ร้อยละ,สำนักงานสถิติแห่งชาติ
2567,"ไตรมาส 1","5) ภาคใต้","2) นอกเขตเทศบาล","09. อุดมศึกษา สายวิชาชีพ",83.66,ร้อยละ,สำนักงานสถิติแห่งชาติ
2567,"ไตรมาส 1","5) ภาคใต้","2) นอกเขตเทศบาล","10. อุดมศึกษา สายวิชาการศึกษา",69.99,ร้อยละ,สำนักงานสถิติแห่งชาติ
2567,"ไตรมาส 1","5) ภาคใต้","2) นอกเขตเทศบาล","11. อื่น ๆ",38.93,ร้อยละ,สำนักงานสถิติแห่งชาติ
2567,"ไตรมาส 1","5) ภาคใต้","2) นอกเขตเทศบาล","12. ไม่ทราบ",87.61,ร้อยละ,สำนักงานสถิติแห่งชาติ
2567,"ไตรมาส 2",ทั่วราชอาณาจักร,รวม,รวม,66.80,ร้อยละ,สำนักงานสถิติแห่งชาติ
2567,"ไตรมาส 2",ทั่วราชอาณาจักร,รวม,"01. ไม่มีการศึกษา",49.10,ร้อยละ,สำนักงานสถิติแห่งชาติ
2567,"ไตรมาส 2",ทั่วราชอาณาจักร,รวม,"02. ต่ำกว่าประถมศึกษา",43.30,ร้อยละ,สำนักงานสถิติแห่งชาติ
2567,"ไตรมาส 2",ทั่วราชอาณาจักร,รวม,"03. ประถมศึกษา",75.00,ร้อยละ,สำนักงานสถิติแห่งชาติ
2567,"ไตรมาส 2",ทั่วราชอาณาจักร,รวม,"04. มัธยมศึกษาตอนต้น",63.60,ร้อยละ,สำนักงานสถิติแห่งชาติ
2567,"ไตรมาส 2",ทั่วราชอาณาจักร,รวม,"05. มัธยมศึกษาตอนปลาย สายสามัญ",70.80,ร้อยละ,สำนักงานสถิติแห่งชาติ
2567,"ไตรมาส 2",ทั่วราชอาณาจักร,รวม,"06. มัธยมศึกษาตอนปลาย สายอาชีวศึกษา",69.70,ร้อยละ,สำนักงานสถิติแห่งชาติ
2567,"ไตรมาส 2",ทั่วราชอาณาจักร,รวม,"07. มัธยมศึกษาตอนปลาย สายวิชาการศึกษา",65.10,ร้อยละ,สำนักงานสถิติแห่งชาติ
2567,"ไตรมาส 2",ทั่วราชอาณาจักร,รวม,"08. อุดมศึกษา สายวิชาการ",82.00,ร้อยละ,สำนักงานสถิติแห่งชาติ
2567,"ไตรมาส 2",ทั่วราชอาณาจักร,รวม,"09. อุดมศึกษา สายวิชาชีพ",82.20,ร้อยละ,สำนักงานสถิติแห่งชาติ
2567,"ไตรมาส 2",ทั่วราชอาณาจักร,รวม,"10. อุดมศึกษา สายวิชาการศึกษา",64.90,ร้อยละ,สำนักงานสถิติแห่งชาติ
2567,"ไตรมาส 2",ทั่วราชอาณาจักร,รวม,"11. อื่น ๆ",94.00,ร้อยละ,สำนักงานสถิติแห่งชาติ
2567,"ไตรมาส 2",ทั่วราชอาณาจักร,รวม,"12. ไม่ทราบ",80.80,ร้อยละ,สำนักงานสถิติแห่งชาติ
2567,"ไตรมาส 2",ทั่วราชอาณาจักร,"1) ในเขตเทศบาล",รวม,67.80,ร้อยละ,สำนักงานสถิติแห่งชาติ
2567,"ไตรมาส 2",ทั่วราชอาณาจักร,"1) ในเขตเทศบาล","01. ไม่มีการศึกษา",56.40,ร้อยละ,สำนักงานสถิติแห่งชาติ
2567,"ไตรมาส 2",ทั่วราชอาณาจักร,"1) ในเขตเทศบาล","02. ต่ำกว่าประถมศึกษา",41.80,ร้อยละ,สำนักงานสถิติแห่งชาติ
2567,"ไตรมาส 2",ทั่วราชอาณาจักร,"1) ในเขตเทศบาล","03. ประถมศึกษา",73.70,ร้อยละ,สำนักงานสถิติแห่งชาติ
2567,"ไตรมาส 2",ทั่วราชอาณาจักร,"1) ในเขตเทศบาล","04. มัธยมศึกษาตอนต้น",64.50,ร้อยละ,สำนักงานสถิติแห่งชาติ
2567,"ไตรมาส 2",ทั่วราชอาณาจักร,"1) ในเขตเทศบาล","05. มัธยมศึกษาตอนปลาย สายสามัญ",67.90,ร้อยละ,สำนักงานสถิติแห่งชาติ
2567,"ไตรมาส 2",ทั่วราชอาณาจักร,"1) ในเขตเทศบาล","06. มัธยมศึกษาตอนปลาย สายอาชีวศึกษา",67.90,ร้อยละ,สำนักงานสถิติแห่งชาติ
2567,"ไตรมาส 2",ทั่วราชอาณาจักร,"1) ในเขตเทศบาล","07. มัธยมศึกษาตอนปลาย สายวิชาการศึกษา",65.90,ร้อยละ,สำนักงานสถิติแห่งชาติ
2567,"ไตรมาส 2",ทั่วราชอาณาจักร,"1) ในเขตเทศบาล","08. อุดมศึกษา สายวิชาการ",81.10,ร้อยละ,สำนักงานสถิติแห่งชาติ
2567,"ไตรมาส 2",ทั่วราชอาณาจักร,"1) ในเขตเทศบาล","09. อุดมศึกษา สายวิชาชีพ",82.00,ร้อยละ,สำนักงานสถิติแห่งชาติ
2567,"ไตรมาส 2",ทั่วราชอาณาจักร,"1) ในเขตเทศบาล","10. อุดมศึกษา สายวิชาการศึกษา",61.30,ร้อยละ,สำนักงานสถิติแห่งชาติ
2567,"ไตรมาส 2",ทั่วราชอาณาจักร,"1) ในเขตเทศบาล","11. อื่น ๆ",95.00,ร้อยละ,สำนักงานสถิติแห่งชาติ
2567,"ไตรมาส 2",ทั่วราชอาณาจักร,"1) ในเขตเทศบาล","12. ไม่ทราบ",77.70,ร้อยละ,สำนักงานสถิติแห่งชาติ
2567,"ไตรมาส 2",ทั่วราชอาณาจักร,"2) นอกเขตเทศบาล",รวม,65.90,ร้อยละ,สำนักงานสถิติแห่งชาติ
2567,"ไตรมาส 2",ทั่วราชอาณาจักร,"2) นอกเขตเทศบาล","01. ไม่มีการศึกษา",44.50,ร้อยละ,สำนักงานสถิติแห่งชาติ
2567,"ไตรมาส 2",ทั่วราชอาณาจักร,"2) นอกเขตเทศบาล","02. ต่ำกว่าประถมศึกษา",44.10,ร้อยละ,สำนักงานสถิติแห่งชาติ
2567,"ไตรมาส 2",ทั่วราชอาณาจักร,"2) นอกเขตเทศบาล","03. ประถมศึกษา",75.80,ร้อยละ,สำนักงานสถิติแห่งชาติ
2567,"ไตรมาส 2",ทั่วราชอาณาจักร,"2) นอกเขตเทศบาล","04. มัธยมศึกษาตอนต้น",62.80,ร้อยละ,สำนักงานสถิติแห่งชาติ
2567,"ไตรมาส 2",ทั่วราชอาณาจักร,"2) นอกเขตเทศบาล","05. มัธยมศึกษาตอนปลาย สายสามัญ",73.50,ร้อยละ,สำนักงานสถิติแห่งชาติ
2567,"ไตรมาส 2",ทั่วราชอาณาจักร,"2) นอกเขตเทศบาล","06. มัธยมศึกษาตอนปลาย สายอาชีวศึกษา",71.90,ร้อยละ,สำนักงานสถิติแห่งชาติ
2567,"ไตรมาส 2",ทั่วราชอาณาจักร,"2) นอกเขตเทศบาล","07. มัธยมศึกษาตอนปลาย สายวิชาการศึกษา",63.40,ร้อยละ,สำนักงานสถิติแห่งชาติ
2567,"ไตรมาส 2",ทั่วราชอาณาจักร,"2) นอกเขตเทศบาล","08. อุดมศึกษา สายวิชาการ",83.70,ร้อยละ,สำนักงานสถิติแห่งชาติ
2567,"ไตรมาส 2",ทั่วราชอาณาจักร,"2) นอกเขตเทศบาล","09. อุดมศึกษา สายวิชาชีพ",82.40,ร้อยละ,สำนักงานสถิติแห่งชาติ
2567,"ไตรมาส 2",ทั่วราชอาณาจักร,"2) นอกเขตเทศบาล","10. อุดมศึกษา สายวิชาการศึกษา",69.10,ร้อยละ,สำนักงานสถิติแห่งชาติ
2567,"ไตรมาส 2",ทั่วราชอาณาจักร,"2) นอกเขตเทศบาล","11. อื่น ๆ",93.20,ร้อยละ,สำนักงานสถิติแห่งชาติ
2567,"ไตรมาส 2",ทั่วราชอาณาจักร,"2) นอกเขตเทศบาล","12. ไม่ทราบ",89.90,ร้อยละ,สำนักงานสถิติแห่งชาติ
2567,"ไตรมาส 2","1) กรุงเทพมหานคร",รวม,รวม,73.00,ร้อยละ,สำนักงานสถิติแห่งชาติ
2567,"ไตรมาส 2","1) กรุงเทพมหานคร",รวม,"01. ไม่มีการศึกษา",62.60,ร้อยละ,สำนักงานสถิติแห่งชาติ
2567,"ไตรมาส 2","1) กรุงเทพมหานคร",รวม,"02. ต่ำกว่าประถมศึกษา",46.60,ร้อยละ,สำนักงานสถิติแห่งชาติ
2567,"ไตรมาส 2","1) กรุงเทพมหานคร",รวม,"03. ประถมศึกษา",76.80,ร้อยละ,สำนักงานสถิติแห่งชาติ
2567,"ไตรมาส 2","1) กรุงเทพมหานคร",รวม,"04. มัธยมศึกษาตอนต้น",70.60,ร้อยละ,สำนักงานสถิติแห่งชาติ
2567,"ไตรมาส 2","1) กรุงเทพมหานคร",รวม,"05. มัธยมศึกษาตอนปลาย สายสามัญ",68.20,ร้อยละ,สำนักงานสถิติแห่งชาติ
2567,"ไตรมาส 2","1) กรุงเทพมหานคร",รวม,"06. มัธยมศึกษาตอนปลาย สายอาชีวศึกษา",70.70,ร้อยละ,สำนักงานสถิติแห่งชาติ
2567,"ไตรมาส 2","1) กรุงเทพมหานคร",รวม,"07. มัธยมศึกษาตอนปลาย สายวิชาการศึกษา",34.60,ร้อยละ,สำนักงานสถิติแห่งชาติ
2567,"ไตรมาส 2","1) กรุงเทพมหานคร",รวม,"08. อุดมศึกษา สายวิชาการ",81.80,ร้อยละ,สำนักงานสถิติแห่งชาติ
2567,"ไตรมาส 2","1) กรุงเทพมหานคร",รวม,"09. อุดมศึกษา สายวิชาชีพ",81.30,ร้อยละ,สำนักงานสถิติแห่งชาติ
2567,"ไตรมาส 2","1) กรุงเทพมหานคร",รวม,"10. อุดมศึกษา สายวิชาการศึกษา",69.40,ร้อยละ,สำนักงานสถิติแห่งชาติ
2567,"ไตรมาส 2","1) กรุงเทพมหานคร",รวม,"11. อื่น ๆ",100.00,ร้อยละ,สำนักงานสถิติแห่งชาติ
2567,"ไตรมาส 2","1) กรุงเทพมหานคร",รวม,"12. ไม่ทราบ",73.20,ร้อยละ,สำนักงานสถิติแห่งชาติ
2567,"ไตรมาส 2","1) กรุงเทพมหานคร","1) ในเขตเทศบาล",รวม,73.00,ร้อยละ,สำนักงานสถิติแห่งชาติ
2567,"ไตรมาส 2","1) กรุงเทพมหานคร","1) ในเขตเทศบาล","01. ไม่มีการศึกษา",62.60,ร้อยละ,สำนักงานสถิติแห่งชาติ
2567,"ไตรมาส 2","1) กรุงเทพมหานคร","1) ในเขตเทศบาล","02. ต่ำกว่าประถมศึกษา",46.60,ร้อยละ,สำนักงานสถิติแห่งชาติ
2567,"ไตรมาส 2","1) กรุงเทพมหานคร","1) ในเขตเทศบาล","03. ประถมศึกษา",76.80,ร้อยละ,สำนักงานสถิติแห่งชาติ
2567,"ไตรมาส 2","1) กรุงเทพมหานคร","1) ในเขตเทศบาล","04. มัธยมศึกษาตอนต้น",70.60,ร้อยละ,สำนักงานสถิติแห่งชาติ
2567,"ไตรมาส 2","1) กรุงเทพมหานคร","1) ในเขตเทศบาล","05. มัธยมศึกษาตอนปลาย สายสามัญ",68.20,ร้อยละ,สำนักงานสถิติแห่งชาติ
2567,"ไตรมาส 2","1) กรุงเทพมหานคร","1) ในเขตเทศบาล","06. มัธยมศึกษาตอนปลาย สายอาชีวศึกษา",70.70,ร้อยละ,สำนักงานสถิติแห่งชาติ
2567,"ไตรมาส 2","1) กรุงเทพมหานคร","1) ในเขตเทศบาล","07. มัธยมศึกษาตอนปลาย สายวิชาการศึกษา",34.60,ร้อยละ,สำนักงานสถิติแห่งชาติ
2567,"ไตรมาส 2","1) กรุงเทพมหานคร","1) ในเขตเทศบาล","08. อุดมศึกษา สายวิชาการ",81.80,ร้อยละ,สำนักงานสถิติแห่งชาติ
2567,"ไตรมาส 2","1) กรุงเทพมหานคร","1) ในเขตเทศบาล","09. อุดมศึกษา สายวิชาชีพ",81.30,ร้อยละ,สำนักงานสถิติแห่งชาติ
2567,"ไตรมาส 2","1) กรุงเทพมหานคร","1) ในเขตเทศบาล","10. อุดมศึกษา สายวิชาการศึกษา",69.40,ร้อยละ,สำนักงานสถิติแห่งชาติ
2567,"ไตรมาส 2","1) กรุงเทพมหานคร","1) ในเขตเทศบาล","11. อื่น ๆ",100.00,ร้อยละ,สำนักงานสถิติแห่งชาติ
2567,"ไตรมาส 2","1) กรุงเทพมหานคร","1) ในเขตเทศบาล","12. ไม่ทราบ",73.20,ร้อยละ,สำนักงานสถิติแห่งชาติ
2567,"ไตรมาส 2","2) ภาคกลาง",รวม,รวม,70.50,ร้อยละ,สำนักงานสถิติแห่งชาติ
2567,"ไตรมาส 2","2) ภาคกลาง",รวม,"01. ไม่มีการศึกษา",56.70,ร้อยละ,สำนักงานสถิติแห่งชาติ
2567,"ไตรมาส 2","2) ภาคกลาง",รวม,"02. ต่ำกว่าประถมศึกษา",43.20,ร้อยละ,สำนักงานสถิติแห่งชาติ
2567,"ไตรมาส 2","2) ภาคกลาง",รวม,"03. ประถมศึกษา",75.90,ร้อยละ,สำนักงานสถิติแห่งชาติ
2567,"ไตรมาส 2","2) ภาคกลาง",รวม,"04. มัธยมศึกษาตอนต้น",69.50,ร้อยละ,สำนักงานสถิติแห่งชาติ
2567,"ไตรมาส 2","2) ภาคกลาง",รวม,"05. มัธยมศึกษาตอนปลาย สายสามัญ",73.30,ร้อยละ,สำนักงานสถิติแห่งชาติ
2567,"ไตรมาส 2","2) ภาคกลาง",รวม,"06. มัธยมศึกษาตอนปลาย สายอาชีวศึกษา",72.00,ร้อยละ,สำนักงานสถิติแห่งชาติ
2567,"ไตรมาส 2","2) ภาคกลาง",รวม,"07. มัธยมศึกษาตอนปลาย สายวิชาการศึกษา",53.10,ร้อยละ,สำนักงานสถิติแห่งชาติ
2567,"ไตรมาส 2","2) ภาคกลาง",รวม,"08. อุดมศึกษา สายวิชาการ",82.50,ร้อยละ,สำนักงานสถิติแห่งชาติ
2567,"ไตรมาส 2","2) ภาคกลาง",รวม,"09. อุดมศึกษา สายวิชาชีพ",84.60,ร้อยละ,สำนักงานสถิติแห่งชาติ
2567,"ไตรมาส 2","2) ภาคกลาง",รวม,"10. อุดมศึกษา สายวิชาการศึกษา",60.60,ร้อยละ,สำนักงานสถิติแห่งชาติ
2567,"ไตรมาส 2","2) ภาคกลาง",รวม,"11. อื่น ๆ",97.10,ร้อยละ,สำนักงานสถิติแห่งชาติ
2567,"ไตรมาส 2","2) ภาคกลาง",รวม,"12. ไม่ทราบ",83.60,ร้อยละ,สำนักงานสถิติแห่งชาติ
2567,"ไตรมาส 2","2) ภาคกลาง","1) ในเขตเทศบาล",รวม,69.80,ร้อยละ,สำนักงานสถิติแห่งชาติ
2567,"ไตรมาส 2","2) ภาคกลาง","1) ในเขตเทศบาล","01. ไม่มีการศึกษา",60.60,ร้อยละ,สำนักงานสถิติแห่งชาติ
2567,"ไตรมาส 2","2) ภาคกลาง","1) ในเขตเทศบาล","02. ต่ำกว่าประถมศึกษา",41.90,ร้อยละ,สำนักงานสถิติแห่งชาติ
2567,"ไตรมาส 2","2) ภาคกลาง","1) ในเขตเทศบาล","03. ประถมศึกษา",73.80,ร้อยละ,สำนักงานสถิติแห่งชาติ
2567,"ไตรมาส 2","2) ภาคกลาง","1) ในเขตเทศบาล","04. มัธยมศึกษาตอนต้น",68.00,ร้อยละ,สำนักงานสถิติแห่งชาติ
2567,"ไตรมาส 2","2) ภาคกลาง","1) ในเขตเทศบาล","05. มัธยมศึกษาตอนปลาย สายสามัญ",73.50,ร้อยละ,สำนักงานสถิติแห่งชาติ
2567,"ไตรมาส 2","2) ภาคกลาง","1) ในเขตเทศบาล","06. มัธยมศึกษาตอนปลาย สายอาชีวศึกษา",67.60,ร้อยละ,สำนักงานสถิติแห่งชาติ
2567,"ไตรมาส 2","2) ภาคกลาง","1) ในเขตเทศบาล","07. มัธยมศึกษาตอนปลาย สายวิชาการศึกษา",50.00,ร้อยละ,สำนักงานสถิติแห่งชาติ
2567,"ไตรมาส 2","2) ภาคกลาง","1) ในเขตเทศบาล","08. อุดมศึกษา สายวิชาการ",79.90,ร้อยละ,สำนักงานสถิติแห่งชาติ
2567,"ไตรมาส 2","2) ภาคกลาง","1) ในเขตเทศบาล","09. อุดมศึกษา สายวิชาชีพ",83.10,ร้อยละ,สำนักงานสถิติแห่งชาติ
2567,"ไตรมาส 2","2) ภาคกลาง","1) ในเขตเทศบาล","10. อุดมศึกษา สายวิชาการศึกษา",56.20,ร้อยละ,สำนักงานสถิติแห่งชาติ
2567,"ไตรมาส 2","2) ภาคกลาง","1) ในเขตเทศบาล","11. อื่น ๆ",95.60,ร้อยละ,สำนักงานสถิติแห่งชาติ
2567,"ไตรมาส 2","2) ภาคกลาง","1) ในเขตเทศบาล","12. ไม่ทราบ",80.80,ร้อยละ,สำนักงานสถิติแห่งชาติ
2567,"ไตรมาส 2","2) ภาคกลาง","2) นอกเขตเทศบาล",รวม,71.10,ร้อยละ,สำนักงานสถิติแห่งชาติ
2567,"ไตรมาส 2","2) ภาคกลาง","2) นอกเขตเทศบาล","01. ไม่มีการศึกษา",52.80,ร้อยละ,สำนักงานสถิติแห่งชาติ
2567,"ไตรมาส 2","2) ภาคกลาง","2) นอกเขตเทศบาล","02. ต่ำกว่าประถมศึกษา",44.10,ร้อยละ,สำนักงานสถิติแห่งชาติ
2567,"ไตรมาส 2","2) ภาคกลาง","2) นอกเขตเทศบาล","03. ประถมศึกษา",77.50,ร้อยละ,สำนักงานสถิติแห่งชาติ
2567,"ไตรมาส 2","2) ภาคกลาง","2) นอกเขตเทศบาล","04. มัธยมศึกษาตอนต้น",70.80,ร้อยละ,สำนักงานสถิติแห่งชาติ
2567,"ไตรมาส 2","2) ภาคกลาง","2) นอกเขตเทศบาล","05. มัธยมศึกษาตอนปลาย สายสามัญ",73.10,ร้อยละ,สำนักงานสถิติแห่งชาติ
2567,"ไตรมาส 2","2) ภาคกลาง","2) นอกเขตเทศบาล","06. มัธยมศึกษาตอนปลาย สายอาชีวศึกษา",76.60,ร้อยละ,สำนักงานสถิติแห่งชาติ
2567,"ไตรมาส 2","2) ภาคกลาง","2) นอกเขตเทศบาล","07. มัธยมศึกษาตอนปลาย สายวิชาการศึกษา",48.40,ร้อยละ,สำนักงานสถิติแห่งชาติ
2567,"ไตรมาส 2","2) ภาคกลาง","2) นอกเขตเทศบาล","08. อุดมศึกษา สายวิชาการ",85.70,ร้อยละ,สำนักงานสถิติแห่งชาติ
2567,"ไตรมาส 2","2) ภาคกลาง","2) นอกเขตเทศบาล","09. อุดมศึกษา สายวิชาชีพ",86.20,ร้อยละ,สำนักงานสถิติแห่งชาติ
2567,"ไตรมาส 2","2) ภาคกลาง","2) นอกเขตเทศบาล","10. อุดมศึกษา สายวิชาการศึกษา",65.00,ร้อยละ,สำนักงานสถิติแห่งชาติ
2567,"ไตรมาส 2","2) ภาคกลาง","2) นอกเขตเทศบาล","11. อื่น ๆ",98.40,ร้อยละ,สำนักงานสถิติแห่งชาติ
2567,"ไตรมาส 2","2) ภาคกลาง","2) นอกเขตเทศบาล","12. ไม่ทราบ",89.40,ร้อยละ,สำนักงานสถิติแห่งชาติ
2567,"ไตรมาส 2","3) ภาคเหนือ",รวม,รวม,63.30,ร้อยละ,สำนักงานสถิติแห่งชาติ
2567,"ไตรมาส 2","3) ภาคเหนือ",รวม,"01. ไม่มีการศึกษา",51.50,ร้อยละ,สำนักงานสถิติแห่งชาติ
2567,"ไตรมาส 2","3) ภาคเหนือ",รวม,"02. ต่ำกว่าประถมศึกษา",47.10,ร้อยละ,สำนักงานสถิติแห่งชาติ
2567,"ไตรมาส 2","3) ภาคเหนือ",รวม,"03. ประถมศึกษา",75.90,ร้อยละ,สำนักงานสถิติแห่งชาติ
2561,"ไตรมาส 1",ทั่วประเทศ,รวม,รวม,66.53,ร้อยละ,สำนักงานสถิติแห่งชาติ
2561,"ไตรมาส 1",ทั่วประเทศ,รวม,ไม่มีการศึกษา,51.24,ร้อยละ,สำนักงานสถิติแห่งชาติ
2561,"ไตรมาส 1",ทั่วประเทศ,รวม,ต่ำกว่าประถมศึกษา,53.24,ร้อยละ,สำนักงานสถิติแห่งชาติ
2561,"ไตรมาส 1",ทั่วประเทศ,รวม,ประถมศึกษา,74.40,ร้อยละ,สำนักงานสถิติแห่งชาติ
2561,"ไตรมาส 1",ทั่วประเทศ,รวม,มัธยมศึกษาตอนต้น,61.56,ร้อยละ,สำนักงานสถิติแห่งชาติ
2561,"ไตรมาส 1",ทั่วประเทศ,รวม,"มัธยมศึกษาตอนปลาย สายสามัญ",67.54,ร้อยละ,สำนักงานสถิติแห่งชาติ
2561,"ไตรมาส 1",ทั่วประเทศ,รวม,"มัธยมศึกษาตอนปลาย สายอาชีวศึกษา",68.18,ร้อยละ,สำนักงานสถิติแห่งชาติ
2561,"ไตรมาส 1",ทั่วประเทศ,รวม,"มัธยมศึกษาตอนปลาย สายวิชาการ",29.63,ร้อยละ,สำนักงานสถิติแห่งชาติ
2561,"ไตรมาส 1",ทั่วประเทศ,รวม,"อุดมศึกษา สายวิชาการ",84.04,ร้อยละ,สำนักงานสถิติแห่งชาติ
2561,"ไตรมาส 1",ทั่วประเทศ,รวม,"อุดมศึกษา สายวิชาชีพ",83.24,ร้อยละ,สำนักงานสถิติแห่งชาติ
2561,"ไตรมาส 1",ทั่วประเทศ,รวม,"อุดมศึกษา สายวิชาการศึกษา",72.57,ร้อยละ,สำนักงานสถิติแห่งชาติ
2561,"ไตรมาส 1",ทั่วประเทศ,รวม,การศึกษาอื่นๆ,92.23,ร้อยละ,สำนักงานสถิติแห่งชาติ
2561,"ไตรมาส 1",ทั่วประเทศ,รวม,ไม่ทราบ,81.92,ร้อยละ,สำนักงานสถิติแห่งชาติ
2561,"ไตรมาส 1",ทั่วประเทศ,ในเขตเทศบาล,รวม,66.69,ร้อยละ,สำนักงานสถิติแห่งชาติ
2561,"ไตรมาส 1",ทั่วประเทศ,ในเขตเทศบาล,ไม่มีการศึกษา,53.85,ร้อยละ,สำนักงานสถิติแห่งชาติ
2561,"ไตรมาส 1",ทั่วประเทศ,ในเขตเทศบาล,ต่ำกว่าประถมศึกษา,50.42,ร้อยละ,สำนักงานสถิติแห่งชาติ
2561,"ไตรมาส 1",ทั่วประเทศ,ในเขตเทศบาล,ประถมศึกษา,72.65,ร้อยละ,สำนักงานสถิติแห่งชาติ
2561,"ไตรมาส 1",ทั่วประเทศ,ในเขตเทศบาล,มัธยมศึกษาตอนต้น,62.22,ร้อยละ,สำนักงานสถิติแห่งชาติ
2561,"ไตรมาส 1",ทั่วประเทศ,ในเขตเทศบาล,"มัธยมศึกษาตอนปลาย สายสามัญ",61.65,ร้อยละ,สำนักงานสถิติแห่งชาติ
2561,"ไตรมาส 1",ทั่วประเทศ,ในเขตเทศบาล,"มัธยมศึกษาตอนปลาย สายอาชีวศึกษา",67.34,ร้อยละ,สำนักงานสถิติแห่งชาติ
2561,"ไตรมาส 1",ทั่วประเทศ,ในเขตเทศบาล,"มัธยมศึกษาตอนปลาย สายวิชาการ",28.00,ร้อยละ,สำนักงานสถิติแห่งชาติ
2561,"ไตรมาส 1",ทั่วประเทศ,ในเขตเทศบาล,"อุดมศึกษา สายวิชาการ",83.26,ร้อยละ,สำนักงานสถิติแห่งชาติ
2561,"ไตรมาส 1",ทั่วประเทศ,ในเขตเทศบาล,"อุดมศึกษา สายวิชาชีพ",82.02,ร้อยละ,สำนักงานสถิติแห่งชาติ
2561,"ไตรมาส 1",ทั่วประเทศ,ในเขตเทศบาล,"อุดมศึกษา สายวิชาการศึกษา",68.89,ร้อยละ,สำนักงานสถิติแห่งชาติ
2561,"ไตรมาส 1",ทั่วประเทศ,ในเขตเทศบาล,การศึกษาอื่นๆ,90.17,ร้อยละ,สำนักงานสถิติแห่งชาติ
2561,"ไตรมาส 1",ทั่วประเทศ,ในเขตเทศบาล,ไม่ทราบ,81.95,ร้อยละ,สำนักงานสถิติแห่งชาติ
2561,"ไตรมาส 1",ทั่วประเทศ,นอกเขตเทศบาล,รวม,66.39,ร้อยละ,สำนักงานสถิติแห่งชาติ
2561,"ไตรมาส 1",ทั่วประเทศ,นอกเขตเทศบาล,ไม่มีการศึกษา,49.42,ร้อยละ,สำนักงานสถิติแห่งชาติ
2561,"ไตรมาส 1",ทั่วประเทศ,นอกเขตเทศบาล,ต่ำกว่าประถมศึกษา,54.73,ร้อยละ,สำนักงานสถิติแห่งชาติ
2561,"ไตรมาส 1",ทั่วประเทศ,นอกเขตเทศบาล,ประถมศึกษา,75.49,ร้อยละ,สำนักงานสถิติแห่งชาติ
2561,"ไตรมาส 1",ทั่วประเทศ,นอกเขตเทศบาล,มัธยมศึกษาตอนต้น,61.03,ร้อยละ,สำนักงานสถิติแห่งชาติ
2561,"ไตรมาส 1",ทั่วประเทศ,นอกเขตเทศบาล,"มัธยมศึกษาตอนปลาย สายสามัญ",73.57,ร้อยละ,สำนักงานสถิติแห่งชาติ
2561,"ไตรมาส 1",ทั่วประเทศ,นอกเขตเทศบาล,"มัธยมศึกษาตอนปลาย สายอาชีวศึกษา",69.21,ร้อยละ,สำนักงานสถิติแห่งชาติ
2561,"ไตรมาส 1",ทั่วประเทศ,นอกเขตเทศบาล,"มัธยมศึกษาตอนปลาย สายวิชาการ",32.50,ร้อยละ,สำนักงานสถิติแห่งชาติ
2561,"ไตรมาส 1",ทั่วประเทศ,นอกเขตเทศบาล,"อุดมศึกษา สายวิชาการ",85.92,ร้อยละ,สำนักงานสถิติแห่งชาติ
2561,"ไตรมาส 1",ทั่วประเทศ,นอกเขตเทศบาล,"อุดมศึกษา สายวิชาชีพ",84.72,ร้อยละ,สำนักงานสถิติแห่งชาติ
2561,"ไตรมาส 1",ทั่วประเทศ,นอกเขตเทศบาล,"อุดมศึกษา สายวิชาการศึกษา",76.71,ร้อยละ,สำนักงานสถิติแห่งชาติ
2561,"ไตรมาส 1",ทั่วประเทศ,นอกเขตเทศบาล,การศึกษาอื่นๆ,94.20,ร้อยละ,สำนักงานสถิติแห่งชาติ
2561,"ไตรมาส 1",ทั่วประเทศ,นอกเขตเทศบาล,ไม่ทราบ,81.84,ร้อยละ,สำนักงานสถิติแห่งชาติ
2561,"ไตรมาส 1",กรุงเทพมหานคร,ในเขตเทศบาล,รวม,69.03,ร้อยละ,สำนักงานสถิติแห่งชาติ
2561,"ไตรมาส 1",กรุงเทพมหานคร,ในเขตเทศบาล,ไม่มีการศึกษา,47.59,ร้อยละ,สำนักงานสถิติแห่งชาติ
2561,"ไตรมาส 1",กรุงเทพมหานคร,ในเขตเทศบาล,ต่ำกว่าประถมศึกษา,45.77,ร้อยละ,สำนักงานสถิติแห่งชาติ
2561,"ไตรมาส 1",กรุงเทพมหานคร,ในเขตเทศบาล,ประถมศึกษา,74.46,ร้อยละ,สำนักงานสถิติแห่งชาติ
2561,"ไตรมาส 1",กรุงเทพมหานคร,ในเขตเทศบาล,มัธยมศึกษาตอนต้น,68.88,ร้อยละ,สำนักงานสถิติแห่งชาติ
2561,"ไตรมาส 1",กรุงเทพมหานคร,ในเขตเทศบาล,"มัธยมศึกษาตอนปลาย สายสามัญ",56.19,ร้อยละ,สำนักงานสถิติแห่งชาติ
2561,"ไตรมาส 1",กรุงเทพมหานคร,ในเขตเทศบาล,"มัธยมศึกษาตอนปลาย สายอาชีวศึกษา",64.90,ร้อยละ,สำนักงานสถิติแห่งชาติ
2561,"ไตรมาส 1",กรุงเทพมหานคร,ในเขตเทศบาล,"มัธยมศึกษาตอนปลาย สายวิชาการ",.00,ร้อยละ,สำนักงานสถิติแห่งชาติ
2561,"ไตรมาส 1",กรุงเทพมหานคร,ในเขตเทศบาล,"อุดมศึกษา สายวิชาการ",82.14,ร้อยละ,สำนักงานสถิติแห่งชาติ
2561,"ไตรมาส 1",กรุงเทพมหานคร,ในเขตเทศบาล,"อุดมศึกษา สายวิชาชีพ",78.71,ร้อยละ,สำนักงานสถิติแห่งชาติ
2561,"ไตรมาส 1",กรุงเทพมหานคร,ในเขตเทศบาล,"อุดมศึกษา สายวิชาการศึกษา",68.94,ร้อยละ,สำนักงานสถิติแห่งชาติ
2561,"ไตรมาส 1",กรุงเทพมหานคร,ในเขตเทศบาล,การศึกษาอื่นๆ,.00,ร้อยละ,สำนักงานสถิติแห่งชาติ
2561,"ไตรมาส 1",กรุงเทพมหานคร,ในเขตเทศบาล,ไม่ทราบ,66.97,ร้อยละ,สำนักงานสถิติแห่งชาติ
2561,"ไตรมาส 1",ภาคกลาง,รวม,รวม,69.61,ร้อยละ,สำนักงานสถิติแห่งชาติ
2561,"ไตรมาส 1",ภาคกลาง,รวม,ไม่มีการศึกษา,59.29,ร้อยละ,สำนักงานสถิติแห่งชาติ
2561,"ไตรมาส 1",ภาคกลาง,รวม,ต่ำกว่าประถมศึกษา,52.45,ร้อยละ,สำนักงานสถิติแห่งชาติ
2561,"ไตรมาส 1",ภาคกลาง,รวม,ประถมศึกษา,74.31,ร้อยละ,สำนักงานสถิติแห่งชาติ
2561,"ไตรมาส 1",ภาคกลาง,รวม,มัธยมศึกษาตอนต้น,67.75,ร้อยละ,สำนักงานสถิติแห่งชาติ
2561,"ไตรมาส 1",ภาคกลาง,รวม,"มัธยมศึกษาตอนปลาย สายสามัญ",71.54,ร้อยละ,สำนักงานสถิติแห่งชาติ
2561,"ไตรมาส 1",ภาคกลาง,รวม,"มัธยมศึกษาตอนปลาย สายอาชีวศึกษา",73.48,ร้อยละ,สำนักงานสถิติแห่งชาติ
2561,"ไตรมาส 1",ภาคกลาง,รวม,"มัธยมศึกษาตอนปลาย สายวิชาการ",25.70,ร้อยละ,สำนักงานสถิติแห่งชาติ
2561,"ไตรมาส 1",ภาคกลาง,รวม,"อุดมศึกษา สายวิชาการ",83.59,ร้อยละ,สำนักงานสถิติแห่งชาติ
2561,"ไตรมาส 1",ภาคกลาง,รวม,"อุดมศึกษา สายวิชาชีพ",86.05,ร้อยละ,สำนักงานสถิติแห่งชาติ
2561,"ไตรมาส 1",ภาคกลาง,รวม,"อุดมศึกษา สายวิชาการศึกษา",71.93,ร้อยละ,สำนักงานสถิติแห่งชาติ
2561,"ไตรมาส 1",ภาคกลาง,รวม,การศึกษาอื่นๆ,95.28,ร้อยละ,สำนักงานสถิติแห่งชาติ
2561,"ไตรมาส 1",ภาคกลาง,รวม,ไม่ทราบ,86.78,ร้อยละ,สำนักงานสถิติแห่งชาติ
2561,"ไตรมาส 1",ภาคกลาง,ในเขตเทศบาล,รวม,69.12,ร้อยละ,สำนักงานสถิติแห่งชาติ
2561,"ไตรมาส 1",ภาคกลาง,ในเขตเทศบาล,ไม่มีการศึกษา,62.96,ร้อยละ,สำนักงานสถิติแห่งชาติ
2561,"ไตรมาส 1",ภาคกลาง,ในเขตเทศบาล,ต่ำกว่าประถมศึกษา,50.20,ร้อยละ,สำนักงานสถิติแห่งชาติ
2561,"ไตรมาส 1",ภาคกลาง,ในเขตเทศบาล,ประถมศึกษา,72.47,ร้อยละ,สำนักงานสถิติแห่งชาติ
2561,"ไตรมาส 1",ภาคกลาง,ในเขตเทศบาล,มัธยมศึกษาตอนต้น,66.77,ร้อยละ,สำนักงานสถิติแห่งชาติ
2561,"ไตรมาส 1",ภาคกลาง,ในเขตเทศบาล,"มัธยมศึกษาตอนปลาย สายสามัญ",67.09,ร้อยละ,สำนักงานสถิติแห่งชาติ
2561,"ไตรมาส 1",ภาคกลาง,ในเขตเทศบาล,"มัธยมศึกษาตอนปลาย สายอาชีวศึกษา",72.48,ร้อยละ,สำนักงานสถิติแห่งชาติ
2561,"ไตรมาส 1",ภาคกลาง,ในเขตเทศบาล,"มัธยมศึกษาตอนปลาย สายวิชาการ",10.50,ร้อยละ,สำนักงานสถิติแห่งชาติ
2561,"ไตรมาส 1",ภาคกลาง,ในเขตเทศบาล,"อุดมศึกษา สายวิชาการ",82.56,ร้อยละ,สำนักงานสถิติแห่งชาติ
2561,"ไตรมาส 1",ภาคกลาง,ในเขตเทศบาล,"อุดมศึกษา สายวิชาชีพ",85.20,ร้อยละ,สำนักงานสถิติแห่งชาติ
2561,"ไตรมาส 1",ภาคกลาง,ในเขตเทศบาล,"อุดมศึกษา สายวิชาการศึกษา",67.92,ร้อยละ,สำนักงานสถิติแห่งชาติ
2561,"ไตรมาส 1",ภาคกลาง,ในเขตเทศบาล,การศึกษาอื่นๆ,94.85,ร้อยละ,สำนักงานสถิติแห่งชาติ
2561,"ไตรมาส 1",ภาคกลาง,ในเขตเทศบาล,ไม่ทราบ,87.14,ร้อยละ,สำนักงานสถิติแห่งชาติ
2561,"ไตรมาส 1",ภาคกลาง,นอกเขตเทศบาล,รวม,70.02,ร้อยละ,สำนักงานสถิติแห่งชาติ
2561,"ไตรมาส 1",ภาคกลาง,นอกเขตเทศบาล,ไม่มีการศึกษา,55.74,ร้อยละ,สำนักงานสถิติแห่งชาติ
2561,"ไตรมาส 1",ภาคกลาง,นอกเขตเทศบาล,ต่ำกว่าประถมศึกษา,53.83,ร้อยละ,สำนักงานสถิติแห่งชาติ
2561,"ไตรมาส 1",ภาคกลาง,นอกเขตเทศบาล,ประถมศึกษา,75.62,ร้อยละ,สำนักงานสถิติแห่งชาติ
2561,"ไตรมาส 1",ภาคกลาง,นอกเขตเทศบาล,มัธยมศึกษาตอนต้น,68.57,ร้อยละ,สำนักงานสถิติแห่งชาติ
2561,"ไตรมาส 1",ภาคกลาง,นอกเขตเทศบาล,"มัธยมศึกษาตอนปลาย สายสามัญ",75.80,ร้อยละ,สำนักงานสถิติแห่งชาติ
2561,"ไตรมาส 1",ภาคกลาง,นอกเขตเทศบาล,"มัธยมศึกษาตอนปลาย สายอาชีวศึกษา",74.41,ร้อยละ,สำนักงานสถิติแห่งชาติ
2561,"ไตรมาส 1",ภาคกลาง,นอกเขตเทศบาล,"มัธยมศึกษาตอนปลาย สายวิชาการ",61.79,ร้อยละ,สำนักงานสถิติแห่งชาติ
2561,"ไตรมาส 1",ภาคกลาง,นอกเขตเทศบาล,"อุดมศึกษา สายวิชาการ",85.09,ร้อยละ,สำนักงานสถิติแห่งชาติ
2561,"ไตรมาส 1",ภาคกลาง,นอกเขตเทศบาล,"อุดมศึกษา สายวิชาชีพ",86.91,ร้อยละ,สำนักงานสถิติแห่งชาติ
2561,"ไตรมาส 1",ภาคกลาง,นอกเขตเทศบาล,"อุดมศึกษา สายวิชาการศึกษา",76.29,ร้อยละ,สำนักงานสถิติแห่งชาติ
2561,"ไตรมาส 1",ภาคกลาง,นอกเขตเทศบาล,การศึกษาอื่นๆ,95.78,ร้อยละ,สำนักงานสถิติแห่งชาติ
2561,"ไตรมาส 1",ภาคกลาง,นอกเขตเทศบาล,ไม่ทราบ,85.82,ร้อยละ,สำนักงานสถิติแห่งชาติ
2561,"ไตรมาส 1",ภาคเหนือ,รวม,รวม,65.93,ร้อยละ,สำนักงานสถิติแห่งชาติ
2561,"ไตรมาส 1",ภาคเหนือ,รวม,ไม่มีการศึกษา,53.35,ร้อยละ,สำนักงานสถิติแห่งชาติ
2561,"ไตรมาส 1",ภาคเหนือ,รวม,ต่ำกว่าประถมศึกษา,59.36,ร้อยละ,สำนักงานสถิติแห่งชาติ
2561,"ไตรมาส 1",ภาคเหนือ,รวม,ประถมศึกษา,76.94,ร้อยละ,สำนักงานสถิติแห่งชาติ
2561,"ไตรมาส 1",ภาคเหนือ,รวม,มัธยมศึกษาตอนต้น,59.01,ร้อยละ,สำนักงานสถิติแห่งชาติ
2561,"ไตรมาส 1",ภาคเหนือ,รวม,"มัธยมศึกษาตอนปลาย สายสามัญ",68.00,ร้อยละ,สำนักงานสถิติแห่งชาติ
2561,"ไตรมาส 1",ภาคเหนือ,รวม,"มัธยมศึกษาตอนปลาย สายอาชีวศึกษา",62.48,ร้อยละ,สำนักงานสถิติแห่งชาติ
2561,"ไตรมาส 1",ภาคเหนือ,รวม,"มัธยมศึกษาตอนปลาย สายวิชาการ",51.14,ร้อยละ,สำนักงานสถิติแห่งชาติ
2561,"ไตรมาส 1",ภาคเหนือ,รวม,"อุดมศึกษา สายวิชาการ",86.87,ร้อยละ,สำนักงานสถิติแห่งชาติ
2561,"ไตรมาส 1",ภาคเหนือ,รวม,"อุดมศึกษา สายวิชาชีพ",80.34,ร้อยละ,สำนักงานสถิติแห่งชาติ
2561,"ไตรมาส 1",ภาคเหนือ,รวม,"อุดมศึกษา สายวิชาการศึกษา",71.46,ร้อยละ,สำนักงานสถิติแห่งชาติ
2561,"ไตรมาส 1",ภาคเหนือ,รวม,การศึกษาอื่นๆ,77.49,ร้อยละ,สำนักงานสถิติแห่งชาติ
2561,"ไตรมาส 1",ภาคเหนือ,รวม,ไม่ทราบ,44.70,ร้อยละ,สำนักงานสถิติแห่งชาติ
2561,"ไตรมาส 1",ภาคเหนือ,ในเขตเทศบาล,รวม,64.74,ร้อยละ,สำนักงานสถิติแห่งชาติ
2561,"ไตรมาส 1",ภาคเหนือ,ในเขตเทศบาล,ไม่มีการศึกษา,54.75,ร้อยละ,สำนักงานสถิติแห่งชาติ
2561,"ไตรมาส 1",ภาคเหนือ,ในเขตเทศบาล,ต่ำกว่าประถมศึกษา,56.26,ร้อยละ,สำนักงานสถิติแห่งชาติ
2561,"ไตรมาส 1",ภาคเหนือ,ในเขตเทศบาล,ประถมศึกษา,74.29,ร้อยละ,สำนักงานสถิติแห่งชาติ
2561,"ไตรมาส 1",ภาคเหนือ,ในเขตเทศบาล,มัธยมศึกษาตอนต้น,53.46,ร้อยละ,สำนักงานสถิติแห่งชาติ
2561,"ไตรมาส 1",ภาคเหนือ,ในเขตเทศบาล,"มัธยมศึกษาตอนปลาย สายสามัญ",63.34,ร้อยละ,สำนักงานสถิติแห่งชาติ
2561,"ไตรมาส 1",ภาคเหนือ,ในเขตเทศบาล,"มัธยมศึกษาตอนปลาย สายอาชีวศึกษา",60.58,ร้อยละ,สำนักงานสถิติแห่งชาติ
2561,"ไตรมาส 1",ภาคเหนือ,ในเขตเทศบาล,"มัธยมศึกษาตอนปลาย สายวิชาการ",34.74,ร้อยละ,สำนักงานสถิติแห่งชาติ
2561,"ไตรมาส 1",ภาคเหนือ,ในเขตเทศบาล,"อุดมศึกษา สายวิชาการ",86.48,ร้อยละ,สำนักงานสถิติแห่งชาติ
2561,"ไตรมาส 1",ภาคเหนือ,ในเขตเทศบาล,"อุดมศึกษา สายวิชาชีพ",81.23,ร้อยละ,สำนักงานสถิติแห่งชาติ
2561,"ไตรมาส 1",ภาคเหนือ,ในเขตเทศบาล,"อุดมศึกษา สายวิชาการศึกษา",69.96,ร้อยละ,สำนักงานสถิติแห่งชาติ
2561,"ไตรมาส 1",ภาคเหนือ,ในเขตเทศบาล,การศึกษาอื่นๆ,73.59,ร้อยละ,สำนักงานสถิติแห่งชาติ
2561,"ไตรมาส 1",ภาคเหนือ,ในเขตเทศบาล,ไม่ทราบ,62.43,ร้อยละ,สำนักงานสถิติแห่งชาติ
2561,"ไตรมาส 1",ภาคเหนือ,นอกเขตเทศบาล,รวม,66.57,ร้อยละ,สำนักงานสถิติแห่งชาติ
2561,"ไตรมาส 1",ภาคเหนือ,นอกเขตเทศบาล,ไม่มีการศึกษา,52.81,ร้อยละ,สำนักงานสถิติแห่งชาติ
2561,"ไตรมาส 1",ภาคเหนือ,นอกเขตเทศบาล,ต่ำกว่าประถมศึกษา,60.77,ร้อยละ,สำนักงานสถิติแห่งชาติ
2561,"ไตรมาส 1",ภาคเหนือ,นอกเขตเทศบาล,ประถมศึกษา,77.94,ร้อยละ,สำนักงานสถิติแห่งชาติ
2561,"ไตรมาส 1",ภาคเหนือ,นอกเขตเทศบาล,มัธยมศึกษาตอนต้น,61.74,ร้อยละ,สำนักงานสถิติแห่งชาติ
2561,"ไตรมาส 1",ภาคเหนือ,นอกเขตเทศบาล,"มัธยมศึกษาตอนปลาย สายสามัญ",71.11,ร้อยละ,สำนักงานสถิติแห่งชาติ
2561,"ไตรมาส 1",ภาคเหนือ,นอกเขตเทศบาล,"มัธยมศึกษาตอนปลาย สายอาชีวศึกษา",63.90,ร้อยละ,สำนักงานสถิติแห่งชาติ
2561,"ไตรมาส 1",ภาคเหนือ,นอกเขตเทศบาล,"มัธยมศึกษาตอนปลาย สายวิชาการ",73.58,ร้อยละ,สำนักงานสถิติแห่งชาติ
2561,"ไตรมาส 1",ภาคเหนือ,นอกเขตเทศบาล,"อุดมศึกษา สายวิชาการ",87.43,ร้อยละ,สำนักงานสถิติแห่งชาติ
2561,"ไตรมาส 1",ภาคเหนือ,นอกเขตเทศบาล,"อุดมศึกษา สายวิชาชีพ",79.47,ร้อยละ,สำนักงานสถิติแห่งชาติ
2561,"ไตรมาส 1",ภาคเหนือ,นอกเขตเทศบาล,"อุดมศึกษา สายวิชาการศึกษา",72.99,ร้อยละ,สำนักงานสถิติแห่งชาติ
2561,"ไตรมาส 1",ภาคเหนือ,นอกเขตเทศบาล,การศึกษาอื่นๆ,83.53,ร้อยละ,สำนักงานสถิติแห่งชาติ
2561,"ไตรมาส 1",ภาคเหนือ,นอกเขตเทศบาล,ไม่ทราบ,25.95,ร้อยละ,สำนักงานสถิติแห่งชาติ
2561,"ไตรมาส 1",ภาคตะวันออกเฉียงเหนือ,รวม,รวม,60.90,ร้อยละ,สำนักงานสถิติแห่งชาติ
2561,"ไตรมาส 1",ภาคตะวันออกเฉียงเหนือ,รวม,ไม่มีการศึกษา,27.89,ร้อยละ,สำนักงานสถิติแห่งชาติ
2561,"ไตรมาส 1",ภาคตะวันออกเฉียงเหนือ,รวม,ต่ำกว่าประถมศึกษา,49.63,ร้อยละ,สำนักงานสถิติแห่งชาติ
2561,"ไตรมาส 1",ภาคตะวันออกเฉียงเหนือ,รวม,ประถมศึกษา,73.09,ร้อยละ,สำนักงานสถิติแห่งชาติ
2561,"ไตรมาส 1",ภาคตะวันออกเฉียงเหนือ,รวม,มัธยมศึกษาตอนต้น,51.75,ร้อยละ,สำนักงานสถิติแห่งชาติ
2561,"ไตรมาส 1",ภาคตะวันออกเฉียงเหนือ,รวม,"มัธยมศึกษาตอนปลาย สายสามัญ",68.21,ร้อยละ,สำนักงานสถิติแห่งชาติ
2561,"ไตรมาส 1",ภาคตะวันออกเฉียงเหนือ,รวม,"มัธยมศึกษาตอนปลาย สายอาชีวศึกษา",62.39,ร้อยละ,สำนักงานสถิติแห่งชาติ
2561,"ไตรมาส 1",ภาคตะวันออกเฉียงเหนือ,รวม,"มัธยมศึกษาตอนปลาย สายวิชาการ",16.13,ร้อยละ,สำนักงานสถิติแห่งชาติ
2561,"ไตรมาส 1",ภาคตะวันออกเฉียงเหนือ,รวม,"อุดมศึกษา สายวิชาการ",85.20,ร้อยละ,สำนักงานสถิติแห่งชาติ
2561,"ไตรมาส 1",ภาคตะวันออกเฉียงเหนือ,รวม,"อุดมศึกษา สายวิชาชีพ",83.10,ร้อยละ,สำนักงานสถิติแห่งชาติ
2561,"ไตรมาส 1",ภาคตะวันออกเฉียงเหนือ,รวม,"อุดมศึกษา สายวิชาการศึกษา",73.83,ร้อยละ,สำนักงานสถิติแห่งชาติ
2561,"ไตรมาส 1",ภาคตะวันออกเฉียงเหนือ,รวม,การศึกษาอื่นๆ,.00,ร้อยละ,สำนักงานสถิติแห่งชาติ
2561,"ไตรมาส 1",ภาคตะวันออกเฉียงเหนือ,รวม,ไม่ทราบ,.00,ร้อยละ,สำนักงานสถิติแห่งชาติ
2561,"ไตรมาส 1",ภาคตะวันออกเฉียงเหนือ,ในเขตเทศบาล,รวม,59.42,ร้อยละ,สำนักงานสถิติแห่งชาติ
2561,"ไตรมาส 1",ภาคตะวันออกเฉียงเหนือ,ในเขตเทศบาล,ไม่มีการศึกษา,32.42,ร้อยละ,สำนักงานสถิติแห่งชาติ
2561,"ไตรมาส 1",ภาคตะวันออกเฉียงเหนือ,ในเขตเทศบาล,ต่ำกว่าประถมศึกษา,46.90,ร้อยละ,สำนักงานสถิติแห่งชาติ
2561,"ไตรมาส 1",ภาคตะวันออกเฉียงเหนือ,ในเขตเทศบาล,ประถมศึกษา,70.50,ร้อยละ,สำนักงานสถิติแห่งชาติ
2561,"ไตรมาส 1",ภาคตะวันออกเฉียงเหนือ,ในเขตเทศบาล,มัธยมศึกษาตอนต้น,50.15,ร้อยละ,สำนักงานสถิติแห่งชาติ
2561,"ไตรมาส 1",ภาคตะวันออกเฉียงเหนือ,ในเขตเทศบาล,"มัธยมศึกษาตอนปลาย สายสามัญ",60.91,ร้อยละ,สำนักงานสถิติแห่งชาติ
2561,"ไตรมาส 1",ภาคตะวันออกเฉียงเหนือ,ในเขตเทศบาล,"มัธยมศึกษาตอนปลาย สายอาชีวศึกษา",61.66,ร้อยละ,สำนักงานสถิติแห่งชาติ
2561,"ไตรมาส 1",ภาคตะวันออกเฉียงเหนือ,ในเขตเทศบาล,"มัธยมศึกษาตอนปลาย สายวิชาการ",25.00,ร้อยละ,สำนักงานสถิติแห่งชาติ
2561,"ไตรมาส 1",ภาคตะวันออกเฉียงเหนือ,ในเขตเทศบาล,"อุดมศึกษา สายวิชาการ",83.75,ร้อยละ,สำนักงานสถิติแห่งชาติ
2561,"ไตรมาส 1",ภาคตะวันออกเฉียงเหนือ,ในเขตเทศบาล,"อุดมศึกษา สายวิชาชีพ",82.04,ร้อยละ,สำนักงานสถิติแห่งชาติ
2561,"ไตรมาส 1",ภาคตะวันออกเฉียงเหนือ,ในเขตเทศบาล,"อุดมศึกษา สายวิชาการศึกษา",69.33,ร้อยละ,สำนักงานสถิติแห่งชาติ
2561,"ไตรมาส 1",ภาคตะวันออกเฉียงเหนือ,ในเขตเทศบาล,การศึกษาอื่นๆ,.00,ร้อยละ,สำนักงานสถิติแห่งชาติ
2561,"ไตรมาส 1",ภาคตะวันออกเฉียงเหนือ,ในเขตเทศบาล,ไม่ทราบ,.00,ร้อยละ,สำนักงานสถิติแห่งชาติ
2561,"ไตรมาส 1",ภาคตะวันออกเฉียงเหนือ,นอกเขตเทศบาล,รวม,61.52,ร้อยละ,สำนักงานสถิติแห่งชาติ
2561,"ไตรมาส 1",ภาคตะวันออกเฉียงเหนือ,นอกเขตเทศบาล,ไม่มีการศึกษา,26.11,ร้อยละ,สำนักงานสถิติแห่งชาติ
2561,"ไตรมาส 1",ภาคตะวันออกเฉียงเหนือ,นอกเขตเทศบาล,ต่ำกว่าประถมศึกษา,50.57,ร้อยละ,สำนักงานสถิติแห่งชาติ
2561,"ไตรมาส 1",ภาคตะวันออกเฉียงเหนือ,นอกเขตเทศบาล,ประถมศึกษา,73.94,ร้อยละ,สำนักงานสถิติแห่งชาติ
2561,"ไตรมาส 1",ภาคตะวันออกเฉียงเหนือ,นอกเขตเทศบาล,มัธยมศึกษาตอนต้น,52.40,ร้อยละ,สำนักงานสถิติแห่งชาติ
2561,"ไตรมาส 1",ภาคตะวันออกเฉียงเหนือ,นอกเขตเทศบาล,"มัธยมศึกษาตอนปลาย สายสามัญ",72.00,ร้อยละ,สำนักงานสถิติแห่งชาติ
2561,"ไตรมาส 1",ภาคตะวันออกเฉียงเหนือ,นอกเขตเทศบาล,"มัธยมศึกษาตอนปลาย สายอาชีวศึกษา",62.85,ร้อยละ,สำนักงานสถิติแห่งชาติ
2561,"ไตรมาส 1",ภาคตะวันออกเฉียงเหนือ,นอกเขตเทศบาล,"มัธยมศึกษาตอนปลาย สายวิชาการ",.00,ร้อยละ,สำนักงานสถิติแห่งชาติ
2561,"ไตรมาส 1",ภาคตะวันออกเฉียงเหนือ,นอกเขตเทศบาล,"อุดมศึกษา สายวิชาการ",86.54,ร้อยละ,สำนักงานสถิติแห่งชาติ
2561,"ไตรมาส 1",ภาคตะวันออกเฉียงเหนือ,นอกเขตเทศบาล,"อุดมศึกษา สายวิชาชีพ",83.85,ร้อยละ,สำนักงานสถิติแห่งชาติ
2561,"ไตรมาส 1",ภาคตะวันออกเฉียงเหนือ,นอกเขตเทศบาล,"อุดมศึกษา สายวิชาการศึกษา",77.24,ร้อยละ,สำนักงานสถิติแห่งชาติ
2561,"ไตรมาส 1",ภาคตะวันออกเฉียงเหนือ,นอกเขตเทศบาล,การศึกษาอื่นๆ,.00,ร้อยละ,สำนักงานสถิติแห่งชาติ
2561,"ไตรมาส 1",ภาคตะวันออกเฉียงเหนือ,นอกเขตเทศบาล,ไม่ทราบ,.00,ร้อยละ,สำนักงานสถิติแห่งชาติ
2561,"ไตรมาส 1",ภาคใต้,รวม,รวม,69.13,ร้อยละ,สำนักงานสถิติแห่งชาติ
2561,"ไตรมาส 1",ภาคใต้,รวม,ไม่มีการศึกษา,47.88,ร้อยละ,สำนักงานสถิติแห่งชาติ
2561,"ไตรมาส 1",ภาคใต้,รวม,ต่ำกว่าประถมศึกษา,58.94,ร้อยละ,สำนักงานสถิติแห่งชาติ
2561,"ไตรมาส 1",ภาคใต้,รวม,ประถมศึกษา,74.82,ร้อยละ,สำนักงานสถิติแห่งชาติ
2561,"ไตรมาส 1",ภาคใต้,รวม,มัธยมศึกษาตอนต้น,62.64,ร้อยละ,สำนักงานสถิติแห่งชาติ
2561,"ไตรมาส 1",ภาคใต้,รวม,"มัธยมศึกษาตอนปลาย สายสามัญ",69.99,ร้อยละ,สำนักงานสถิติแห่งชาติ
2561,"ไตรมาส 1",ภาคใต้,รวม,"มัธยมศึกษาตอนปลาย สายอาชีวศึกษา",69.89,ร้อยละ,สำนักงานสถิติแห่งชาติ
2561,"ไตรมาส 1",ภาคใต้,รวม,"มัธยมศึกษาตอนปลาย สายวิชาการ",40.07,ร้อยละ,สำนักงานสถิติแห่งชาติ
2561,"ไตรมาส 1",ภาคใต้,รวม,"อุดมศึกษา สายวิชาการ",86.89,ร้อยละ,สำนักงานสถิติแห่งชาติ
2561,"ไตรมาส 1",ภาคใต้,รวม,"อุดมศึกษา สายวิชาชีพ",83.36,ร้อยละ,สำนักงานสถิติแห่งชาติ
2561,"ไตรมาส 1",ภาคใต้,รวม,"อุดมศึกษา สายวิชาการศึกษา",75.23,ร้อยละ,สำนักงานสถิติแห่งชาติ
2561,"ไตรมาส 1",ภาคใต้,รวม,การศึกษาอื่นๆ,89.05,ร้อยละ,สำนักงานสถิติแห่งชาติ
2561,"ไตรมาส 1",ภาคใต้,รวม,ไม่ทราบ,80.90,ร้อยละ,สำนักงานสถิติแห่งชาติ
2561,"ไตรมาส 1",ภาคใต้,ในเขตเทศบาล,รวม,67.34,ร้อยละ,สำนักงานสถิติแห่งชาติ
2561,"ไตรมาส 1",ภาคใต้,ในเขตเทศบาล,ไม่มีการศึกษา,47.29,ร้อยละ,สำนักงานสถิติแห่งชาติ
2561,"ไตรมาส 1",ภาคใต้,ในเขตเทศบาล,ต่ำกว่าประถมศึกษา,57.51,ร้อยละ,สำนักงานสถิติแห่งชาติ
2561,"ไตรมาส 1",ภาคใต้,ในเขตเทศบาล,ประถมศึกษา,71.03,ร้อยละ,สำนักงานสถิติแห่งชาติ
2561,"ไตรมาส 1",ภาคใต้,ในเขตเทศบาล,มัธยมศึกษาตอนต้น,59.53,ร้อยละ,สำนักงานสถิติแห่งชาติ
2561,"ไตรมาส 1",ภาคใต้,ในเขตเทศบาล,"มัธยมศึกษาตอนปลาย สายสามัญ",61.49,ร้อยละ,สำนักงานสถิติแห่งชาติ
2561,"ไตรมาส 1",ภาคใต้,ในเขตเทศบาล,"มัธยมศึกษาตอนปลาย สายอาชีวศึกษา",71.36,ร้อยละ,สำนักงานสถิติแห่งชาติ
2561,"ไตรมาส 1",ภาคใต้,ในเขตเทศบาล,"มัธยมศึกษาตอนปลาย สายวิชาการ",76.72,ร้อยละ,สำนักงานสถิติแห่งชาติ
2561,"ไตรมาส 1",ภาคใต้,ในเขตเทศบาล,"อุดมศึกษา สายวิชาการ",88.12,ร้อยละ,สำนักงานสถิติแห่งชาติ
2561,"ไตรมาส 1",ภาคใต้,ในเขตเทศบาล,"อุดมศึกษา สายวิชาชีพ",80.49,ร้อยละ,สำนักงานสถิติแห่งชาติ
2561,"ไตรมาส 1",ภาคใต้,ในเขตเทศบาล,"อุดมศึกษา สายวิชาการศึกษา",68.67,ร้อยละ,สำนักงานสถิติแห่งชาติ
2561,"ไตรมาส 1",ภาคใต้,ในเขตเทศบาล,การศึกษาอื่นๆ,74.32,ร้อยละ,สำนักงานสถิติแห่งชาติ
2561,"ไตรมาส 1",ภาคใต้,ในเขตเทศบาล,ไม่ทราบ,77.68,ร้อยละ,สำนักงานสถิติแห่งชาติ
2561,"ไตรมาส 1",ภาคใต้,นอกเขตเทศบาล,รวม,70.05,ร้อยละ,สำนักงานสถิติแห่งชาติ
2561,"ไตรมาส 1",ภาคใต้,นอกเขตเทศบาล,ไม่มีการศึกษา,48.14,ร้อยละ,สำนักงานสถิติแห่งชาติ
2561,"ไตรมาส 1",ภาคใต้,นอกเขตเทศบาล,ต่ำกว่าประถมศึกษา,59.52,ร้อยละ,สำนักงานสถิติแห่งชาติ
2561,"ไตรมาส 1",ภาคใต้,นอกเขตเทศบาล,ประถมศึกษา,76.26,ร้อยละ,สำนักงานสถิติแห่งชาติ
2561,"ไตรมาส 1",ภาคใต้,นอกเขตเทศบาล,มัธยมศึกษาตอนต้น,64.15,ร้อยละ,สำนักงานสถิติแห่งชาติ
2561,"ไตรมาส 1",ภาคใต้,นอกเขตเทศบาล,"มัธยมศึกษาตอนปลาย สายสามัญ",75.05,ร้อยละ,สำนักงานสถิติแห่งชาติ
2561,"ไตรมาส 1",ภาคใต้,นอกเขตเทศบาล,"มัธยมศึกษาตอนปลาย สายอาชีวศึกษา",68.77,ร้อยละ,สำนักงานสถิติแห่งชาติ
2561,"ไตรมาส 1",ภาคใต้,นอกเขตเทศบาล,"มัธยมศึกษาตอนปลาย สายวิชาการ",.00,ร้อยละ,สำนักงานสถิติแห่งชาติ
2561,"ไตรมาส 1",ภาคใต้,นอกเขตเทศบาล,"อุดมศึกษา สายวิชาการ",85.76,ร้อยละ,สำนักงานสถิติแห่งชาติ
2561,"ไตรมาส 1",ภาคใต้,นอกเขตเทศบาล,"อุดมศึกษา สายวิชาชีพ",85.49,ร้อยละ,สำนักงานสถิติแห่งชาติ
2561,"ไตรมาส 1",ภาคใต้,นอกเขตเทศบาล,"อุดมศึกษา สายวิชาการศึกษา",80.07,ร้อยละ,สำนักงานสถิติแห่งชาติ
2561,"ไตรมาส 1",ภาคใต้,นอกเขตเทศบาล,การศึกษาอื่นๆ,93.65,ร้อยละ,สำนักงานสถิติแห่งชาติ
2561,"ไตรมาส 1",ภาคใต้,นอกเขตเทศบาล,ไม่ทราบ,84.34,ร้อยละ,สำนักงานสถิติแห่งชาติ
2561,"ไตรมาส 2",ทั่วประเทศ,รวม,รวม,67.36,ร้อยละ,สำนักงานสถิติแห่งชาติ
2561,"ไตรมาส 2",ทั่วประเทศ,รวม,ไม่มีการศึกษา,49.45,ร้อยละ,สำนักงานสถิติแห่งชาติ
2561,"ไตรมาส 2",ทั่วประเทศ,รวม,ต่ำกว่าประถมศึกษา,54.72,ร้อยละ,สำนักงานสถิติแห่งชาติ
2561,"ไตรมาส 2",ทั่วประเทศ,รวม,ประถมศึกษา,77.12,ร้อยละ,สำนักงานสถิติแห่งชาติ
2561,"ไตรมาส 2",ทั่วประเทศ,รวม,มัธยมศึกษาตอนต้น,62.07,ร้อยละ,สำนักงานสถิติแห่งชาติ
2561,"ไตรมาส 2",ทั่วประเทศ,รวม,"มัธยมศึกษาตอนปลาย สายสามัญ",66.94,ร้อยละ,สำนักงานสถิติแห่งชาติ
2561,"ไตรมาส 2",ทั่วประเทศ,รวม,"มัธยมศึกษาตอนปลาย สายอาชีวศึกษา",69.70,ร้อยละ,สำนักงานสถิติแห่งชาติ
2561,"ไตรมาส 2",ทั่วประเทศ,รวม,"มัธยมศึกษาตอนปลาย สายวิชาการ",74.18,ร้อยละ,สำนักงานสถิติแห่งชาติ
2561,"ไตรมาส 2",ทั่วประเทศ,รวม,"อุดมศึกษา สายวิชาการ",83.90,ร้อยละ,สำนักงานสถิติแห่งชาติ
2561,"ไตรมาส 2",ทั่วประเทศ,รวม,"อุดมศึกษา สายวิชาชีพ",82.59,ร้อยละ,สำนักงานสถิติแห่งชาติ
2561,"ไตรมาส 2",ทั่วประเทศ,รวม,"อุดมศึกษา สายวิชาการศึกษา",71.20,ร้อยละ,สำนักงานสถิติแห่งชาติ
2561,"ไตรมาส 2",ทั่วประเทศ,รวม,การศึกษาอื่นๆ,91.57,ร้อยละ,สำนักงานสถิติแห่งชาติ
2561,"ไตรมาส 2",ทั่วประเทศ,รวม,ไม่ทราบ,83.40,ร้อยละ,สำนักงานสถิติแห่งชาติ
2561,"ไตรมาส 2",ทั่วประเทศ,ในเขตเทศบาล,รวม,67.39,ร้อยละ,สำนักงานสถิติแห่งชาติ
2561,"ไตรมาส 2",ทั่วประเทศ,ในเขตเทศบาล,ไม่มีการศึกษา,53.71,ร้อยละ,สำนักงานสถิติแห่งชาติ
2561,"ไตรมาส 2",ทั่วประเทศ,ในเขตเทศบาล,ต่ำกว่าประถมศึกษา,50.48,ร้อยละ,สำนักงานสถิติแห่งชาติ
2561,"ไตรมาส 2",ทั่วประเทศ,ในเขตเทศบาล,ประถมศึกษา,75.33,ร้อยละ,สำนักงานสถิติแห่งชาติ
2561,"ไตรมาส 2",ทั่วประเทศ,ในเขตเทศบาล,มัธยมศึกษาตอนต้น,62.47,ร้อยละ,สำนักงานสถิติแห่งชาติ
2561,"ไตรมาส 2",ทั่วประเทศ,ในเขตเทศบาล,"มัธยมศึกษาตอนปลาย สายสามัญ",62.27,ร้อยละ,สำนักงานสถิติแห่งชาติ
2561,"ไตรมาส 2",ทั่วประเทศ,ในเขตเทศบาล,"มัธยมศึกษาตอนปลาย สายอาชีวศึกษา",68.25,ร้อยละ,สำนักงานสถิติแห่งชาติ
2561,"ไตรมาส 2",ทั่วประเทศ,ในเขตเทศบาล,"มัธยมศึกษาตอนปลาย สายวิชาการ",96.04,ร้อยละ,สำนักงานสถิติแห่งชาติ
2561,"ไตรมาส 2",ทั่วประเทศ,ในเขตเทศบาล,"อุดมศึกษา สายวิชาการ",83.42,ร้อยละ,สำนักงานสถิติแห่งชาติ
2561,"ไตรมาส 2",ทั่วประเทศ,ในเขตเทศบาล,"อุดมศึกษา สายวิชาชีพ",82.19,ร้อยละ,สำนักงานสถิติแห่งชาติ
2561,"ไตรมาส 2",ทั่วประเทศ,ในเขตเทศบาล,"อุดมศึกษา สายวิชาการศึกษา",67.87,ร้อยละ,สำนักงานสถิติแห่งชาติ
2561,"ไตรมาส 2",ทั่วประเทศ,ในเขตเทศบาล,การศึกษาอื่นๆ,88.03,ร้อยละ,สำนักงานสถิติแห่งชาติ
2561,"ไตรมาส 2",ทั่วประเทศ,ในเขตเทศบาล,ไม่ทราบ,83.20,ร้อยละ,สำนักงานสถิติแห่งชาติ
2561,"ไตรมาส 2",ทั่วประเทศ,นอกเขตเทศบาล,รวม,67.33,ร้อยละ,สำนักงานสถิติแห่งชาติ
2561,"ไตรมาส 2",ทั่วประเทศ,นอกเขตเทศบาล,ไม่มีการศึกษา,46.69,ร้อยละ,สำนักงานสถิติแห่งชาติ
2561,"ไตรมาส 2",ทั่วประเทศ,นอกเขตเทศบาล,ต่ำกว่าประถมศึกษา,56.94,ร้อยละ,สำนักงานสถิติแห่งชาติ
2561,"ไตรมาส 2",ทั่วประเทศ,นอกเขตเทศบาล,ประถมศึกษา,78.22,ร้อยละ,สำนักงานสถิติแห่งชาติ
2561,"ไตรมาส 2",ทั่วประเทศ,นอกเขตเทศบาล,มัธยมศึกษาตอนต้น,61.75,ร้อยละ,สำนักงานสถิติแห่งชาติ
2561,"ไตรมาส 2",ทั่วประเทศ,นอกเขตเทศบาล,"มัธยมศึกษาตอนปลาย สายสามัญ",71.60,ร้อยละ,สำนักงานสถิติแห่งชาติ
2561,"ไตรมาส 2",ทั่วประเทศ,นอกเขตเทศบาล,"มัธยมศึกษาตอนปลาย สายอาชีวศึกษา",71.40,ร้อยละ,สำนักงานสถิติแห่งชาติ
2561,"ไตรมาส 2",ทั่วประเทศ,นอกเขตเทศบาล,"มัธยมศึกษาตอนปลาย สายวิชาการ",60.33,ร้อยละ,สำนักงานสถิติแห่งชาติ
2561,"ไตรมาส 2",ทั่วประเทศ,นอกเขตเทศบาล,"อุดมศึกษา สายวิชาการ",85.05,ร้อยละ,สำนักงานสถิติแห่งชาติ
2561,"ไตรมาส 2",ทั่วประเทศ,นอกเขตเทศบาล,"อุดมศึกษา สายวิชาชีพ",83.09,ร้อยละ,สำนักงานสถิติแห่งชาติ
2561,"ไตรมาส 2",ทั่วประเทศ,นอกเขตเทศบาล,"อุดมศึกษา สายวิชาการศึกษา",75.17,ร้อยละ,สำนักงานสถิติแห่งชาติ
2561,"ไตรมาส 2",ทั่วประเทศ,นอกเขตเทศบาล,การศึกษาอื่นๆ,95.84,ร้อยละ,สำนักงานสถิติแห่งชาติ
2561,"ไตรมาส 2",ทั่วประเทศ,นอกเขตเทศบาล,ไม่ทราบ,83.76,ร้อยละ,สำนักงานสถิติแห่งชาติ
2561,"ไตรมาส 2",กรุงเทพมหานคร,ในเขตเทศบาล,รวม,69.19,ร้อยละ,สำนักงานสถิติแห่งชาติ
2561,"ไตรมาส 2",กรุงเทพมหานคร,ในเขตเทศบาล,ไม่มีการศึกษา,47.40,ร้อยละ,สำนักงานสถิติแห่งชาติ
2561,"ไตรมาส 2",กรุงเทพมหานคร,ในเขตเทศบาล,ต่ำกว่าประถมศึกษา,45.32,ร้อยละ,สำนักงานสถิติแห่งชาติ
2561,"ไตรมาส 2",กรุงเทพมหานคร,ในเขตเทศบาล,ประถมศึกษา,74.54,ร้อยละ,สำนักงานสถิติแห่งชาติ
2561,"ไตรมาส 2",กรุงเทพมหานคร,ในเขตเทศบาล,มัธยมศึกษาตอนต้น,67.21,ร้อยละ,สำนักงานสถิติแห่งชาติ
2561,"ไตรมาส 2",กรุงเทพมหานคร,ในเขตเทศบาล,"มัธยมศึกษาตอนปลาย สายสามัญ",57.06,ร้อยละ,สำนักงานสถิติแห่งชาติ
2561,"ไตรมาส 2",กรุงเทพมหานคร,ในเขตเทศบาล,"มัธยมศึกษาตอนปลาย สายอาชีวศึกษา",67.42,ร้อยละ,สำนักงานสถิติแห่งชาติ
2561,"ไตรมาส 2",กรุงเทพมหานคร,ในเขตเทศบาล,"มัธยมศึกษาตอนปลาย สายวิชาการ",.00,ร้อยละ,สำนักงานสถิติแห่งชาติ
2561,"ไตรมาส 2",กรุงเทพมหานคร,ในเขตเทศบาล,"อุดมศึกษา สายวิชาการ",82.08,ร้อยละ,สำนักงานสถิติแห่งชาติ
2561,"ไตรมาส 2",กรุงเทพมหานคร,ในเขตเทศบาล,"อุดมศึกษา สายวิชาชีพ",79.48,ร้อยละ,สำนักงานสถิติแห่งชาติ
2561,"ไตรมาส 2",กรุงเทพมหานคร,ในเขตเทศบาล,"อุดมศึกษา สายวิชาการศึกษา",66.70,ร้อยละ,สำนักงานสถิติแห่งชาติ
2561,"ไตรมาส 2",กรุงเทพมหานคร,ในเขตเทศบาล,การศึกษาอื่นๆ,100.00,ร้อยละ,สำนักงานสถิติแห่งชาติ
2561,"ไตรมาส 2",กรุงเทพมหานคร,ในเขตเทศบาล,ไม่ทราบ,84.17,ร้อยละ,สำนักงานสถิติแห่งชาติ
2561,"ไตรมาส 2",ภาคกลาง,รวม,รวม,69.51,ร้อยละ,สำนักงานสถิติแห่งชาติ
2561,"ไตรมาส 2",ภาคกลาง,รวม,ไม่มีการศึกษา,57.74,ร้อยละ,สำนักงานสถิติแห่งชาติ
2561,"ไตรมาส 2",ภาคกลาง,รวม,ต่ำกว่าประถมศึกษา,52.18,ร้อยละ,สำนักงานสถิติแห่งชาติ
2561,"ไตรมาส 2",ภาคกลาง,รวม,ประถมศึกษา,76.48,ร้อยละ,สำนักงานสถิติแห่งชาติ
2561,"ไตรมาส 2",ภาคกลาง,รวม,มัธยมศึกษาตอนต้น,67.30,ร้อยละ,สำนักงานสถิติแห่งชาติ
2561,"ไตรมาส 2",ภาคกลาง,รวม,"มัธยมศึกษาตอนปลาย สายสามัญ",68.99,ร้อยละ,สำนักงานสถิติแห่งชาติ
2561,"ไตรมาส 2",ภาคกลาง,รวม,"มัธยมศึกษาตอนปลาย สายอาชีวศึกษา",73.20,ร้อยละ,สำนักงานสถิติแห่งชาติ
2561,"ไตรมาส 2",ภาคกลาง,รวม,"มัธยมศึกษาตอนปลาย สายวิชาการ",70.47,ร้อยละ,สำนักงานสถิติแห่งชาติ
2561,"ไตรมาส 2",ภาคกลาง,รวม,"อุดมศึกษา สายวิชาการ",84.58,ร้อยละ,สำนักงานสถิติแห่งชาติ
2561,"ไตรมาส 2",ภาคกลาง,รวม,"อุดมศึกษา สายวิชาชีพ",84.96,ร้อยละ,สำนักงานสถิติแห่งชาติ
2561,"ไตรมาส 2",ภาคกลาง,รวม,"อุดมศึกษา สายวิชาการศึกษา",70.20,ร้อยละ,สำนักงานสถิติแห่งชาติ
2561,"ไตรมาส 2",ภาคกลาง,รวม,การศึกษาอื่นๆ,94.13,ร้อยละ,สำนักงานสถิติแห่งชาติ
2561,"ไตรมาส 2",ภาคกลาง,รวม,ไม่ทราบ,85.46,ร้อยละ,สำนักงานสถิติแห่งชาติ
2561,"ไตรมาส 2",ภาคกลาง,ในเขตเทศบาล,รวม,69.40,ร้อยละ,สำนักงานสถิติแห่งชาติ
2561,"ไตรมาส 2",ภาคกลาง,ในเขตเทศบาล,ไม่มีการศึกษา,63.17,ร้อยละ,สำนักงานสถิติแห่งชาติ
2561,"ไตรมาส 2",ภาคกลาง,ในเขตเทศบาล,ต่ำกว่าประถมศึกษา,48.44,ร้อยละ,สำนักงานสถิติแห่งชาติ
2561,"ไตรมาส 2",ภาคกลาง,ในเขตเทศบาล,ประถมศึกษา,75.37,ร้อยละ,สำนักงานสถิติแห่งชาติ
2561,"ไตรมาส 2",ภาคกลาง,ในเขตเทศบาล,มัธยมศึกษาตอนต้น,66.58,ร้อยละ,สำนักงานสถิติแห่งชาติ
2561,"ไตรมาส 2",ภาคกลาง,ในเขตเทศบาล,"มัธยมศึกษาตอนปลาย สายสามัญ",66.41,ร้อยละ,สำนักงานสถิติแห่งชาติ
2561,"ไตรมาส 2",ภาคกลาง,ในเขตเทศบาล,"มัธยมศึกษาตอนปลาย สายอาชีวศึกษา",72.07,ร้อยละ,สำนักงานสถิติแห่งชาติ
2561,"ไตรมาส 2",ภาคกลาง,ในเขตเทศบาล,"มัธยมศึกษาตอนปลาย สายวิชาการ",78.46,ร้อยละ,สำนักงานสถิติแห่งชาติ
2561,"ไตรมาส 2",ภาคกลาง,ในเขตเทศบาล,"อุดมศึกษา สายวิชาการ",84.18,ร้อยละ,สำนักงานสถิติแห่งชาติ
2561,"ไตรมาส 2",ภาคกลาง,ในเขตเทศบาล,"อุดมศึกษา สายวิชาชีพ",84.06,ร้อยละ,สำนักงานสถิติแห่งชาติ
2561,"ไตรมาส 2",ภาคกลาง,ในเขตเทศบาล,"อุดมศึกษา สายวิชาการศึกษา",69.91,ร้อยละ,สำนักงานสถิติแห่งชาติ
2561,"ไตรมาส 2",ภาคกลาง,ในเขตเทศบาล,การศึกษาอื่นๆ,89.90,ร้อยละ,สำนักงานสถิติแห่งชาติ
2561,"ไตรมาส 2",ภาคกลาง,ในเขตเทศบาล,ไม่ทราบ,85.11,ร้อยละ,สำนักงานสถิติแห่งชาติ
2561,"ไตรมาส 2",ภาคกลาง,นอกเขตเทศบาล,รวม,69.60,ร้อยละ,สำนักงานสถิติแห่งชาติ
2561,"ไตรมาส 2",ภาคกลาง,นอกเขตเทศบาล,ไม่มีการศึกษา,52.53,ร้อยละ,สำนักงานสถิติแห่งชาติ
2561,"ไตรมาส 2",ภาคกลาง,นอกเขตเทศบาล,ต่ำกว่าประถมศึกษา,54.39,ร้อยละ,สำนักงานสถิติแห่งชาติ
2561,"ไตรมาส 2",ภาคกลาง,นอกเขตเทศบาล,ประถมศึกษา,77.28,ร้อยละ,สำนักงานสถิติแห่งชาติ
2561,"ไตรมาส 2",ภาคกลาง,นอกเขตเทศบาล,มัธยมศึกษาตอนต้น,67.92,ร้อยละ,สำนักงานสถิติแห่งชาติ
2561,"ไตรมาส 2",ภาคกลาง,นอกเขตเทศบาล,"มัธยมศึกษาตอนปลาย สายสามัญ",71.54,ร้อยละ,สำนักงานสถิติแห่งชาติ
2561,"ไตรมาส 2",ภาคกลาง,นอกเขตเทศบาล,"มัธยมศึกษาตอนปลาย สายอาชีวศึกษา",74.19,ร้อยละ,สำนักงานสถิติแห่งชาติ
2561,"ไตรมาส 2",ภาคกลาง,นอกเขตเทศบาล,"มัธยมศึกษาตอนปลาย สายวิชาการ",68.83,ร้อยละ,สำนักงานสถิติแห่งชาติ
2561,"ไตรมาส 2",ภาคกลาง,นอกเขตเทศบาล,"อุดมศึกษา สายวิชาการ",85.15,ร้อยละ,สำนักงานสถิติแห่งชาติ
2561,"ไตรมาส 2",ภาคกลาง,นอกเขตเทศบาล,"อุดมศึกษา สายวิชาชีพ",85.83,ร้อยละ,สำนักงานสถิติแห่งชาติ
2561,"ไตรมาส 2",ภาคกลาง,นอกเขตเทศบาล,"อุดมศึกษา สายวิชาการศึกษา",70.52,ร้อยละ,สำนักงานสถิติแห่งชาติ
2561,"ไตรมาส 2",ภาคกลาง,นอกเขตเทศบาล,การศึกษาอื่นๆ,99.59,ร้อยละ,สำนักงานสถิติแห่งชาติ
2561,"ไตรมาส 2",ภาคกลาง,นอกเขตเทศบาล,ไม่ทราบ,86.22,ร้อยละ,สำนักงานสถิติแห่งชาติ
2561,"ไตรมาส 2",ภาคเหนือ,รวม,รวม,66.16,ร้อยละ,สำนักงานสถิติแห่งชาติ
2561,"ไตรมาส 2",ภาคเหนือ,รวม,ไม่มีการศึกษา,52.73,ร้อยละ,สำนักงานสถิติแห่งชาติ
2561,"ไตรมาส 2",ภาคเหนือ,รวม,ต่ำกว่าประถมศึกษา,58.74,ร้อยละ,สำนักงานสถิติแห่งชาติ
2561,"ไตรมาส 2",ภาคเหนือ,รวม,ประถมศึกษา,79.24,ร้อยละ,สำนักงานสถิติแห่งชาติ
2561,"ไตรมาส 2",ภาคเหนือ,รวม,มัธยมศึกษาตอนต้น,59.46,ร้อยละ,สำนักงานสถิติแห่งชาติ
2561,"ไตรมาส 2",ภาคเหนือ,รวม,"มัธยมศึกษาตอนปลาย สายสามัญ",66.41,ร้อยละ,สำนักงานสถิติแห่งชาติ
2561,"ไตรมาส 2",ภาคเหนือ,รวม,"มัธยมศึกษาตอนปลาย สายอาชีวศึกษา",68.03,ร้อยละ,สำนักงานสถิติแห่งชาติ
2561,"ไตรมาส 2",ภาคเหนือ,รวม,"มัธยมศึกษาตอนปลาย สายวิชาการ",100.00,ร้อยละ,สำนักงานสถิติแห่งชาติ
2561,"ไตรมาส 2",ภาคเหนือ,รวม,"อุดมศึกษา สายวิชาการ",85.82,ร้อยละ,สำนักงานสถิติแห่งชาติ
2561,"ไตรมาส 2",ภาคเหนือ,รวม,"อุดมศึกษา สายวิชาชีพ",80.13,ร้อยละ,สำนักงานสถิติแห่งชาติ
2561,"ไตรมาส 2",ภาคเหนือ,รวม,"อุดมศึกษา สายวิชาการศึกษา",70.58,ร้อยละ,สำนักงานสถิติแห่งชาติ
2561,"ไตรมาส 2",ภาคเหนือ,รวม,การศึกษาอื่นๆ,85.94,ร้อยละ,สำนักงานสถิติแห่งชาติ
2561,"ไตรมาส 2",ภาคเหนือ,รวม,ไม่ทราบ,53.45,ร้อยละ,สำนักงานสถิติแห่งชาติ
2561,"ไตรมาส 2",ภาคเหนือ,ในเขตเทศบาล,รวม,65.16,ร้อยละ,สำนักงานสถิติแห่งชาติ
2561,"ไตรมาส 2",ภาคเหนือ,ในเขตเทศบาล,ไม่มีการศึกษา,54.09,ร้อยละ,สำนักงานสถิติแห่งชาติ
2561,"ไตรมาส 2",ภาคเหนือ,ในเขตเทศบาล,ต่ำกว่าประถมศึกษา,55.57,ร้อยละ,สำนักงานสถิติแห่งชาติ
2561,"ไตรมาส 2",ภาคเหนือ,ในเขตเทศบาล,ประถมศึกษา,77.03,ร้อยละ,สำนักงานสถิติแห่งชาติ
2561,"ไตรมาส 2",ภาคเหนือ,ในเขตเทศบาล,มัธยมศึกษาตอนต้น,56.96,ร้อยละ,สำนักงานสถิติแห่งชาติ
2561,"ไตรมาส 2",ภาคเหนือ,ในเขตเทศบาล,"มัธยมศึกษาตอนปลาย สายสามัญ",62.10,ร้อยละ,สำนักงานสถิติแห่งชาติ
2561,"ไตรมาส 2",ภาคเหนือ,ในเขตเทศบาล,"มัธยมศึกษาตอนปลาย สายอาชีวศึกษา",63.77,ร้อยละ,สำนักงานสถิติแห่งชาติ
2561,"ไตรมาส 2",ภาคเหนือ,ในเขตเทศบาล,"มัธยมศึกษาตอนปลาย สายวิชาการ",100.00,ร้อยละ,สำนักงานสถิติแห่งชาติ
2561,"ไตรมาส 2",ภาคเหนือ,ในเขตเทศบาล,"อุดมศึกษา สายวิชาการ",84.89,ร้อยละ,สำนักงานสถิติแห่งชาติ
2561,"ไตรมาส 2",ภาคเหนือ,ในเขตเทศบาล,"อุดมศึกษา สายวิชาชีพ",82.26,ร้อยละ,สำนักงานสถิติแห่งชาติ
2561,"ไตรมาส 2",ภาคเหนือ,ในเขตเทศบาล,"อุดมศึกษา สายวิชาการศึกษา",64.92,ร้อยละ,สำนักงานสถิติแห่งชาติ
2561,"ไตรมาส 2",ภาคเหนือ,ในเขตเทศบาล,การศึกษาอื่นๆ,76.64,ร้อยละ,สำนักงานสถิติแห่งชาติ
2561,"ไตรมาส 2",ภาคเหนือ,ในเขตเทศบาล,ไม่ทราบ,64.99,ร้อยละ,สำนักงานสถิติแห่งชาติ
2561,"ไตรมาส 2",ภาคเหนือ,นอกเขตเทศบาล,รวม,66.69,ร้อยละ,สำนักงานสถิติแห่งชาติ
2561,"ไตรมาส 2",ภาคเหนือ,นอกเขตเทศบาล,ไม่มีการศึกษา,52.25,ร้อยละ,สำนักงานสถิติแห่งชาติ
2561,"ไตรมาส 2",ภาคเหนือ,นอกเขตเทศบาล,ต่ำกว่าประถมศึกษา,60.19,ร้อยละ,สำนักงานสถิติแห่งชาติ
2561,"ไตรมาส 2",ภาคเหนือ,นอกเขตเทศบาล,ประถมศึกษา,80.06,ร้อยละ,สำนักงานสถิติแห่งชาติ
2561,"ไตรมาส 2",ภาคเหนือ,นอกเขตเทศบาล,มัธยมศึกษาตอนต้น,60.72,ร้อยละ,สำนักงานสถิติแห่งชาติ
2561,"ไตรมาส 2",ภาคเหนือ,นอกเขตเทศบาล,"มัธยมศึกษาตอนปลาย สายสามัญ",69.35,ร้อยละ,สำนักงานสถิติแห่งชาติ
2561,"ไตรมาส 2",ภาคเหนือ,นอกเขตเทศบาล,"มัธยมศึกษาตอนปลาย สายอาชีวศึกษา",70.75,ร้อยละ,สำนักงานสถิติแห่งชาติ
2561,"ไตรมาส 2",ภาคเหนือ,นอกเขตเทศบาล,"มัธยมศึกษาตอนปลาย สายวิชาการ",100.00,ร้อยละ,สำนักงานสถิติแห่งชาติ
2561,"ไตรมาส 2",ภาคเหนือ,นอกเขตเทศบาล,"อุดมศึกษา สายวิชาการ",87.07,ร้อยละ,สำนักงานสถิติแห่งชาติ
2561,"ไตรมาส 2",ภาคเหนือ,นอกเขตเทศบาล,"อุดมศึกษา สายวิชาชีพ",78.13,ร้อยละ,สำนักงานสถิติแห่งชาติ
2561,"ไตรมาส 2",ภาคเหนือ,นอกเขตเทศบาล,"อุดมศึกษา สายวิชาการศึกษา",76.03,ร้อยละ,สำนักงานสถิติแห่งชาติ
2561,"ไตรมาส 2",ภาคเหนือ,นอกเขตเทศบาล,การศึกษาอื่นๆ,97.54,ร้อยละ,สำนักงานสถิติแห่งชาติ
2561,"ไตรมาส 2",ภาคเหนือ,นอกเขตเทศบาล,ไม่ทราบ,43.21,ร้อยละ,สำนักงานสถิติแห่งชาติ
2561,"ไตรมาส 2",ภาคตะวันออกเฉียงเหนือ,รวม,รวม,63.80,ร้อยละ,สำนักงานสถิติแห่งชาติ
2561,"ไตรมาส 2",ภาคตะวันออกเฉียงเหนือ,รวม,ไม่มีการศึกษา,24.90,ร้อยละ,สำนักงานสถิติแห่งชาติ
2561,"ไตรมาส 2",ภาคตะวันออกเฉียงเหนือ,รวม,ต่ำกว่าประถมศึกษา,54.12,ร้อยละ,สำนักงานสถิติแห่งชาติ
2561,"ไตรมาส 2",ภาคตะวันออกเฉียงเหนือ,รวม,ประถมศึกษา,78.01,ร้อยละ,สำนักงานสถิติแห่งชาติ
2561,"ไตรมาส 2",ภาคตะวันออกเฉียงเหนือ,รวม,มัธยมศึกษาตอนต้น,54.27,ร้อยละ,สำนักงานสถิติแห่งชาติ
2561,"ไตรมาส 2",ภาคตะวันออกเฉียงเหนือ,รวม,"มัธยมศึกษาตอนปลาย สายสามัญ",68.40,ร้อยละ,สำนักงานสถิติแห่งชาติ
2561,"ไตรมาส 2",ภาคตะวันออกเฉียงเหนือ,รวม,"มัธยมศึกษาตอนปลาย สายอาชีวศึกษา",62.08,ร้อยละ,สำนักงานสถิติแห่งชาติ
2561,"ไตรมาส 2",ภาคตะวันออกเฉียงเหนือ,รวม,"มัธยมศึกษาตอนปลาย สายวิชาการ",32.62,ร้อยละ,สำนักงานสถิติแห่งชาติ
2561,"ไตรมาส 2",ภาคตะวันออกเฉียงเหนือ,รวม,"อุดมศึกษา สายวิชาการ",84.23,ร้อยละ,สำนักงานสถิติแห่งชาติ
2561,"ไตรมาส 2",ภาคตะวันออกเฉียงเหนือ,รวม,"อุดมศึกษา สายวิชาชีพ",81.44,ร้อยละ,สำนักงานสถิติแห่งชาติ
2561,"ไตรมาส 2",ภาคตะวันออกเฉียงเหนือ,รวม,"อุดมศึกษา สายวิชาการศึกษา",73.39,ร้อยละ,สำนักงานสถิติแห่งชาติ
2561,"ไตรมาส 2",ภาคตะวันออกเฉียงเหนือ,รวม,การศึกษาอื่นๆ,100.00,ร้อยละ,สำนักงานสถิติแห่งชาติ
2561,"ไตรมาส 2",ภาคตะวันออกเฉียงเหนือ,รวม,ไม่ทราบ,95.44,ร้อยละ,สำนักงานสถิติแห่งชาติ
2561,"ไตรมาส 2",ภาคตะวันออกเฉียงเหนือ,ในเขตเทศบาล,รวม,62.18,ร้อยละ,สำนักงานสถิติแห่งชาติ
2561,"ไตรมาส 2",ภาคตะวันออกเฉียงเหนือ,ในเขตเทศบาล,ไม่มีการศึกษา,30.46,ร้อยละ,สำนักงานสถิติแห่งชาติ
2561,"ไตรมาส 2",ภาคตะวันออกเฉียงเหนือ,ในเขตเทศบาล,ต่ำกว่าประถมศึกษา,50.50,ร้อยละ,สำนักงานสถิติแห่งชาติ
2561,"ไตรมาส 2",ภาคตะวันออกเฉียงเหนือ,ในเขตเทศบาล,ประถมศึกษา,75.69,ร้อยละ,สำนักงานสถิติแห่งชาติ
2561,"ไตรมาส 2",ภาคตะวันออกเฉียงเหนือ,ในเขตเทศบาล,มัธยมศึกษาตอนต้น,51.70,ร้อยละ,สำนักงานสถิติแห่งชาติ
2561,"ไตรมาส 2",ภาคตะวันออกเฉียงเหนือ,ในเขตเทศบาล,"มัธยมศึกษาตอนปลาย สายสามัญ",62.05,ร้อยละ,สำนักงานสถิติแห่งชาติ
2561,"ไตรมาส 2",ภาคตะวันออกเฉียงเหนือ,ในเขตเทศบาล,"มัธยมศึกษาตอนปลาย สายอาชีวศึกษา",63.10,ร้อยละ,สำนักงานสถิติแห่งชาติ
2561,"ไตรมาส 2",ภาคตะวันออกเฉียงเหนือ,ในเขตเทศบาล,"มัธยมศึกษาตอนปลาย สายวิชาการ",100.00,ร้อยละ,สำนักงานสถิติแห่งชาติ
2561,"ไตรมาส 2",ภาคตะวันออกเฉียงเหนือ,ในเขตเทศบาล,"อุดมศึกษา สายวิชาการ",84.80,ร้อยละ,สำนักงานสถิติแห่งชาติ
2561,"ไตรมาส 2",ภาคตะวันออกเฉียงเหนือ,ในเขตเทศบาล,"อุดมศึกษา สายวิชาชีพ",82.32,ร้อยละ,สำนักงานสถิติแห่งชาติ
2561,"ไตรมาส 2",ภาคตะวันออกเฉียงเหนือ,ในเขตเทศบาล,"อุดมศึกษา สายวิชาการศึกษา",67.91,ร้อยละ,สำนักงานสถิติแห่งชาติ
2561,"ไตรมาส 2",ภาคตะวันออกเฉียงเหนือ,ในเขตเทศบาล,การศึกษาอื่นๆ,.00,ร้อยละ,สำนักงานสถิติแห่งชาติ
2561,"ไตรมาส 2",ภาคตะวันออกเฉียงเหนือ,ในเขตเทศบาล,ไม่ทราบ,94.48,ร้อยละ,สำนักงานสถิติแห่งชาติ
2561,"ไตรมาส 2",ภาคตะวันออกเฉียงเหนือ,นอกเขตเทศบาล,รวม,64.47,ร้อยละ,สำนักงานสถิติแห่งชาติ
2561,"ไตรมาส 2",ภาคตะวันออกเฉียงเหนือ,นอกเขตเทศบาล,ไม่มีการศึกษา,23.10,ร้อยละ,สำนักงานสถิติแห่งชาติ
2561,"ไตรมาส 2",ภาคตะวันออกเฉียงเหนือ,นอกเขตเทศบาล,ต่ำกว่าประถมศึกษา,55.38,ร้อยละ,สำนักงานสถิติแห่งชาติ
2561,"ไตรมาส 2",ภาคตะวันออกเฉียงเหนือ,นอกเขตเทศบาล,ประถมศึกษา,78.80,ร้อยละ,สำนักงานสถิติแห่งชาติ
2561,"ไตรมาส 2",ภาคตะวันออกเฉียงเหนือ,นอกเขตเทศบาล,มัธยมศึกษาตอนต้น,55.28,ร้อยละ,สำนักงานสถิติแห่งชาติ
2561,"ไตรมาส 2",ภาคตะวันออกเฉียงเหนือ,นอกเขตเทศบาล,"มัธยมศึกษาตอนปลาย สายสามัญ",71.57,ร้อยละ,สำนักงานสถิติแห่งชาติ
2561,"ไตรมาส 2",ภาคตะวันออกเฉียงเหนือ,นอกเขตเทศบาล,"มัธยมศึกษาตอนปลาย สายอาชีวศึกษา",61.49,ร้อยละ,สำนักงานสถิติแห่งชาติ
2561,"ไตรมาส 2",ภาคตะวันออกเฉียงเหนือ,นอกเขตเทศบาล,"มัธยมศึกษาตอนปลาย สายวิชาการ",.00,ร้อยละ,สำนักงานสถิติแห่งชาติ
2561,"ไตรมาส 2",ภาคตะวันออกเฉียงเหนือ,นอกเขตเทศบาล,"อุดมศึกษา สายวิชาการ",83.70,ร้อยละ,สำนักงานสถิติแห่งชาติ
2561,"ไตรมาส 2",ภาคตะวันออกเฉียงเหนือ,นอกเขตเทศบาล,"อุดมศึกษา สายวิชาชีพ",80.74,ร้อยละ,สำนักงานสถิติแห่งชาติ
2561,"ไตรมาส 2",ภาคตะวันออกเฉียงเหนือ,นอกเขตเทศบาล,"อุดมศึกษา สายวิชาการศึกษา",77.65,ร้อยละ,สำนักงานสถิติแห่งชาติ
2561,"ไตรมาส 2",ภาคตะวันออกเฉียงเหนือ,นอกเขตเทศบาล,การศึกษาอื่นๆ,100.00,ร้อยละ,สำนักงานสถิติแห่งชาติ
2561,"ไตรมาส 2",ภาคตะวันออกเฉียงเหนือ,นอกเขตเทศบาล,ไม่ทราบ,100.00,ร้อยละ,สำนักงานสถิติแห่งชาติ
2561,"ไตรมาส 2",ภาคใต้,รวม,รวม,69.35,ร้อยละ,สำนักงานสถิติแห่งชาติ
2561,"ไตรมาส 2",ภาคใต้,รวม,ไม่มีการศึกษา,47.02,ร้อยละ,สำนักงานสถิติแห่งชาติ
2561,"ไตรมาส 2",ภาคใต้,รวม,ต่ำกว่าประถมศึกษา,59.41,ร้อยละ,สำนักงานสถิติแห่งชาติ
2561,"ไตรมาส 2",ภาคใต้,รวม,ประถมศึกษา,76.17,ร้อยละ,สำนักงานสถิติแห่งชาติ
2561,"ไตรมาส 2",ภาคใต้,รวม,มัธยมศึกษาตอนต้น,62.42,ร้อยละ,สำนักงานสถิติแห่งชาติ
2561,"ไตรมาส 2",ภาคใต้,รวม,"มัธยมศึกษาตอนปลาย สายสามัญ",71.29,ร้อยละ,สำนักงานสถิติแห่งชาติ
2561,"ไตรมาส 2",ภาคใต้,รวม,"มัธยมศึกษาตอนปลาย สายอาชีวศึกษา",73.92,ร้อยละ,สำนักงานสถิติแห่งชาติ
2561,"ไตรมาส 2",ภาคใต้,รวม,"มัธยมศึกษาตอนปลาย สายวิชาการ",100.00,ร้อยละ,สำนักงานสถิติแห่งชาติ
2561,"ไตรมาส 2",ภาคใต้,รวม,"อุดมศึกษา สายวิชาการ",85.30,ร้อยละ,สำนักงานสถิติแห่งชาติ
2561,"ไตรมาส 2",ภาคใต้,รวม,"อุดมศึกษา สายวิชาชีพ",83.34,ร้อยละ,สำนักงานสถิติแห่งชาติ
2561,"ไตรมาส 2",ภาคใต้,รวม,"อุดมศึกษา สายวิชาการศึกษา",73.39,ร้อยละ,สำนักงานสถิติแห่งชาติ
2561,"ไตรมาส 2",ภาคใต้,รวม,การศึกษาอื่นๆ,62.52,ร้อยละ,สำนักงานสถิติแห่งชาติ
2561,"ไตรมาส 2",ภาคใต้,รวม,ไม่ทราบ,80.98,ร้อยละ,สำนักงานสถิติแห่งชาติ
2561,"ไตรมาส 2",ภาคใต้,ในเขตเทศบาล,รวม,67.83,ร้อยละ,สำนักงานสถิติแห่งชาติ
2561,"ไตรมาส 2",ภาคใต้,ในเขตเทศบาล,ไม่มีการศึกษา,50.42,ร้อยละ,สำนักงานสถิติแห่งชาติ
2561,"ไตรมาส 2",ภาคใต้,ในเขตเทศบาล,ต่ำกว่าประถมศึกษา,54.46,ร้อยละ,สำนักงานสถิติแห่งชาติ
2561,"ไตรมาส 2",ภาคใต้,ในเขตเทศบาล,ประถมศึกษา,74.91,ร้อยละ,สำนักงานสถิติแห่งชาติ
2561,"ไตรมาส 2",ภาคใต้,ในเขตเทศบาล,มัธยมศึกษาตอนต้น,58.82,ร้อยละ,สำนักงานสถิติแห่งชาติ
2561,"ไตรมาส 2",ภาคใต้,ในเขตเทศบาล,"มัธยมศึกษาตอนปลาย สายสามัญ",66.27,ร้อยละ,สำนักงานสถิติแห่งชาติ
2561,"ไตรมาส 2",ภาคใต้,ในเขตเทศบาล,"มัธยมศึกษาตอนปลาย สายอาชีวศึกษา",68.76,ร้อยละ,สำนักงานสถิติแห่งชาติ
2561,"ไตรมาส 2",ภาคใต้,ในเขตเทศบาล,"มัธยมศึกษาตอนปลาย สายวิชาการ",100.00,ร้อยละ,สำนักงานสถิติแห่งชาติ
2561,"ไตรมาส 2",ภาคใต้,ในเขตเทศบาล,"อุดมศึกษา สายวิชาการ",86.26,ร้อยละ,สำนักงานสถิติแห่งชาติ
2561,"ไตรมาส 2",ภาคใต้,ในเขตเทศบาล,"อุดมศึกษา สายวิชาชีพ",82.88,ร้อยละ,สำนักงานสถิติแห่งชาติ
2561,"ไตรมาส 2",ภาคใต้,ในเขตเทศบาล,"อุดมศึกษา สายวิชาการศึกษา",69.64,ร้อยละ,สำนักงานสถิติแห่งชาติ
2561,"ไตรมาส 2",ภาคใต้,ในเขตเทศบาล,การศึกษาอื่นๆ,71.86,ร้อยละ,สำนักงานสถิติแห่งชาติ
2561,"ไตรมาส 2",ภาคใต้,ในเขตเทศบาล,ไม่ทราบ,74.54,ร้อยละ,สำนักงานสถิติแห่งชาติ
2561,"ไตรมาส 2",ภาคใต้,นอกเขตเทศบาล,รวม,70.13,ร้อยละ,สำนักงานสถิติแห่งชาติ
2561,"ไตรมาส 2",ภาคใต้,นอกเขตเทศบาล,ไม่มีการศึกษา,45.62,ร้อยละ,สำนักงานสถิติแห่งชาติ
2561,"ไตรมาส 2",ภาคใต้,นอกเขตเทศบาล,ต่ำกว่าประถมศึกษา,61.43,ร้อยละ,สำนักงานสถิติแห่งชาติ
2561,"ไตรมาส 2",ภาคใต้,นอกเขตเทศบาล,ประถมศึกษา,76.63,ร้อยละ,สำนักงานสถิติแห่งชาติ
2561,"ไตรมาส 2",ภาคใต้,นอกเขตเทศบาล,มัธยมศึกษาตอนต้น,64.22,ร้อยละ,สำนักงานสถิติแห่งชาติ
2561,"ไตรมาส 2",ภาคใต้,นอกเขตเทศบาล,"มัธยมศึกษาตอนปลาย สายสามัญ",74.17,ร้อยละ,สำนักงานสถิติแห่งชาติ
2561,"ไตรมาส 2",ภาคใต้,นอกเขตเทศบาล,"มัธยมศึกษาตอนปลาย สายอาชีวศึกษา",77.98,ร้อยละ,สำนักงานสถิติแห่งชาติ
2561,"ไตรมาส 2",ภาคใต้,นอกเขตเทศบาล,"มัธยมศึกษาตอนปลาย สายวิชาการ",.00,ร้อยละ,สำนักงานสถิติแห่งชาติ
2561,"ไตรมาส 2",ภาคใต้,นอกเขตเทศบาล,"อุดมศึกษา สายวิชาการ",84.42,ร้อยละ,สำนักงานสถิติแห่งชาติ
2561,"ไตรมาส 2",ภาคใต้,นอกเขตเทศบาล,"อุดมศึกษา สายวิชาชีพ",83.72,ร้อยละ,สำนักงานสถิติแห่งชาติ
2561,"ไตรมาส 2",ภาคใต้,นอกเขตเทศบาล,"อุดมศึกษา สายวิชาการศึกษา",76.63,ร้อยละ,สำนักงานสถิติแห่งชาติ
2561,"ไตรมาส 2",ภาคใต้,นอกเขตเทศบาล,การศึกษาอื่นๆ,59.63,ร้อยละ,สำนักงานสถิติแห่งชาติ
2561,"ไตรมาส 2",ภาคใต้,นอกเขตเทศบาล,ไม่ทราบ,85.02,ร้อยละ,สำนักงานสถิติแห่งชาติ
2561,"ไตรมาส 3",ทั่วประเทศ,รวม,รวม,68.00,ร้อยละ,สำนักงานสถิติแห่งชาติ
2561,"ไตรมาส 3",ทั่วประเทศ,รวม,ไม่มีการศึกษา,50.48,ร้อยละ,สำนักงานสถิติแห่งชาติ
2561,"ไตรมาส 3",ทั่วประเทศ,รวม,ต่ำกว่าประถมศึกษา,54.99,ร้อยละ,สำนักงานสถิติแห่งชาติ
2561,"ไตรมาส 3",ทั่วประเทศ,รวม,ประถมศึกษา,77.05,ร้อยละ,สำนักงานสถิติแห่งชาติ
2561,"ไตรมาส 3",ทั่วประเทศ,รวม,มัธยมศึกษาตอนต้น,63.04,ร้อยละ,สำนักงานสถิติแห่งชาติ
2561,"ไตรมาส 3",ทั่วประเทศ,รวม,"มัธยมศึกษาตอนปลาย สายสามัญ",69.30,ร้อยละ,สำนักงานสถิติแห่งชาติ
2561,"ไตรมาส 3",ทั่วประเทศ,รวม,"มัธยมศึกษาตอนปลาย สายอาชีวศึกษา",71.44,ร้อยละ,สำนักงานสถิติแห่งชาติ
2561,"ไตรมาส 3",ทั่วประเทศ,รวม,"มัธยมศึกษาตอนปลาย สายวิชาการ",52.74,ร้อยละ,สำนักงานสถิติแห่งชาติ
2561,"ไตรมาส 3",ทั่วประเทศ,รวม,"อุดมศึกษา สายวิชาการ",83.80,ร้อยละ,สำนักงานสถิติแห่งชาติ
2561,"ไตรมาส 3",ทั่วประเทศ,รวม,"อุดมศึกษา สายวิชาชีพ",84.03,ร้อยละ,สำนักงานสถิติแห่งชาติ
2561,"ไตรมาส 3",ทั่วประเทศ,รวม,"อุดมศึกษา สายวิชาการศึกษา",71.88,ร้อยละ,สำนักงานสถิติแห่งชาติ
2561,"ไตรมาส 3",ทั่วประเทศ,รวม,การศึกษาอื่นๆ,95.31,ร้อยละ,สำนักงานสถิติแห่งชาติ
2561,"ไตรมาส 3",ทั่วประเทศ,รวม,ไม่ทราบ,85.14,ร้อยละ,สำนักงานสถิติแห่งชาติ
2561,"ไตรมาส 3",ทั่วประเทศ,ในเขตเทศบาล,รวม,67.59,ร้อยละ,สำนักงานสถิติแห่งชาติ
2561,"ไตรมาส 3",ทั่วประเทศ,ในเขตเทศบาล,ไม่มีการศึกษา,52.92,ร้อยละ,สำนักงานสถิติแห่งชาติ
2561,"ไตรมาส 3",ทั่วประเทศ,ในเขตเทศบาล,ต่ำกว่าประถมศึกษา,50.05,ร้อยละ,สำนักงานสถิติแห่งชาติ
2561,"ไตรมาส 3",ทั่วประเทศ,ในเขตเทศบาล,ประถมศึกษา,74.02,ร้อยละ,สำนักงานสถิติแห่งชาติ
2561,"ไตรมาส 3",ทั่วประเทศ,ในเขตเทศบาล,มัธยมศึกษาตอนต้น,62.89,ร้อยละ,สำนักงานสถิติแห่งชาติ
2561,"ไตรมาส 3",ทั่วประเทศ,ในเขตเทศบาล,"มัธยมศึกษาตอนปลาย สายสามัญ",65.15,ร้อยละ,สำนักงานสถิติแห่งชาติ
2561,"ไตรมาส 3",ทั่วประเทศ,ในเขตเทศบาล,"มัธยมศึกษาตอนปลาย สายอาชีวศึกษา",70.78,ร้อยละ,สำนักงานสถิติแห่งชาติ
2561,"ไตรมาส 3",ทั่วประเทศ,ในเขตเทศบาล,"มัธยมศึกษาตอนปลาย สายวิชาการ",56.86,ร้อยละ,สำนักงานสถิติแห่งชาติ
2561,"ไตรมาส 3",ทั่วประเทศ,ในเขตเทศบาล,"อุดมศึกษา สายวิชาการ",82.72,ร้อยละ,สำนักงานสถิติแห่งชาติ
2561,"ไตรมาส 3",ทั่วประเทศ,ในเขตเทศบาล,"อุดมศึกษา สายวิชาชีพ",83.28,ร้อยละ,สำนักงานสถิติแห่งชาติ
2561,"ไตรมาส 3",ทั่วประเทศ,ในเขตเทศบาล,"อุดมศึกษา สายวิชาการศึกษา",67.60,ร้อยละ,สำนักงานสถิติแห่งชาติ
2561,"ไตรมาส 3",ทั่วประเทศ,ในเขตเทศบาล,การศึกษาอื่นๆ,95.76,ร้อยละ,สำนักงานสถิติแห่งชาติ
2561,"ไตรมาส 3",ทั่วประเทศ,ในเขตเทศบาล,ไม่ทราบ,81.20,ร้อยละ,สำนักงานสถิติแห่งชาติ
2561,"ไตรมาส 3",ทั่วประเทศ,นอกเขตเทศบาล,รวม,68.35,ร้อยละ,สำนักงานสถิติแห่งชาติ
2561,"ไตรมาส 3",ทั่วประเทศ,นอกเขตเทศบาล,ไม่มีการศึกษา,48.96,ร้อยละ,สำนักงานสถิติแห่งชาติ
2561,"ไตรมาส 3",ทั่วประเทศ,นอกเขตเทศบาล,ต่ำกว่าประถมศึกษา,57.55,ร้อยละ,สำนักงานสถิติแห่งชาติ
2561,"ไตรมาส 3",ทั่วประเทศ,นอกเขตเทศบาล,ประถมศึกษา,78.94,ร้อยละ,สำนักงานสถิติแห่งชาติ
2561,"ไตรมาส 3",ทั่วประเทศ,นอกเขตเทศบาล,มัธยมศึกษาตอนต้น,63.16,ร้อยละ,สำนักงานสถิติแห่งชาติ
2561,"ไตรมาส 3",ทั่วประเทศ,นอกเขตเทศบาล,"มัธยมศึกษาตอนปลาย สายสามัญ",73.60,ร้อยละ,สำนักงานสถิติแห่งชาติ
2561,"ไตรมาส 3",ทั่วประเทศ,นอกเขตเทศบาล,"มัธยมศึกษาตอนปลาย สายอาชีวศึกษา",72.33,ร้อยละ,สำนักงานสถิติแห่งชาติ
2561,"ไตรมาส 3",ทั่วประเทศ,นอกเขตเทศบาล,"มัธยมศึกษาตอนปลาย สายวิชาการ",47.87,ร้อยละ,สำนักงานสถิติแห่งชาติ
2561,"ไตรมาส 3",ทั่วประเทศ,นอกเขตเทศบาล,"อุดมศึกษา สายวิชาการ",86.44,ร้อยละ,สำนักงานสถิติแห่งชาติ
2561,"ไตรมาส 3",ทั่วประเทศ,นอกเขตเทศบาล,"อุดมศึกษา สายวิชาชีพ",84.96,ร้อยละ,สำนักงานสถิติแห่งชาติ
2561,"ไตรมาส 3",ทั่วประเทศ,นอกเขตเทศบาล,"อุดมศึกษา สายวิชาการศึกษา",76.86,ร้อยละ,สำนักงานสถิติแห่งชาติ
2561,"ไตรมาส 3",ทั่วประเทศ,นอกเขตเทศบาล,การศึกษาอื่นๆ,94.85,ร้อยละ,สำนักงานสถิติแห่งชาติ
2561,"ไตรมาส 3",ทั่วประเทศ,นอกเขตเทศบาล,ไม่ทราบ,91.60,ร้อยละ,สำนักงานสถิติแห่งชาติ
2561,"ไตรมาส 3",กรุงเทพมหานคร,ในเขตเทศบาล,รวม,69.33,ร้อยละ,สำนักงานสถิติแห่งชาติ
2561,"ไตรมาส 3",กรุงเทพมหานคร,ในเขตเทศบาล,ไม่มีการศึกษา,51.52,ร้อยละ,สำนักงานสถิติแห่งชาติ
2561,"ไตรมาส 3",กรุงเทพมหานคร,ในเขตเทศบาล,ต่ำกว่าประถมศึกษา,44.59,ร้อยละ,สำนักงานสถิติแห่งชาติ
2561,"ไตรมาส 3",กรุงเทพมหานคร,ในเขตเทศบาล,ประถมศึกษา,72.08,ร้อยละ,สำนักงานสถิติแห่งชาติ
2561,"ไตรมาส 3",กรุงเทพมหานคร,ในเขตเทศบาล,มัธยมศึกษาตอนต้น,65.86,ร้อยละ,สำนักงานสถิติแห่งชาติ
2561,"ไตรมาส 3",กรุงเทพมหานคร,ในเขตเทศบาล,"มัธยมศึกษาตอนปลาย สายสามัญ",60.25,ร้อยละ,สำนักงานสถิติแห่งชาติ
2561,"ไตรมาส 3",กรุงเทพมหานคร,ในเขตเทศบาล,"มัธยมศึกษาตอนปลาย สายอาชีวศึกษา",70.52,ร้อยละ,สำนักงานสถิติแห่งชาติ
2561,"ไตรมาส 3",กรุงเทพมหานคร,ในเขตเทศบาล,"มัธยมศึกษาตอนปลาย สายวิชาการ",40.58,ร้อยละ,สำนักงานสถิติแห่งชาติ
2561,"ไตรมาส 3",กรุงเทพมหานคร,ในเขตเทศบาล,"อุดมศึกษา สายวิชาการ",81.60,ร้อยละ,สำนักงานสถิติแห่งชาติ
2561,"ไตรมาส 3",กรุงเทพมหานคร,ในเขตเทศบาล,"อุดมศึกษา สายวิชาชีพ",79.54,ร้อยละ,สำนักงานสถิติแห่งชาติ
2561,"ไตรมาส 3",กรุงเทพมหานคร,ในเขตเทศบาล,"อุดมศึกษา สายวิชาการศึกษา",67.67,ร้อยละ,สำนักงานสถิติแห่งชาติ
2561,"ไตรมาส 3",กรุงเทพมหานคร,ในเขตเทศบาล,การศึกษาอื่นๆ,.00,ร้อยละ,สำนักงานสถิติแห่งชาติ
2561,"ไตรมาส 3",กรุงเทพมหานคร,ในเขตเทศบาล,ไม่ทราบ,80.11,ร้อยละ,สำนักงานสถิติแห่งชาติ
2561,"ไตรมาส 3",ภาคกลาง,รวม,รวม,69.22,ร้อยละ,สำนักงานสถิติแห่งชาติ
2561,"ไตรมาส 3",ภาคกลาง,รวม,ไม่มีการศึกษา,57.91,ร้อยละ,สำนักงานสถิติแห่งชาติ
2561,"ไตรมาส 3",ภาคกลาง,รวม,ต่ำกว่าประถมศึกษา,50.10,ร้อยละ,สำนักงานสถิติแห่งชาติ
2561,"ไตรมาส 3",ภาคกลาง,รวม,ประถมศึกษา,76.14,ร้อยละ,สำนักงานสถิติแห่งชาติ
2561,"ไตรมาส 3",ภาคกลาง,รวม,มัธยมศึกษาตอนต้น,67.73,ร้อยละ,สำนักงานสถิติแห่งชาติ
2561,"ไตรมาส 3",ภาคกลาง,รวม,"มัธยมศึกษาตอนปลาย สายสามัญ",71.15,ร้อยละ,สำนักงานสถิติแห่งชาติ
2561,"ไตรมาส 3",ภาคกลาง,รวม,"มัธยมศึกษาตอนปลาย สายอาชีวศึกษา",73.91,ร้อยละ,สำนักงานสถิติแห่งชาติ
2561,"ไตรมาส 3",ภาคกลาง,รวม,"มัธยมศึกษาตอนปลาย สายวิชาการ",70.94,ร้อยละ,สำนักงานสถิติแห่งชาติ
2561,"ไตรมาส 3",ภาคกลาง,รวม,"อุดมศึกษา สายวิชาการ",83.46,ร้อยละ,สำนักงานสถิติแห่งชาติ
2561,"ไตรมาส 3",ภาคกลาง,รวม,"อุดมศึกษา สายวิชาชีพ",86.39,ร้อยละ,สำนักงานสถิติแห่งชาติ
2561,"ไตรมาส 3",ภาคกลาง,รวม,"อุดมศึกษา สายวิชาการศึกษา",68.22,ร้อยละ,สำนักงานสถิติแห่งชาติ
2561,"ไตรมาส 3",ภาคกลาง,รวม,การศึกษาอื่นๆ,97.83,ร้อยละ,สำนักงานสถิติแห่งชาติ
2561,"ไตรมาส 3",ภาคกลาง,รวม,ไม่ทราบ,87.51,ร้อยละ,สำนักงานสถิติแห่งชาติ
2561,"ไตรมาส 3",ภาคกลาง,ในเขตเทศบาล,รวม,68.98,ร้อยละ,สำนักงานสถิติแห่งชาติ
2561,"ไตรมาส 3",ภาคกลาง,ในเขตเทศบาล,ไม่มีการศึกษา,61.63,ร้อยละ,สำนักงานสถิติแห่งชาติ
2561,"ไตรมาส 3",ภาคกลาง,ในเขตเทศบาล,ต่ำกว่าประถมศึกษา,47.12,ร้อยละ,สำนักงานสถิติแห่งชาติ
2561,"ไตรมาส 3",ภาคกลาง,ในเขตเทศบาล,ประถมศึกษา,74.12,ร้อยละ,สำนักงานสถิติแห่งชาติ
2561,"ไตรมาส 3",ภาคกลาง,ในเขตเทศบาล,มัธยมศึกษาตอนต้น,66.78,ร้อยละ,สำนักงานสถิติแห่งชาติ
2561,"ไตรมาส 3",ภาคกลาง,ในเขตเทศบาล,"มัธยมศึกษาตอนปลาย สายสามัญ",69.62,ร้อยละ,สำนักงานสถิติแห่งชาติ
2561,"ไตรมาส 3",ภาคกลาง,ในเขตเทศบาล,"มัธยมศึกษาตอนปลาย สายอาชีวศึกษา",73.38,ร้อยละ,สำนักงานสถิติแห่งชาติ
2561,"ไตรมาส 3",ภาคกลาง,ในเขตเทศบาล,"มัธยมศึกษาตอนปลาย สายวิชาการ",73.86,ร้อยละ,สำนักงานสถิติแห่งชาติ
2561,"ไตรมาส 3",ภาคกลาง,ในเขตเทศบาล,"อุดมศึกษา สายวิชาการ",82.37,ร้อยละ,สำนักงานสถิติแห่งชาติ
2561,"ไตรมาส 3",ภาคกลาง,ในเขตเทศบาล,"อุดมศึกษา สายวิชาชีพ",84.88,ร้อยละ,สำนักงานสถิติแห่งชาติ
2561,"ไตรมาส 3",ภาคกลาง,ในเขตเทศบาล,"อุดมศึกษา สายวิชาการศึกษา",63.36,ร้อยละ,สำนักงานสถิติแห่งชาติ
2561,"ไตรมาส 3",ภาคกลาง,ในเขตเทศบาล,การศึกษาอื่นๆ,98.02,ร้อยละ,สำนักงานสถิติแห่งชาติ
2561,"ไตรมาส 3",ภาคกลาง,ในเขตเทศบาล,ไม่ทราบ,83.06,ร้อยละ,สำนักงานสถิติแห่งชาติ
2561,"ไตรมาส 3",ภาคกลาง,นอกเขตเทศบาล,รวม,69.43,ร้อยละ,สำนักงานสถิติแห่งชาติ
2561,"ไตรมาส 3",ภาคกลาง,นอกเขตเทศบาล,ไม่มีการศึกษา,54.84,ร้อยละ,สำนักงานสถิติแห่งชาติ
2561,"ไตรมาส 3",ภาคกลาง,นอกเขตเทศบาล,ต่ำกว่าประถมศึกษา,51.91,ร้อยละ,สำนักงานสถิติแห่งชาติ
2561,"ไตรมาส 3",ภาคกลาง,นอกเขตเทศบาล,ประถมศึกษา,77.58,ร้อยละ,สำนักงานสถิติแห่งชาติ
2561,"ไตรมาส 3",ภาคกลาง,นอกเขตเทศบาล,มัธยมศึกษาตอนต้น,68.56,ร้อยละ,สำนักงานสถิติแห่งชาติ
2561,"ไตรมาส 3",ภาคกลาง,นอกเขตเทศบาล,"มัธยมศึกษาตอนปลาย สายสามัญ",72.68,ร้อยละ,สำนักงานสถิติแห่งชาติ
2561,"ไตรมาส 3",ภาคกลาง,นอกเขตเทศบาล,"มัธยมศึกษาตอนปลาย สายอาชีวศึกษา",74.45,ร้อยละ,สำนักงานสถิติแห่งชาติ
2561,"ไตรมาส 3",ภาคกลาง,นอกเขตเทศบาล,"มัธยมศึกษาตอนปลาย สายวิชาการ",68.78,ร้อยละ,สำนักงานสถิติแห่งชาติ
2561,"ไตรมาส 3",ภาคกลาง,นอกเขตเทศบาล,"อุดมศึกษา สายวิชาการ",84.96,ร้อยละ,สำนักงานสถิติแห่งชาติ
2561,"ไตรมาส 3",ภาคกลาง,นอกเขตเทศบาล,"อุดมศึกษา สายวิชาชีพ",88.08,ร้อยละ,สำนักงานสถิติแห่งชาติ
2561,"ไตรมาส 3",ภาคกลาง,นอกเขตเทศบาล,"อุดมศึกษา สายวิชาการศึกษา",73.24,ร้อยละ,สำนักงานสถิติแห่งชาติ
2561,"ไตรมาส 3",ภาคกลาง,นอกเขตเทศบาล,การศึกษาอื่นๆ,97.59,ร้อยละ,สำนักงานสถิติแห่งชาติ
2561,"ไตรมาส 3",ภาคกลาง,นอกเขตเทศบาล,ไม่ทราบ,93.78,ร้อยละ,สำนักงานสถิติแห่งชาติ
2561,"ไตรมาส 3",ภาคเหนือ,รวม,รวม,66.40,ร้อยละ,สำนักงานสถิติแห่งชาติ
2561,"ไตรมาส 3",ภาคเหนือ,รวม,ไม่มีการศึกษา,53.27,ร้อยละ,สำนักงานสถิติแห่งชาติ
2561,"ไตรมาส 3",ภาคเหนือ,รวม,ต่ำกว่าประถมศึกษา,58.35,ร้อยละ,สำนักงานสถิติแห่งชาติ
2561,"ไตรมาส 3",ภาคเหนือ,รวม,ประถมศึกษา,77.78,ร้อยละ,สำนักงานสถิติแห่งชาติ
2561,"ไตรมาส 3",ภาคเหนือ,รวม,มัธยมศึกษาตอนต้น,59.72,ร้อยละ,สำนักงานสถิติแห่งชาติ
2561,"ไตรมาส 3",ภาคเหนือ,รวม,"มัธยมศึกษาตอนปลาย สายสามัญ",69.94,ร้อยละ,สำนักงานสถิติแห่งชาติ
2561,"ไตรมาส 3",ภาคเหนือ,รวม,"มัธยมศึกษาตอนปลาย สายอาชีวศึกษา",70.45,ร้อยละ,สำนักงานสถิติแห่งชาติ
2561,"ไตรมาส 3",ภาคเหนือ,รวม,"มัธยมศึกษาตอนปลาย สายวิชาการ",28.43,ร้อยละ,สำนักงานสถิติแห่งชาติ
2561,"ไตรมาส 3",ภาคเหนือ,รวม,"อุดมศึกษา สายวิชาการ",85.25,ร้อยละ,สำนักงานสถิติแห่งชาติ
2561,"ไตรมาส 3",ภาคเหนือ,รวม,"อุดมศึกษา สายวิชาชีพ",83.59,ร้อยละ,สำนักงานสถิติแห่งชาติ
2561,"ไตรมาส 3",ภาคเหนือ,รวม,"อุดมศึกษา สายวิชาการศึกษา",69.01,ร้อยละ,สำนักงานสถิติแห่งชาติ
2561,"ไตรมาส 3",ภาคเหนือ,รวม,การศึกษาอื่นๆ,79.46,ร้อยละ,สำนักงานสถิติแห่งชาติ
2561,"ไตรมาส 3",ภาคเหนือ,รวม,ไม่ทราบ,46.32,ร้อยละ,สำนักงานสถิติแห่งชาติ
2561,"ไตรมาส 3",ภาคเหนือ,ในเขตเทศบาล,รวม,64.87,ร้อยละ,สำนักงานสถิติแห่งชาติ
2561,"ไตรมาส 3",ภาคเหนือ,ในเขตเทศบาล,ไม่มีการศึกษา,49.97,ร้อยละ,สำนักงานสถิติแห่งชาติ
2561,"ไตรมาส 3",ภาคเหนือ,ในเขตเทศบาล,ต่ำกว่าประถมศึกษา,54.89,ร้อยละ,สำนักงานสถิติแห่งชาติ
2561,"ไตรมาส 3",ภาคเหนือ,ในเขตเทศบาล,ประถมศึกษา,75.24,ร้อยละ,สำนักงานสถิติแห่งชาติ
2561,"ไตรมาส 3",ภาคเหนือ,ในเขตเทศบาล,มัธยมศึกษาตอนต้น,56.33,ร้อยละ,สำนักงานสถิติแห่งชาติ
2561,"ไตรมาส 3",ภาคเหนือ,ในเขตเทศบาล,"มัธยมศึกษาตอนปลาย สายสามัญ",65.58,ร้อยละ,สำนักงานสถิติแห่งชาติ
2561,"ไตรมาส 3",ภาคเหนือ,ในเขตเทศบาล,"มัธยมศึกษาตอนปลาย สายอาชีวศึกษา",70.47,ร้อยละ,สำนักงานสถิติแห่งชาติ
2561,"ไตรมาส 3",ภาคเหนือ,ในเขตเทศบาล,"มัธยมศึกษาตอนปลาย สายวิชาการ",51.63,ร้อยละ,สำนักงานสถิติแห่งชาติ
2561,"ไตรมาส 3",ภาคเหนือ,ในเขตเทศบาล,"อุดมศึกษา สายวิชาการ",83.71,ร้อยละ,สำนักงานสถิติแห่งชาติ
2561,"ไตรมาส 3",ภาคเหนือ,ในเขตเทศบาล,"อุดมศึกษา สายวิชาชีพ",84.18,ร้อยละ,สำนักงานสถิติแห่งชาติ
2561,"ไตรมาส 3",ภาคเหนือ,ในเขตเทศบาล,"อุดมศึกษา สายวิชาการศึกษา",60.48,ร้อยละ,สำนักงานสถิติแห่งชาติ
2561,"ไตรมาส 3",ภาคเหนือ,ในเขตเทศบาล,การศึกษาอื่นๆ,77.84,ร้อยละ,สำนักงานสถิติแห่งชาติ
2561,"ไตรมาส 3",ภาคเหนือ,ในเขตเทศบาล,ไม่ทราบ,53.89,ร้อยละ,สำนักงานสถิติแห่งชาติ
2561,"ไตรมาส 3",ภาคเหนือ,นอกเขตเทศบาล,รวม,67.23,ร้อยละ,สำนักงานสถิติแห่งชาติ
2561,"ไตรมาส 3",ภาคเหนือ,นอกเขตเทศบาล,ไม่มีการศึกษา,54.39,ร้อยละ,สำนักงานสถิติแห่งชาติ
2561,"ไตรมาส 3",ภาคเหนือ,นอกเขตเทศบาล,ต่ำกว่าประถมศึกษา,59.90,ร้อยละ,สำนักงานสถิติแห่งชาติ
2561,"ไตรมาส 3",ภาคเหนือ,นอกเขตเทศบาล,ประถมศึกษา,78.82,ร้อยละ,สำนักงานสถิติแห่งชาติ
2561,"ไตรมาส 3",ภาคเหนือ,นอกเขตเทศบาล,มัธยมศึกษาตอนต้น,61.54,ร้อยละ,สำนักงานสถิติแห่งชาติ
2561,"ไตรมาส 3",ภาคเหนือ,นอกเขตเทศบาล,"มัธยมศึกษาตอนปลาย สายสามัญ",72.82,ร้อยละ,สำนักงานสถิติแห่งชาติ
2561,"ไตรมาส 3",ภาคเหนือ,นอกเขตเทศบาล,"มัธยมศึกษาตอนปลาย สายอาชีวศึกษา",70.44,ร้อยละ,สำนักงานสถิติแห่งชาติ
2561,"ไตรมาส 3",ภาคเหนือ,นอกเขตเทศบาล,"มัธยมศึกษาตอนปลาย สายวิชาการ",15.87,ร้อยละ,สำนักงานสถิติแห่งชาติ
2561,"ไตรมาส 3",ภาคเหนือ,นอกเขตเทศบาล,"อุดมศึกษา สายวิชาการ",87.10,ร้อยละ,สำนักงานสถิติแห่งชาติ
2561,"ไตรมาส 3",ภาคเหนือ,นอกเขตเทศบาล,"อุดมศึกษา สายวิชาชีพ",83.05,ร้อยละ,สำนักงานสถิติแห่งชาติ
2561,"ไตรมาส 3",ภาคเหนือ,นอกเขตเทศบาล,"อุดมศึกษา สายวิชาการศึกษา",77.09,ร้อยละ,สำนักงานสถิติแห่งชาติ
2561,"ไตรมาส 3",ภาคเหนือ,นอกเขตเทศบาล,การศึกษาอื่นๆ,81.09,ร้อยละ,สำนักงานสถิติแห่งชาติ
2561,"ไตรมาส 3",ภาคเหนือ,นอกเขตเทศบาล,ไม่ทราบ,38.68,ร้อยละ,สำนักงานสถิติแห่งชาติ
2561,"ไตรมาส 3",ภาคตะวันออกเฉียงเหนือ,รวม,รวม,66.37,ร้อยละ,สำนักงานสถิติแห่งชาติ
2561,"ไตรมาส 3",ภาคตะวันออกเฉียงเหนือ,รวม,ไม่มีการศึกษา,28.32,ร้อยละ,สำนักงานสถิติแห่งชาติ
2561,"ไตรมาส 3",ภาคตะวันออกเฉียงเหนือ,รวม,ต่ำกว่าประถมศึกษา,57.22,ร้อยละ,สำนักงานสถิติแห่งชาติ
2561,"ไตรมาส 3",ภาคตะวันออกเฉียงเหนือ,รวม,ประถมศึกษา,80.05,ร้อยละ,สำนักงานสถิติแห่งชาติ
2561,"ไตรมาส 3",ภาคตะวันออกเฉียงเหนือ,รวม,มัธยมศึกษาตอนต้น,57.42,ร้อยละ,สำนักงานสถิติแห่งชาติ
2561,"ไตรมาส 3",ภาคตะวันออกเฉียงเหนือ,รวม,"มัธยมศึกษาตอนปลาย สายสามัญ",70.18,ร้อยละ,สำนักงานสถิติแห่งชาติ
2561,"ไตรมาส 3",ภาคตะวันออกเฉียงเหนือ,รวม,"มัธยมศึกษาตอนปลาย สายอาชีวศึกษา",63.72,ร้อยละ,สำนักงานสถิติแห่งชาติ
2561,"ไตรมาส 3",ภาคตะวันออกเฉียงเหนือ,รวม,"มัธยมศึกษาตอนปลาย สายวิชาการ",.00,ร้อยละ,สำนักงานสถิติแห่งชาติ
2561,"ไตรมาส 3",ภาคตะวันออกเฉียงเหนือ,รวม,"อุดมศึกษา สายวิชาการ",87.69,ร้อยละ,สำนักงานสถิติแห่งชาติ
2561,"ไตรมาส 3",ภาคตะวันออกเฉียงเหนือ,รวม,"อุดมศึกษา สายวิชาชีพ",83.34,ร้อยละ,สำนักงานสถิติแห่งชาติ
2561,"ไตรมาส 3",ภาคตะวันออกเฉียงเหนือ,รวม,"อุดมศึกษา สายวิชาการศึกษา",77.11,ร้อยละ,สำนักงานสถิติแห่งชาติ
2561,"ไตรมาส 3",ภาคตะวันออกเฉียงเหนือ,รวม,การศึกษาอื่นๆ,100.00,ร้อยละ,สำนักงานสถิติแห่งชาติ
2561,"ไตรมาส 3",ภาคตะวันออกเฉียงเหนือ,รวม,ไม่ทราบ,89.88,ร้อยละ,สำนักงานสถิติแห่งชาติ
2561,"ไตรมาส 3",ภาคตะวันออกเฉียงเหนือ,ในเขตเทศบาล,รวม,63.93,ร้อยละ,สำนักงานสถิติแห่งชาติ
2561,"ไตรมาส 3",ภาคตะวันออกเฉียงเหนือ,ในเขตเทศบาล,ไม่มีการศึกษา,28.25,ร้อยละ,สำนักงานสถิติแห่งชาติ
2561,"ไตรมาส 3",ภาคตะวันออกเฉียงเหนือ,ในเขตเทศบาล,ต่ำกว่าประถมศึกษา,52.01,ร้อยละ,สำนักงานสถิติแห่งชาติ
2561,"ไตรมาส 3",ภาคตะวันออกเฉียงเหนือ,ในเขตเทศบาล,ประถมศึกษา,76.82,ร้อยละ,สำนักงานสถิติแห่งชาติ
2561,"ไตรมาส 3",ภาคตะวันออกเฉียงเหนือ,ในเขตเทศบาล,มัธยมศึกษาตอนต้น,54.39,ร้อยละ,สำนักงานสถิติแห่งชาติ
2561,"ไตรมาส 3",ภาคตะวันออกเฉียงเหนือ,ในเขตเทศบาล,"มัธยมศึกษาตอนปลาย สายสามัญ",64.29,ร้อยละ,สำนักงานสถิติแห่งชาติ
2561,"ไตรมาส 3",ภาคตะวันออกเฉียงเหนือ,ในเขตเทศบาล,"มัธยมศึกษาตอนปลาย สายอาชีวศึกษา",61.56,ร้อยละ,สำนักงานสถิติแห่งชาติ
2561,"ไตรมาส 3",ภาคตะวันออกเฉียงเหนือ,ในเขตเทศบาล,"มัธยมศึกษาตอนปลาย สายวิชาการ",.00,ร้อยละ,สำนักงานสถิติแห่งชาติ
2561,"ไตรมาส 3",ภาคตะวันออกเฉียงเหนือ,ในเขตเทศบาล,"อุดมศึกษา สายวิชาการ",86.28,ร้อยละ,สำนักงานสถิติแห่งชาติ
2561,"ไตรมาส 3",ภาคตะวันออกเฉียงเหนือ,ในเขตเทศบาล,"อุดมศึกษา สายวิชาชีพ",87.28,ร้อยละ,สำนักงานสถิติแห่งชาติ
2561,"ไตรมาส 3",ภาคตะวันออกเฉียงเหนือ,ในเขตเทศบาล,"อุดมศึกษา สายวิชาการศึกษา",73.29,ร้อยละ,สำนักงานสถิติแห่งชาติ
2561,"ไตรมาส 3",ภาคตะวันออกเฉียงเหนือ,ในเขตเทศบาล,การศึกษาอื่นๆ,100.00,ร้อยละ,สำนักงานสถิติแห่งชาติ
2561,"ไตรมาส 3",ภาคตะวันออกเฉียงเหนือ,ในเขตเทศบาล,ไม่ทราบ,88.00,ร้อยละ,สำนักงานสถิติแห่งชาติ
2561,"ไตรมาส 3",ภาคตะวันออกเฉียงเหนือ,นอกเขตเทศบาล,รวม,67.39,ร้อยละ,สำนักงานสถิติแห่งชาติ
2561,"ไตรมาส 3",ภาคตะวันออกเฉียงเหนือ,นอกเขตเทศบาล,ไม่มีการศึกษา,28.34,ร้อยละ,สำนักงานสถิติแห่งชาติ
2561,"ไตรมาส 3",ภาคตะวันออกเฉียงเหนือ,นอกเขตเทศบาล,ต่ำกว่าประถมศึกษา,59.05,ร้อยละ,สำนักงานสถิติแห่งชาติ
2561,"ไตรมาส 3",ภาคตะวันออกเฉียงเหนือ,นอกเขตเทศบาล,ประถมศึกษา,81.14,ร้อยละ,สำนักงานสถิติแห่งชาติ
2561,"ไตรมาส 3",ภาคตะวันออกเฉียงเหนือ,นอกเขตเทศบาล,มัธยมศึกษาตอนต้น,58.58,ร้อยละ,สำนักงานสถิติแห่งชาติ
2561,"ไตรมาส 3",ภาคตะวันออกเฉียงเหนือ,นอกเขตเทศบาล,"มัธยมศึกษาตอนปลาย สายสามัญ",73.36,ร้อยละ,สำนักงานสถิติแห่งชาติ
2561,"ไตรมาส 3",ภาคตะวันออกเฉียงเหนือ,นอกเขตเทศบาล,"มัธยมศึกษาตอนปลาย สายอาชีวศึกษา",65.14,ร้อยละ,สำนักงานสถิติแห่งชาติ
2561,"ไตรมาส 3",ภาคตะวันออกเฉียงเหนือ,นอกเขตเทศบาล,"มัธยมศึกษาตอนปลาย สายวิชาการ",.00,ร้อยละ,สำนักงานสถิติแห่งชาติ
2561,"ไตรมาส 3",ภาคตะวันออกเฉียงเหนือ,นอกเขตเทศบาล,"อุดมศึกษา สายวิชาการ",89.03,ร้อยละ,สำนักงานสถิติแห่งชาติ
2561,"ไตรมาส 3",ภาคตะวันออกเฉียงเหนือ,นอกเขตเทศบาล,"อุดมศึกษา สายวิชาชีพ",80.56,ร้อยละ,สำนักงานสถิติแห่งชาติ
2561,"ไตรมาส 3",ภาคตะวันออกเฉียงเหนือ,นอกเขตเทศบาล,"อุดมศึกษา สายวิชาการศึกษา",80.02,ร้อยละ,สำนักงานสถิติแห่งชาติ
2561,"ไตรมาส 3",ภาคตะวันออกเฉียงเหนือ,นอกเขตเทศบาล,การศึกษาอื่นๆ,.00,ร้อยละ,สำนักงานสถิติแห่งชาติ
2561,"ไตรมาส 3",ภาคตะวันออกเฉียงเหนือ,นอกเขตเทศบาล,ไม่ทราบ,100.00,ร้อยละ,สำนักงานสถิติแห่งชาติ
2561,"ไตรมาส 3",ภาคใต้,รวม,รวม,69.22,ร้อยละ,สำนักงานสถิติแห่งชาติ
2561,"ไตรมาส 3",ภาคใต้,รวม,ไม่มีการศึกษา,46.76,ร้อยละ,สำนักงานสถิติแห่งชาติ
2561,"ไตรมาส 3",ภาคใต้,รวม,ต่ำกว่าประถมศึกษา,56.92,ร้อยละ,สำนักงานสถิติแห่งชาติ
2561,"ไตรมาส 3",ภาคใต้,รวม,ประถมศึกษา,75.09,ร้อยละ,สำนักงานสถิติแห่งชาติ
2561,"ไตรมาส 3",ภาคใต้,รวม,มัธยมศึกษาตอนต้น,63.19,ร้อยละ,สำนักงานสถิติแห่งชาติ
2561,"ไตรมาส 3",ภาคใต้,รวม,"มัธยมศึกษาตอนปลาย สายสามัญ",73.34,ร้อยละ,สำนักงานสถิติแห่งชาติ
2561,"ไตรมาส 3",ภาคใต้,รวม,"มัธยมศึกษาตอนปลาย สายอาชีวศึกษา",76.42,ร้อยละ,สำนักงานสถิติแห่งชาติ
2561,"ไตรมาส 3",ภาคใต้,รวม,"มัธยมศึกษาตอนปลาย สายวิชาการ",63.39,ร้อยละ,สำนักงานสถิติแห่งชาติ
2561,"ไตรมาส 3",ภาคใต้,รวม,"อุดมศึกษา สายวิชาการ",86.82,ร้อยละ,สำนักงานสถิติแห่งชาติ
2561,"ไตรมาส 3",ภาคใต้,รวม,"อุดมศึกษา สายวิชาชีพ",83.71,ร้อยละ,สำนักงานสถิติแห่งชาติ
2561,"ไตรมาส 3",ภาคใต้,รวม,"อุดมศึกษา สายวิชาการศึกษา",76.03,ร้อยละ,สำนักงานสถิติแห่งชาติ
2561,"ไตรมาส 3",ภาคใต้,รวม,การศึกษาอื่นๆ,91.59,ร้อยละ,สำนักงานสถิติแห่งชาติ
2561,"ไตรมาส 3",ภาคใต้,รวม,ไม่ทราบ,82.39,ร้อยละ,สำนักงานสถิติแห่งชาติ
2561,"ไตรมาส 3",ภาคใต้,ในเขตเทศบาล,รวม,68.00,ร้อยละ,สำนักงานสถิติแห่งชาติ
2561,"ไตรมาส 3",ภาคใต้,ในเขตเทศบาล,ไม่มีการศึกษา,50.80,ร้อยละ,สำนักงานสถิติแห่งชาติ
2561,"ไตรมาส 3",ภาคใต้,ในเขตเทศบาล,ต่ำกว่าประถมศึกษา,51.58,ร้อยละ,สำนักงานสถิติแห่งชาติ
2561,"ไตรมาส 3",ภาคใต้,ในเขตเทศบาล,ประถมศึกษา,72.00,ร้อยละ,สำนักงานสถิติแห่งชาติ
2561,"ไตรมาส 3",ภาคใต้,ในเขตเทศบาล,มัธยมศึกษาตอนต้น,62.77,ร้อยละ,สำนักงานสถิติแห่งชาติ
2561,"ไตรมาส 3",ภาคใต้,ในเขตเทศบาล,"มัธยมศึกษาตอนปลาย สายสามัญ",67.84,ร้อยละ,สำนักงานสถิติแห่งชาติ
2561,"ไตรมาส 3",ภาคใต้,ในเขตเทศบาล,"มัธยมศึกษาตอนปลาย สายอาชีวศึกษา",73.80,ร้อยละ,สำนักงานสถิติแห่งชาติ
2561,"ไตรมาส 3",ภาคใต้,ในเขตเทศบาล,"มัธยมศึกษาตอนปลาย สายวิชาการ",63.39,ร้อยละ,สำนักงานสถิติแห่งชาติ
2561,"ไตรมาส 3",ภาคใต้,ในเขตเทศบาล,"อุดมศึกษา สายวิชาการ",87.12,ร้อยละ,สำนักงานสถิติแห่งชาติ
2561,"ไตรมาส 3",ภาคใต้,ในเขตเทศบาล,"อุดมศึกษา สายวิชาชีพ",80.62,ร้อยละ,สำนักงานสถิติแห่งชาติ
2561,"ไตรมาส 3",ภาคใต้,ในเขตเทศบาล,"อุดมศึกษา สายวิชาการศึกษา",75.41,ร้อยละ,สำนักงานสถิติแห่งชาติ
2561,"ไตรมาส 3",ภาคใต้,ในเขตเทศบาล,การศึกษาอื่นๆ,85.36,ร้อยละ,สำนักงานสถิติแห่งชาติ
2561,"ไตรมาส 3",ภาคใต้,ในเขตเทศบาล,ไม่ทราบ,73.48,ร้อยละ,สำนักงานสถิติแห่งชาติ
2561,"ไตรมาส 3",ภาคใต้,นอกเขตเทศบาล,รวม,69.84,ร้อยละ,สำนักงานสถิติแห่งชาติ
2561,"ไตรมาส 3",ภาคใต้,นอกเขตเทศบาล,ไม่มีการศึกษา,45.27,ร้อยละ,สำนักงานสถิติแห่งชาติ
2561,"ไตรมาส 3",ภาคใต้,นอกเขตเทศบาล,ต่ำกว่าประถมศึกษา,59.06,ร้อยละ,สำนักงานสถิติแห่งชาติ
2561,"ไตรมาส 3",ภาคใต้,นอกเขตเทศบาล,ประถมศึกษา,76.30,ร้อยละ,สำนักงานสถิติแห่งชาติ
2561,"ไตรมาส 3",ภาคใต้,นอกเขตเทศบาล,มัธยมศึกษาตอนต้น,63.41,ร้อยละ,สำนักงานสถิติแห่งชาติ
2561,"ไตรมาส 3",ภาคใต้,นอกเขตเทศบาล,"มัธยมศึกษาตอนปลาย สายสามัญ",76.56,ร้อยละ,สำนักงานสถิติแห่งชาติ
2561,"ไตรมาส 3",ภาคใต้,นอกเขตเทศบาล,"มัธยมศึกษาตอนปลาย สายอาชีวศึกษา",78.33,ร้อยละ,สำนักงานสถิติแห่งชาติ
2561,"ไตรมาส 3",ภาคใต้,นอกเขตเทศบาล,"มัธยมศึกษาตอนปลาย สายวิชาการ",.00,ร้อยละ,สำนักงานสถิติแห่งชาติ
2561,"ไตรมาส 3",ภาคใต้,นอกเขตเทศบาล,"อุดมศึกษา สายวิชาการ",86.55,ร้อยละ,สำนักงานสถิติแห่งชาติ
2561,"ไตรมาส 3",ภาคใต้,นอกเขตเทศบาล,"อุดมศึกษา สายวิชาชีพ",86.25,ร้อยละ,สำนักงานสถิติแห่งชาติ
2561,"ไตรมาส 3",ภาคใต้,นอกเขตเทศบาล,"อุดมศึกษา สายวิชาการศึกษา",76.61,ร้อยละ,สำนักงานสถิติแห่งชาติ
2561,"ไตรมาส 3",ภาคใต้,นอกเขตเทศบาล,การศึกษาอื่นๆ,92.36,ร้อยละ,สำนักงานสถิติแห่งชาติ
2561,"ไตรมาส 3",ภาคใต้,นอกเขตเทศบาล,ไม่ทราบ,88.84,ร้อยละ,สำนักงานสถิติแห่งชาติ
2561,"ไตรมาส 4",ทั่วประเทศ,รวม,รวม,67.23,ร้อยละ,สำนักงานสถิติแห่งชาติ
2561,"ไตรมาส 4",ทั่วประเทศ,รวม,ไม่มีการศึกษา,49.54,ร้อยละ,สำนักงานสถิติแห่งชาติ
2561,"ไตรมาส 4",ทั่วประเทศ,รวม,ต่ำกว่าประถมศึกษา,53.15,ร้อยละ,สำนักงานสถิติแห่งชาติ
2561,"ไตรมาส 4",ทั่วประเทศ,รวม,ประถมศึกษา,75.82,ร้อยละ,สำนักงานสถิติแห่งชาติ
2561,"ไตรมาส 4",ทั่วประเทศ,รวม,มัธยมศึกษาตอนต้น,62.32,ร้อยละ,สำนักงานสถิติแห่งชาติ
2561,"ไตรมาส 4",ทั่วประเทศ,รวม,"มัธยมศึกษาตอนปลาย สายสามัญ",69.93,ร้อยละ,สำนักงานสถิติแห่งชาติ
2561,"ไตรมาส 4",ทั่วประเทศ,รวม,"มัธยมศึกษาตอนปลาย สายอาชีวศึกษา",70.05,ร้อยละ,สำนักงานสถิติแห่งชาติ
2561,"ไตรมาส 4",ทั่วประเทศ,รวม,"มัธยมศึกษาตอนปลาย สายวิชาการ",46.93,ร้อยละ,สำนักงานสถิติแห่งชาติ
2561,"ไตรมาส 4",ทั่วประเทศ,รวม,"อุดมศึกษา สายวิชาการ",83.56,ร้อยละ,สำนักงานสถิติแห่งชาติ
2561,"ไตรมาส 4",ทั่วประเทศ,รวม,"อุดมศึกษา สายวิชาชีพ",84.29,ร้อยละ,สำนักงานสถิติแห่งชาติ
2561,"ไตรมาส 4",ทั่วประเทศ,รวม,"อุดมศึกษา สายวิชาการศึกษา",70.74,ร้อยละ,สำนักงานสถิติแห่งชาติ
2561,"ไตรมาส 4",ทั่วประเทศ,รวม,การศึกษาอื่นๆ,93.48,ร้อยละ,สำนักงานสถิติแห่งชาติ
2561,"ไตรมาส 4",ทั่วประเทศ,รวม,ไม่ทราบ,85.53,ร้อยละ,สำนักงานสถิติแห่งชาติ
2561,"ไตรมาส 4",ทั่วประเทศ,ในเขตเทศบาล,รวม,67.16,ร้อยละ,สำนักงานสถิติแห่งชาติ
2561,"ไตรมาส 4",ทั่วประเทศ,ในเขตเทศบาล,ไม่มีการศึกษา,52.44,ร้อยละ,สำนักงานสถิติแห่งชาติ
2561,"ไตรมาส 4",ทั่วประเทศ,ในเขตเทศบาล,ต่ำกว่าประถมศึกษา,49.49,ร้อยละ,สำนักงานสถิติแห่งชาติ
2561,"ไตรมาส 4",ทั่วประเทศ,ในเขตเทศบาล,ประถมศึกษา,73.78,ร้อยละ,สำนักงานสถิติแห่งชาติ
2561,"ไตรมาส 4",ทั่วประเทศ,ในเขตเทศบาล,มัธยมศึกษาตอนต้น,62.15,ร้อยละ,สำนักงานสถิติแห่งชาติ
2561,"ไตรมาส 4",ทั่วประเทศ,ในเขตเทศบาล,"มัธยมศึกษาตอนปลาย สายสามัญ",64.63,ร้อยละ,สำนักงานสถิติแห่งชาติ
2561,"ไตรมาส 4",ทั่วประเทศ,ในเขตเทศบาล,"มัธยมศึกษาตอนปลาย สายอาชีวศึกษา",69.30,ร้อยละ,สำนักงานสถิติแห่งชาติ
2561,"ไตรมาส 4",ทั่วประเทศ,ในเขตเทศบาล,"มัธยมศึกษาตอนปลาย สายวิชาการ",37.31,ร้อยละ,สำนักงานสถิติแห่งชาติ
2561,"ไตรมาส 4",ทั่วประเทศ,ในเขตเทศบาล,"อุดมศึกษา สายวิชาการ",82.56,ร้อยละ,สำนักงานสถิติแห่งชาติ
2561,"ไตรมาส 4",ทั่วประเทศ,ในเขตเทศบาล,"อุดมศึกษา สายวิชาชีพ",83.60,ร้อยละ,สำนักงานสถิติแห่งชาติ
2561,"ไตรมาส 4",ทั่วประเทศ,ในเขตเทศบาล,"อุดมศึกษา สายวิชาการศึกษา",66.88,ร้อยละ,สำนักงานสถิติแห่งชาติ
2561,"ไตรมาส 4",ทั่วประเทศ,ในเขตเทศบาล,การศึกษาอื่นๆ,93.83,ร้อยละ,สำนักงานสถิติแห่งชาติ
2561,"ไตรมาส 4",ทั่วประเทศ,ในเขตเทศบาล,ไม่ทราบ,77.49,ร้อยละ,สำนักงานสถิติแห่งชาติ
2561,"ไตรมาส 4",ทั่วประเทศ,นอกเขตเทศบาล,รวม,67.29,ร้อยละ,สำนักงานสถิติแห่งชาติ
2561,"ไตรมาส 4",ทั่วประเทศ,นอกเขตเทศบาล,ไม่มีการศึกษา,47.64,ร้อยละ,สำนักงานสถิติแห่งชาติ
2561,"ไตรมาส 4",ทั่วประเทศ,นอกเขตเทศบาล,ต่ำกว่าประถมศึกษา,55.06,ร้อยละ,สำนักงานสถิติแห่งชาติ
2561,"ไตรมาส 4",ทั่วประเทศ,นอกเขตเทศบาล,ประถมศึกษา,77.09,ร้อยละ,สำนักงานสถิติแห่งชาติ
2561,"ไตรมาส 4",ทั่วประเทศ,นอกเขตเทศบาล,มัธยมศึกษาตอนต้น,62.46,ร้อยละ,สำนักงานสถิติแห่งชาติ
2561,"ไตรมาส 4",ทั่วประเทศ,นอกเขตเทศบาล,"มัธยมศึกษาตอนปลาย สายสามัญ",75.30,ร้อยละ,สำนักงานสถิติแห่งชาติ
2561,"ไตรมาส 4",ทั่วประเทศ,นอกเขตเทศบาล,"มัธยมศึกษาตอนปลาย สายอาชีวศึกษา",71.11,ร้อยละ,สำนักงานสถิติแห่งชาติ
2561,"ไตรมาส 4",ทั่วประเทศ,นอกเขตเทศบาล,"มัธยมศึกษาตอนปลาย สายวิชาการ",63.05,ร้อยละ,สำนักงานสถิติแห่งชาติ
2561,"ไตรมาส 4",ทั่วประเทศ,นอกเขตเทศบาล,"อุดมศึกษา สายวิชาการ",86.05,ร้อยละ,สำนักงานสถิติแห่งชาติ
2561,"ไตรมาส 4",ทั่วประเทศ,นอกเขตเทศบาล,"อุดมศึกษา สายวิชาชีพ",85.13,ร้อยละ,สำนักงานสถิติแห่งชาติ
2561,"ไตรมาส 4",ทั่วประเทศ,นอกเขตเทศบาล,"อุดมศึกษา สายวิชาการศึกษา",75.09,ร้อยละ,สำนักงานสถิติแห่งชาติ
2561,"ไตรมาส 4",ทั่วประเทศ,นอกเขตเทศบาล,การศึกษาอื่นๆ,93.02,ร้อยละ,สำนักงานสถิติแห่งชาติ
2561,"ไตรมาส 4",ทั่วประเทศ,นอกเขตเทศบาล,ไม่ทราบ,93.18,ร้อยละ,สำนักงานสถิติแห่งชาติ
2561,"ไตรมาส 4",กรุงเทพมหานคร,ในเขตเทศบาล,รวม,69.28,ร้อยละ,สำนักงานสถิติแห่งชาติ
2561,"ไตรมาส 4",กรุงเทพมหานคร,ในเขตเทศบาล,ไม่มีการศึกษา,50.43,ร้อยละ,สำนักงานสถิติแห่งชาติ
2561,"ไตรมาส 4",กรุงเทพมหานคร,ในเขตเทศบาล,ต่ำกว่าประถมศึกษา,44.48,ร้อยละ,สำนักงานสถิติแห่งชาติ
2561,"ไตรมาส 4",กรุงเทพมหานคร,ในเขตเทศบาล,ประถมศึกษา,73.76,ร้อยละ,สำนักงานสถิติแห่งชาติ
2561,"ไตรมาส 4",กรุงเทพมหานคร,ในเขตเทศบาล,มัธยมศึกษาตอนต้น,65.20,ร้อยละ,สำนักงานสถิติแห่งชาติ
2561,"ไตรมาส 4",กรุงเทพมหานคร,ในเขตเทศบาล,"มัธยมศึกษาตอนปลาย สายสามัญ",58.87,ร้อยละ,สำนักงานสถิติแห่งชาติ
2561,"ไตรมาส 4",กรุงเทพมหานคร,ในเขตเทศบาล,"มัธยมศึกษาตอนปลาย สายอาชีวศึกษา",68.14,ร้อยละ,สำนักงานสถิติแห่งชาติ
2561,"ไตรมาส 4",กรุงเทพมหานคร,ในเขตเทศบาล,"มัธยมศึกษาตอนปลาย สายวิชาการ",35.23,ร้อยละ,สำนักงานสถิติแห่งชาติ
2561,"ไตรมาส 4",กรุงเทพมหานคร,ในเขตเทศบาล,"อุดมศึกษา สายวิชาการ",81.95,ร้อยละ,สำนักงานสถิติแห่งชาติ
2561,"ไตรมาส 4",กรุงเทพมหานคร,ในเขตเทศบาล,"อุดมศึกษา สายวิชาชีพ",80.49,ร้อยละ,สำนักงานสถิติแห่งชาติ
2561,"ไตรมาส 4",กรุงเทพมหานคร,ในเขตเทศบาล,"อุดมศึกษา สายวิชาการศึกษา",68.53,ร้อยละ,สำนักงานสถิติแห่งชาติ
2561,"ไตรมาส 4",กรุงเทพมหานคร,ในเขตเทศบาล,การศึกษาอื่นๆ,.00,ร้อยละ,สำนักงานสถิติแห่งชาติ
2561,"ไตรมาส 4",กรุงเทพมหานคร,ในเขตเทศบาล,ไม่ทราบ,89.92,ร้อยละ,สำนักงานสถิติแห่งชาติ
2561,"ไตรมาส 4",ภาคกลาง,รวม,รวม,69.47,ร้อยละ,สำนักงานสถิติแห่งชาติ
2561,"ไตรมาส 4",ภาคกลาง,รวม,ไม่มีการศึกษา,59.36,ร้อยละ,สำนักงานสถิติแห่งชาติ
2561,"ไตรมาส 4",ภาคกลาง,รวม,ต่ำกว่าประถมศึกษา,50.83,ร้อยละ,สำนักงานสถิติแห่งชาติ
2561,"ไตรมาส 4",ภาคกลาง,รวม,ประถมศึกษา,74.60,ร้อยละ,สำนักงานสถิติแห่งชาติ
2561,"ไตรมาส 4",ภาคกลาง,รวม,มัธยมศึกษาตอนต้น,68.03,ร้อยละ,สำนักงานสถิติแห่งชาติ
2561,"ไตรมาส 4",ภาคกลาง,รวม,"มัธยมศึกษาตอนปลาย สายสามัญ",73.34,ร้อยละ,สำนักงานสถิติแห่งชาติ
2561,"ไตรมาส 4",ภาคกลาง,รวม,"มัธยมศึกษาตอนปลาย สายอาชีวศึกษา",74.36,ร้อยละ,สำนักงานสถิติแห่งชาติ
2561,"ไตรมาส 4",ภาคกลาง,รวม,"มัธยมศึกษาตอนปลาย สายวิชาการ",53.25,ร้อยละ,สำนักงานสถิติแห่งชาติ
2561,"ไตรมาส 4",ภาคกลาง,รวม,"อุดมศึกษา สายวิชาการ",83.15,ร้อยละ,สำนักงานสถิติแห่งชาติ
2561,"ไตรมาส 4",ภาคกลาง,รวม,"อุดมศึกษา สายวิชาชีพ",84.16,ร้อยละ,สำนักงานสถิติแห่งชาติ
2561,"ไตรมาส 4",ภาคกลาง,รวม,"อุดมศึกษา สายวิชาการศึกษา",66.47,ร้อยละ,สำนักงานสถิติแห่งชาติ
2561,"ไตรมาส 4",ภาคกลาง,รวม,การศึกษาอื่นๆ,95.93,ร้อยละ,สำนักงานสถิติแห่งชาติ
2561,"ไตรมาส 4",ภาคกลาง,รวม,ไม่ทราบ,85.45,ร้อยละ,สำนักงานสถิติแห่งชาติ
2561,"ไตรมาส 4",ภาคกลาง,ในเขตเทศบาล,รวม,69.08,ร้อยละ,สำนักงานสถิติแห่งชาติ
2561,"ไตรมาส 4",ภาคกลาง,ในเขตเทศบาล,ไม่มีการศึกษา,65.18,ร้อยละ,สำนักงานสถิติแห่งชาติ
2561,"ไตรมาส 4",ภาคกลาง,ในเขตเทศบาล,ต่ำกว่าประถมศึกษา,48.41,ร้อยละ,สำนักงานสถิติแห่งชาติ
2561,"ไตรมาส 4",ภาคกลาง,ในเขตเทศบาล,ประถมศึกษา,73.13,ร้อยละ,สำนักงานสถิติแห่งชาติ
2561,"ไตรมาส 4",ภาคกลาง,ในเขตเทศบาล,มัธยมศึกษาตอนต้น,66.54,ร้อยละ,สำนักงานสถิติแห่งชาติ
2561,"ไตรมาส 4",ภาคกลาง,ในเขตเทศบาล,"มัธยมศึกษาตอนปลาย สายสามัญ",69.78,ร้อยละ,สำนักงานสถิติแห่งชาติ
2561,"ไตรมาส 4",ภาคกลาง,ในเขตเทศบาล,"มัธยมศึกษาตอนปลาย สายอาชีวศึกษา",74.67,ร้อยละ,สำนักงานสถิติแห่งชาติ
2561,"ไตรมาส 4",ภาคกลาง,ในเขตเทศบาล,"มัธยมศึกษาตอนปลาย สายวิชาการ",38.20,ร้อยละ,สำนักงานสถิติแห่งชาติ
2561,"ไตรมาส 4",ภาคกลาง,ในเขตเทศบาล,"อุดมศึกษา สายวิชาการ",81.92,ร้อยละ,สำนักงานสถิติแห่งชาติ
2561,"ไตรมาส 4",ภาคกลาง,ในเขตเทศบาล,"อุดมศึกษา สายวิชาชีพ",84.06,ร้อยละ,สำนักงานสถิติแห่งชาติ
2561,"ไตรมาส 4",ภาคกลาง,ในเขตเทศบาล,"อุดมศึกษา สายวิชาการศึกษา",59.90,ร้อยละ,สำนักงานสถิติแห่งชาติ
2561,"ไตรมาส 4",ภาคกลาง,ในเขตเทศบาล,การศึกษาอื่นๆ,95.12,ร้อยละ,สำนักงานสถิติแห่งชาติ
2561,"ไตรมาส 4",ภาคกลาง,ในเขตเทศบาล,ไม่ทราบ,76.20,ร้อยละ,สำนักงานสถิติแห่งชาติ
2561,"ไตรมาส 4",ภาคกลาง,นอกเขตเทศบาล,รวม,69.80,ร้อยละ,สำนักงานสถิติแห่งชาติ
2561,"ไตรมาส 4",ภาคกลาง,นอกเขตเทศบาล,ไม่มีการศึกษา,54.45,ร้อยละ,สำนักงานสถิติแห่งชาติ
2561,"ไตรมาส 4",ภาคกลาง,นอกเขตเทศบาล,ต่ำกว่าประถมศึกษา,52.33,ร้อยละ,สำนักงานสถิติแห่งชาติ
2561,"ไตรมาส 4",ภาคกลาง,นอกเขตเทศบาล,ประถมศึกษา,75.62,ร้อยละ,สำนักงานสถิติแห่งชาติ
2561,"ไตรมาส 4",ภาคกลาง,นอกเขตเทศบาล,มัธยมศึกษาตอนต้น,69.29,ร้อยละ,สำนักงานสถิติแห่งชาติ
2561,"ไตรมาส 4",ภาคกลาง,นอกเขตเทศบาล,"มัธยมศึกษาตอนปลาย สายสามัญ",76.67,ร้อยละ,สำนักงานสถิติแห่งชาติ
2561,"ไตรมาส 4",ภาคกลาง,นอกเขตเทศบาล,"มัธยมศึกษาตอนปลาย สายอาชีวศึกษา",74.01,ร้อยละ,สำนักงานสถิติแห่งชาติ
2561,"ไตรมาส 4",ภาคกลาง,นอกเขตเทศบาล,"มัธยมศึกษาตอนปลาย สายวิชาการ",64.76,ร้อยละ,สำนักงานสถิติแห่งชาติ
2561,"ไตรมาส 4",ภาคกลาง,นอกเขตเทศบาล,"อุดมศึกษา สายวิชาการ",84.93,ร้อยละ,สำนักงานสถิติแห่งชาติ
2561,"ไตรมาส 4",ภาคกลาง,นอกเขตเทศบาล,"อุดมศึกษา สายวิชาชีพ",84.27,ร้อยละ,สำนักงานสถิติแห่งชาติ
2561,"ไตรมาส 4",ภาคกลาง,นอกเขตเทศบาล,"อุดมศึกษา สายวิชาการศึกษา",74.23,ร้อยละ,สำนักงานสถิติแห่งชาติ
2561,"ไตรมาส 4",ภาคกลาง,นอกเขตเทศบาล,การศึกษาอื่นๆ,97.25,ร้อยละ,สำนักงานสถิติแห่งชาติ
2561,"ไตรมาส 4",ภาคกลาง,นอกเขตเทศบาล,ไม่ทราบ,94.20,ร้อยละ,สำนักงานสถิติแห่งชาติ
2561,"ไตรมาส 4",ภาคเหนือ,รวม,รวม,65.71,ร้อยละ,สำนักงานสถิติแห่งชาติ
2561,"ไตรมาส 4",ภาคเหนือ,รวม,ไม่มีการศึกษา,52.23,ร้อยละ,สำนักงานสถิติแห่งชาติ
2561,"ไตรมาส 4",ภาคเหนือ,รวม,ต่ำกว่าประถมศึกษา,56.82,ร้อยละ,สำนักงานสถิติแห่งชาติ
2561,"ไตรมาส 4",ภาคเหนือ,รวม,ประถมศึกษา,76.81,ร้อยละ,สำนักงานสถิติแห่งชาติ
2561,"ไตรมาส 4",ภาคเหนือ,รวม,มัธยมศึกษาตอนต้น,60.10,ร้อยละ,สำนักงานสถิติแห่งชาติ
2561,"ไตรมาส 4",ภาคเหนือ,รวม,"มัธยมศึกษาตอนปลาย สายสามัญ",70.35,ร้อยละ,สำนักงานสถิติแห่งชาติ
2561,"ไตรมาส 4",ภาคเหนือ,รวม,"มัธยมศึกษาตอนปลาย สายอาชีวศึกษา",67.26,ร้อยละ,สำนักงานสถิติแห่งชาติ
2561,"ไตรมาส 4",ภาคเหนือ,รวม,"มัธยมศึกษาตอนปลาย สายวิชาการ",32.62,ร้อยละ,สำนักงานสถิติแห่งชาติ
2561,"ไตรมาส 4",ภาคเหนือ,รวม,"อุดมศึกษา สายวิชาการ",85.63,ร้อยละ,สำนักงานสถิติแห่งชาติ
2561,"ไตรมาส 4",ภาคเหนือ,รวม,"อุดมศึกษา สายวิชาชีพ",83.03,ร้อยละ,สำนักงานสถิติแห่งชาติ
2561,"ไตรมาส 4",ภาคเหนือ,รวม,"อุดมศึกษา สายวิชาการศึกษา",70.79,ร้อยละ,สำนักงานสถิติแห่งชาติ
2561,"ไตรมาส 4",ภาคเหนือ,รวม,การศึกษาอื่นๆ,80.62,ร้อยละ,สำนักงานสถิติแห่งชาติ
2561,"ไตรมาส 4",ภาคเหนือ,รวม,ไม่ทราบ,71.74,ร้อยละ,สำนักงานสถิติแห่งชาติ
2561,"ไตรมาส 4",ภาคเหนือ,ในเขตเทศบาล,รวม,64.19,ร้อยละ,สำนักงานสถิติแห่งชาติ
2561,"ไตรมาส 4",ภาคเหนือ,ในเขตเทศบาล,ไม่มีการศึกษา,47.97,ร้อยละ,สำนักงานสถิติแห่งชาติ
2561,"ไตรมาส 4",ภาคเหนือ,ในเขตเทศบาล,ต่ำกว่าประถมศึกษา,54.24,ร้อยละ,สำนักงานสถิติแห่งชาติ
2561,"ไตรมาส 4",ภาคเหนือ,ในเขตเทศบาล,ประถมศึกษา,75.12,ร้อยละ,สำนักงานสถิติแห่งชาติ
2561,"ไตรมาส 4",ภาคเหนือ,ในเขตเทศบาล,มัธยมศึกษาตอนต้น,56.20,ร้อยละ,สำนักงานสถิติแห่งชาติ
2561,"ไตรมาส 4",ภาคเหนือ,ในเขตเทศบาล,"มัธยมศึกษาตอนปลาย สายสามัญ",64.51,ร้อยละ,สำนักงานสถิติแห่งชาติ
2561,"ไตรมาส 4",ภาคเหนือ,ในเขตเทศบาล,"มัธยมศึกษาตอนปลาย สายอาชีวศึกษา",64.19,ร้อยละ,สำนักงานสถิติแห่งชาติ
2561,"ไตรมาส 4",ภาคเหนือ,ในเขตเทศบาล,"มัธยมศึกษาตอนปลาย สายวิชาการ",63.32,ร้อยละ,สำนักงานสถิติแห่งชาติ
2561,"ไตรมาส 4",ภาคเหนือ,ในเขตเทศบาล,"อุดมศึกษา สายวิชาการ",82.98,ร้อยละ,สำนักงานสถิติแห่งชาติ
2561,"ไตรมาส 4",ภาคเหนือ,ในเขตเทศบาล,"อุดมศึกษา สายวิชาชีพ",85.62,ร้อยละ,สำนักงานสถิติแห่งชาติ
2561,"ไตรมาส 4",ภาคเหนือ,ในเขตเทศบาล,"อุดมศึกษา สายวิชาการศึกษา",66.22,ร้อยละ,สำนักงานสถิติแห่งชาติ
2561,"ไตรมาส 4",ภาคเหนือ,ในเขตเทศบาล,การศึกษาอื่นๆ,75.27,ร้อยละ,สำนักงานสถิติแห่งชาติ
2561,"ไตรมาส 4",ภาคเหนือ,ในเขตเทศบาล,ไม่ทราบ,77.32,ร้อยละ,สำนักงานสถิติแห่งชาติ
2561,"ไตรมาส 4",ภาคเหนือ,นอกเขตเทศบาล,รวม,66.53,ร้อยละ,สำนักงานสถิติแห่งชาติ
2561,"ไตรมาส 4",ภาคเหนือ,นอกเขตเทศบาล,ไม่มีการศึกษา,53.71,ร้อยละ,สำนักงานสถิติแห่งชาติ
2561,"ไตรมาส 4",ภาคเหนือ,นอกเขตเทศบาล,ต่ำกว่าประถมศึกษา,57.98,ร้อยละ,สำนักงานสถิติแห่งชาติ
2561,"ไตรมาส 4",ภาคเหนือ,นอกเขตเทศบาล,ประถมศึกษา,77.48,ร้อยละ,สำนักงานสถิติแห่งชาติ
2561,"ไตรมาส 4",ภาคเหนือ,นอกเขตเทศบาล,มัธยมศึกษาตอนต้น,62.16,ร้อยละ,สำนักงานสถิติแห่งชาติ
2561,"ไตรมาส 4",ภาคเหนือ,นอกเขตเทศบาล,"มัธยมศึกษาตอนปลาย สายสามัญ",74.56,ร้อยละ,สำนักงานสถิติแห่งชาติ
2561,"ไตรมาส 4",ภาคเหนือ,นอกเขตเทศบาล,"มัธยมศึกษาตอนปลาย สายอาชีวศึกษา",69.80,ร้อยละ,สำนักงานสถิติแห่งชาติ
2561,"ไตรมาส 4",ภาคเหนือ,นอกเขตเทศบาล,"มัธยมศึกษาตอนปลาย สายวิชาการ",.00,ร้อยละ,สำนักงานสถิติแห่งชาติ
2561,"ไตรมาส 4",ภาคเหนือ,นอกเขตเทศบาล,"อุดมศึกษา สายวิชาการ",88.87,ร้อยละ,สำนักงานสถิติแห่งชาติ
2561,"ไตรมาส 4",ภาคเหนือ,นอกเขตเทศบาล,"อุดมศึกษา สายวิชาชีพ",80.85,ร้อยละ,สำนักงานสถิติแห่งชาติ
2561,"ไตรมาส 4",ภาคเหนือ,นอกเขตเทศบาล,"อุดมศึกษา สายวิชาการศึกษา",75.03,ร้อยละ,สำนักงานสถิติแห่งชาติ
2561,"ไตรมาส 4",ภาคเหนือ,นอกเขตเทศบาล,การศึกษาอื่นๆ,86.70,ร้อยละ,สำนักงานสถิติแห่งชาติ
2561,"ไตรมาส 4",ภาคเหนือ,นอกเขตเทศบาล,ไม่ทราบ,64.81,ร้อยละ,สำนักงานสถิติแห่งชาติ
2561,"ไตรมาส 4",ภาคตะวันออกเฉียงเหนือ,รวม,รวม,63.96,ร้อยละ,สำนักงานสถิติแห่งชาติ
2561,"ไตรมาส 4",ภาคตะวันออกเฉียงเหนือ,รวม,ไม่มีการศึกษา,24.10,ร้อยละ,สำนักงานสถิติแห่งชาติ
2561,"ไตรมาส 4",ภาคตะวันออกเฉียงเหนือ,รวม,ต่ำกว่าประถมศึกษา,52.82,ร้อยละ,สำนักงานสถิติแห่งชาติ
2561,"ไตรมาส 4",ภาคตะวันออกเฉียงเหนือ,รวม,ประถมศึกษา,77.79,ร้อยละ,สำนักงานสถิติแห่งชาติ
2561,"ไตรมาส 4",ภาคตะวันออกเฉียงเหนือ,รวม,มัธยมศึกษาตอนต้น,55.14,ร้อยละ,สำนักงานสถิติแห่งชาติ
2561,"ไตรมาส 4",ภาคตะวันออกเฉียงเหนือ,รวม,"มัธยมศึกษาตอนปลาย สายสามัญ",71.29,ร้อยละ,สำนักงานสถิติแห่งชาติ
2561,"ไตรมาส 4",ภาคตะวันออกเฉียงเหนือ,รวม,"มัธยมศึกษาตอนปลาย สายอาชีวศึกษา",61.82,ร้อยละ,สำนักงานสถิติแห่งชาติ
2561,"ไตรมาส 4",ภาคตะวันออกเฉียงเหนือ,รวม,"มัธยมศึกษาตอนปลาย สายวิชาการ",100.00,ร้อยละ,สำนักงานสถิติแห่งชาติ
2561,"ไตรมาส 4",ภาคตะวันออกเฉียงเหนือ,รวม,"อุดมศึกษา สายวิชาการ",85.55,ร้อยละ,สำนักงานสถิติแห่งชาติ
2561,"ไตรมาส 4",ภาคตะวันออกเฉียงเหนือ,รวม,"อุดมศึกษา สายวิชาชีพ",86.95,ร้อยละ,สำนักงานสถิติแห่งชาติ
2561,"ไตรมาส 4",ภาคตะวันออกเฉียงเหนือ,รวม,"อุดมศึกษา สายวิชาการศึกษา",72.81,ร้อยละ,สำนักงานสถิติแห่งชาติ
2561,"ไตรมาส 4",ภาคตะวันออกเฉียงเหนือ,รวม,การศึกษาอื่นๆ,100.00,ร้อยละ,สำนักงานสถิติแห่งชาติ
2561,"ไตรมาส 4",ภาคตะวันออกเฉียงเหนือ,รวม,ไม่ทราบ,72.80,ร้อยละ,สำนักงานสถิติแห่งชาติ
2561,"ไตรมาส 4",ภาคตะวันออกเฉียงเหนือ,ในเขตเทศบาล,รวม,62.33,ร้อยละ,สำนักงานสถิติแห่งชาติ
2561,"ไตรมาส 4",ภาคตะวันออกเฉียงเหนือ,ในเขตเทศบาล,ไม่มีการศึกษา,23.05,ร้อยละ,สำนักงานสถิติแห่งชาติ
2561,"ไตรมาส 4",ภาคตะวันออกเฉียงเหนือ,ในเขตเทศบาล,ต่ำกว่าประถมศึกษา,49.18,ร้อยละ,สำนักงานสถิติแห่งชาติ
2561,"ไตรมาส 4",ภาคตะวันออกเฉียงเหนือ,ในเขตเทศบาล,ประถมศึกษา,74.35,ร้อยละ,สำนักงานสถิติแห่งชาติ
2561,"ไตรมาส 4",ภาคตะวันออกเฉียงเหนือ,ในเขตเทศบาล,มัธยมศึกษาตอนต้น,54.23,ร้อยละ,สำนักงานสถิติแห่งชาติ
2561,"ไตรมาส 4",ภาคตะวันออกเฉียงเหนือ,ในเขตเทศบาล,"มัธยมศึกษาตอนปลาย สายสามัญ",65.85,ร้อยละ,สำนักงานสถิติแห่งชาติ
2561,"ไตรมาส 4",ภาคตะวันออกเฉียงเหนือ,ในเขตเทศบาล,"มัธยมศึกษาตอนปลาย สายอาชีวศึกษา",58.75,ร้อยละ,สำนักงานสถิติแห่งชาติ
2561,"ไตรมาส 4",ภาคตะวันออกเฉียงเหนือ,ในเขตเทศบาล,"มัธยมศึกษาตอนปลาย สายวิชาการ",.00,ร้อยละ,สำนักงานสถิติแห่งชาติ
2561,"ไตรมาส 4",ภาคตะวันออกเฉียงเหนือ,ในเขตเทศบาล,"อุดมศึกษา สายวิชาการ",84.17,ร้อยละ,สำนักงานสถิติแห่งชาติ
2561,"ไตรมาส 4",ภาคตะวันออกเฉียงเหนือ,ในเขตเทศบาล,"อุดมศึกษา สายวิชาชีพ",86.90,ร้อยละ,สำนักงานสถิติแห่งชาติ
2561,"ไตรมาส 4",ภาคตะวันออกเฉียงเหนือ,ในเขตเทศบาล,"อุดมศึกษา สายวิชาการศึกษา",72.57,ร้อยละ,สำนักงานสถิติแห่งชาติ
2561,"ไตรมาส 4",ภาคตะวันออกเฉียงเหนือ,ในเขตเทศบาล,การศึกษาอื่นๆ,100.00,ร้อยละ,สำนักงานสถิติแห่งชาติ
2561,"ไตรมาส 4",ภาคตะวันออกเฉียงเหนือ,ในเขตเทศบาล,ไม่ทราบ,68.86,ร้อยละ,สำนักงานสถิติแห่งชาติ
2561,"ไตรมาส 4",ภาคตะวันออกเฉียงเหนือ,นอกเขตเทศบาล,รวม,64.64,ร้อยละ,สำนักงานสถิติแห่งชาติ
2561,"ไตรมาส 4",ภาคตะวันออกเฉียงเหนือ,นอกเขตเทศบาล,ไม่มีการศึกษา,24.48,ร้อยละ,สำนักงานสถิติแห่งชาติ
2561,"ไตรมาส 4",ภาคตะวันออกเฉียงเหนือ,นอกเขตเทศบาล,ต่ำกว่าประถมศึกษา,54.08,ร้อยละ,สำนักงานสถิติแห่งชาติ
2561,"ไตรมาส 4",ภาคตะวันออกเฉียงเหนือ,นอกเขตเทศบาล,ประถมศึกษา,78.94,ร้อยละ,สำนักงานสถิติแห่งชาติ
2561,"ไตรมาส 4",ภาคตะวันออกเฉียงเหนือ,นอกเขตเทศบาล,มัธยมศึกษาตอนต้น,55.51,ร้อยละ,สำนักงานสถิติแห่งชาติ
2561,"ไตรมาส 4",ภาคตะวันออกเฉียงเหนือ,นอกเขตเทศบาล,"มัธยมศึกษาตอนปลาย สายสามัญ",74.17,ร้อยละ,สำนักงานสถิติแห่งชาติ
2561,"ไตรมาส 4",ภาคตะวันออกเฉียงเหนือ,นอกเขตเทศบาล,"มัธยมศึกษาตอนปลาย สายอาชีวศึกษา",63.76,ร้อยละ,สำนักงานสถิติแห่งชาติ
2561,"ไตรมาส 4",ภาคตะวันออกเฉียงเหนือ,นอกเขตเทศบาล,"มัธยมศึกษาตอนปลาย สายวิชาการ",100.00,ร้อยละ,สำนักงานสถิติแห่งชาติ
2561,"ไตรมาส 4",ภาคตะวันออกเฉียงเหนือ,นอกเขตเทศบาล,"อุดมศึกษา สายวิชาการ",86.84,ร้อยละ,สำนักงานสถิติแห่งชาติ
2561,"ไตรมาส 4",ภาคตะวันออกเฉียงเหนือ,นอกเขตเทศบาล,"อุดมศึกษา สายวิชาชีพ",86.98,ร้อยละ,สำนักงานสถิติแห่งชาติ
2561,"ไตรมาส 4",ภาคตะวันออกเฉียงเหนือ,นอกเขตเทศบาล,"อุดมศึกษา สายวิชาการศึกษา",72.98,ร้อยละ,สำนักงานสถิติแห่งชาติ
2561,"ไตรมาส 4",ภาคตะวันออกเฉียงเหนือ,นอกเขตเทศบาล,การศึกษาอื่นๆ,.00,ร้อยละ,สำนักงานสถิติแห่งชาติ
2561,"ไตรมาส 4",ภาคตะวันออกเฉียงเหนือ,นอกเขตเทศบาล,ไม่ทราบ,100.00,ร้อยละ,สำนักงานสถิติแห่งชาติ
2561,"ไตรมาส 4",ภาคใต้,รวม,รวม,68.57,ร้อยละ,สำนักงานสถิติแห่งชาติ
2561,"ไตรมาส 4",ภาคใต้,รวม,ไม่มีการศึกษา,41.59,ร้อยละ,สำนักงานสถิติแห่งชาติ
2561,"ไตรมาส 4",ภาคใต้,รวม,ต่ำกว่าประถมศึกษา,56.52,ร้อยละ,สำนักงานสถิติแห่งชาติ
2561,"ไตรมาส 4",ภาคใต้,รวม,ประถมศึกษา,74.58,ร้อยละ,สำนักงานสถิติแห่งชาติ
2561,"ไตรมาส 4",ภาคใต้,รวม,มัธยมศึกษาตอนต้น,62.52,ร้อยละ,สำนักงานสถิติแห่งชาติ
2561,"ไตรมาส 4",ภาคใต้,รวม,"มัธยมศึกษาตอนปลาย สายสามัญ",71.80,ร้อยละ,สำนักงานสถิติแห่งชาติ
2561,"ไตรมาส 4",ภาคใต้,รวม,"มัธยมศึกษาตอนปลาย สายอาชีวศึกษา",72.63,ร้อยละ,สำนักงานสถิติแห่งชาติ
2561,"ไตรมาส 4",ภาคใต้,รวม,"มัธยมศึกษาตอนปลาย สายวิชาการ",44.62,ร้อยละ,สำนักงานสถิติแห่งชาติ
2561,"ไตรมาส 4",ภาคใต้,รวม,"อุดมศึกษา สายวิชาการ",85.99,ร้อยละ,สำนักงานสถิติแห่งชาติ
2561,"ไตรมาส 4",ภาคใต้,รวม,"อุดมศึกษา สายวิชาชีพ",86.39,ร้อยละ,สำนักงานสถิติแห่งชาติ
2561,"ไตรมาส 4",ภาคใต้,รวม,"อุดมศึกษา สายวิชาการศึกษา",76.49,ร้อยละ,สำนักงานสถิติแห่งชาติ
2561,"ไตรมาส 4",ภาคใต้,รวม,การศึกษาอื่นๆ,87.60,ร้อยละ,สำนักงานสถิติแห่งชาติ
2561,"ไตรมาส 4",ภาคใต้,รวม,ไม่ทราบ,85.67,ร้อยละ,สำนักงานสถิติแห่งชาติ
2561,"ไตรมาส 4",ภาคใต้,ในเขตเทศบาล,รวม,67.11,ร้อยละ,สำนักงานสถิติแห่งชาติ
2561,"ไตรมาส 4",ภาคใต้,ในเขตเทศบาล,ไม่มีการศึกษา,45.97,ร้อยละ,สำนักงานสถิติแห่งชาติ
2561,"ไตรมาส 4",ภาคใต้,ในเขตเทศบาล,ต่ำกว่าประถมศึกษา,51.92,ร้อยละ,สำนักงานสถิติแห่งชาติ
2561,"ไตรมาส 4",ภาคใต้,ในเขตเทศบาล,ประถมศึกษา,73.24,ร้อยละ,สำนักงานสถิติแห่งชาติ
2561,"ไตรมาส 4",ภาคใต้,ในเขตเทศบาล,มัธยมศึกษาตอนต้น,59.79,ร้อยละ,สำนักงานสถิติแห่งชาติ
2561,"ไตรมาส 4",ภาคใต้,ในเขตเทศบาล,"มัธยมศึกษาตอนปลาย สายสามัญ",65.06,ร้อยละ,สำนักงานสถิติแห่งชาติ
2561,"ไตรมาส 4",ภาคใต้,ในเขตเทศบาล,"มัธยมศึกษาตอนปลาย สายอาชีวศึกษา",70.30,ร้อยละ,สำนักงานสถิติแห่งชาติ
2561,"ไตรมาส 4",ภาคใต้,ในเขตเทศบาล,"มัธยมศึกษาตอนปลาย สายวิชาการ",.00,ร้อยละ,สำนักงานสถิติแห่งชาติ
2561,"ไตรมาส 4",ภาคใต้,ในเขตเทศบาล,"อุดมศึกษา สายวิชาการ",86.85,ร้อยละ,สำนักงานสถิติแห่งชาติ
2561,"ไตรมาส 4",ภาคใต้,ในเขตเทศบาล,"อุดมศึกษา สายวิชาชีพ",82.75,ร้อยละ,สำนักงานสถิติแห่งชาติ
2561,"ไตรมาส 4",ภาคใต้,ในเขตเทศบาล,"อุดมศึกษา สายวิชาการศึกษา",70.56,ร้อยละ,สำนักงานสถิติแห่งชาติ
2561,"ไตรมาส 4",ภาคใต้,ในเขตเทศบาล,การศึกษาอื่นๆ,97.20,ร้อยละ,สำนักงานสถิติแห่งชาติ
2561,"ไตรมาส 4",ภาคใต้,ในเขตเทศบาล,ไม่ทราบ,70.44,ร้อยละ,สำนักงานสถิติแห่งชาติ
2561,"ไตรมาส 4",ภาคใต้,นอกเขตเทศบาล,รวม,69.32,ร้อยละ,สำนักงานสถิติแห่งชาติ
2561,"ไตรมาส 4",ภาคใต้,นอกเขตเทศบาล,ไม่มีการศึกษา,39.55,ร้อยละ,สำนักงานสถิติแห่งชาติ
2561,"ไตรมาส 4",ภาคใต้,นอกเขตเทศบาล,ต่ำกว่าประถมศึกษา,58.36,ร้อยละ,สำนักงานสถิติแห่งชาติ
2561,"ไตรมาส 4",ภาคใต้,นอกเขตเทศบาล,ประถมศึกษา,75.09,ร้อยละ,สำนักงานสถิติแห่งชาติ
2561,"ไตรมาส 4",ภาคใต้,นอกเขตเทศบาล,มัธยมศึกษาตอนต้น,63.90,ร้อยละ,สำนักงานสถิติแห่งชาติ
2561,"ไตรมาส 4",ภาคใต้,นอกเขตเทศบาล,"มัธยมศึกษาตอนปลาย สายสามัญ",75.63,ร้อยละ,สำนักงานสถิติแห่งชาติ
2561,"ไตรมาส 4",ภาคใต้,นอกเขตเทศบาล,"มัธยมศึกษาตอนปลาย สายอาชีวศึกษา",74.52,ร้อยละ,สำนักงานสถิติแห่งชาติ
2561,"ไตรมาส 4",ภาคใต้,นอกเขตเทศบาล,"มัธยมศึกษาตอนปลาย สายวิชาการ",100.00,ร้อยละ,สำนักงานสถิติแห่งชาติ
2561,"ไตรมาส 4",ภาคใต้,นอกเขตเทศบาล,"อุดมศึกษา สายวิชาการ",85.15,ร้อยละ,สำนักงานสถิติแห่งชาติ
2561,"ไตรมาส 4",ภาคใต้,นอกเขตเทศบาล,"อุดมศึกษา สายวิชาชีพ",88.98,ร้อยละ,สำนักงานสถิติแห่งชาติ
2561,"ไตรมาส 4",ภาคใต้,นอกเขตเทศบาล,"อุดมศึกษา สายวิชาการศึกษา",80.84,ร้อยละ,สำนักงานสถิติแห่งชาติ
2561,"ไตรมาส 4",ภาคใต้,นอกเขตเทศบาล,การศึกษาอื่นๆ,83.52,ร้อยละ,สำนักงานสถิติแห่งชาติ
2561,"ไตรมาส 4",ภาคใต้,นอกเขตเทศบาล,ไม่ทราบ,91.25,ร้อยละ,สำนักงานสถิติแห่งชาติ
2562,"ไตรมาส 1",ทั่วประเทศ,รวม,รวม,66.77,ร้อยละ,สำนักงานสถิติแห่งชาติ
2562,"ไตรมาส 1",ทั่วประเทศ,รวม,ไม่มีการศึกษา,50.94,ร้อยละ,สำนักงานสถิติแห่งชาติ
2562,"ไตรมาส 1",ทั่วประเทศ,รวม,ต่ำกว่าประถมศึกษา,51.65,ร้อยละ,สำนักงานสถิติแห่งชาติ
2562,"ไตรมาส 1",ทั่วประเทศ,รวม,ประถมศึกษา,74.68,ร้อยละ,สำนักงานสถิติแห่งชาติ
2562,"ไตรมาส 1",ทั่วประเทศ,รวม,มัธยมศึกษาตอนต้น,62.62,ร้อยละ,สำนักงานสถิติแห่งชาติ
2562,"ไตรมาส 1",ทั่วประเทศ,รวม,"มัธยมศึกษาตอนปลาย สายสามัญ",69.09,ร้อยละ,สำนักงานสถิติแห่งชาติ
2562,"ไตรมาส 1",ทั่วประเทศ,รวม,"มัธยมศึกษาตอนปลาย สายอาชีวศึกษา",68.10,ร้อยละ,สำนักงานสถิติแห่งชาติ
2562,"ไตรมาส 1",ทั่วประเทศ,รวม,"มัธยมศึกษาตอนปลาย สายวิชาการ",67.23,ร้อยละ,สำนักงานสถิติแห่งชาติ
2562,"ไตรมาส 1",ทั่วประเทศ,รวม,"อุดมศึกษา สายวิชาการ",83.95,ร้อยละ,สำนักงานสถิติแห่งชาติ
2562,"ไตรมาส 1",ทั่วประเทศ,รวม,"อุดมศึกษา สายวิชาชีพ",84.76,ร้อยละ,สำนักงานสถิติแห่งชาติ
2562,"ไตรมาส 1",ทั่วประเทศ,รวม,"อุดมศึกษา สายวิชาการศึกษา",69.72,ร้อยละ,สำนักงานสถิติแห่งชาติ
2562,"ไตรมาส 1",ทั่วประเทศ,รวม,การศึกษาอื่นๆ,91.74,ร้อยละ,สำนักงานสถิติแห่งชาติ
2562,"ไตรมาส 1",ทั่วประเทศ,รวม,ไม่ทราบ,81.56,ร้อยละ,สำนักงานสถิติแห่งชาติ
2562,"ไตรมาส 1",ทั่วประเทศ,ในเขตเทศบาล,รวม,66.96,ร้อยละ,สำนักงานสถิติแห่งชาติ
2562,"ไตรมาส 1",ทั่วประเทศ,ในเขตเทศบาล,ไม่มีการศึกษา,55.19,ร้อยละ,สำนักงานสถิติแห่งชาติ
2562,"ไตรมาส 1",ทั่วประเทศ,ในเขตเทศบาล,ต่ำกว่าประถมศึกษา,48.49,ร้อยละ,สำนักงานสถิติแห่งชาติ
2562,"ไตรมาส 1",ทั่วประเทศ,ในเขตเทศบาล,ประถมศึกษา,73.10,ร้อยละ,สำนักงานสถิติแห่งชาติ
2562,"ไตรมาส 1",ทั่วประเทศ,ในเขตเทศบาล,มัธยมศึกษาตอนต้น,62.59,ร้อยละ,สำนักงานสถิติแห่งชาติ
2562,"ไตรมาส 1",ทั่วประเทศ,ในเขตเทศบาล,"มัธยมศึกษาตอนปลาย สายสามัญ",64.40,ร้อยละ,สำนักงานสถิติแห่งชาติ
2562,"ไตรมาส 1",ทั่วประเทศ,ในเขตเทศบาล,"มัธยมศึกษาตอนปลาย สายอาชีวศึกษา",67.32,ร้อยละ,สำนักงานสถิติแห่งชาติ
2562,"ไตรมาส 1",ทั่วประเทศ,ในเขตเทศบาล,"มัธยมศึกษาตอนปลาย สายวิชาการ",73.52,ร้อยละ,สำนักงานสถิติแห่งชาติ
2562,"ไตรมาส 1",ทั่วประเทศ,ในเขตเทศบาล,"อุดมศึกษา สายวิชาการ",83.04,ร้อยละ,สำนักงานสถิติแห่งชาติ
2562,"ไตรมาส 1",ทั่วประเทศ,ในเขตเทศบาล,"อุดมศึกษา สายวิชาชีพ",82.79,ร้อยละ,สำนักงานสถิติแห่งชาติ
2562,"ไตรมาส 1",ทั่วประเทศ,ในเขตเทศบาล,"อุดมศึกษา สายวิชาการศึกษา",64.27,ร้อยละ,สำนักงานสถิติแห่งชาติ
2562,"ไตรมาส 1",ทั่วประเทศ,ในเขตเทศบาล,การศึกษาอื่นๆ,94.60,ร้อยละ,สำนักงานสถิติแห่งชาติ
2562,"ไตรมาส 1",ทั่วประเทศ,ในเขตเทศบาล,ไม่ทราบ,79.73,ร้อยละ,สำนักงานสถิติแห่งชาติ
2562,"ไตรมาส 1",ทั่วประเทศ,นอกเขตเทศบาล,รวม,66.62,ร้อยละ,สำนักงานสถิติแห่งชาติ
2562,"ไตรมาส 1",ทั่วประเทศ,นอกเขตเทศบาล,ไม่มีการศึกษา,48.08,ร้อยละ,สำนักงานสถิติแห่งชาติ
2562,"ไตรมาส 1",ทั่วประเทศ,นอกเขตเทศบาล,ต่ำกว่าประถมศึกษา,53.35,ร้อยละ,สำนักงานสถิติแห่งชาติ
2562,"ไตรมาส 1",ทั่วประเทศ,นอกเขตเทศบาล,ประถมศึกษา,75.66,ร้อยละ,สำนักงานสถิติแห่งชาติ
2562,"ไตรมาส 1",ทั่วประเทศ,นอกเขตเทศบาล,มัธยมศึกษาตอนต้น,62.64,ร้อยละ,สำนักงานสถิติแห่งชาติ
2562,"ไตรมาส 1",ทั่วประเทศ,นอกเขตเทศบาล,"มัธยมศึกษาตอนปลาย สายสามัญ",73.90,ร้อยละ,สำนักงานสถิติแห่งชาติ
2562,"ไตรมาส 1",ทั่วประเทศ,นอกเขตเทศบาล,"มัธยมศึกษาตอนปลาย สายอาชีวศึกษา",69.06,ร้อยละ,สำนักงานสถิติแห่งชาติ
2562,"ไตรมาส 1",ทั่วประเทศ,นอกเขตเทศบาล,"มัธยมศึกษาตอนปลาย สายวิชาการ",59.76,ร้อยละ,สำนักงานสถิติแห่งชาติ
2562,"ไตรมาส 1",ทั่วประเทศ,นอกเขตเทศบาล,"อุดมศึกษา สายวิชาการ",86.11,ร้อยละ,สำนักงานสถิติแห่งชาติ
2562,"ไตรมาส 1",ทั่วประเทศ,นอกเขตเทศบาล,"อุดมศึกษา สายวิชาชีพ",86.94,ร้อยละ,สำนักงานสถิติแห่งชาติ
2562,"ไตรมาส 1",ทั่วประเทศ,นอกเขตเทศบาล,"อุดมศึกษา สายวิชาการศึกษา",75.61,ร้อยละ,สำนักงานสถิติแห่งชาติ
2562,"ไตรมาส 1",ทั่วประเทศ,นอกเขตเทศบาล,การศึกษาอื่นๆ,87.98,ร้อยละ,สำนักงานสถิติแห่งชาติ
2562,"ไตรมาส 1",ทั่วประเทศ,นอกเขตเทศบาล,ไม่ทราบ,86.71,ร้อยละ,สำนักงานสถิติแห่งชาติ
2562,"ไตรมาส 1",กรุงเทพมหานคร,ในเขตเทศบาล,รวม,69.19,ร้อยละ,สำนักงานสถิติแห่งชาติ
2562,"ไตรมาส 1",กรุงเทพมหานคร,ในเขตเทศบาล,ไม่มีการศึกษา,47.56,ร้อยละ,สำนักงานสถิติแห่งชาติ
2562,"ไตรมาส 1",กรุงเทพมหานคร,ในเขตเทศบาล,ต่ำกว่าประถมศึกษา,43.59,ร้อยละ,สำนักงานสถิติแห่งชาติ
2562,"ไตรมาส 1",กรุงเทพมหานคร,ในเขตเทศบาล,ประถมศึกษา,75.07,ร้อยละ,สำนักงานสถิติแห่งชาติ
2562,"ไตรมาส 1",กรุงเทพมหานคร,ในเขตเทศบาล,มัธยมศึกษาตอนต้น,66.29,ร้อยละ,สำนักงานสถิติแห่งชาติ
2562,"ไตรมาส 1",กรุงเทพมหานคร,ในเขตเทศบาล,"มัธยมศึกษาตอนปลาย สายสามัญ",60.01,ร้อยละ,สำนักงานสถิติแห่งชาติ
2562,"ไตรมาส 1",กรุงเทพมหานคร,ในเขตเทศบาล,"มัธยมศึกษาตอนปลาย สายอาชีวศึกษา",67.41,ร้อยละ,สำนักงานสถิติแห่งชาติ
2562,"ไตรมาส 1",กรุงเทพมหานคร,ในเขตเทศบาล,"มัธยมศึกษาตอนปลาย สายวิชาการ",100.00,ร้อยละ,สำนักงานสถิติแห่งชาติ
2562,"ไตรมาส 1",กรุงเทพมหานคร,ในเขตเทศบาล,"อุดมศึกษา สายวิชาการ",81.79,ร้อยละ,สำนักงานสถิติแห่งชาติ
2562,"ไตรมาส 1",กรุงเทพมหานคร,ในเขตเทศบาล,"อุดมศึกษา สายวิชาชีพ",78.78,ร้อยละ,สำนักงานสถิติแห่งชาติ
2562,"ไตรมาส 1",กรุงเทพมหานคร,ในเขตเทศบาล,"อุดมศึกษา สายวิชาการศึกษา",66.69,ร้อยละ,สำนักงานสถิติแห่งชาติ
2562,"ไตรมาส 1",กรุงเทพมหานคร,ในเขตเทศบาล,การศึกษาอื่นๆ,.00,ร้อยละ,สำนักงานสถิติแห่งชาติ
2562,"ไตรมาส 1",กรุงเทพมหานคร,ในเขตเทศบาล,ไม่ทราบ,79.66,ร้อยละ,สำนักงานสถิติแห่งชาติ
2562,"ไตรมาส 1",ภาคกลาง,รวม,รวม,69.97,ร้อยละ,สำนักงานสถิติแห่งชาติ
2562,"ไตรมาส 1",ภาคกลาง,รวม,ไม่มีการศึกษา,63.16,ร้อยละ,สำนักงานสถิติแห่งชาติ
2562,"ไตรมาส 1",ภาคกลาง,รวม,ต่ำกว่าประถมศึกษา,50.75,ร้อยละ,สำนักงานสถิติแห่งชาติ
2562,"ไตรมาส 1",ภาคกลาง,รวม,ประถมศึกษา,75.12,ร้อยละ,สำนักงานสถิติแห่งชาติ
2562,"ไตรมาส 1",ภาคกลาง,รวม,มัธยมศึกษาตอนต้น,69.03,ร้อยละ,สำนักงานสถิติแห่งชาติ
2562,"ไตรมาส 1",ภาคกลาง,รวม,"มัธยมศึกษาตอนปลาย สายสามัญ",71.35,ร้อยละ,สำนักงานสถิติแห่งชาติ
2562,"ไตรมาส 1",ภาคกลาง,รวม,"มัธยมศึกษาตอนปลาย สายอาชีวศึกษา",71.84,ร้อยละ,สำนักงานสถิติแห่งชาติ
2562,"ไตรมาส 1",ภาคกลาง,รวม,"มัธยมศึกษาตอนปลาย สายวิชาการ",75.40,ร้อยละ,สำนักงานสถิติแห่งชาติ
2562,"ไตรมาส 1",ภาคกลาง,รวม,"อุดมศึกษา สายวิชาการ",84.61,ร้อยละ,สำนักงานสถิติแห่งชาติ
2562,"ไตรมาส 1",ภาคกลาง,รวม,"อุดมศึกษา สายวิชาชีพ",86.35,ร้อยละ,สำนักงานสถิติแห่งชาติ
2562,"ไตรมาส 1",ภาคกลาง,รวม,"อุดมศึกษา สายวิชาการศึกษา",62.89,ร้อยละ,สำนักงานสถิติแห่งชาติ
2562,"ไตรมาส 1",ภาคกลาง,รวม,การศึกษาอื่นๆ,95.82,ร้อยละ,สำนักงานสถิติแห่งชาติ
2562,"ไตรมาส 1",ภาคกลาง,รวม,ไม่ทราบ,81.75,ร้อยละ,สำนักงานสถิติแห่งชาติ
2562,"ไตรมาส 1",ภาคกลาง,ในเขตเทศบาล,รวม,69.60,ร้อยละ,สำนักงานสถิติแห่งชาติ
2562,"ไตรมาส 1",ภาคกลาง,ในเขตเทศบาล,ไม่มีการศึกษา,69.45,ร้อยละ,สำนักงานสถิติแห่งชาติ
2562,"ไตรมาส 1",ภาคกลาง,ในเขตเทศบาล,ต่ำกว่าประถมศึกษา,47.56,ร้อยละ,สำนักงานสถิติแห่งชาติ
2562,"ไตรมาส 1",ภาคกลาง,ในเขตเทศบาล,ประถมศึกษา,73.03,ร้อยละ,สำนักงานสถิติแห่งชาติ
2562,"ไตรมาส 1",ภาคกลาง,ในเขตเทศบาล,มัธยมศึกษาตอนต้น,68.72,ร้อยละ,สำนักงานสถิติแห่งชาติ
2562,"ไตรมาส 1",ภาคกลาง,ในเขตเทศบาล,"มัธยมศึกษาตอนปลาย สายสามัญ",68.51,ร้อยละ,สำนักงานสถิติแห่งชาติ
2562,"ไตรมาส 1",ภาคกลาง,ในเขตเทศบาล,"มัธยมศึกษาตอนปลาย สายอาชีวศึกษา",71.72,ร้อยละ,สำนักงานสถิติแห่งชาติ
2562,"ไตรมาส 1",ภาคกลาง,ในเขตเทศบาล,"มัธยมศึกษาตอนปลาย สายวิชาการ",.00,ร้อยละ,สำนักงานสถิติแห่งชาติ
2562,"ไตรมาส 1",ภาคกลาง,ในเขตเทศบาล,"อุดมศึกษา สายวิชาการ",83.29,ร้อยละ,สำนักงานสถิติแห่งชาติ
2562,"ไตรมาส 1",ภาคกลาง,ในเขตเทศบาล,"อุดมศึกษา สายวิชาชีพ",84.27,ร้อยละ,สำนักงานสถิติแห่งชาติ
2562,"ไตรมาส 1",ภาคกลาง,ในเขตเทศบาล,"อุดมศึกษา สายวิชาการศึกษา",56.24,ร้อยละ,สำนักงานสถิติแห่งชาติ
2562,"ไตรมาส 1",ภาคกลาง,ในเขตเทศบาล,การศึกษาอื่นๆ,95.96,ร้อยละ,สำนักงานสถิติแห่งชาติ
2562,"ไตรมาส 1",ภาคกลาง,ในเขตเทศบาล,ไม่ทราบ,80.70,ร้อยละ,สำนักงานสถิติแห่งชาติ
2562,"ไตรมาส 1",ภาคกลาง,นอกเขตเทศบาล,รวม,70.29,ร้อยละ,สำนักงานสถิติแห่งชาติ
2562,"ไตรมาส 1",ภาคกลาง,นอกเขตเทศบาล,ไม่มีการศึกษา,56.65,ร้อยละ,สำนักงานสถิติแห่งชาติ
2562,"ไตรมาส 1",ภาคกลาง,นอกเขตเทศบาล,ต่ำกว่าประถมศึกษา,52.71,ร้อยละ,สำนักงานสถิติแห่งชาติ
2562,"ไตรมาส 1",ภาคกลาง,นอกเขตเทศบาล,ประถมศึกษา,76.61,ร้อยละ,สำนักงานสถิติแห่งชาติ
2562,"ไตรมาส 1",ภาคกลาง,นอกเขตเทศบาล,มัธยมศึกษาตอนต้น,69.29,ร้อยละ,สำนักงานสถิติแห่งชาติ
2562,"ไตรมาส 1",ภาคกลาง,นอกเขตเทศบาล,"มัธยมศึกษาตอนปลาย สายสามัญ",74.05,ร้อยละ,สำนักงานสถิติแห่งชาติ
2562,"ไตรมาส 1",ภาคกลาง,นอกเขตเทศบาล,"มัธยมศึกษาตอนปลาย สายอาชีวศึกษา",71.96,ร้อยละ,สำนักงานสถิติแห่งชาติ
2562,"ไตรมาส 1",ภาคกลาง,นอกเขตเทศบาล,"มัธยมศึกษาตอนปลาย สายวิชาการ",77.29,ร้อยละ,สำนักงานสถิติแห่งชาติ
2562,"ไตรมาส 1",ภาคกลาง,นอกเขตเทศบาล,"อุดมศึกษา สายวิชาการ",86.35,ร้อยละ,สำนักงานสถิติแห่งชาติ
2562,"ไตรมาส 1",ภาคกลาง,นอกเขตเทศบาล,"อุดมศึกษา สายวิชาชีพ",88.27,ร้อยละ,สำนักงานสถิติแห่งชาติ
2562,"ไตรมาส 1",ภาคกลาง,นอกเขตเทศบาล,"อุดมศึกษา สายวิชาการศึกษา",69.46,ร้อยละ,สำนักงานสถิติแห่งชาติ
2562,"ไตรมาส 1",ภาคกลาง,นอกเขตเทศบาล,การศึกษาอื่นๆ,95.56,ร้อยละ,สำนักงานสถิติแห่งชาติ
2562,"ไตรมาส 1",ภาคกลาง,นอกเขตเทศบาล,ไม่ทราบ,84.70,ร้อยละ,สำนักงานสถิติแห่งชาติ
2562,"ไตรมาส 1",ภาคเหนือ,รวม,รวม,65.84,ร้อยละ,สำนักงานสถิติแห่งชาติ
2562,"ไตรมาส 1",ภาคเหนือ,รวม,ไม่มีการศึกษา,52.76,ร้อยละ,สำนักงานสถิติแห่งชาติ
2562,"ไตรมาส 1",ภาคเหนือ,รวม,ต่ำกว่าประถมศึกษา,57.22,ร้อยละ,สำนักงานสถิติแห่งชาติ
2562,"ไตรมาส 1",ภาคเหนือ,รวม,ประถมศึกษา,76.02,ร้อยละ,สำนักงานสถิติแห่งชาติ
2562,"ไตรมาส 1",ภาคเหนือ,รวม,มัธยมศึกษาตอนต้น,59.99,ร้อยละ,สำนักงานสถิติแห่งชาติ
2562,"ไตรมาส 1",ภาคเหนือ,รวม,"มัธยมศึกษาตอนปลาย สายสามัญ",70.58,ร้อยละ,สำนักงานสถิติแห่งชาติ
2562,"ไตรมาส 1",ภาคเหนือ,รวม,"มัธยมศึกษาตอนปลาย สายอาชีวศึกษา",64.74,ร้อยละ,สำนักงานสถิติแห่งชาติ
2562,"ไตรมาส 1",ภาคเหนือ,รวม,"มัธยมศึกษาตอนปลาย สายวิชาการ",58.04,ร้อยละ,สำนักงานสถิติแห่งชาติ
2562,"ไตรมาส 1",ภาคเหนือ,รวม,"อุดมศึกษา สายวิชาการ",84.50,ร้อยละ,สำนักงานสถิติแห่งชาติ
2562,"ไตรมาส 1",ภาคเหนือ,รวม,"อุดมศึกษา สายวิชาชีพ",83.96,ร้อยละ,สำนักงานสถิติแห่งชาติ
2562,"ไตรมาส 1",ภาคเหนือ,รวม,"อุดมศึกษา สายวิชาการศึกษา",72.22,ร้อยละ,สำนักงานสถิติแห่งชาติ
2562,"ไตรมาส 1",ภาคเหนือ,รวม,การศึกษาอื่นๆ,78.07,ร้อยละ,สำนักงานสถิติแห่งชาติ
2562,"ไตรมาส 1",ภาคเหนือ,รวม,ไม่ทราบ,52.07,ร้อยละ,สำนักงานสถิติแห่งชาติ
2562,"ไตรมาส 1",ภาคเหนือ,ในเขตเทศบาล,รวม,64.03,ร้อยละ,สำนักงานสถิติแห่งชาติ
2562,"ไตรมาส 1",ภาคเหนือ,ในเขตเทศบาล,ไม่มีการศึกษา,49.47,ร้อยละ,สำนักงานสถิติแห่งชาติ
2562,"ไตรมาส 1",ภาคเหนือ,ในเขตเทศบาล,ต่ำกว่าประถมศึกษา,54.39,ร้อยละ,สำนักงานสถิติแห่งชาติ
2562,"ไตรมาส 1",ภาคเหนือ,ในเขตเทศบาล,ประถมศึกษา,72.26,ร้อยละ,สำนักงานสถิติแห่งชาติ
2562,"ไตรมาส 1",ภาคเหนือ,ในเขตเทศบาล,มัธยมศึกษาตอนต้น,56.24,ร้อยละ,สำนักงานสถิติแห่งชาติ
2562,"ไตรมาส 1",ภาคเหนือ,ในเขตเทศบาล,"มัธยมศึกษาตอนปลาย สายสามัญ",63.95,ร้อยละ,สำนักงานสถิติแห่งชาติ
2562,"ไตรมาส 1",ภาคเหนือ,ในเขตเทศบาล,"มัธยมศึกษาตอนปลาย สายอาชีวศึกษา",59.79,ร้อยละ,สำนักงานสถิติแห่งชาติ
2562,"ไตรมาส 1",ภาคเหนือ,ในเขตเทศบาล,"มัธยมศึกษาตอนปลาย สายวิชาการ",58.04,ร้อยละ,สำนักงานสถิติแห่งชาติ
2562,"ไตรมาส 1",ภาคเหนือ,ในเขตเทศบาล,"อุดมศึกษา สายวิชาการ",84.54,ร้อยละ,สำนักงานสถิติแห่งชาติ
2562,"ไตรมาส 1",ภาคเหนือ,ในเขตเทศบาล,"อุดมศึกษา สายวิชาชีพ",84.86,ร้อยละ,สำนักงานสถิติแห่งชาติ
2562,"ไตรมาส 1",ภาคเหนือ,ในเขตเทศบาล,"อุดมศึกษา สายวิชาการศึกษา",64.55,ร้อยละ,สำนักงานสถิติแห่งชาติ
2562,"ไตรมาส 1",ภาคเหนือ,ในเขตเทศบาล,การศึกษาอื่นๆ,79.56,ร้อยละ,สำนักงานสถิติแห่งชาติ
2562,"ไตรมาส 1",ภาคเหนือ,ในเขตเทศบาล,ไม่ทราบ,42.22,ร้อยละ,สำนักงานสถิติแห่งชาติ
2562,"ไตรมาส 1",ภาคเหนือ,นอกเขตเทศบาล,รวม,66.81,ร้อยละ,สำนักงานสถิติแห่งชาติ
2562,"ไตรมาส 1",ภาคเหนือ,นอกเขตเทศบาล,ไม่มีการศึกษา,53.91,ร้อยละ,สำนักงานสถิติแห่งชาติ
2562,"ไตรมาส 1",ภาคเหนือ,นอกเขตเทศบาล,ต่ำกว่าประถมศึกษา,58.50,ร้อยละ,สำนักงานสถิติแห่งชาติ
2562,"ไตรมาส 1",ภาคเหนือ,นอกเขตเทศบาล,ประถมศึกษา,77.45,ร้อยละ,สำนักงานสถิติแห่งชาติ
2562,"ไตรมาส 1",ภาคเหนือ,นอกเขตเทศบาล,มัธยมศึกษาตอนต้น,61.89,ร้อยละ,สำนักงานสถิติแห่งชาติ
2562,"ไตรมาส 1",ภาคเหนือ,นอกเขตเทศบาล,"มัธยมศึกษาตอนปลาย สายสามัญ",75.41,ร้อยละ,สำนักงานสถิติแห่งชาติ
2562,"ไตรมาส 1",ภาคเหนือ,นอกเขตเทศบาล,"มัธยมศึกษาตอนปลาย สายอาชีวศึกษา",68.71,ร้อยละ,สำนักงานสถิติแห่งชาติ
2562,"ไตรมาส 1",ภาคเหนือ,นอกเขตเทศบาล,"มัธยมศึกษาตอนปลาย สายวิชาการ",.00,ร้อยละ,สำนักงานสถิติแห่งชาติ
2562,"ไตรมาส 1",ภาคเหนือ,นอกเขตเทศบาล,"อุดมศึกษา สายวิชาการ",84.45,ร้อยละ,สำนักงานสถิติแห่งชาติ
2562,"ไตรมาส 1",ภาคเหนือ,นอกเขตเทศบาล,"อุดมศึกษา สายวิชาชีพ",83.12,ร้อยละ,สำนักงานสถิติแห่งชาติ
2562,"ไตรมาส 1",ภาคเหนือ,นอกเขตเทศบาล,"อุดมศึกษา สายวิชาการศึกษา",78.50,ร้อยละ,สำนักงานสถิติแห่งชาติ
2562,"ไตรมาส 1",ภาคเหนือ,นอกเขตเทศบาล,การศึกษาอื่นๆ,77.51,ร้อยละ,สำนักงานสถิติแห่งชาติ
2562,"ไตรมาส 1",ภาคเหนือ,นอกเขตเทศบาล,ไม่ทราบ,100.00,ร้อยละ,สำนักงานสถิติแห่งชาติ
2562,"ไตรมาส 1",ภาคตะวันออกเฉียงเหนือ,รวม,รวม,61.18,ร้อยละ,สำนักงานสถิติแห่งชาติ
2562,"ไตรมาส 1",ภาคตะวันออกเฉียงเหนือ,รวม,ไม่มีการศึกษา,26.05,ร้อยละ,สำนักงานสถิติแห่งชาติ
2562,"ไตรมาส 1",ภาคตะวันออกเฉียงเหนือ,รวม,ต่ำกว่าประถมศึกษา,48.40,ร้อยละ,สำนักงานสถิติแห่งชาติ
2562,"ไตรมาส 1",ภาคตะวันออกเฉียงเหนือ,รวม,ประถมศึกษา,72.90,ร้อยละ,สำนักงานสถิติแห่งชาติ
2562,"ไตรมาส 1",ภาคตะวันออกเฉียงเหนือ,รวม,มัธยมศึกษาตอนต้น,54.11,ร้อยละ,สำนักงานสถิติแห่งชาติ
2562,"ไตรมาส 1",ภาคตะวันออกเฉียงเหนือ,รวม,"มัธยมศึกษาตอนปลาย สายสามัญ",68.49,ร้อยละ,สำนักงานสถิติแห่งชาติ
2562,"ไตรมาส 1",ภาคตะวันออกเฉียงเหนือ,รวม,"มัธยมศึกษาตอนปลาย สายอาชีวศึกษา",62.04,ร้อยละ,สำนักงานสถิติแห่งชาติ
2562,"ไตรมาส 1",ภาคตะวันออกเฉียงเหนือ,รวม,"มัธยมศึกษาตอนปลาย สายวิชาการ",39.73,ร้อยละ,สำนักงานสถิติแห่งชาติ
2562,"ไตรมาส 1",ภาคตะวันออกเฉียงเหนือ,รวม,"อุดมศึกษา สายวิชาการ",86.36,ร้อยละ,สำนักงานสถิติแห่งชาติ
2562,"ไตรมาส 1",ภาคตะวันออกเฉียงเหนือ,รวม,"อุดมศึกษา สายวิชาชีพ",85.36,ร้อยละ,สำนักงานสถิติแห่งชาติ
2562,"ไตรมาส 1",ภาคตะวันออกเฉียงเหนือ,รวม,"อุดมศึกษา สายวิชาการศึกษา",74.08,ร้อยละ,สำนักงานสถิติแห่งชาติ
2562,"ไตรมาส 1",ภาคตะวันออกเฉียงเหนือ,รวม,การศึกษาอื่นๆ,.00,ร้อยละ,สำนักงานสถิติแห่งชาติ
2562,"ไตรมาส 1",ภาคตะวันออกเฉียงเหนือ,รวม,ไม่ทราบ,49.42,ร้อยละ,สำนักงานสถิติแห่งชาติ
2562,"ไตรมาส 1",ภาคตะวันออกเฉียงเหนือ,ในเขตเทศบาล,รวม,60.20,ร้อยละ,สำนักงานสถิติแห่งชาติ
2562,"ไตรมาส 1",ภาคตะวันออกเฉียงเหนือ,ในเขตเทศบาล,ไม่มีการศึกษา,26.99,ร้อยละ,สำนักงานสถิติแห่งชาติ
2562,"ไตรมาส 1",ภาคตะวันออกเฉียงเหนือ,ในเขตเทศบาล,ต่ำกว่าประถมศึกษา,45.83,ร้อยละ,สำนักงานสถิติแห่งชาติ
2562,"ไตรมาส 1",ภาคตะวันออกเฉียงเหนือ,ในเขตเทศบาล,ประถมศึกษา,71.25,ร้อยละ,สำนักงานสถิติแห่งชาติ
2562,"ไตรมาส 1",ภาคตะวันออกเฉียงเหนือ,ในเขตเทศบาล,มัธยมศึกษาตอนต้น,49.96,ร้อยละ,สำนักงานสถิติแห่งชาติ
2562,"ไตรมาส 1",ภาคตะวันออกเฉียงเหนือ,ในเขตเทศบาล,"มัธยมศึกษาตอนปลาย สายสามัญ",63.14,ร้อยละ,สำนักงานสถิติแห่งชาติ
2562,"ไตรมาส 1",ภาคตะวันออกเฉียงเหนือ,ในเขตเทศบาล,"มัธยมศึกษาตอนปลาย สายอาชีวศึกษา",61.46,ร้อยละ,สำนักงานสถิติแห่งชาติ
2562,"ไตรมาส 1",ภาคตะวันออกเฉียงเหนือ,ในเขตเทศบาล,"มัธยมศึกษาตอนปลาย สายวิชาการ",100.00,ร้อยละ,สำนักงานสถิติแห่งชาติ
2562,"ไตรมาส 1",ภาคตะวันออกเฉียงเหนือ,ในเขตเทศบาล,"อุดมศึกษา สายวิชาการ",85.71,ร้อยละ,สำนักงานสถิติแห่งชาติ
2562,"ไตรมาส 1",ภาคตะวันออกเฉียงเหนือ,ในเขตเทศบาล,"อุดมศึกษา สายวิชาชีพ",84.04,ร้อยละ,สำนักงานสถิติแห่งชาติ
2562,"ไตรมาส 1",ภาคตะวันออกเฉียงเหนือ,ในเขตเทศบาล,"อุดมศึกษา สายวิชาการศึกษา",71.39,ร้อยละ,สำนักงานสถิติแห่งชาติ
2562,"ไตรมาส 1",ภาคตะวันออกเฉียงเหนือ,ในเขตเทศบาล,การศึกษาอื่นๆ,.00,ร้อยละ,สำนักงานสถิติแห่งชาติ
2562,"ไตรมาส 1",ภาคตะวันออกเฉียงเหนือ,ในเขตเทศบาล,ไม่ทราบ,15.65,ร้อยละ,สำนักงานสถิติแห่งชาติ
2562,"ไตรมาส 1",ภาคตะวันออกเฉียงเหนือ,นอกเขตเทศบาล,รวม,61.58,ร้อยละ,สำนักงานสถิติแห่งชาติ
2562,"ไตรมาส 1",ภาคตะวันออกเฉียงเหนือ,นอกเขตเทศบาล,ไม่มีการศึกษา,25.76,ร้อยละ,สำนักงานสถิติแห่งชาติ
2562,"ไตรมาส 1",ภาคตะวันออกเฉียงเหนือ,นอกเขตเทศบาล,ต่ำกว่าประถมศึกษา,49.31,ร้อยละ,สำนักงานสถิติแห่งชาติ
2562,"ไตรมาส 1",ภาคตะวันออกเฉียงเหนือ,นอกเขตเทศบาล,ประถมศึกษา,73.49,ร้อยละ,สำนักงานสถิติแห่งชาติ
2562,"ไตรมาส 1",ภาคตะวันออกเฉียงเหนือ,นอกเขตเทศบาล,มัธยมศึกษาตอนต้น,55.64,ร้อยละ,สำนักงานสถิติแห่งชาติ
2562,"ไตรมาส 1",ภาคตะวันออกเฉียงเหนือ,นอกเขตเทศบาล,"มัธยมศึกษาตอนปลาย สายสามัญ",71.20,ร้อยละ,สำนักงานสถิติแห่งชาติ
2562,"ไตรมาส 1",ภาคตะวันออกเฉียงเหนือ,นอกเขตเทศบาล,"มัธยมศึกษาตอนปลาย สายอาชีวศึกษา",62.35,ร้อยละ,สำนักงานสถิติแห่งชาติ
2562,"ไตรมาส 1",ภาคตะวันออกเฉียงเหนือ,นอกเขตเทศบาล,"มัธยมศึกษาตอนปลาย สายวิชาการ",.00,ร้อยละ,สำนักงานสถิติแห่งชาติ
2562,"ไตรมาส 1",ภาคตะวันออกเฉียงเหนือ,นอกเขตเทศบาล,"อุดมศึกษา สายวิชาการ",86.98,ร้อยละ,สำนักงานสถิติแห่งชาติ
2562,"ไตรมาส 1",ภาคตะวันออกเฉียงเหนือ,นอกเขตเทศบาล,"อุดมศึกษา สายวิชาชีพ",86.19,ร้อยละ,สำนักงานสถิติแห่งชาติ
2562,"ไตรมาส 1",ภาคตะวันออกเฉียงเหนือ,นอกเขตเทศบาล,"อุดมศึกษา สายวิชาการศึกษา",76.34,ร้อยละ,สำนักงานสถิติแห่งชาติ
2562,"ไตรมาส 1",ภาคตะวันออกเฉียงเหนือ,นอกเขตเทศบาล,การศึกษาอื่นๆ,.00,ร้อยละ,สำนักงานสถิติแห่งชาติ
2562,"ไตรมาส 1",ภาคตะวันออกเฉียงเหนือ,นอกเขตเทศบาล,ไม่ทราบ,60.68,ร้อยละ,สำนักงานสถิติแห่งชาติ
2562,"ไตรมาส 1",ภาคใต้,รวม,รวม,69.48,ร้อยละ,สำนักงานสถิติแห่งชาติ
2562,"ไตรมาส 1",ภาคใต้,รวม,ไม่มีการศึกษา,43.58,ร้อยละ,สำนักงานสถิติแห่งชาติ
2562,"ไตรมาส 1",ภาคใต้,รวม,ต่ำกว่าประถมศึกษา,57.92,ร้อยละ,สำนักงานสถิติแห่งชาติ
2562,"ไตรมาส 1",ภาคใต้,รวม,ประถมศึกษา,75.86,ร้อยละ,สำนักงานสถิติแห่งชาติ
2562,"ไตรมาส 1",ภาคใต้,รวม,มัธยมศึกษาตอนต้น,62.82,ร้อยละ,สำนักงานสถิติแห่งชาติ
2562,"ไตรมาส 1",ภาคใต้,รวม,"มัธยมศึกษาตอนปลาย สายสามัญ",74.05,ร้อยละ,สำนักงานสถิติแห่งชาติ
2562,"ไตรมาส 1",ภาคใต้,รวม,"มัธยมศึกษาตอนปลาย สายอาชีวศึกษา",70.54,ร้อยละ,สำนักงานสถิติแห่งชาติ
2562,"ไตรมาส 1",ภาคใต้,รวม,"มัธยมศึกษาตอนปลาย สายวิชาการ",65.52,ร้อยละ,สำนักงานสถิติแห่งชาติ
2562,"ไตรมาส 1",ภาคใต้,รวม,"อุดมศึกษา สายวิชาการ",85.97,ร้อยละ,สำนักงานสถิติแห่งชาติ
2562,"ไตรมาส 1",ภาคใต้,รวม,"อุดมศึกษา สายวิชาชีพ",86.12,ร้อยละ,สำนักงานสถิติแห่งชาติ
2562,"ไตรมาส 1",ภาคใต้,รวม,"อุดมศึกษา สายวิชาการศึกษา",71.42,ร้อยละ,สำนักงานสถิติแห่งชาติ
2562,"ไตรมาส 1",ภาคใต้,รวม,การศึกษาอื่นๆ,69.35,ร้อยละ,สำนักงานสถิติแห่งชาติ
2562,"ไตรมาส 1",ภาคใต้,รวม,ไม่ทราบ,92.51,ร้อยละ,สำนักงานสถิติแห่งชาติ
2562,"ไตรมาส 1",ภาคใต้,ในเขตเทศบาล,รวม,67.61,ร้อยละ,สำนักงานสถิติแห่งชาติ
2562,"ไตรมาส 1",ภาคใต้,ในเขตเทศบาล,ไม่มีการศึกษา,49.12,ร้อยละ,สำนักงานสถิติแห่งชาติ
2562,"ไตรมาส 1",ภาคใต้,ในเขตเทศบาล,ต่ำกว่าประถมศึกษา,55.72,ร้อยละ,สำนักงานสถิติแห่งชาติ
2562,"ไตรมาส 1",ภาคใต้,ในเขตเทศบาล,ประถมศึกษา,72.72,ร้อยละ,สำนักงานสถิติแห่งชาติ
2562,"ไตรมาส 1",ภาคใต้,ในเขตเทศบาล,มัธยมศึกษาตอนต้น,58.32,ร้อยละ,สำนักงานสถิติแห่งชาติ
2562,"ไตรมาส 1",ภาคใต้,ในเขตเทศบาล,"มัธยมศึกษาตอนปลาย สายสามัญ",68.62,ร้อยละ,สำนักงานสถิติแห่งชาติ
2562,"ไตรมาส 1",ภาคใต้,ในเขตเทศบาล,"มัธยมศึกษาตอนปลาย สายอาชีวศึกษา",67.73,ร้อยละ,สำนักงานสถิติแห่งชาติ
2562,"ไตรมาส 1",ภาคใต้,ในเขตเทศบาล,"มัธยมศึกษาตอนปลาย สายวิชาการ",28.55,ร้อยละ,สำนักงานสถิติแห่งชาติ
2562,"ไตรมาส 1",ภาคใต้,ในเขตเทศบาล,"อุดมศึกษา สายวิชาการ",85.74,ร้อยละ,สำนักงานสถิติแห่งชาติ
2562,"ไตรมาส 1",ภาคใต้,ในเขตเทศบาล,"อุดมศึกษา สายวิชาชีพ",82.99,ร้อยละ,สำนักงานสถิติแห่งชาติ
2562,"ไตรมาส 1",ภาคใต้,ในเขตเทศบาล,"อุดมศึกษา สายวิชาการศึกษา",59.97,ร้อยละ,สำนักงานสถิติแห่งชาติ
2562,"ไตรมาส 1",ภาคใต้,ในเขตเทศบาล,การศึกษาอื่นๆ,79.35,ร้อยละ,สำนักงานสถิติแห่งชาติ
2562,"ไตรมาส 1",ภาคใต้,ในเขตเทศบาล,ไม่ทราบ,89.65,ร้อยละ,สำนักงานสถิติแห่งชาติ
2562,"ไตรมาส 1",ภาคใต้,นอกเขตเทศบาล,รวม,70.43,ร้อยละ,สำนักงานสถิติแห่งชาติ
2562,"ไตรมาส 1",ภาคใต้,นอกเขตเทศบาล,ไม่มีการศึกษา,41.01,ร้อยละ,สำนักงานสถิติแห่งชาติ
2562,"ไตรมาส 1",ภาคใต้,นอกเขตเทศบาล,ต่ำกว่าประถมศึกษา,58.84,ร้อยละ,สำนักงานสถิติแห่งชาติ
2562,"ไตรมาส 1",ภาคใต้,นอกเขตเทศบาล,ประถมศึกษา,76.96,ร้อยละ,สำนักงานสถิติแห่งชาติ
2562,"ไตรมาส 1",ภาคใต้,นอกเขตเทศบาล,มัธยมศึกษาตอนต้น,65.06,ร้อยละ,สำนักงานสถิติแห่งชาติ
2562,"ไตรมาส 1",ภาคใต้,นอกเขตเทศบาล,"มัธยมศึกษาตอนปลาย สายสามัญ",77.20,ร้อยละ,สำนักงานสถิติแห่งชาติ
2562,"ไตรมาส 1",ภาคใต้,นอกเขตเทศบาล,"มัธยมศึกษาตอนปลาย สายอาชีวศึกษา",72.72,ร้อยละ,สำนักงานสถิติแห่งชาติ
2562,"ไตรมาส 1",ภาคใต้,นอกเขตเทศบาล,"มัธยมศึกษาตอนปลาย สายวิชาการ",100.00,ร้อยละ,สำนักงานสถิติแห่งชาติ
2562,"ไตรมาส 1",ภาคใต้,นอกเขตเทศบาล,"อุดมศึกษา สายวิชาการ",86.19,ร้อยละ,สำนักงานสถิติแห่งชาติ
2562,"ไตรมาส 1",ภาคใต้,นอกเขตเทศบาล,"อุดมศึกษา สายวิชาชีพ",88.62,ร้อยละ,สำนักงานสถิติแห่งชาติ
2562,"ไตรมาส 1",ภาคใต้,นอกเขตเทศบาล,"อุดมศึกษา สายวิชาการศึกษา",79.49,ร้อยละ,สำนักงานสถิติแห่งชาติ
2562,"ไตรมาส 1",ภาคใต้,นอกเขตเทศบาล,การศึกษาอื่นๆ,67.40,ร้อยละ,สำนักงานสถิติแห่งชาติ
2562,"ไตรมาส 1",ภาคใต้,นอกเขตเทศบาล,ไม่ทราบ,96.58,ร้อยละ,สำนักงานสถิติแห่งชาติ
2562,"ไตรมาส 2",ทั่วประเทศ,รวม,รวม,66.82,ร้อยละ,สำนักงานสถิติแห่งชาติ
2562,"ไตรมาส 2",ทั่วประเทศ,รวม,ไม่มีการศึกษา,49.07,ร้อยละ,สำนักงานสถิติแห่งชาติ
2562,"ไตรมาส 2",ทั่วประเทศ,รวม,ต่ำกว่าประถมศึกษา,52.36,ร้อยละ,สำนักงานสถิติแห่งชาติ
2562,"ไตรมาส 2",ทั่วประเทศ,รวม,ประถมศึกษา,76.78,ร้อยละ,สำนักงานสถิติแห่งชาติ
2562,"ไตรมาส 2",ทั่วประเทศ,รวม,มัธยมศึกษาตอนต้น,61.51,ร้อยละ,สำนักงานสถิติแห่งชาติ
2562,"ไตรมาส 2",ทั่วประเทศ,รวม,"มัธยมศึกษาตอนปลาย สายสามัญ",67.15,ร้อยละ,สำนักงานสถิติแห่งชาติ
2562,"ไตรมาส 2",ทั่วประเทศ,รวม,"มัธยมศึกษาตอนปลาย สายอาชีวศึกษา",68.80,ร้อยละ,สำนักงานสถิติแห่งชาติ
2562,"ไตรมาส 2",ทั่วประเทศ,รวม,"มัธยมศึกษาตอนปลาย สายวิชาการ",45.97,ร้อยละ,สำนักงานสถิติแห่งชาติ
2562,"ไตรมาส 2",ทั่วประเทศ,รวม,"อุดมศึกษา สายวิชาการ",83.75,ร้อยละ,สำนักงานสถิติแห่งชาติ
2562,"ไตรมาส 2",ทั่วประเทศ,รวม,"อุดมศึกษา สายวิชาชีพ",83.80,ร้อยละ,สำนักงานสถิติแห่งชาติ
2562,"ไตรมาส 2",ทั่วประเทศ,รวม,"อุดมศึกษา สายวิชาการศึกษา",70.54,ร้อยละ,สำนักงานสถิติแห่งชาติ
2562,"ไตรมาส 2",ทั่วประเทศ,รวม,การศึกษาอื่นๆ,92.66,ร้อยละ,สำนักงานสถิติแห่งชาติ
2562,"ไตรมาส 2",ทั่วประเทศ,รวม,ไม่ทราบ,85.56,ร้อยละ,สำนักงานสถิติแห่งชาติ
2562,"ไตรมาส 2",ทั่วประเทศ,ในเขตเทศบาล,รวม,66.90,ร้อยละ,สำนักงานสถิติแห่งชาติ
2562,"ไตรมาส 2",ทั่วประเทศ,ในเขตเทศบาล,ไม่มีการศึกษา,52.84,ร้อยละ,สำนักงานสถิติแห่งชาติ
2562,"ไตรมาส 2",ทั่วประเทศ,ในเขตเทศบาล,ต่ำกว่าประถมศึกษา,48.04,ร้อยละ,สำนักงานสถิติแห่งชาติ
2562,"ไตรมาส 2",ทั่วประเทศ,ในเขตเทศบาล,ประถมศึกษา,74.67,ร้อยละ,สำนักงานสถิติแห่งชาติ
2562,"ไตรมาส 2",ทั่วประเทศ,ในเขตเทศบาล,มัธยมศึกษาตอนต้น,61.72,ร้อยละ,สำนักงานสถิติแห่งชาติ
2562,"ไตรมาส 2",ทั่วประเทศ,ในเขตเทศบาล,"มัธยมศึกษาตอนปลาย สายสามัญ",63.15,ร้อยละ,สำนักงานสถิติแห่งชาติ
2562,"ไตรมาส 2",ทั่วประเทศ,ในเขตเทศบาล,"มัธยมศึกษาตอนปลาย สายอาชีวศึกษา",68.14,ร้อยละ,สำนักงานสถิติแห่งชาติ
2562,"ไตรมาส 2",ทั่วประเทศ,ในเขตเทศบาล,"มัธยมศึกษาตอนปลาย สายวิชาการ",48.12,ร้อยละ,สำนักงานสถิติแห่งชาติ
2562,"ไตรมาส 2",ทั่วประเทศ,ในเขตเทศบาล,"อุดมศึกษา สายวิชาการ",83.15,ร้อยละ,สำนักงานสถิติแห่งชาติ
2562,"ไตรมาส 2",ทั่วประเทศ,ในเขตเทศบาล,"อุดมศึกษา สายวิชาชีพ",82.40,ร้อยละ,สำนักงานสถิติแห่งชาติ
2562,"ไตรมาส 2",ทั่วประเทศ,ในเขตเทศบาล,"อุดมศึกษา สายวิชาการศึกษา",65.39,ร้อยละ,สำนักงานสถิติแห่งชาติ
2562,"ไตรมาส 2",ทั่วประเทศ,ในเขตเทศบาล,การศึกษาอื่นๆ,94.98,ร้อยละ,สำนักงานสถิติแห่งชาติ
2562,"ไตรมาส 2",ทั่วประเทศ,ในเขตเทศบาล,ไม่ทราบ,83.81,ร้อยละ,สำนักงานสถิติแห่งชาติ
2562,"ไตรมาส 2",ทั่วประเทศ,นอกเขตเทศบาล,รวม,66.76,ร้อยละ,สำนักงานสถิติแห่งชาติ
2562,"ไตรมาส 2",ทั่วประเทศ,นอกเขตเทศบาล,ไม่มีการศึกษา,46.64,ร้อยละ,สำนักงานสถิติแห่งชาติ
2562,"ไตรมาส 2",ทั่วประเทศ,นอกเขตเทศบาล,ต่ำกว่าประถมศึกษา,54.63,ร้อยละ,สำนักงานสถิติแห่งชาติ
2562,"ไตรมาส 2",ทั่วประเทศ,นอกเขตเทศบาล,ประถมศึกษา,78.16,ร้อยละ,สำนักงานสถิติแห่งชาติ
2562,"ไตรมาส 2",ทั่วประเทศ,นอกเขตเทศบาล,มัธยมศึกษาตอนต้น,61.35,ร้อยละ,สำนักงานสถิติแห่งชาติ
2562,"ไตรมาส 2",ทั่วประเทศ,นอกเขตเทศบาล,"มัธยมศึกษาตอนปลาย สายสามัญ",71.19,ร้อยละ,สำนักงานสถิติแห่งชาติ
2562,"ไตรมาส 2",ทั่วประเทศ,นอกเขตเทศบาล,"มัธยมศึกษาตอนปลาย สายอาชีวศึกษา",69.59,ร้อยละ,สำนักงานสถิติแห่งชาติ
2562,"ไตรมาส 2",ทั่วประเทศ,นอกเขตเทศบาล,"มัธยมศึกษาตอนปลาย สายวิชาการ",40.42,ร้อยละ,สำนักงานสถิติแห่งชาติ
2562,"ไตรมาส 2",ทั่วประเทศ,นอกเขตเทศบาล,"อุดมศึกษา สายวิชาการ",85.14,ร้อยละ,สำนักงานสถิติแห่งชาติ
2562,"ไตรมาส 2",ทั่วประเทศ,นอกเขตเทศบาล,"อุดมศึกษา สายวิชาชีพ",85.42,ร้อยละ,สำนักงานสถิติแห่งชาติ
2562,"ไตรมาส 2",ทั่วประเทศ,นอกเขตเทศบาล,"อุดมศึกษา สายวิชาการศึกษา",76.50,ร้อยละ,สำนักงานสถิติแห่งชาติ
2562,"ไตรมาส 2",ทั่วประเทศ,นอกเขตเทศบาล,การศึกษาอื่นๆ,89.28,ร้อยละ,สำนักงานสถิติแห่งชาติ
2562,"ไตรมาส 2",ทั่วประเทศ,นอกเขตเทศบาล,ไม่ทราบ,88.46,ร้อยละ,สำนักงานสถิติแห่งชาติ
2562,"ไตรมาส 2",กรุงเทพมหานคร,ในเขตเทศบาล,รวม,69.57,ร้อยละ,สำนักงานสถิติแห่งชาติ
2562,"ไตรมาส 2",กรุงเทพมหานคร,ในเขตเทศบาล,ไม่มีการศึกษา,50.17,ร้อยละ,สำนักงานสถิติแห่งชาติ
2562,"ไตรมาส 2",กรุงเทพมหานคร,ในเขตเทศบาล,ต่ำกว่าประถมศึกษา,42.64,ร้อยละ,สำนักงานสถิติแห่งชาติ
2562,"ไตรมาส 2",กรุงเทพมหานคร,ในเขตเทศบาล,ประถมศึกษา,75.41,ร้อยละ,สำนักงานสถิติแห่งชาติ
2562,"ไตรมาส 2",กรุงเทพมหานคร,ในเขตเทศบาล,มัธยมศึกษาตอนต้น,65.32,ร้อยละ,สำนักงานสถิติแห่งชาติ
2562,"ไตรมาส 2",กรุงเทพมหานคร,ในเขตเทศบาล,"มัธยมศึกษาตอนปลาย สายสามัญ",59.78,ร้อยละ,สำนักงานสถิติแห่งชาติ
2562,"ไตรมาส 2",กรุงเทพมหานคร,ในเขตเทศบาล,"มัธยมศึกษาตอนปลาย สายอาชีวศึกษา",67.02,ร้อยละ,สำนักงานสถิติแห่งชาติ
2562,"ไตรมาส 2",กรุงเทพมหานคร,ในเขตเทศบาล,"มัธยมศึกษาตอนปลาย สายวิชาการ",42.12,ร้อยละ,สำนักงานสถิติแห่งชาติ
2562,"ไตรมาส 2",กรุงเทพมหานคร,ในเขตเทศบาล,"อุดมศึกษา สายวิชาการ",82.45,ร้อยละ,สำนักงานสถิติแห่งชาติ
2562,"ไตรมาส 2",กรุงเทพมหานคร,ในเขตเทศบาล,"อุดมศึกษา สายวิชาชีพ",82.75,ร้อยละ,สำนักงานสถิติแห่งชาติ
2562,"ไตรมาส 2",กรุงเทพมหานคร,ในเขตเทศบาล,"อุดมศึกษา สายวิชาการศึกษา",67.01,ร้อยละ,สำนักงานสถิติแห่งชาติ
2562,"ไตรมาส 2",กรุงเทพมหานคร,ในเขตเทศบาล,การศึกษาอื่นๆ,100.00,ร้อยละ,สำนักงานสถิติแห่งชาติ
2562,"ไตรมาส 2",กรุงเทพมหานคร,ในเขตเทศบาล,ไม่ทราบ,68.70,ร้อยละ,สำนักงานสถิติแห่งชาติ
2562,"ไตรมาส 2",ภาคกลาง,รวม,รวม,69.52,ร้อยละ,สำนักงานสถิติแห่งชาติ
2562,"ไตรมาส 2",ภาคกลาง,รวม,ไม่มีการศึกษา,58.17,ร้อยละ,สำนักงานสถิติแห่งชาติ
2562,"ไตรมาส 2",ภาคกลาง,รวม,ต่ำกว่าประถมศึกษา,50.40,ร้อยละ,สำนักงานสถิติแห่งชาติ
2562,"ไตรมาส 2",ภาคกลาง,รวม,ประถมศึกษา,75.60,ร้อยละ,สำนักงานสถิติแห่งชาติ
2562,"ไตรมาส 2",ภาคกลาง,รวม,มัธยมศึกษาตอนต้น,67.46,ร้อยละ,สำนักงานสถิติแห่งชาติ
2562,"ไตรมาส 2",ภาคกลาง,รวม,"มัธยมศึกษาตอนปลาย สายสามัญ",70.30,ร้อยละ,สำนักงานสถิติแห่งชาติ
2562,"ไตรมาส 2",ภาคกลาง,รวม,"มัธยมศึกษาตอนปลาย สายอาชีวศึกษา",73.88,ร้อยละ,สำนักงานสถิติแห่งชาติ
2562,"ไตรมาส 2",ภาคกลาง,รวม,"มัธยมศึกษาตอนปลาย สายวิชาการ",35.29,ร้อยละ,สำนักงานสถิติแห่งชาติ
2562,"ไตรมาส 2",ภาคกลาง,รวม,"อุดมศึกษา สายวิชาการ",84.12,ร้อยละ,สำนักงานสถิติแห่งชาติ
2562,"ไตรมาส 2",ภาคกลาง,รวม,"อุดมศึกษา สายวิชาชีพ",84.89,ร้อยละ,สำนักงานสถิติแห่งชาติ
2562,"ไตรมาส 2",ภาคกลาง,รวม,"อุดมศึกษา สายวิชาการศึกษา",67.50,ร้อยละ,สำนักงานสถิติแห่งชาติ
2562,"ไตรมาส 2",ภาคกลาง,รวม,การศึกษาอื่นๆ,97.51,ร้อยละ,สำนักงานสถิติแห่งชาติ
2562,"ไตรมาส 2",ภาคกลาง,รวม,ไม่ทราบ,89.27,ร้อยละ,สำนักงานสถิติแห่งชาติ
2562,"ไตรมาส 2",ภาคกลาง,ในเขตเทศบาล,รวม,68.93,ร้อยละ,สำนักงานสถิติแห่งชาติ
2562,"ไตรมาส 2",ภาคกลาง,ในเขตเทศบาล,ไม่มีการศึกษา,63.73,ร้อยละ,สำนักงานสถิติแห่งชาติ
2562,"ไตรมาส 2",ภาคกลาง,ในเขตเทศบาล,ต่ำกว่าประถมศึกษา,46.52,ร้อยละ,สำนักงานสถิติแห่งชาติ
2562,"ไตรมาส 2",ภาคกลาง,ในเขตเทศบาล,ประถมศึกษา,73.41,ร้อยละ,สำนักงานสถิติแห่งชาติ
2562,"ไตรมาส 2",ภาคกลาง,ในเขตเทศบาล,มัธยมศึกษาตอนต้น,66.53,ร้อยละ,สำนักงานสถิติแห่งชาติ
2562,"ไตรมาส 2",ภาคกลาง,ในเขตเทศบาล,"มัธยมศึกษาตอนปลาย สายสามัญ",67.86,ร้อยละ,สำนักงานสถิติแห่งชาติ
2562,"ไตรมาส 2",ภาคกลาง,ในเขตเทศบาล,"มัธยมศึกษาตอนปลาย สายอาชีวศึกษา",73.06,ร้อยละ,สำนักงานสถิติแห่งชาติ
2562,"ไตรมาส 2",ภาคกลาง,ในเขตเทศบาล,"มัธยมศึกษาตอนปลาย สายวิชาการ",6.35,ร้อยละ,สำนักงานสถิติแห่งชาติ
2562,"ไตรมาส 2",ภาคกลาง,ในเขตเทศบาล,"อุดมศึกษา สายวิชาการ",83.00,ร้อยละ,สำนักงานสถิติแห่งชาติ
2562,"ไตรมาส 2",ภาคกลาง,ในเขตเทศบาล,"อุดมศึกษา สายวิชาชีพ",82.69,ร้อยละ,สำนักงานสถิติแห่งชาติ
2562,"ไตรมาส 2",ภาคกลาง,ในเขตเทศบาล,"อุดมศึกษา สายวิชาการศึกษา",60.77,ร้อยละ,สำนักงานสถิติแห่งชาติ
2562,"ไตรมาส 2",ภาคกลาง,ในเขตเทศบาล,การศึกษาอื่นๆ,97.82,ร้อยละ,สำนักงานสถิติแห่งชาติ
2562,"ไตรมาส 2",ภาคกลาง,ในเขตเทศบาล,ไม่ทราบ,88.48,ร้อยละ,สำนักงานสถิติแห่งชาติ
2562,"ไตรมาส 2",ภาคกลาง,นอกเขตเทศบาล,รวม,70.03,ร้อยละ,สำนักงานสถิติแห่งชาติ
2562,"ไตรมาส 2",ภาคกลาง,นอกเขตเทศบาล,ไม่มีการศึกษา,52.39,ร้อยละ,สำนักงานสถิติแห่งชาติ
2562,"ไตรมาส 2",ภาคกลาง,นอกเขตเทศบาล,ต่ำกว่าประถมศึกษา,52.73,ร้อยละ,สำนักงานสถิติแห่งชาติ
2562,"ไตรมาส 2",ภาคกลาง,นอกเขตเทศบาล,ประถมศึกษา,77.18,ร้อยละ,สำนักงานสถิติแห่งชาติ
2562,"ไตรมาส 2",ภาคกลาง,นอกเขตเทศบาล,มัธยมศึกษาตอนต้น,68.23,ร้อยละ,สำนักงานสถิติแห่งชาติ
2562,"ไตรมาส 2",ภาคกลาง,นอกเขตเทศบาล,"มัธยมศึกษาตอนปลาย สายสามัญ",72.78,ร้อยละ,สำนักงานสถิติแห่งชาติ
2562,"ไตรมาส 2",ภาคกลาง,นอกเขตเทศบาล,"มัธยมศึกษาตอนปลาย สายอาชีวศึกษา",74.66,ร้อยละ,สำนักงานสถิติแห่งชาติ
2562,"ไตรมาส 2",ภาคกลาง,นอกเขตเทศบาล,"มัธยมศึกษาตอนปลาย สายวิชาการ",54.29,ร้อยละ,สำนักงานสถิติแห่งชาติ
2562,"ไตรมาส 2",ภาคกลาง,นอกเขตเทศบาล,"อุดมศึกษา สายวิชาการ",85.64,ร้อยละ,สำนักงานสถิติแห่งชาติ
2562,"ไตรมาส 2",ภาคกลาง,นอกเขตเทศบาล,"อุดมศึกษา สายวิชาชีพ",86.99,ร้อยละ,สำนักงานสถิติแห่งชาติ
2562,"ไตรมาส 2",ภาคกลาง,นอกเขตเทศบาล,"อุดมศึกษา สายวิชาการศึกษา",74.44,ร้อยละ,สำนักงานสถิติแห่งชาติ
2562,"ไตรมาส 2",ภาคกลาง,นอกเขตเทศบาล,การศึกษาอื่นๆ,96.95,ร้อยละ,สำนักงานสถิติแห่งชาติ
2562,"ไตรมาส 2",ภาคกลาง,นอกเขตเทศบาล,ไม่ทราบ,90.40,ร้อยละ,สำนักงานสถิติแห่งชาติ
2562,"ไตรมาส 2",ภาคเหนือ,รวม,รวม,64.68,ร้อยละ,สำนักงานสถิติแห่งชาติ
2562,"ไตรมาส 2",ภาคเหนือ,รวม,ไม่มีการศึกษา,50.66,ร้อยละ,สำนักงานสถิติแห่งชาติ
2562,"ไตรมาส 2",ภาคเหนือ,รวม,ต่ำกว่าประถมศึกษา,55.73,ร้อยละ,สำนักงานสถิติแห่งชาติ
2562,"ไตรมาส 2",ภาคเหนือ,รวม,ประถมศึกษา,77.87,ร้อยละ,สำนักงานสถิติแห่งชาติ
2562,"ไตรมาส 2",ภาคเหนือ,รวม,มัธยมศึกษาตอนต้น,58.32,ร้อยละ,สำนักงานสถิติแห่งชาติ
2562,"ไตรมาส 2",ภาคเหนือ,รวม,"มัธยมศึกษาตอนปลาย สายสามัญ",65.98,ร้อยละ,สำนักงานสถิติแห่งชาติ
2562,"ไตรมาส 2",ภาคเหนือ,รวม,"มัธยมศึกษาตอนปลาย สายอาชีวศึกษา",65.70,ร้อยละ,สำนักงานสถิติแห่งชาติ
2562,"ไตรมาส 2",ภาคเหนือ,รวม,"มัธยมศึกษาตอนปลาย สายวิชาการ",29.07,ร้อยละ,สำนักงานสถิติแห่งชาติ
2562,"ไตรมาส 2",ภาคเหนือ,รวม,"อุดมศึกษา สายวิชาการ",84.63,ร้อยละ,สำนักงานสถิติแห่งชาติ
2562,"ไตรมาส 2",ภาคเหนือ,รวม,"อุดมศึกษา สายวิชาชีพ",80.03,ร้อยละ,สำนักงานสถิติแห่งชาติ
2562,"ไตรมาส 2",ภาคเหนือ,รวม,"อุดมศึกษา สายวิชาการศึกษา",70.98,ร้อยละ,สำนักงานสถิติแห่งชาติ
2562,"ไตรมาส 2",ภาคเหนือ,รวม,การศึกษาอื่นๆ,81.20,ร้อยละ,สำนักงานสถิติแห่งชาติ
2562,"ไตรมาส 2",ภาคเหนือ,รวม,ไม่ทราบ,89.23,ร้อยละ,สำนักงานสถิติแห่งชาติ
2562,"ไตรมาส 2",ภาคเหนือ,ในเขตเทศบาล,รวม,62.94,ร้อยละ,สำนักงานสถิติแห่งชาติ
2562,"ไตรมาส 2",ภาคเหนือ,ในเขตเทศบาล,ไม่มีการศึกษา,46.82,ร้อยละ,สำนักงานสถิติแห่งชาติ
2562,"ไตรมาส 2",ภาคเหนือ,ในเขตเทศบาล,ต่ำกว่าประถมศึกษา,53.05,ร้อยละ,สำนักงานสถิติแห่งชาติ
2562,"ไตรมาส 2",ภาคเหนือ,ในเขตเทศบาล,ประถมศึกษา,77.05,ร้อยละ,สำนักงานสถิติแห่งชาติ
2562,"ไตรมาส 2",ภาคเหนือ,ในเขตเทศบาล,มัธยมศึกษาตอนต้น,52.55,ร้อยละ,สำนักงานสถิติแห่งชาติ
2562,"ไตรมาส 2",ภาคเหนือ,ในเขตเทศบาล,"มัธยมศึกษาตอนปลาย สายสามัญ",58.44,ร้อยละ,สำนักงานสถิติแห่งชาติ
2562,"ไตรมาส 2",ภาคเหนือ,ในเขตเทศบาล,"มัธยมศึกษาตอนปลาย สายอาชีวศึกษา",64.37,ร้อยละ,สำนักงานสถิติแห่งชาติ
2562,"ไตรมาส 2",ภาคเหนือ,ในเขตเทศบาล,"มัธยมศึกษาตอนปลาย สายวิชาการ",58.36,ร้อยละ,สำนักงานสถิติแห่งชาติ
2562,"ไตรมาส 2",ภาคเหนือ,ในเขตเทศบาล,"อุดมศึกษา สายวิชาการ",85.22,ร้อยละ,สำนักงานสถิติแห่งชาติ
2562,"ไตรมาส 2",ภาคเหนือ,ในเขตเทศบาล,"อุดมศึกษา สายวิชาชีพ",78.28,ร้อยละ,สำนักงานสถิติแห่งชาติ
2562,"ไตรมาส 2",ภาคเหนือ,ในเขตเทศบาล,"อุดมศึกษา สายวิชาการศึกษา",63.17,ร้อยละ,สำนักงานสถิติแห่งชาติ
2562,"ไตรมาส 2",ภาคเหนือ,ในเขตเทศบาล,การศึกษาอื่นๆ,72.76,ร้อยละ,สำนักงานสถิติแห่งชาติ
2562,"ไตรมาส 2",ภาคเหนือ,ในเขตเทศบาล,ไม่ทราบ,81.05,ร้อยละ,สำนักงานสถิติแห่งชาติ
2562,"ไตรมาส 2",ภาคเหนือ,นอกเขตเทศบาล,รวม,65.62,ร้อยละ,สำนักงานสถิติแห่งชาติ
2562,"ไตรมาส 2",ภาคเหนือ,นอกเขตเทศบาล,ไม่มีการศึกษา,52.02,ร้อยละ,สำนักงานสถิติแห่งชาติ
2562,"ไตรมาส 2",ภาคเหนือ,นอกเขตเทศบาล,ต่ำกว่าประถมศึกษา,56.95,ร้อยละ,สำนักงานสถิติแห่งชาติ
2562,"ไตรมาส 2",ภาคเหนือ,นอกเขตเทศบาล,ประถมศึกษา,78.19,ร้อยละ,สำนักงานสถิติแห่งชาติ
2562,"ไตรมาส 2",ภาคเหนือ,นอกเขตเทศบาล,มัธยมศึกษาตอนต้น,61.15,ร้อยละ,สำนักงานสถิติแห่งชาติ
2562,"ไตรมาส 2",ภาคเหนือ,นอกเขตเทศบาล,"มัธยมศึกษาตอนปลาย สายสามัญ",71.06,ร้อยละ,สำนักงานสถิติแห่งชาติ
2562,"ไตรมาส 2",ภาคเหนือ,นอกเขตเทศบาล,"มัธยมศึกษาตอนปลาย สายอาชีวศึกษา",66.68,ร้อยละ,สำนักงานสถิติแห่งชาติ
2562,"ไตรมาส 2",ภาคเหนือ,นอกเขตเทศบาล,"มัธยมศึกษาตอนปลาย สายวิชาการ",.00,ร้อยละ,สำนักงานสถิติแห่งชาติ
2562,"ไตรมาส 2",ภาคเหนือ,นอกเขตเทศบาล,"อุดมศึกษา สายวิชาการ",83.89,ร้อยละ,สำนักงานสถิติแห่งชาติ
2562,"ไตรมาส 2",ภาคเหนือ,นอกเขตเทศบาล,"อุดมศึกษา สายวิชาชีพ",81.69,ร้อยละ,สำนักงานสถิติแห่งชาติ
2562,"ไตรมาส 2",ภาคเหนือ,นอกเขตเทศบาล,"อุดมศึกษา สายวิชาการศึกษา",78.32,ร้อยละ,สำนักงานสถิติแห่งชาติ
2562,"ไตรมาส 2",ภาคเหนือ,นอกเขตเทศบาล,การศึกษาอื่นๆ,85.66,ร้อยละ,สำนักงานสถิติแห่งชาติ
2562,"ไตรมาส 2",ภาคเหนือ,นอกเขตเทศบาล,ไม่ทราบ,100.00,ร้อยละ,สำนักงานสถิติแห่งชาติ
2562,"ไตรมาส 2",ภาคตะวันออกเฉียงเหนือ,รวม,รวม,62.43,ร้อยละ,สำนักงานสถิติแห่งชาติ
2562,"ไตรมาส 2",ภาคตะวันออกเฉียงเหนือ,รวม,ไม่มีการศึกษา,25.09,ร้อยละ,สำนักงานสถิติแห่งชาติ
2562,"ไตรมาส 2",ภาคตะวันออกเฉียงเหนือ,รวม,ต่ำกว่าประถมศึกษา,51.28,ร้อยละ,สำนักงานสถิติแห่งชาติ
2562,"ไตรมาส 2",ภาคตะวันออกเฉียงเหนือ,รวม,ประถมศึกษา,77.56,ร้อยละ,สำนักงานสถิติแห่งชาติ
2562,"ไตรมาส 2",ภาคตะวันออกเฉียงเหนือ,รวม,มัธยมศึกษาตอนต้น,54.05,ร้อยละ,สำนักงานสถิติแห่งชาติ
2562,"ไตรมาส 2",ภาคตะวันออกเฉียงเหนือ,รวม,"มัธยมศึกษาตอนปลาย สายสามัญ",66.10,ร้อยละ,สำนักงานสถิติแห่งชาติ
2562,"ไตรมาส 2",ภาคตะวันออกเฉียงเหนือ,รวม,"มัธยมศึกษาตอนปลาย สายอาชีวศึกษา",60.58,ร้อยละ,สำนักงานสถิติแห่งชาติ
2562,"ไตรมาส 2",ภาคตะวันออกเฉียงเหนือ,รวม,"มัธยมศึกษาตอนปลาย สายวิชาการ",100.00,ร้อยละ,สำนักงานสถิติแห่งชาติ
2562,"ไตรมาส 2",ภาคตะวันออกเฉียงเหนือ,รวม,"อุดมศึกษา สายวิชาการ",84.68,ร้อยละ,สำนักงานสถิติแห่งชาติ
2562,"ไตรมาส 2",ภาคตะวันออกเฉียงเหนือ,รวม,"อุดมศึกษา สายวิชาชีพ",83.13,ร้อยละ,สำนักงานสถิติแห่งชาติ
2562,"ไตรมาส 2",ภาคตะวันออกเฉียงเหนือ,รวม,"อุดมศึกษา สายวิชาการศึกษา",71.83,ร้อยละ,สำนักงานสถิติแห่งชาติ
2562,"ไตรมาส 2",ภาคตะวันออกเฉียงเหนือ,รวม,การศึกษาอื่นๆ,100.00,ร้อยละ,สำนักงานสถิติแห่งชาติ
2562,"ไตรมาส 2",ภาคตะวันออกเฉียงเหนือ,รวม,ไม่ทราบ,63.88,ร้อยละ,สำนักงานสถิติแห่งชาติ
2562,"ไตรมาส 2",ภาคตะวันออกเฉียงเหนือ,ในเขตเทศบาล,รวม,61.44,ร้อยละ,สำนักงานสถิติแห่งชาติ
2562,"ไตรมาส 2",ภาคตะวันออกเฉียงเหนือ,ในเขตเทศบาล,ไม่มีการศึกษา,26.70,ร้อยละ,สำนักงานสถิติแห่งชาติ
2562,"ไตรมาส 2",ภาคตะวันออกเฉียงเหนือ,ในเขตเทศบาล,ต่ำกว่าประถมศึกษา,47.84,ร้อยละ,สำนักงานสถิติแห่งชาติ
2562,"ไตรมาส 2",ภาคตะวันออกเฉียงเหนือ,ในเขตเทศบาล,ประถมศึกษา,74.48,ร้อยละ,สำนักงานสถิติแห่งชาติ
2562,"ไตรมาส 2",ภาคตะวันออกเฉียงเหนือ,ในเขตเทศบาล,มัธยมศึกษาตอนต้น,53.46,ร้อยละ,สำนักงานสถิติแห่งชาติ
2562,"ไตรมาส 2",ภาคตะวันออกเฉียงเหนือ,ในเขตเทศบาล,"มัธยมศึกษาตอนปลาย สายสามัญ",61.96,ร้อยละ,สำนักงานสถิติแห่งชาติ
2562,"ไตรมาส 2",ภาคตะวันออกเฉียงเหนือ,ในเขตเทศบาล,"มัธยมศึกษาตอนปลาย สายอาชีวศึกษา",59.79,ร้อยละ,สำนักงานสถิติแห่งชาติ
2562,"ไตรมาส 2",ภาคตะวันออกเฉียงเหนือ,ในเขตเทศบาล,"มัธยมศึกษาตอนปลาย สายวิชาการ",100.00,ร้อยละ,สำนักงานสถิติแห่งชาติ
2562,"ไตรมาส 2",ภาคตะวันออกเฉียงเหนือ,ในเขตเทศบาล,"อุดมศึกษา สายวิชาการ",84.36,ร้อยละ,สำนักงานสถิติแห่งชาติ
2562,"ไตรมาส 2",ภาคตะวันออกเฉียงเหนือ,ในเขตเทศบาล,"อุดมศึกษา สายวิชาชีพ",82.97,ร้อยละ,สำนักงานสถิติแห่งชาติ
2562,"ไตรมาส 2",ภาคตะวันออกเฉียงเหนือ,ในเขตเทศบาล,"อุดมศึกษา สายวิชาการศึกษา",69.61,ร้อยละ,สำนักงานสถิติแห่งชาติ
2562,"ไตรมาส 2",ภาคตะวันออกเฉียงเหนือ,ในเขตเทศบาล,การศึกษาอื่นๆ,.00,ร้อยละ,สำนักงานสถิติแห่งชาติ
2562,"ไตรมาส 2",ภาคตะวันออกเฉียงเหนือ,ในเขตเทศบาล,ไม่ทราบ,75.19,ร้อยละ,สำนักงานสถิติแห่งชาติ
2562,"ไตรมาส 2",ภาคตะวันออกเฉียงเหนือ,นอกเขตเทศบาล,รวม,62.83,ร้อยละ,สำนักงานสถิติแห่งชาติ
2562,"ไตรมาส 2",ภาคตะวันออกเฉียงเหนือ,นอกเขตเทศบาล,ไม่มีการศึกษา,24.54,ร้อยละ,สำนักงานสถิติแห่งชาติ
2562,"ไตรมาส 2",ภาคตะวันออกเฉียงเหนือ,นอกเขตเทศบาล,ต่ำกว่าประถมศึกษา,52.51,ร้อยละ,สำนักงานสถิติแห่งชาติ
2562,"ไตรมาส 2",ภาคตะวันออกเฉียงเหนือ,นอกเขตเทศบาล,ประถมศึกษา,78.69,ร้อยละ,สำนักงานสถิติแห่งชาติ
2562,"ไตรมาส 2",ภาคตะวันออกเฉียงเหนือ,นอกเขตเทศบาล,มัธยมศึกษาตอนต้น,54.26,ร้อยละ,สำนักงานสถิติแห่งชาติ
2562,"ไตรมาส 2",ภาคตะวันออกเฉียงเหนือ,นอกเขตเทศบาล,"มัธยมศึกษาตอนปลาย สายสามัญ",68.09,ร้อยละ,สำนักงานสถิติแห่งชาติ
2562,"ไตรมาส 2",ภาคตะวันออกเฉียงเหนือ,นอกเขตเทศบาล,"มัธยมศึกษาตอนปลาย สายอาชีวศึกษา",60.96,ร้อยละ,สำนักงานสถิติแห่งชาติ
2562,"ไตรมาส 2",ภาคตะวันออกเฉียงเหนือ,นอกเขตเทศบาล,"มัธยมศึกษาตอนปลาย สายวิชาการ",.00,ร้อยละ,สำนักงานสถิติแห่งชาติ
2562,"ไตรมาส 2",ภาคตะวันออกเฉียงเหนือ,นอกเขตเทศบาล,"อุดมศึกษา สายวิชาการ",84.98,ร้อยละ,สำนักงานสถิติแห่งชาติ
2562,"ไตรมาส 2",ภาคตะวันออกเฉียงเหนือ,นอกเขตเทศบาล,"อุดมศึกษา สายวิชาชีพ",83.25,ร้อยละ,สำนักงานสถิติแห่งชาติ
2562,"ไตรมาส 2",ภาคตะวันออกเฉียงเหนือ,นอกเขตเทศบาล,"อุดมศึกษา สายวิชาการศึกษา",73.62,ร้อยละ,สำนักงานสถิติแห่งชาติ
2562,"ไตรมาส 2",ภาคตะวันออกเฉียงเหนือ,นอกเขตเทศบาล,การศึกษาอื่นๆ,100.00,ร้อยละ,สำนักงานสถิติแห่งชาติ
2562,"ไตรมาส 2",ภาคตะวันออกเฉียงเหนือ,นอกเขตเทศบาล,ไม่ทราบ,47.31,ร้อยละ,สำนักงานสถิติแห่งชาติ
2562,"ไตรมาส 2",ภาคใต้,รวม,รวม,69.44,ร้อยละ,สำนักงานสถิติแห่งชาติ
2562,"ไตรมาส 2",ภาคใต้,รวม,ไม่มีการศึกษา,47.20,ร้อยละ,สำนักงานสถิติแห่งชาติ
2562,"ไตรมาส 2",ภาคใต้,รวม,ต่ำกว่าประถมศึกษา,58.46,ร้อยละ,สำนักงานสถิติแห่งชาติ
2562,"ไตรมาส 2",ภาคใต้,รวม,ประถมศึกษา,77.31,ร้อยละ,สำนักงานสถิติแห่งชาติ
2562,"ไตรมาส 2",ภาคใต้,รวม,มัธยมศึกษาตอนต้น,61.73,ร้อยละ,สำนักงานสถิติแห่งชาติ
2562,"ไตรมาส 2",ภาคใต้,รวม,"มัธยมศึกษาตอนปลาย สายสามัญ",71.75,ร้อยละ,สำนักงานสถิติแห่งชาติ
2562,"ไตรมาส 2",ภาคใต้,รวม,"มัธยมศึกษาตอนปลาย สายอาชีวศึกษา",71.67,ร้อยละ,สำนักงานสถิติแห่งชาติ
2562,"ไตรมาส 2",ภาคใต้,รวม,"มัธยมศึกษาตอนปลาย สายวิชาการ",76.65,ร้อยละ,สำนักงานสถิติแห่งชาติ
2562,"ไตรมาส 2",ภาคใต้,รวม,"อุดมศึกษา สายวิชาการ",84.89,ร้อยละ,สำนักงานสถิติแห่งชาติ
2562,"ไตรมาส 2",ภาคใต้,รวม,"อุดมศึกษา สายวิชาชีพ",86.63,ร้อยละ,สำนักงานสถิติแห่งชาติ
2562,"ไตรมาส 2",ภาคใต้,รวม,"อุดมศึกษา สายวิชาการศึกษา",76.45,ร้อยละ,สำนักงานสถิติแห่งชาติ
2562,"ไตรมาส 2",ภาคใต้,รวม,การศึกษาอื่นๆ,66.10,ร้อยละ,สำนักงานสถิติแห่งชาติ
2562,"ไตรมาส 2",ภาคใต้,รวม,ไม่ทราบ,83.16,ร้อยละ,สำนักงานสถิติแห่งชาติ
2562,"ไตรมาส 2",ภาคใต้,ในเขตเทศบาล,รวม,67.24,ร้อยละ,สำนักงานสถิติแห่งชาติ
2562,"ไตรมาส 2",ภาคใต้,ในเขตเทศบาล,ไม่มีการศึกษา,52.29,ร้อยละ,สำนักงานสถิติแห่งชาติ
2562,"ไตรมาส 2",ภาคใต้,ในเขตเทศบาล,ต่ำกว่าประถมศึกษา,51.42,ร้อยละ,สำนักงานสถิติแห่งชาติ
2562,"ไตรมาส 2",ภาคใต้,ในเขตเทศบาล,ประถมศึกษา,74.28,ร้อยละ,สำนักงานสถิติแห่งชาติ
2562,"ไตรมาส 2",ภาคใต้,ในเขตเทศบาล,มัธยมศึกษาตอนต้น,59.30,ร้อยละ,สำนักงานสถิติแห่งชาติ
2562,"ไตรมาส 2",ภาคใต้,ในเขตเทศบาล,"มัธยมศึกษาตอนปลาย สายสามัญ",66.77,ร้อยละ,สำนักงานสถิติแห่งชาติ
2562,"ไตรมาส 2",ภาคใต้,ในเขตเทศบาล,"มัธยมศึกษาตอนปลาย สายอาชีวศึกษา",68.70,ร้อยละ,สำนักงานสถิติแห่งชาติ
2562,"ไตรมาส 2",ภาคใต้,ในเขตเทศบาล,"มัธยมศึกษาตอนปลาย สายวิชาการ",34.99,ร้อยละ,สำนักงานสถิติแห่งชาติ
2562,"ไตรมาส 2",ภาคใต้,ในเขตเทศบาล,"อุดมศึกษา สายวิชาการ",84.29,ร้อยละ,สำนักงานสถิติแห่งชาติ
2562,"ไตรมาส 2",ภาคใต้,ในเขตเทศบาล,"อุดมศึกษา สายวิชาชีพ",84.84,ร้อยละ,สำนักงานสถิติแห่งชาติ
2562,"ไตรมาส 2",ภาคใต้,ในเขตเทศบาล,"อุดมศึกษา สายวิชาการศึกษา",66.78,ร้อยละ,สำนักงานสถิติแห่งชาติ
2562,"ไตรมาส 2",ภาคใต้,ในเขตเทศบาล,การศึกษาอื่นๆ,80.05,ร้อยละ,สำนักงานสถิติแห่งชาติ
2562,"ไตรมาส 2",ภาคใต้,ในเขตเทศบาล,ไม่ทราบ,81.86,ร้อยละ,สำนักงานสถิติแห่งชาติ
2562,"ไตรมาส 2",ภาคใต้,นอกเขตเทศบาล,รวม,70.56,ร้อยละ,สำนักงานสถิติแห่งชาติ
2562,"ไตรมาส 2",ภาคใต้,นอกเขตเทศบาล,ไม่มีการศึกษา,45.01,ร้อยละ,สำนักงานสถิติแห่งชาติ
2562,"ไตรมาส 2",ภาคใต้,นอกเขตเทศบาล,ต่ำกว่าประถมศึกษา,61.45,ร้อยละ,สำนักงานสถิติแห่งชาติ
2562,"ไตรมาส 2",ภาคใต้,นอกเขตเทศบาล,ประถมศึกษา,78.46,ร้อยละ,สำนักงานสถิติแห่งชาติ
2562,"ไตรมาส 2",ภาคใต้,นอกเขตเทศบาล,มัธยมศึกษาตอนต้น,62.91,ร้อยละ,สำนักงานสถิติแห่งชาติ
2562,"ไตรมาส 2",ภาคใต้,นอกเขตเทศบาล,"มัธยมศึกษาตอนปลาย สายสามัญ",74.49,ร้อยละ,สำนักงานสถิติแห่งชาติ
2562,"ไตรมาส 2",ภาคใต้,นอกเขตเทศบาล,"มัธยมศึกษาตอนปลาย สายอาชีวศึกษา",73.96,ร้อยละ,สำนักงานสถิติแห่งชาติ
2562,"ไตรมาส 2",ภาคใต้,นอกเขตเทศบาล,"มัธยมศึกษาตอนปลาย สายวิชาการ",100.00,ร้อยละ,สำนักงานสถิติแห่งชาติ
2562,"ไตรมาส 2",ภาคใต้,นอกเขตเทศบาล,"อุดมศึกษา สายวิชาการ",85.43,ร้อยละ,สำนักงานสถิติแห่งชาติ
2562,"ไตรมาส 2",ภาคใต้,นอกเขตเทศบาล,"อุดมศึกษา สายวิชาชีพ",88.10,ร้อยละ,สำนักงานสถิติแห่งชาติ
2562,"ไตรมาส 2",ภาคใต้,นอกเขตเทศบาล,"อุดมศึกษา สายวิชาการศึกษา",82.94,ร้อยละ,สำนักงานสถิติแห่งชาติ
2562,"ไตรมาส 2",ภาคใต้,นอกเขตเทศบาล,การศึกษาอื่นๆ,54.29,ร้อยละ,สำนักงานสถิติแห่งชาติ
2562,"ไตรมาส 2",ภาคใต้,นอกเขตเทศบาล,ไม่ทราบ,84.60,ร้อยละ,สำนักงานสถิติแห่งชาติ
2562,"ไตรมาส 3",ทั่วประเทศ,รวม,รวม,66.21,ร้อยละ,สำนักงานสถิติแห่งชาติ
2562,"ไตรมาส 3",ทั่วประเทศ,รวม,ไม่มีการศึกษา,48.30,ร้อยละ,สำนักงานสถิติแห่งชาติ
2562,"ไตรมาส 3",ทั่วประเทศ,รวม,ต่ำกว่าประถมศึกษา,51.77,ร้อยละ,สำนักงานสถิติแห่งชาติ
2562,"ไตรมาส 3",ทั่วประเทศ,รวม,ประถมศึกษา,74.93,ร้อยละ,สำนักงานสถิติแห่งชาติ
2562,"ไตรมาส 3",ทั่วประเทศ,รวม,มัธยมศึกษาตอนต้น,61.76,ร้อยละ,สำนักงานสถิติแห่งชาติ
2562,"ไตรมาส 3",ทั่วประเทศ,รวม,"มัธยมศึกษาตอนปลาย สายสามัญ",67.82,ร้อยละ,สำนักงานสถิติแห่งชาติ
2562,"ไตรมาส 3",ทั่วประเทศ,รวม,"มัธยมศึกษาตอนปลาย สายอาชีวศึกษา",68.91,ร้อยละ,สำนักงานสถิติแห่งชาติ
2562,"ไตรมาส 3",ทั่วประเทศ,รวม,"มัธยมศึกษาตอนปลาย สายวิชาการ",36.99,ร้อยละ,สำนักงานสถิติแห่งชาติ
2562,"ไตรมาส 3",ทั่วประเทศ,รวม,"อุดมศึกษา สายวิชาการ",82.56,ร้อยละ,สำนักงานสถิติแห่งชาติ
2562,"ไตรมาส 3",ทั่วประเทศ,รวม,"อุดมศึกษา สายวิชาชีพ",84.66,ร้อยละ,สำนักงานสถิติแห่งชาติ
2562,"ไตรมาส 3",ทั่วประเทศ,รวม,"อุดมศึกษา สายวิชาการศึกษา",69.81,ร้อยละ,สำนักงานสถิติแห่งชาติ
2562,"ไตรมาส 3",ทั่วประเทศ,รวม,การศึกษาอื่นๆ,95.97,ร้อยละ,สำนักงานสถิติแห่งชาติ
2562,"ไตรมาส 3",ทั่วประเทศ,รวม,ไม่ทราบ,80.78,ร้อยละ,สำนักงานสถิติแห่งชาติ
2562,"ไตรมาส 3",ทั่วประเทศ,ในเขตเทศบาล,รวม,66.25,ร้อยละ,สำนักงานสถิติแห่งชาติ
2562,"ไตรมาส 3",ทั่วประเทศ,ในเขตเทศบาล,ไม่มีการศึกษา,51.90,ร้อยละ,สำนักงานสถิติแห่งชาติ
2562,"ไตรมาส 3",ทั่วประเทศ,ในเขตเทศบาล,ต่ำกว่าประถมศึกษา,47.98,ร้อยละ,สำนักงานสถิติแห่งชาติ
2562,"ไตรมาส 3",ทั่วประเทศ,ในเขตเทศบาล,ประถมศึกษา,72.27,ร้อยละ,สำนักงานสถิติแห่งชาติ
2562,"ไตรมาส 3",ทั่วประเทศ,ในเขตเทศบาล,มัธยมศึกษาตอนต้น,62.04,ร้อยละ,สำนักงานสถิติแห่งชาติ
2562,"ไตรมาส 3",ทั่วประเทศ,ในเขตเทศบาล,"มัธยมศึกษาตอนปลาย สายสามัญ",63.44,ร้อยละ,สำนักงานสถิติแห่งชาติ
2562,"ไตรมาส 3",ทั่วประเทศ,ในเขตเทศบาล,"มัธยมศึกษาตอนปลาย สายอาชีวศึกษา",68.12,ร้อยละ,สำนักงานสถิติแห่งชาติ
2562,"ไตรมาส 3",ทั่วประเทศ,ในเขตเทศบาล,"มัธยมศึกษาตอนปลาย สายวิชาการ",37.32,ร้อยละ,สำนักงานสถิติแห่งชาติ
2562,"ไตรมาส 3",ทั่วประเทศ,ในเขตเทศบาล,"อุดมศึกษา สายวิชาการ",81.89,ร้อยละ,สำนักงานสถิติแห่งชาติ
2562,"ไตรมาส 3",ทั่วประเทศ,ในเขตเทศบาล,"อุดมศึกษา สายวิชาชีพ",83.28,ร้อยละ,สำนักงานสถิติแห่งชาติ
2562,"ไตรมาส 3",ทั่วประเทศ,ในเขตเทศบาล,"อุดมศึกษา สายวิชาการศึกษา",64.77,ร้อยละ,สำนักงานสถิติแห่งชาติ
2562,"ไตรมาส 3",ทั่วประเทศ,ในเขตเทศบาล,การศึกษาอื่นๆ,96.77,ร้อยละ,สำนักงานสถิติแห่งชาติ
2562,"ไตรมาส 3",ทั่วประเทศ,ในเขตเทศบาล,ไม่ทราบ,81.33,ร้อยละ,สำนักงานสถิติแห่งชาติ
2562,"ไตรมาส 3",ทั่วประเทศ,นอกเขตเทศบาล,รวม,66.18,ร้อยละ,สำนักงานสถิติแห่งชาติ
2562,"ไตรมาส 3",ทั่วประเทศ,นอกเขตเทศบาล,ไม่มีการศึกษา,46.05,ร้อยละ,สำนักงานสถิติแห่งชาติ
2562,"ไตรมาส 3",ทั่วประเทศ,นอกเขตเทศบาล,ต่ำกว่าประถมศึกษา,53.77,ร้อยละ,สำนักงานสถิติแห่งชาติ
2562,"ไตรมาส 3",ทั่วประเทศ,นอกเขตเทศบาล,ประถมศึกษา,76.63,ร้อยละ,สำนักงานสถิติแห่งชาติ
2562,"ไตรมาส 3",ทั่วประเทศ,นอกเขตเทศบาล,มัธยมศึกษาตอนต้น,61.53,ร้อยละ,สำนักงานสถิติแห่งชาติ
2562,"ไตรมาส 3",ทั่วประเทศ,นอกเขตเทศบาล,"มัธยมศึกษาตอนปลาย สายสามัญ",72.31,ร้อยละ,สำนักงานสถิติแห่งชาติ
2562,"ไตรมาส 3",ทั่วประเทศ,นอกเขตเทศบาล,"มัธยมศึกษาตอนปลาย สายอาชีวศึกษา",69.90,ร้อยละ,สำนักงานสถิติแห่งชาติ
2562,"ไตรมาส 3",ทั่วประเทศ,นอกเขตเทศบาล,"มัธยมศึกษาตอนปลาย สายวิชาการ",36.61,ร้อยละ,สำนักงานสถิติแห่งชาติ
2562,"ไตรมาส 3",ทั่วประเทศ,นอกเขตเทศบาล,"อุดมศึกษา สายวิชาการ",84.12,ร้อยละ,สำนักงานสถิติแห่งชาติ
2562,"ไตรมาส 3",ทั่วประเทศ,นอกเขตเทศบาล,"อุดมศึกษา สายวิชาชีพ",86.33,ร้อยละ,สำนักงานสถิติแห่งชาติ
2562,"ไตรมาส 3",ทั่วประเทศ,นอกเขตเทศบาล,"อุดมศึกษา สายวิชาการศึกษา",75.13,ร้อยละ,สำนักงานสถิติแห่งชาติ
2562,"ไตรมาส 3",ทั่วประเทศ,นอกเขตเทศบาล,การศึกษาอื่นๆ,94.59,ร้อยละ,สำนักงานสถิติแห่งชาติ
2562,"ไตรมาส 3",ทั่วประเทศ,นอกเขตเทศบาล,ไม่ทราบ,79.90,ร้อยละ,สำนักงานสถิติแห่งชาติ
2562,"ไตรมาส 3",กรุงเทพมหานคร,ในเขตเทศบาล,รวม,68.78,ร้อยละ,สำนักงานสถิติแห่งชาติ
2562,"ไตรมาส 3",กรุงเทพมหานคร,ในเขตเทศบาล,ไม่มีการศึกษา,52.62,ร้อยละ,สำนักงานสถิติแห่งชาติ
2562,"ไตรมาส 3",กรุงเทพมหานคร,ในเขตเทศบาล,ต่ำกว่าประถมศึกษา,44.69,ร้อยละ,สำนักงานสถิติแห่งชาติ
2562,"ไตรมาส 3",กรุงเทพมหานคร,ในเขตเทศบาล,ประถมศึกษา,72.36,ร้อยละ,สำนักงานสถิติแห่งชาติ
2562,"ไตรมาส 3",กรุงเทพมหานคร,ในเขตเทศบาล,มัธยมศึกษาตอนต้น,67.06,ร้อยละ,สำนักงานสถิติแห่งชาติ
2562,"ไตรมาส 3",กรุงเทพมหานคร,ในเขตเทศบาล,"มัธยมศึกษาตอนปลาย สายสามัญ",59.61,ร้อยละ,สำนักงานสถิติแห่งชาติ
2562,"ไตรมาส 3",กรุงเทพมหานคร,ในเขตเทศบาล,"มัธยมศึกษาตอนปลาย สายอาชีวศึกษา",68.34,ร้อยละ,สำนักงานสถิติแห่งชาติ
2562,"ไตรมาส 3",กรุงเทพมหานคร,ในเขตเทศบาล,"มัธยมศึกษาตอนปลาย สายวิชาการ",40.44,ร้อยละ,สำนักงานสถิติแห่งชาติ
2562,"ไตรมาส 3",กรุงเทพมหานคร,ในเขตเทศบาล,"อุดมศึกษา สายวิชาการ",80.41,ร้อยละ,สำนักงานสถิติแห่งชาติ
2562,"ไตรมาส 3",กรุงเทพมหานคร,ในเขตเทศบาล,"อุดมศึกษา สายวิชาชีพ",79.09,ร้อยละ,สำนักงานสถิติแห่งชาติ
2562,"ไตรมาส 3",กรุงเทพมหานคร,ในเขตเทศบาล,"อุดมศึกษา สายวิชาการศึกษา",63.68,ร้อยละ,สำนักงานสถิติแห่งชาติ
2562,"ไตรมาส 3",กรุงเทพมหานคร,ในเขตเทศบาล,การศึกษาอื่นๆ,.00,ร้อยละ,สำนักงานสถิติแห่งชาติ
2562,"ไตรมาส 3",กรุงเทพมหานคร,ในเขตเทศบาล,ไม่ทราบ,69.10,ร้อยละ,สำนักงานสถิติแห่งชาติ
2562,"ไตรมาส 3",ภาคกลาง,รวม,รวม,68.52,ร้อยละ,สำนักงานสถิติแห่งชาติ
2562,"ไตรมาส 3",ภาคกลาง,รวม,ไม่มีการศึกษา,58.15,ร้อยละ,สำนักงานสถิติแห่งชาติ
2562,"ไตรมาส 3",ภาคกลาง,รวม,ต่ำกว่าประถมศึกษา,48.09,ร้อยละ,สำนักงานสถิติแห่งชาติ
2562,"ไตรมาส 3",ภาคกลาง,รวม,ประถมศึกษา,73.03,ร้อยละ,สำนักงานสถิติแห่งชาติ
2562,"ไตรมาส 3",ภาคกลาง,รวม,มัธยมศึกษาตอนต้น,67.58,ร้อยละ,สำนักงานสถิติแห่งชาติ
2562,"ไตรมาส 3",ภาคกลาง,รวม,"มัธยมศึกษาตอนปลาย สายสามัญ",69.75,ร้อยละ,สำนักงานสถิติแห่งชาติ
2562,"ไตรมาส 3",ภาคกลาง,รวม,"มัธยมศึกษาตอนปลาย สายอาชีวศึกษา",73.70,ร้อยละ,สำนักงานสถิติแห่งชาติ
2562,"ไตรมาส 3",ภาคกลาง,รวม,"มัธยมศึกษาตอนปลาย สายวิชาการ",22.44,ร้อยละ,สำนักงานสถิติแห่งชาติ
2562,"ไตรมาส 3",ภาคกลาง,รวม,"อุดมศึกษา สายวิชาการ",83.13,ร้อยละ,สำนักงานสถิติแห่งชาติ
2562,"ไตรมาส 3",ภาคกลาง,รวม,"อุดมศึกษา สายวิชาชีพ",87.33,ร้อยละ,สำนักงานสถิติแห่งชาติ
2562,"ไตรมาส 3",ภาคกลาง,รวม,"อุดมศึกษา สายวิชาการศึกษา",66.93,ร้อยละ,สำนักงานสถิติแห่งชาติ
2562,"ไตรมาส 3",ภาคกลาง,รวม,การศึกษาอื่นๆ,99.37,ร้อยละ,สำนักงานสถิติแห่งชาติ
2562,"ไตรมาส 3",ภาคกลาง,รวม,ไม่ทราบ,84.23,ร้อยละ,สำนักงานสถิติแห่งชาติ
2562,"ไตรมาส 3",ภาคกลาง,ในเขตเทศบาล,รวม,68.66,ร้อยละ,สำนักงานสถิติแห่งชาติ
2562,"ไตรมาส 3",ภาคกลาง,ในเขตเทศบาล,ไม่มีการศึกษา,64.79,ร้อยละ,สำนักงานสถิติแห่งชาติ
2562,"ไตรมาส 3",ภาคกลาง,ในเขตเทศบาล,ต่ำกว่าประถมศึกษา,45.66,ร้อยละ,สำนักงานสถิติแห่งชาติ
2562,"ไตรมาส 3",ภาคกลาง,ในเขตเทศบาล,ประถมศึกษา,71.09,ร้อยละ,สำนักงานสถิติแห่งชาติ
2562,"ไตรมาส 3",ภาคกลาง,ในเขตเทศบาล,มัธยมศึกษาตอนต้น,67.08,ร้อยละ,สำนักงานสถิติแห่งชาติ
2562,"ไตรมาส 3",ภาคกลาง,ในเขตเทศบาล,"มัธยมศึกษาตอนปลาย สายสามัญ",67.47,ร้อยละ,สำนักงานสถิติแห่งชาติ
2562,"ไตรมาส 3",ภาคกลาง,ในเขตเทศบาล,"มัธยมศึกษาตอนปลาย สายอาชีวศึกษา",70.94,ร้อยละ,สำนักงานสถิติแห่งชาติ
2562,"ไตรมาส 3",ภาคกลาง,ในเขตเทศบาล,"มัธยมศึกษาตอนปลาย สายวิชาการ",39.58,ร้อยละ,สำนักงานสถิติแห่งชาติ
2562,"ไตรมาส 3",ภาคกลาง,ในเขตเทศบาล,"อุดมศึกษา สายวิชาการ",83.91,ร้อยละ,สำนักงานสถิติแห่งชาติ
2562,"ไตรมาส 3",ภาคกลาง,ในเขตเทศบาล,"อุดมศึกษา สายวิชาชีพ",86.13,ร้อยละ,สำนักงานสถิติแห่งชาติ
2562,"ไตรมาส 3",ภาคกลาง,ในเขตเทศบาล,"อุดมศึกษา สายวิชาการศึกษา",61.77,ร้อยละ,สำนักงานสถิติแห่งชาติ
2562,"ไตรมาส 3",ภาคกลาง,ในเขตเทศบาล,การศึกษาอื่นๆ,99.05,ร้อยละ,สำนักงานสถิติแห่งชาติ
2562,"ไตรมาส 3",ภาคกลาง,ในเขตเทศบาล,ไม่ทราบ,85.19,ร้อยละ,สำนักงานสถิติแห่งชาติ
2562,"ไตรมาส 3",ภาคกลาง,นอกเขตเทศบาล,รวม,68.40,ร้อยละ,สำนักงานสถิติแห่งชาติ
2562,"ไตรมาส 3",ภาคกลาง,นอกเขตเทศบาล,ไม่มีการศึกษา,52.00,ร้อยละ,สำนักงานสถิติแห่งชาติ
2562,"ไตรมาส 3",ภาคกลาง,นอกเขตเทศบาล,ต่ำกว่าประถมศึกษา,49.57,ร้อยละ,สำนักงานสถิติแห่งชาติ
2562,"ไตรมาส 3",ภาคกลาง,นอกเขตเทศบาล,ประถมศึกษา,74.41,ร้อยละ,สำนักงานสถิติแห่งชาติ
2562,"ไตรมาส 3",ภาคกลาง,นอกเขตเทศบาล,มัธยมศึกษาตอนต้น,68.02,ร้อยละ,สำนักงานสถิติแห่งชาติ
2562,"ไตรมาส 3",ภาคกลาง,นอกเขตเทศบาล,"มัธยมศึกษาตอนปลาย สายสามัญ",71.98,ร้อยละ,สำนักงานสถิติแห่งชาติ
2562,"ไตรมาส 3",ภาคกลาง,นอกเขตเทศบาล,"มัธยมศึกษาตอนปลาย สายอาชีวศึกษา",76.44,ร้อยละ,สำนักงานสถิติแห่งชาติ
2562,"ไตรมาส 3",ภาคกลาง,นอกเขตเทศบาล,"มัธยมศึกษาตอนปลาย สายวิชาการ",.00,ร้อยละ,สำนักงานสถิติแห่งชาติ
2562,"ไตรมาส 3",ภาคกลาง,นอกเขตเทศบาล,"อุดมศึกษา สายวิชาการ",82.12,ร้อยละ,สำนักงานสถิติแห่งชาติ
2562,"ไตรมาส 3",ภาคกลาง,นอกเขตเทศบาล,"อุดมศึกษา สายวิชาชีพ",88.52,ร้อยละ,สำนักงานสถิติแห่งชาติ
2562,"ไตรมาส 3",ภาคกลาง,นอกเขตเทศบาล,"อุดมศึกษา สายวิชาการศึกษา",71.82,ร้อยละ,สำนักงานสถิติแห่งชาติ
2562,"ไตรมาส 3",ภาคกลาง,นอกเขตเทศบาล,การศึกษาอื่นๆ,100.00,ร้อยละ,สำนักงานสถิติแห่งชาติ
2562,"ไตรมาส 3",ภาคกลาง,นอกเขตเทศบาล,ไม่ทราบ,82.86,ร้อยละ,สำนักงานสถิติแห่งชาติ
2562,"ไตรมาส 3",ภาคเหนือ,รวม,รวม,64.38,ร้อยละ,สำนักงานสถิติแห่งชาติ
2562,"ไตรมาส 3",ภาคเหนือ,รวม,ไม่มีการศึกษา,49.01,ร้อยละ,สำนักงานสถิติแห่งชาติ
2562,"ไตรมาส 3",ภาคเหนือ,รวม,ต่ำกว่าประถมศึกษา,55.86,ร้อยละ,สำนักงานสถิติแห่งชาติ
2562,"ไตรมาส 3",ภาคเหนือ,รวม,ประถมศึกษา,76.21,ร้อยละ,สำนักงานสถิติแห่งชาติ
2562,"ไตรมาส 3",ภาคเหนือ,รวม,มัธยมศึกษาตอนต้น,58.56,ร้อยละ,สำนักงานสถิติแห่งชาติ
2562,"ไตรมาส 3",ภาคเหนือ,รวม,"มัธยมศึกษาตอนปลาย สายสามัญ",67.48,ร้อยละ,สำนักงานสถิติแห่งชาติ
2562,"ไตรมาส 3",ภาคเหนือ,รวม,"มัธยมศึกษาตอนปลาย สายอาชีวศึกษา",63.50,ร้อยละ,สำนักงานสถิติแห่งชาติ
2562,"ไตรมาส 3",ภาคเหนือ,รวม,"มัธยมศึกษาตอนปลาย สายวิชาการ",26.04,ร้อยละ,สำนักงานสถิติแห่งชาติ
2562,"ไตรมาส 3",ภาคเหนือ,รวม,"อุดมศึกษา สายวิชาการ",82.99,ร้อยละ,สำนักงานสถิติแห่งชาติ
2562,"ไตรมาส 3",ภาคเหนือ,รวม,"อุดมศึกษา สายวิชาชีพ",87.18,ร้อยละ,สำนักงานสถิติแห่งชาติ
2562,"ไตรมาส 3",ภาคเหนือ,รวม,"อุดมศึกษา สายวิชาการศึกษา",71.95,ร้อยละ,สำนักงานสถิติแห่งชาติ
2562,"ไตรมาส 3",ภาคเหนือ,รวม,การศึกษาอื่นๆ,72.57,ร้อยละ,สำนักงานสถิติแห่งชาติ
2562,"ไตรมาส 3",ภาคเหนือ,รวม,ไม่ทราบ,52.58,ร้อยละ,สำนักงานสถิติแห่งชาติ
2562,"ไตรมาส 3",ภาคเหนือ,ในเขตเทศบาล,รวม,62.33,ร้อยละ,สำนักงานสถิติแห่งชาติ
2562,"ไตรมาส 3",ภาคเหนือ,ในเขตเทศบาล,ไม่มีการศึกษา,42.47,ร้อยละ,สำนักงานสถิติแห่งชาติ
2562,"ไตรมาส 3",ภาคเหนือ,ในเขตเทศบาล,ต่ำกว่าประถมศึกษา,53.07,ร้อยละ,สำนักงานสถิติแห่งชาติ
2562,"ไตรมาส 3",ภาคเหนือ,ในเขตเทศบาล,ประถมศึกษา,72.25,ร้อยละ,สำนักงานสถิติแห่งชาติ
2562,"ไตรมาส 3",ภาคเหนือ,ในเขตเทศบาล,มัธยมศึกษาตอนต้น,53.33,ร้อยละ,สำนักงานสถิติแห่งชาติ
2562,"ไตรมาส 3",ภาคเหนือ,ในเขตเทศบาล,"มัธยมศึกษาตอนปลาย สายสามัญ",62.52,ร้อยละ,สำนักงานสถิติแห่งชาติ
2562,"ไตรมาส 3",ภาคเหนือ,ในเขตเทศบาล,"มัธยมศึกษาตอนปลาย สายอาชีวศึกษา",61.12,ร้อยละ,สำนักงานสถิติแห่งชาติ
2562,"ไตรมาส 3",ภาคเหนือ,ในเขตเทศบาล,"มัธยมศึกษาตอนปลาย สายวิชาการ",26.20,ร้อยละ,สำนักงานสถิติแห่งชาติ
2562,"ไตรมาส 3",ภาคเหนือ,ในเขตเทศบาล,"อุดมศึกษา สายวิชาการ",81.58,ร้อยละ,สำนักงานสถิติแห่งชาติ
2562,"ไตรมาส 3",ภาคเหนือ,ในเขตเทศบาล,"อุดมศึกษา สายวิชาชีพ",85.42,ร้อยละ,สำนักงานสถิติแห่งชาติ
2562,"ไตรมาส 3",ภาคเหนือ,ในเขตเทศบาล,"อุดมศึกษา สายวิชาการศึกษา",63.72,ร้อยละ,สำนักงานสถิติแห่งชาติ
2562,"ไตรมาส 3",ภาคเหนือ,ในเขตเทศบาล,การศึกษาอื่นๆ,73.93,ร้อยละ,สำนักงานสถิติแห่งชาติ
2562,"ไตรมาส 3",ภาคเหนือ,ในเขตเทศบาล,ไม่ทราบ,65.03,ร้อยละ,สำนักงานสถิติแห่งชาติ
2562,"ไตรมาส 3",ภาคเหนือ,นอกเขตเทศบาล,รวม,65.49,ร้อยละ,สำนักงานสถิติแห่งชาติ
2562,"ไตรมาส 3",ภาคเหนือ,นอกเขตเทศบาล,ไม่มีการศึกษา,51.09,ร้อยละ,สำนักงานสถิติแห่งชาติ
2562,"ไตรมาส 3",ภาคเหนือ,นอกเขตเทศบาล,ต่ำกว่าประถมศึกษา,57.10,ร้อยละ,สำนักงานสถิติแห่งชาติ
2562,"ไตรมาส 3",ภาคเหนือ,นอกเขตเทศบาล,ประถมศึกษา,77.86,ร้อยละ,สำนักงานสถิติแห่งชาติ
2562,"ไตรมาส 3",ภาคเหนือ,นอกเขตเทศบาล,มัธยมศึกษาตอนต้น,61.29,ร้อยละ,สำนักงานสถิติแห่งชาติ
2562,"ไตรมาส 3",ภาคเหนือ,นอกเขตเทศบาล,"มัธยมศึกษาตอนปลาย สายสามัญ",70.77,ร้อยละ,สำนักงานสถิติแห่งชาติ
2562,"ไตรมาส 3",ภาคเหนือ,นอกเขตเทศบาล,"มัธยมศึกษาตอนปลาย สายอาชีวศึกษา",65.44,ร้อยละ,สำนักงานสถิติแห่งชาติ
2562,"ไตรมาส 3",ภาคเหนือ,นอกเขตเทศบาล,"มัธยมศึกษาตอนปลาย สายวิชาการ",26.01,ร้อยละ,สำนักงานสถิติแห่งชาติ
2562,"ไตรมาส 3",ภาคเหนือ,นอกเขตเทศบาล,"อุดมศึกษา สายวิชาการ",84.73,ร้อยละ,สำนักงานสถิติแห่งชาติ
2562,"ไตรมาส 3",ภาคเหนือ,นอกเขตเทศบาล,"อุดมศึกษา สายวิชาชีพ",88.77,ร้อยละ,สำนักงานสถิติแห่งชาติ
2562,"ไตรมาส 3",ภาคเหนือ,นอกเขตเทศบาล,"อุดมศึกษา สายวิชาการศึกษา",80.50,ร้อยละ,สำนักงานสถิติแห่งชาติ
2562,"ไตรมาส 3",ภาคเหนือ,นอกเขตเทศบาล,การศึกษาอื่นๆ,70.52,ร้อยละ,สำนักงานสถิติแห่งชาติ
2562,"ไตรมาส 3",ภาคเหนือ,นอกเขตเทศบาล,ไม่ทราบ,50.87,ร้อยละ,สำนักงานสถิติแห่งชาติ
2562,"ไตรมาส 3",ภาคตะวันออกเฉียงเหนือ,รวม,รวม,62.96,ร้อยละ,สำนักงานสถิติแห่งชาติ
2562,"ไตรมาส 3",ภาคตะวันออกเฉียงเหนือ,รวม,ไม่มีการศึกษา,25.61,ร้อยละ,สำนักงานสถิติแห่งชาติ
2562,"ไตรมาส 3",ภาคตะวันออกเฉียงเหนือ,รวม,ต่ำกว่าประถมศึกษา,52.25,ร้อยละ,สำนักงานสถิติแห่งชาติ
2562,"ไตรมาส 3",ภาคตะวันออกเฉียงเหนือ,รวม,ประถมศึกษา,77.26,ร้อยละ,สำนักงานสถิติแห่งชาติ
2562,"ไตรมาส 3",ภาคตะวันออกเฉียงเหนือ,รวม,มัธยมศึกษาตอนต้น,55.25,ร้อยละ,สำนักงานสถิติแห่งชาติ
2562,"ไตรมาส 3",ภาคตะวันออกเฉียงเหนือ,รวม,"มัธยมศึกษาตอนปลาย สายสามัญ",67.86,ร้อยละ,สำนักงานสถิติแห่งชาติ
2562,"ไตรมาส 3",ภาคตะวันออกเฉียงเหนือ,รวม,"มัธยมศึกษาตอนปลาย สายอาชีวศึกษา",59.38,ร้อยละ,สำนักงานสถิติแห่งชาติ
2562,"ไตรมาส 3",ภาคตะวันออกเฉียงเหนือ,รวม,"มัธยมศึกษาตอนปลาย สายวิชาการ",26.10,ร้อยละ,สำนักงานสถิติแห่งชาติ
2562,"ไตรมาส 3",ภาคตะวันออกเฉียงเหนือ,รวม,"อุดมศึกษา สายวิชาการ",85.16,ร้อยละ,สำนักงานสถิติแห่งชาติ
2562,"ไตรมาส 3",ภาคตะวันออกเฉียงเหนือ,รวม,"อุดมศึกษา สายวิชาชีพ",82.81,ร้อยละ,สำนักงานสถิติแห่งชาติ
2562,"ไตรมาส 3",ภาคตะวันออกเฉียงเหนือ,รวม,"อุดมศึกษา สายวิชาการศึกษา",71.42,ร้อยละ,สำนักงานสถิติแห่งชาติ
2562,"ไตรมาส 3",ภาคตะวันออกเฉียงเหนือ,รวม,การศึกษาอื่นๆ,100.00,ร้อยละ,สำนักงานสถิติแห่งชาติ
2562,"ไตรมาส 3",ภาคตะวันออกเฉียงเหนือ,รวม,ไม่ทราบ,54.05,ร้อยละ,สำนักงานสถิติแห่งชาติ
2562,"ไตรมาส 3",ภาคตะวันออกเฉียงเหนือ,ในเขตเทศบาล,รวม,60.41,ร้อยละ,สำนักงานสถิติแห่งชาติ
2562,"ไตรมาส 3",ภาคตะวันออกเฉียงเหนือ,ในเขตเทศบาล,ไม่มีการศึกษา,29.99,ร้อยละ,สำนักงานสถิติแห่งชาติ
2562,"ไตรมาส 3",ภาคตะวันออกเฉียงเหนือ,ในเขตเทศบาล,ต่ำกว่าประถมศึกษา,48.28,ร้อยละ,สำนักงานสถิติแห่งชาติ
2562,"ไตรมาส 3",ภาคตะวันออกเฉียงเหนือ,ในเขตเทศบาล,ประถมศึกษา,73.24,ร้อยละ,สำนักงานสถิติแห่งชาติ
2562,"ไตรมาส 3",ภาคตะวันออกเฉียงเหนือ,ในเขตเทศบาล,มัธยมศึกษาตอนต้น,51.74,ร้อยละ,สำนักงานสถิติแห่งชาติ
2562,"ไตรมาส 3",ภาคตะวันออกเฉียงเหนือ,ในเขตเทศบาล,"มัธยมศึกษาตอนปลาย สายสามัญ",60.28,ร้อยละ,สำนักงานสถิติแห่งชาติ
2562,"ไตรมาส 3",ภาคตะวันออกเฉียงเหนือ,ในเขตเทศบาล,"มัธยมศึกษาตอนปลาย สายอาชีวศึกษา",60.78,ร้อยละ,สำนักงานสถิติแห่งชาติ
2562,"ไตรมาส 3",ภาคตะวันออกเฉียงเหนือ,ในเขตเทศบาล,"มัธยมศึกษาตอนปลาย สายวิชาการ",33.59,ร้อยละ,สำนักงานสถิติแห่งชาติ
2562,"ไตรมาส 3",ภาคตะวันออกเฉียงเหนือ,ในเขตเทศบาล,"อุดมศึกษา สายวิชาการ",83.78,ร้อยละ,สำนักงานสถิติแห่งชาติ
2562,"ไตรมาส 3",ภาคตะวันออกเฉียงเหนือ,ในเขตเทศบาล,"อุดมศึกษา สายวิชาชีพ",83.11,ร้อยละ,สำนักงานสถิติแห่งชาติ
2562,"ไตรมาส 3",ภาคตะวันออกเฉียงเหนือ,ในเขตเทศบาล,"อุดมศึกษา สายวิชาการศึกษา",67.71,ร้อยละ,สำนักงานสถิติแห่งชาติ
2562,"ไตรมาส 3",ภาคตะวันออกเฉียงเหนือ,ในเขตเทศบาล,การศึกษาอื่นๆ,100.00,ร้อยละ,สำนักงานสถิติแห่งชาติ
2562,"ไตรมาส 3",ภาคตะวันออกเฉียงเหนือ,ในเขตเทศบาล,ไม่ทราบ,50.84,ร้อยละ,สำนักงานสถิติแห่งชาติ
2562,"ไตรมาส 3",ภาคตะวันออกเฉียงเหนือ,นอกเขตเทศบาล,รวม,64.02,ร้อยละ,สำนักงานสถิติแห่งชาติ
2562,"ไตรมาส 3",ภาคตะวันออกเฉียงเหนือ,นอกเขตเทศบาล,ไม่มีการศึกษา,23.91,ร้อยละ,สำนักงานสถิติแห่งชาติ
2562,"ไตรมาส 3",ภาคตะวันออกเฉียงเหนือ,นอกเขตเทศบาล,ต่ำกว่าประถมศึกษา,53.68,ร้อยละ,สำนักงานสถิติแห่งชาติ
2562,"ไตรมาส 3",ภาคตะวันออกเฉียงเหนือ,นอกเขตเทศบาล,ประถมศึกษา,78.66,ร้อยละ,สำนักงานสถิติแห่งชาติ
2562,"ไตรมาส 3",ภาคตะวันออกเฉียงเหนือ,นอกเขตเทศบาล,มัธยมศึกษาตอนต้น,56.53,ร้อยละ,สำนักงานสถิติแห่งชาติ
2562,"ไตรมาส 3",ภาคตะวันออกเฉียงเหนือ,นอกเขตเทศบาล,"มัธยมศึกษาตอนปลาย สายสามัญ",72.02,ร้อยละ,สำนักงานสถิติแห่งชาติ
2562,"ไตรมาส 3",ภาคตะวันออกเฉียงเหนือ,นอกเขตเทศบาล,"มัธยมศึกษาตอนปลาย สายอาชีวศึกษา",58.73,ร้อยละ,สำนักงานสถิติแห่งชาติ
2562,"ไตรมาส 3",ภาคตะวันออกเฉียงเหนือ,นอกเขตเทศบาล,"มัธยมศึกษาตอนปลาย สายวิชาการ",.00,ร้อยละ,สำนักงานสถิติแห่งชาติ
2562,"ไตรมาส 3",ภาคตะวันออกเฉียงเหนือ,นอกเขตเทศบาล,"อุดมศึกษา สายวิชาการ",86.50,ร้อยละ,สำนักงานสถิติแห่งชาติ
2562,"ไตรมาส 3",ภาคตะวันออกเฉียงเหนือ,นอกเขตเทศบาล,"อุดมศึกษา สายวิชาชีพ",82.61,ร้อยละ,สำนักงานสถิติแห่งชาติ
2562,"ไตรมาส 3",ภาคตะวันออกเฉียงเหนือ,นอกเขตเทศบาล,"อุดมศึกษา สายวิชาการศึกษา",73.75,ร้อยละ,สำนักงานสถิติแห่งชาติ
2562,"ไตรมาส 3",ภาคตะวันออกเฉียงเหนือ,นอกเขตเทศบาล,การศึกษาอื่นๆ,.00,ร้อยละ,สำนักงานสถิติแห่งชาติ
2562,"ไตรมาส 3",ภาคตะวันออกเฉียงเหนือ,นอกเขตเทศบาล,ไม่ทราบ,55.30,ร้อยละ,สำนักงานสถิติแห่งชาติ
2562,"ไตรมาส 3",ภาคใต้,รวม,รวม,67.18,ร้อยละ,สำนักงานสถิติแห่งชาติ
2562,"ไตรมาส 3",ภาคใต้,รวม,ไม่มีการศึกษา,43.01,ร้อยละ,สำนักงานสถิติแห่งชาติ
2562,"ไตรมาส 3",ภาคใต้,รวม,ต่ำกว่าประถมศึกษา,53.65,ร้อยละ,สำนักงานสถิติแห่งชาติ
2562,"ไตรมาส 3",ภาคใต้,รวม,ประถมศึกษา,74.41,ร้อยละ,สำนักงานสถิติแห่งชาติ
2562,"ไตรมาส 3",ภาคใต้,รวม,มัธยมศึกษาตอนต้น,58.99,ร้อยละ,สำนักงานสถิติแห่งชาติ
2562,"ไตรมาส 3",ภาคใต้,รวม,"มัธยมศึกษาตอนปลาย สายสามัญ",73.09,ร้อยละ,สำนักงานสถิติแห่งชาติ
2562,"ไตรมาส 3",ภาคใต้,รวม,"มัธยมศึกษาตอนปลาย สายอาชีวศึกษา",73.92,ร้อยละ,สำนักงานสถิติแห่งชาติ
2562,"ไตรมาส 3",ภาคใต้,รวม,"มัธยมศึกษาตอนปลาย สายวิชาการ",77.82,ร้อยละ,สำนักงานสถิติแห่งชาติ
2562,"ไตรมาส 3",ภาคใต้,รวม,"อุดมศึกษา สายวิชาการ",84.91,ร้อยละ,สำนักงานสถิติแห่งชาติ
2562,"ไตรมาส 3",ภาคใต้,รวม,"อุดมศึกษา สายวิชาชีพ",83.44,ร้อยละ,สำนักงานสถิติแห่งชาติ
2562,"ไตรมาส 3",ภาคใต้,รวม,"อุดมศึกษา สายวิชาการศึกษา",74.26,ร้อยละ,สำนักงานสถิติแห่งชาติ
2562,"ไตรมาส 3",ภาคใต้,รวม,การศึกษาอื่นๆ,66.72,ร้อยละ,สำนักงานสถิติแห่งชาติ
2562,"ไตรมาส 3",ภาคใต้,รวม,ไม่ทราบ,80.21,ร้อยละ,สำนักงานสถิติแห่งชาติ
2562,"ไตรมาส 3",ภาคใต้,ในเขตเทศบาล,รวม,66.43,ร้อยละ,สำนักงานสถิติแห่งชาติ
2562,"ไตรมาส 3",ภาคใต้,ในเขตเทศบาล,ไม่มีการศึกษา,44.78,ร้อยละ,สำนักงานสถิติแห่งชาติ
2562,"ไตรมาส 3",ภาคใต้,ในเขตเทศบาล,ต่ำกว่าประถมศึกษา,48.70,ร้อยละ,สำนักงานสถิติแห่งชาติ
2562,"ไตรมาส 3",ภาคใต้,ในเขตเทศบาล,ประถมศึกษา,73.52,ร้อยละ,สำนักงานสถิติแห่งชาติ
2562,"ไตรมาส 3",ภาคใต้,ในเขตเทศบาล,มัธยมศึกษาตอนต้น,57.39,ร้อยละ,สำนักงานสถิติแห่งชาติ
2562,"ไตรมาส 3",ภาคใต้,ในเขตเทศบาล,"มัธยมศึกษาตอนปลาย สายสามัญ",69.66,ร้อยละ,สำนักงานสถิติแห่งชาติ
2562,"ไตรมาส 3",ภาคใต้,ในเขตเทศบาล,"มัธยมศึกษาตอนปลาย สายอาชีวศึกษา",72.79,ร้อยละ,สำนักงานสถิติแห่งชาติ
2562,"ไตรมาส 3",ภาคใต้,ในเขตเทศบาล,"มัธยมศึกษาตอนปลาย สายวิชาการ",31.32,ร้อยละ,สำนักงานสถิติแห่งชาติ
2562,"ไตรมาส 3",ภาคใต้,ในเขตเทศบาล,"อุดมศึกษา สายวิชาการ",83.92,ร้อยละ,สำนักงานสถิติแห่งชาติ
2562,"ไตรมาส 3",ภาคใต้,ในเขตเทศบาล,"อุดมศึกษา สายวิชาชีพ",82.94,ร้อยละ,สำนักงานสถิติแห่งชาติ
2562,"ไตรมาส 3",ภาคใต้,ในเขตเทศบาล,"อุดมศึกษา สายวิชาการศึกษา",69.32,ร้อยละ,สำนักงานสถิติแห่งชาติ
2562,"ไตรมาส 3",ภาคใต้,ในเขตเทศบาล,การศึกษาอื่นๆ,44.46,ร้อยละ,สำนักงานสถิติแห่งชาติ
2562,"ไตรมาส 3",ภาคใต้,ในเขตเทศบาล,ไม่ทราบ,77.58,ร้อยละ,สำนักงานสถิติแห่งชาติ
2562,"ไตรมาส 3",ภาคใต้,นอกเขตเทศบาล,รวม,67.56,ร้อยละ,สำนักงานสถิติแห่งชาติ
2562,"ไตรมาส 3",ภาคใต้,นอกเขตเทศบาล,ไม่มีการศึกษา,42.32,ร้อยละ,สำนักงานสถิติแห่งชาติ
2562,"ไตรมาส 3",ภาคใต้,นอกเขตเทศบาล,ต่ำกว่าประถมศึกษา,55.72,ร้อยละ,สำนักงานสถิติแห่งชาติ
2562,"ไตรมาส 3",ภาคใต้,นอกเขตเทศบาล,ประถมศึกษา,74.75,ร้อยละ,สำนักงานสถิติแห่งชาติ
2562,"ไตรมาส 3",ภาคใต้,นอกเขตเทศบาล,มัธยมศึกษาตอนต้น,59.78,ร้อยละ,สำนักงานสถิติแห่งชาติ
2562,"ไตรมาส 3",ภาคใต้,นอกเขตเทศบาล,"มัธยมศึกษาตอนปลาย สายสามัญ",75.02,ร้อยละ,สำนักงานสถิติแห่งชาติ
2562,"ไตรมาส 3",ภาคใต้,นอกเขตเทศบาล,"มัธยมศึกษาตอนปลาย สายอาชีวศึกษา",74.80,ร้อยละ,สำนักงานสถิติแห่งชาติ
2562,"ไตรมาส 3",ภาคใต้,นอกเขตเทศบาล,"มัธยมศึกษาตอนปลาย สายวิชาการ",100.00,ร้อยละ,สำนักงานสถิติแห่งชาติ
2562,"ไตรมาส 3",ภาคใต้,นอกเขตเทศบาล,"อุดมศึกษา สายวิชาการ",85.82,ร้อยละ,สำนักงานสถิติแห่งชาติ
2562,"ไตรมาส 3",ภาคใต้,นอกเขตเทศบาล,"อุดมศึกษา สายวิชาชีพ",83.81,ร้อยละ,สำนักงานสถิติแห่งชาติ
2562,"ไตรมาส 3",ภาคใต้,นอกเขตเทศบาล,"อุดมศึกษา สายวิชาการศึกษา",78.00,ร้อยละ,สำนักงานสถิติแห่งชาติ
2562,"ไตรมาส 3",ภาคใต้,นอกเขตเทศบาล,การศึกษาอื่นๆ,70.20,ร้อยละ,สำนักงานสถิติแห่งชาติ
2562,"ไตรมาส 3",ภาคใต้,นอกเขตเทศบาล,ไม่ทราบ,85.69,ร้อยละ,สำนักงานสถิติแห่งชาติ
2562,"ไตรมาส 4",ทั่วประเทศ,รวม,รวม,66.13,ร้อยละ,สำนักงานสถิติแห่งชาติ
2562,"ไตรมาส 4",ทั่วประเทศ,รวม,ไม่มีการศึกษา,47.40,ร้อยละ,สำนักงานสถิติแห่งชาติ
2562,"ไตรมาส 4",ทั่วประเทศ,รวม,ต่ำกว่าประถมศึกษา,50.70,ร้อยละ,สำนักงานสถิติแห่งชาติ
2562,"ไตรมาส 4",ทั่วประเทศ,รวม,ประถมศึกษา,74.61,ร้อยละ,สำนักงานสถิติแห่งชาติ
2562,"ไตรมาส 4",ทั่วประเทศ,รวม,มัธยมศึกษาตอนต้น,62.43,ร้อยละ,สำนักงานสถิติแห่งชาติ
2562,"ไตรมาส 4",ทั่วประเทศ,รวม,"มัธยมศึกษาตอนปลาย สายสามัญ",68.95,ร้อยละ,สำนักงานสถิติแห่งชาติ
2562,"ไตรมาส 4",ทั่วประเทศ,รวม,"มัธยมศึกษาตอนปลาย สายอาชีวศึกษา",68.91,ร้อยละ,สำนักงานสถิติแห่งชาติ
2562,"ไตรมาส 4",ทั่วประเทศ,รวม,"มัธยมศึกษาตอนปลาย สายวิชาการ",51.80,ร้อยละ,สำนักงานสถิติแห่งชาติ
2562,"ไตรมาส 4",ทั่วประเทศ,รวม,"อุดมศึกษา สายวิชาการ",82.00,ร้อยละ,สำนักงานสถิติแห่งชาติ
2562,"ไตรมาส 4",ทั่วประเทศ,รวม,"อุดมศึกษา สายวิชาชีพ",84.23,ร้อยละ,สำนักงานสถิติแห่งชาติ
2562,"ไตรมาส 4",ทั่วประเทศ,รวม,"อุดมศึกษา สายวิชาการศึกษา",67.90,ร้อยละ,สำนักงานสถิติแห่งชาติ
2562,"ไตรมาส 4",ทั่วประเทศ,รวม,การศึกษาอื่นๆ,94.91,ร้อยละ,สำนักงานสถิติแห่งชาติ
2562,"ไตรมาส 4",ทั่วประเทศ,รวม,ไม่ทราบ,81.86,ร้อยละ,สำนักงานสถิติแห่งชาติ
2562,"ไตรมาส 4",ทั่วประเทศ,ในเขตเทศบาล,รวม,66.53,ร้อยละ,สำนักงานสถิติแห่งชาติ
2562,"ไตรมาส 4",ทั่วประเทศ,ในเขตเทศบาล,ไม่มีการศึกษา,51.17,ร้อยละ,สำนักงานสถิติแห่งชาติ
2562,"ไตรมาส 4",ทั่วประเทศ,ในเขตเทศบาล,ต่ำกว่าประถมศึกษา,47.24,ร้อยละ,สำนักงานสถิติแห่งชาติ
2562,"ไตรมาส 4",ทั่วประเทศ,ในเขตเทศบาล,ประถมศึกษา,72.96,ร้อยละ,สำนักงานสถิติแห่งชาติ
2562,"ไตรมาส 4",ทั่วประเทศ,ในเขตเทศบาล,มัธยมศึกษาตอนต้น,62.92,ร้อยละ,สำนักงานสถิติแห่งชาติ
2562,"ไตรมาส 4",ทั่วประเทศ,ในเขตเทศบาล,"มัธยมศึกษาตอนปลาย สายสามัญ",64.27,ร้อยละ,สำนักงานสถิติแห่งชาติ
2562,"ไตรมาส 4",ทั่วประเทศ,ในเขตเทศบาล,"มัธยมศึกษาตอนปลาย สายอาชีวศึกษา",68.57,ร้อยละ,สำนักงานสถิติแห่งชาติ
2562,"ไตรมาส 4",ทั่วประเทศ,ในเขตเทศบาล,"มัธยมศึกษาตอนปลาย สายวิชาการ",37.21,ร้อยละ,สำนักงานสถิติแห่งชาติ
2562,"ไตรมาส 4",ทั่วประเทศ,ในเขตเทศบาล,"อุดมศึกษา สายวิชาการ",81.64,ร้อยละ,สำนักงานสถิติแห่งชาติ
2562,"ไตรมาส 4",ทั่วประเทศ,ในเขตเทศบาล,"อุดมศึกษา สายวิชาชีพ",83.48,ร้อยละ,สำนักงานสถิติแห่งชาติ
2562,"ไตรมาส 4",ทั่วประเทศ,ในเขตเทศบาล,"อุดมศึกษา สายวิชาการศึกษา",63.93,ร้อยละ,สำนักงานสถิติแห่งชาติ
2562,"ไตรมาส 4",ทั่วประเทศ,ในเขตเทศบาล,การศึกษาอื่นๆ,95.06,ร้อยละ,สำนักงานสถิติแห่งชาติ
2562,"ไตรมาส 4",ทั่วประเทศ,ในเขตเทศบาล,ไม่ทราบ,78.80,ร้อยละ,สำนักงานสถิติแห่งชาติ
2562,"ไตรมาส 4",ทั่วประเทศ,นอกเขตเทศบาล,รวม,65.80,ร้อยละ,สำนักงานสถิติแห่งชาติ
2562,"ไตรมาส 4",ทั่วประเทศ,นอกเขตเทศบาล,ไม่มีการศึกษา,45.13,ร้อยละ,สำนักงานสถิติแห่งชาติ
2562,"ไตรมาส 4",ทั่วประเทศ,นอกเขตเทศบาล,ต่ำกว่าประถมศึกษา,52.56,ร้อยละ,สำนักงานสถิติแห่งชาติ
2562,"ไตรมาส 4",ทั่วประเทศ,นอกเขตเทศบาล,ประถมศึกษา,75.64,ร้อยละ,สำนักงานสถิติแห่งชาติ
2562,"ไตรมาส 4",ทั่วประเทศ,นอกเขตเทศบาล,มัธยมศึกษาตอนต้น,62.04,ร้อยละ,สำนักงานสถิติแห่งชาติ
2562,"ไตรมาส 4",ทั่วประเทศ,นอกเขตเทศบาล,"มัธยมศึกษาตอนปลาย สายสามัญ",73.66,ร้อยละ,สำนักงานสถิติแห่งชาติ
2562,"ไตรมาส 4",ทั่วประเทศ,นอกเขตเทศบาล,"มัธยมศึกษาตอนปลาย สายอาชีวศึกษา",69.35,ร้อยละ,สำนักงานสถิติแห่งชาติ
2562,"ไตรมาส 4",ทั่วประเทศ,นอกเขตเทศบาล,"มัธยมศึกษาตอนปลาย สายวิชาการ",87.88,ร้อยละ,สำนักงานสถิติแห่งชาติ
2562,"ไตรมาส 4",ทั่วประเทศ,นอกเขตเทศบาล,"อุดมศึกษา สายวิชาการ",82.89,ร้อยละ,สำนักงานสถิติแห่งชาติ
2562,"ไตรมาส 4",ทั่วประเทศ,นอกเขตเทศบาล,"อุดมศึกษา สายวิชาชีพ",85.11,ร้อยละ,สำนักงานสถิติแห่งชาติ
2562,"ไตรมาส 4",ทั่วประเทศ,นอกเขตเทศบาล,"อุดมศึกษา สายวิชาการศึกษา",72.26,ร้อยละ,สำนักงานสถิติแห่งชาติ
2562,"ไตรมาส 4",ทั่วประเทศ,นอกเขตเทศบาล,การศึกษาอื่นๆ,94.71,ร้อยละ,สำนักงานสถิติแห่งชาติ
2562,"ไตรมาส 4",ทั่วประเทศ,นอกเขตเทศบาล,ไม่ทราบ,87.06,ร้อยละ,สำนักงานสถิติแห่งชาติ
2562,"ไตรมาส 4",กรุงเทพมหานคร,ในเขตเทศบาล,รวม,68.97,ร้อยละ,สำนักงานสถิติแห่งชาติ
2562,"ไตรมาส 4",กรุงเทพมหานคร,ในเขตเทศบาล,ไม่มีการศึกษา,52.79,ร้อยละ,สำนักงานสถิติแห่งชาติ
2562,"ไตรมาส 4",กรุงเทพมหานคร,ในเขตเทศบาล,ต่ำกว่าประถมศึกษา,41.57,ร้อยละ,สำนักงานสถิติแห่งชาติ
2562,"ไตรมาส 4",กรุงเทพมหานคร,ในเขตเทศบาล,ประถมศึกษา,73.76,ร้อยละ,สำนักงานสถิติแห่งชาติ
2562,"ไตรมาส 4",กรุงเทพมหานคร,ในเขตเทศบาล,มัธยมศึกษาตอนต้น,67.07,ร้อยละ,สำนักงานสถิติแห่งชาติ
2562,"ไตรมาส 4",กรุงเทพมหานคร,ในเขตเทศบาล,"มัธยมศึกษาตอนปลาย สายสามัญ",58.45,ร้อยละ,สำนักงานสถิติแห่งชาติ
2562,"ไตรมาส 4",กรุงเทพมหานคร,ในเขตเทศบาล,"มัธยมศึกษาตอนปลาย สายอาชีวศึกษา",71.25,ร้อยละ,สำนักงานสถิติแห่งชาติ
2562,"ไตรมาส 4",กรุงเทพมหานคร,ในเขตเทศบาล,"มัธยมศึกษาตอนปลาย สายวิชาการ",39.50,ร้อยละ,สำนักงานสถิติแห่งชาติ
2562,"ไตรมาส 4",กรุงเทพมหานคร,ในเขตเทศบาล,"อุดมศึกษา สายวิชาการ",80.70,ร้อยละ,สำนักงานสถิติแห่งชาติ
2562,"ไตรมาส 4",กรุงเทพมหานคร,ในเขตเทศบาล,"อุดมศึกษา สายวิชาชีพ",77.26,ร้อยละ,สำนักงานสถิติแห่งชาติ
2562,"ไตรมาส 4",กรุงเทพมหานคร,ในเขตเทศบาล,"อุดมศึกษา สายวิชาการศึกษา",70.72,ร้อยละ,สำนักงานสถิติแห่งชาติ
2562,"ไตรมาส 4",กรุงเทพมหานคร,ในเขตเทศบาล,การศึกษาอื่นๆ,.00,ร้อยละ,สำนักงานสถิติแห่งชาติ
2562,"ไตรมาส 4",กรุงเทพมหานคร,ในเขตเทศบาล,ไม่ทราบ,66.45,ร้อยละ,สำนักงานสถิติแห่งชาติ
2562,"ไตรมาส 4",ภาคกลาง,รวม,รวม,69.02,ร้อยละ,สำนักงานสถิติแห่งชาติ
2562,"ไตรมาส 4",ภาคกลาง,รวม,ไม่มีการศึกษา,56.62,ร้อยละ,สำนักงานสถิติแห่งชาติ
2562,"ไตรมาส 4",ภาคกลาง,รวม,ต่ำกว่าประถมศึกษา,47.95,ร้อยละ,สำนักงานสถิติแห่งชาติ
2562,"ไตรมาส 4",ภาคกลาง,รวม,ประถมศึกษา,74.02,ร้อยละ,สำนักงานสถิติแห่งชาติ
2562,"ไตรมาส 4",ภาคกลาง,รวม,มัธยมศึกษาตอนต้น,68.54,ร้อยละ,สำนักงานสถิติแห่งชาติ
2562,"ไตรมาส 4",ภาคกลาง,รวม,"มัธยมศึกษาตอนปลาย สายสามัญ",73.22,ร้อยละ,สำนักงานสถิติแห่งชาติ
2562,"ไตรมาส 4",ภาคกลาง,รวม,"มัธยมศึกษาตอนปลาย สายอาชีวศึกษา",71.04,ร้อยละ,สำนักงานสถิติแห่งชาติ
2562,"ไตรมาส 4",ภาคกลาง,รวม,"มัธยมศึกษาตอนปลาย สายวิชาการ",78.19,ร้อยละ,สำนักงานสถิติแห่งชาติ
2562,"ไตรมาส 4",ภาคกลาง,รวม,"อุดมศึกษา สายวิชาการ",82.48,ร้อยละ,สำนักงานสถิติแห่งชาติ
2562,"ไตรมาส 4",ภาคกลาง,รวม,"อุดมศึกษา สายวิชาชีพ",86.42,ร้อยละ,สำนักงานสถิติแห่งชาติ
2562,"ไตรมาส 4",ภาคกลาง,รวม,"อุดมศึกษา สายวิชาการศึกษา",64.03,ร้อยละ,สำนักงานสถิติแห่งชาติ
2562,"ไตรมาส 4",ภาคกลาง,รวม,การศึกษาอื่นๆ,98.18,ร้อยละ,สำนักงานสถิติแห่งชาติ
2562,"ไตรมาส 4",ภาคกลาง,รวม,ไม่ทราบ,82.90,ร้อยละ,สำนักงานสถิติแห่งชาติ
2562,"ไตรมาส 4",ภาคกลาง,ในเขตเทศบาล,รวม,68.83,ร้อยละ,สำนักงานสถิติแห่งชาติ
2562,"ไตรมาส 4",ภาคกลาง,ในเขตเทศบาล,ไม่มีการศึกษา,62.97,ร้อยละ,สำนักงานสถิติแห่งชาติ
2562,"ไตรมาส 4",ภาคกลาง,ในเขตเทศบาล,ต่ำกว่าประถมศึกษา,45.11,ร้อยละ,สำนักงานสถิติแห่งชาติ
2562,"ไตรมาส 4",ภาคกลาง,ในเขตเทศบาล,ประถมศึกษา,72.20,ร้อยละ,สำนักงานสถิติแห่งชาติ
2562,"ไตรมาส 4",ภาคกลาง,ในเขตเทศบาล,มัธยมศึกษาตอนต้น,68.66,ร้อยละ,สำนักงานสถิติแห่งชาติ
2562,"ไตรมาส 4",ภาคกลาง,ในเขตเทศบาล,"มัธยมศึกษาตอนปลาย สายสามัญ",70.17,ร้อยละ,สำนักงานสถิติแห่งชาติ
2562,"ไตรมาส 4",ภาคกลาง,ในเขตเทศบาล,"มัธยมศึกษาตอนปลาย สายอาชีวศึกษา",68.56,ร้อยละ,สำนักงานสถิติแห่งชาติ
2562,"ไตรมาส 4",ภาคกลาง,ในเขตเทศบาล,"มัธยมศึกษาตอนปลาย สายวิชาการ",.00,ร้อยละ,สำนักงานสถิติแห่งชาติ
2562,"ไตรมาส 4",ภาคกลาง,ในเขตเทศบาล,"อุดมศึกษา สายวิชาการ",81.52,ร้อยละ,สำนักงานสถิติแห่งชาติ
2562,"ไตรมาส 4",ภาคกลาง,ในเขตเทศบาล,"อุดมศึกษา สายวิชาชีพ",85.66,ร้อยละ,สำนักงานสถิติแห่งชาติ
2562,"ไตรมาส 4",ภาคกลาง,ในเขตเทศบาล,"อุดมศึกษา สายวิชาการศึกษา",60.12,ร้อยละ,สำนักงานสถิติแห่งชาติ
2562,"ไตรมาส 4",ภาคกลาง,ในเขตเทศบาล,การศึกษาอื่นๆ,96.88,ร้อยละ,สำนักงานสถิติแห่งชาติ
2562,"ไตรมาส 4",ภาคกลาง,ในเขตเทศบาล,ไม่ทราบ,80.44,ร้อยละ,สำนักงานสถิติแห่งชาติ
2562,"ไตรมาส 4",ภาคกลาง,นอกเขตเทศบาล,รวม,69.18,ร้อยละ,สำนักงานสถิติแห่งชาติ
2562,"ไตรมาส 4",ภาคกลาง,นอกเขตเทศบาล,ไม่มีการศึกษา,51.19,ร้อยละ,สำนักงานสถิติแห่งชาติ
2562,"ไตรมาส 4",ภาคกลาง,นอกเขตเทศบาล,ต่ำกว่าประถมศึกษา,49.80,ร้อยละ,สำนักงานสถิติแห่งชาติ
2562,"ไตรมาส 4",ภาคกลาง,นอกเขตเทศบาล,ประถมศึกษา,75.29,ร้อยละ,สำนักงานสถิติแห่งชาติ
2562,"ไตรมาส 4",ภาคกลาง,นอกเขตเทศบาล,มัธยมศึกษาตอนต้น,68.44,ร้อยละ,สำนักงานสถิติแห่งชาติ
2562,"ไตรมาส 4",ภาคกลาง,นอกเขตเทศบาล,"มัธยมศึกษาตอนปลาย สายสามัญ",76.13,ร้อยละ,สำนักงานสถิติแห่งชาติ
2562,"ไตรมาส 4",ภาคกลาง,นอกเขตเทศบาล,"มัธยมศึกษาตอนปลาย สายอาชีวศึกษา",73.36,ร้อยละ,สำนักงานสถิติแห่งชาติ
2562,"ไตรมาส 4",ภาคกลาง,นอกเขตเทศบาล,"มัธยมศึกษาตอนปลาย สายวิชาการ",83.09,ร้อยละ,สำนักงานสถิติแห่งชาติ
2562,"ไตรมาส 4",ภาคกลาง,นอกเขตเทศบาล,"อุดมศึกษา สายวิชาการ",83.80,ร้อยละ,สำนักงานสถิติแห่งชาติ
2562,"ไตรมาส 4",ภาคกลาง,นอกเขตเทศบาล,"อุดมศึกษา สายวิชาชีพ",87.22,ร้อยละ,สำนักงานสถิติแห่งชาติ
2562,"ไตรมาส 4",ภาคกลาง,นอกเขตเทศบาล,"อุดมศึกษา สายวิชาการศึกษา",67.62,ร้อยละ,สำนักงานสถิติแห่งชาติ
2562,"ไตรมาส 4",ภาคกลาง,นอกเขตเทศบาล,การศึกษาอื่นๆ,100.00,ร้อยละ,สำนักงานสถิติแห่งชาติ
2562,"ไตรมาส 4",ภาคกลาง,นอกเขตเทศบาล,ไม่ทราบ,87.33,ร้อยละ,สำนักงานสถิติแห่งชาติ
2562,"ไตรมาส 4",ภาคเหนือ,รวม,รวม,64.33,ร้อยละ,สำนักงานสถิติแห่งชาติ
2562,"ไตรมาส 4",ภาคเหนือ,รวม,ไม่มีการศึกษา,48.49,ร้อยละ,สำนักงานสถิติแห่งชาติ
2562,"ไตรมาส 4",ภาคเหนือ,รวม,ต่ำกว่าประถมศึกษา,55.26,ร้อยละ,สำนักงานสถิติแห่งชาติ
2562,"ไตรมาส 4",ภาคเหนือ,รวม,ประถมศึกษา,75.14,ร้อยละ,สำนักงานสถิติแห่งชาติ
2562,"ไตรมาส 4",ภาคเหนือ,รวม,มัธยมศึกษาตอนต้น,58.91,ร้อยละ,สำนักงานสถิติแห่งชาติ
2562,"ไตรมาส 4",ภาคเหนือ,รวม,"มัธยมศึกษาตอนปลาย สายสามัญ",69.40,ร้อยละ,สำนักงานสถิติแห่งชาติ
2562,"ไตรมาส 4",ภาคเหนือ,รวม,"มัธยมศึกษาตอนปลาย สายอาชีวศึกษา",69.73,ร้อยละ,สำนักงานสถิติแห่งชาติ
2562,"ไตรมาส 4",ภาคเหนือ,รวม,"มัธยมศึกษาตอนปลาย สายวิชาการ",79.41,ร้อยละ,สำนักงานสถิติแห่งชาติ
2562,"ไตรมาส 4",ภาคเหนือ,รวม,"อุดมศึกษา สายวิชาการ",83.22,ร้อยละ,สำนักงานสถิติแห่งชาติ
2562,"ไตรมาส 4",ภาคเหนือ,รวม,"อุดมศึกษา สายวิชาชีพ",84.79,ร้อยละ,สำนักงานสถิติแห่งชาติ
2562,"ไตรมาส 4",ภาคเหนือ,รวม,"อุดมศึกษา สายวิชาการศึกษา",69.00,ร้อยละ,สำนักงานสถิติแห่งชาติ
2562,"ไตรมาส 4",ภาคเหนือ,รวม,การศึกษาอื่นๆ,75.04,ร้อยละ,สำนักงานสถิติแห่งชาติ
2562,"ไตรมาส 4",ภาคเหนือ,รวม,ไม่ทราบ,87.99,ร้อยละ,สำนักงานสถิติแห่งชาติ
2562,"ไตรมาส 4",ภาคเหนือ,ในเขตเทศบาล,รวม,62.60,ร้อยละ,สำนักงานสถิติแห่งชาติ
2562,"ไตรมาส 4",ภาคเหนือ,ในเขตเทศบาล,ไม่มีการศึกษา,43.09,ร้อยละ,สำนักงานสถิติแห่งชาติ
2562,"ไตรมาส 4",ภาคเหนือ,ในเขตเทศบาล,ต่ำกว่าประถมศึกษา,52.94,ร้อยละ,สำนักงานสถิติแห่งชาติ
2562,"ไตรมาส 4",ภาคเหนือ,ในเขตเทศบาล,ประถมศึกษา,70.97,ร้อยละ,สำนักงานสถิติแห่งชาติ
2562,"ไตรมาส 4",ภาคเหนือ,ในเขตเทศบาล,มัธยมศึกษาตอนต้น,54.44,ร้อยละ,สำนักงานสถิติแห่งชาติ
2562,"ไตรมาส 4",ภาคเหนือ,ในเขตเทศบาล,"มัธยมศึกษาตอนปลาย สายสามัญ",63.49,ร้อยละ,สำนักงานสถิติแห่งชาติ
2562,"ไตรมาส 4",ภาคเหนือ,ในเขตเทศบาล,"มัธยมศึกษาตอนปลาย สายอาชีวศึกษา",64.24,ร้อยละ,สำนักงานสถิติแห่งชาติ
2562,"ไตรมาส 4",ภาคเหนือ,ในเขตเทศบาล,"มัธยมศึกษาตอนปลาย สายวิชาการ",.00,ร้อยละ,สำนักงานสถิติแห่งชาติ
2562,"ไตรมาส 4",ภาคเหนือ,ในเขตเทศบาล,"อุดมศึกษา สายวิชาการ",82.28,ร้อยละ,สำนักงานสถิติแห่งชาติ
2562,"ไตรมาส 4",ภาคเหนือ,ในเขตเทศบาล,"อุดมศึกษา สายวิชาชีพ",84.78,ร้อยละ,สำนักงานสถิติแห่งชาติ
2562,"ไตรมาส 4",ภาคเหนือ,ในเขตเทศบาล,"อุดมศึกษา สายวิชาการศึกษา",63.79,ร้อยละ,สำนักงานสถิติแห่งชาติ
2562,"ไตรมาส 4",ภาคเหนือ,ในเขตเทศบาล,การศึกษาอื่นๆ,79.80,ร้อยละ,สำนักงานสถิติแห่งชาติ
2562,"ไตรมาส 4",ภาคเหนือ,ในเขตเทศบาล,ไม่ทราบ,63.92,ร้อยละ,สำนักงานสถิติแห่งชาติ
2562,"ไตรมาส 4",ภาคเหนือ,นอกเขตเทศบาล,รวม,65.26,ร้อยละ,สำนักงานสถิติแห่งชาติ
2562,"ไตรมาส 4",ภาคเหนือ,นอกเขตเทศบาล,ไม่มีการศึกษา,50.20,ร้อยละ,สำนักงานสถิติแห่งชาติ
2562,"ไตรมาส 4",ภาคเหนือ,นอกเขตเทศบาล,ต่ำกว่าประถมศึกษา,56.31,ร้อยละ,สำนักงานสถิติแห่งชาติ
2562,"ไตรมาส 4",ภาคเหนือ,นอกเขตเทศบาล,ประถมศึกษา,76.82,ร้อยละ,สำนักงานสถิติแห่งชาติ
2562,"ไตรมาส 4",ภาคเหนือ,นอกเขตเทศบาล,มัธยมศึกษาตอนต้น,61.18,ร้อยละ,สำนักงานสถิติแห่งชาติ
2562,"ไตรมาส 4",ภาคเหนือ,นอกเขตเทศบาล,"มัธยมศึกษาตอนปลาย สายสามัญ",73.57,ร้อยละ,สำนักงานสถิติแห่งชาติ
2562,"ไตรมาส 4",ภาคเหนือ,นอกเขตเทศบาล,"มัธยมศึกษาตอนปลาย สายอาชีวศึกษา",74.12,ร้อยละ,สำนักงานสถิติแห่งชาติ
2562,"ไตรมาส 4",ภาคเหนือ,นอกเขตเทศบาล,"มัธยมศึกษาตอนปลาย สายวิชาการ",85.59,ร้อยละ,สำนักงานสถิติแห่งชาติ
2562,"ไตรมาส 4",ภาคเหนือ,นอกเขตเทศบาล,"อุดมศึกษา สายวิชาการ",84.43,ร้อยละ,สำนักงานสถิติแห่งชาติ
2562,"ไตรมาส 4",ภาคเหนือ,นอกเขตเทศบาล,"อุดมศึกษา สายวิชาชีพ",84.79,ร้อยละ,สำนักงานสถิติแห่งชาติ
2562,"ไตรมาส 4",ภาคเหนือ,นอกเขตเทศบาล,"อุดมศึกษา สายวิชาการศึกษา",74.30,ร้อยละ,สำนักงานสถิติแห่งชาติ
2562,"ไตรมาส 4",ภาคเหนือ,นอกเขตเทศบาล,การศึกษาอื่นๆ,70.95,ร้อยละ,สำนักงานสถิติแห่งชาติ
2562,"ไตรมาส 4",ภาคเหนือ,นอกเขตเทศบาล,ไม่ทราบ,95.15,ร้อยละ,สำนักงานสถิติแห่งชาติ
2562,"ไตรมาส 4",ภาคตะวันออกเฉียงเหนือ,รวม,รวม,62.01,ร้อยละ,สำนักงานสถิติแห่งชาติ
2562,"ไตรมาส 4",ภาคตะวันออกเฉียงเหนือ,รวม,ไม่มีการศึกษา,24.68,ร้อยละ,สำนักงานสถิติแห่งชาติ
2562,"ไตรมาส 4",ภาคตะวันออกเฉียงเหนือ,รวม,ต่ำกว่าประถมศึกษา,49.83,ร้อยละ,สำนักงานสถิติแห่งชาติ
2562,"ไตรมาส 4",ภาคตะวันออกเฉียงเหนือ,รวม,ประถมศึกษา,74.98,ร้อยละ,สำนักงานสถิติแห่งชาติ
2562,"ไตรมาส 4",ภาคตะวันออกเฉียงเหนือ,รวม,มัธยมศึกษาตอนต้น,55.49,ร้อยละ,สำนักงานสถิติแห่งชาติ
2562,"ไตรมาส 4",ภาคตะวันออกเฉียงเหนือ,รวม,"มัธยมศึกษาตอนปลาย สายสามัญ",69.33,ร้อยละ,สำนักงานสถิติแห่งชาติ
2562,"ไตรมาส 4",ภาคตะวันออกเฉียงเหนือ,รวม,"มัธยมศึกษาตอนปลาย สายอาชีวศึกษา",59.81,ร้อยละ,สำนักงานสถิติแห่งชาติ
2562,"ไตรมาส 4",ภาคตะวันออกเฉียงเหนือ,รวม,"มัธยมศึกษาตอนปลาย สายวิชาการ",77.90,ร้อยละ,สำนักงานสถิติแห่งชาติ
2562,"ไตรมาส 4",ภาคตะวันออกเฉียงเหนือ,รวม,"อุดมศึกษา สายวิชาการ",82.38,ร้อยละ,สำนักงานสถิติแห่งชาติ
2562,"ไตรมาส 4",ภาคตะวันออกเฉียงเหนือ,รวม,"อุดมศึกษา สายวิชาชีพ",84.30,ร้อยละ,สำนักงานสถิติแห่งชาติ
2562,"ไตรมาส 4",ภาคตะวันออกเฉียงเหนือ,รวม,"อุดมศึกษา สายวิชาการศึกษา",68.81,ร้อยละ,สำนักงานสถิติแห่งชาติ
2562,"ไตรมาส 4",ภาคตะวันออกเฉียงเหนือ,รวม,การศึกษาอื่นๆ,.00,ร้อยละ,สำนักงานสถิติแห่งชาติ
2562,"ไตรมาส 4",ภาคตะวันออกเฉียงเหนือ,รวม,ไม่ทราบ,75.66,ร้อยละ,สำนักงานสถิติแห่งชาติ
2562,"ไตรมาส 4",ภาคตะวันออกเฉียงเหนือ,ในเขตเทศบาล,รวม,61.03,ร้อยละ,สำนักงานสถิติแห่งชาติ
2562,"ไตรมาส 4",ภาคตะวันออกเฉียงเหนือ,ในเขตเทศบาล,ไม่มีการศึกษา,26.88,ร้อยละ,สำนักงานสถิติแห่งชาติ
2562,"ไตรมาส 4",ภาคตะวันออกเฉียงเหนือ,ในเขตเทศบาล,ต่ำกว่าประถมศึกษา,46.35,ร้อยละ,สำนักงานสถิติแห่งชาติ
2562,"ไตรมาส 4",ภาคตะวันออกเฉียงเหนือ,ในเขตเทศบาล,ประถมศึกษา,73.57,ร้อยละ,สำนักงานสถิติแห่งชาติ
2562,"ไตรมาส 4",ภาคตะวันออกเฉียงเหนือ,ในเขตเทศบาล,มัธยมศึกษาตอนต้น,52.88,ร้อยละ,สำนักงานสถิติแห่งชาติ
2562,"ไตรมาส 4",ภาคตะวันออกเฉียงเหนือ,ในเขตเทศบาล,"มัธยมศึกษาตอนปลาย สายสามัญ",64.20,ร้อยละ,สำนักงานสถิติแห่งชาติ
2562,"ไตรมาส 4",ภาคตะวันออกเฉียงเหนือ,ในเขตเทศบาล,"มัธยมศึกษาตอนปลาย สายอาชีวศึกษา",60.27,ร้อยละ,สำนักงานสถิติแห่งชาติ
2562,"ไตรมาส 4",ภาคตะวันออกเฉียงเหนือ,ในเขตเทศบาล,"มัธยมศึกษาตอนปลาย สายวิชาการ",38.83,ร้อยละ,สำนักงานสถิติแห่งชาติ
2562,"ไตรมาส 4",ภาคตะวันออกเฉียงเหนือ,ในเขตเทศบาล,"อุดมศึกษา สายวิชาการ",85.52,ร้อยละ,สำนักงานสถิติแห่งชาติ
2562,"ไตรมาส 4",ภาคตะวันออกเฉียงเหนือ,ในเขตเทศบาล,"อุดมศึกษา สายวิชาชีพ",86.98,ร้อยละ,สำนักงานสถิติแห่งชาติ
2562,"ไตรมาส 4",ภาคตะวันออกเฉียงเหนือ,ในเขตเทศบาล,"อุดมศึกษา สายวิชาการศึกษา",62.62,ร้อยละ,สำนักงานสถิติแห่งชาติ
2562,"ไตรมาส 4",ภาคตะวันออกเฉียงเหนือ,ในเขตเทศบาล,การศึกษาอื่นๆ,.00,ร้อยละ,สำนักงานสถิติแห่งชาติ
2562,"ไตรมาส 4",ภาคตะวันออกเฉียงเหนือ,ในเขตเทศบาล,ไม่ทราบ,75.32,ร้อยละ,สำนักงานสถิติแห่งชาติ
2562,"ไตรมาส 4",ภาคตะวันออกเฉียงเหนือ,นอกเขตเทศบาล,รวม,62.42,ร้อยละ,สำนักงานสถิติแห่งชาติ
2562,"ไตรมาส 4",ภาคตะวันออกเฉียงเหนือ,นอกเขตเทศบาล,ไม่มีการศึกษา,23.97,ร้อยละ,สำนักงานสถิติแห่งชาติ
2562,"ไตรมาส 4",ภาคตะวันออกเฉียงเหนือ,นอกเขตเทศบาล,ต่ำกว่าประถมศึกษา,51.07,ร้อยละ,สำนักงานสถิติแห่งชาติ
2562,"ไตรมาส 4",ภาคตะวันออกเฉียงเหนือ,นอกเขตเทศบาล,ประถมศึกษา,75.47,ร้อยละ,สำนักงานสถิติแห่งชาติ
2562,"ไตรมาส 4",ภาคตะวันออกเฉียงเหนือ,นอกเขตเทศบาล,มัธยมศึกษาตอนต้น,56.51,ร้อยละ,สำนักงานสถิติแห่งชาติ
2562,"ไตรมาส 4",ภาคตะวันออกเฉียงเหนือ,นอกเขตเทศบาล,"มัธยมศึกษาตอนปลาย สายสามัญ",71.98,ร้อยละ,สำนักงานสถิติแห่งชาติ
2562,"ไตรมาส 4",ภาคตะวันออกเฉียงเหนือ,นอกเขตเทศบาล,"มัธยมศึกษาตอนปลาย สายอาชีวศึกษา",59.54,ร้อยละ,สำนักงานสถิติแห่งชาติ
2562,"ไตรมาส 4",ภาคตะวันออกเฉียงเหนือ,นอกเขตเทศบาล,"มัธยมศึกษาตอนปลาย สายวิชาการ",100.00,ร้อยละ,สำนักงานสถิติแห่งชาติ
2562,"ไตรมาส 4",ภาคตะวันออกเฉียงเหนือ,นอกเขตเทศบาล,"อุดมศึกษา สายวิชาการ",79.40,ร้อยละ,สำนักงานสถิติแห่งชาติ
2562,"ไตรมาส 4",ภาคตะวันออกเฉียงเหนือ,นอกเขตเทศบาล,"อุดมศึกษา สายวิชาชีพ",82.62,ร้อยละ,สำนักงานสถิติแห่งชาติ
2562,"ไตรมาส 4",ภาคตะวันออกเฉียงเหนือ,นอกเขตเทศบาล,"อุดมศึกษา สายวิชาการศึกษา",73.51,ร้อยละ,สำนักงานสถิติแห่งชาติ
2562,"ไตรมาส 4",ภาคตะวันออกเฉียงเหนือ,นอกเขตเทศบาล,การศึกษาอื่นๆ,.00,ร้อยละ,สำนักงานสถิติแห่งชาติ
2562,"ไตรมาส 4",ภาคตะวันออกเฉียงเหนือ,นอกเขตเทศบาล,ไม่ทราบ,75.77,ร้อยละ,สำนักงานสถิติแห่งชาติ
2562,"ไตรมาส 4",ภาคใต้,รวม,รวม,67.19,ร้อยละ,สำนักงานสถิติแห่งชาติ
2562,"ไตรมาส 4",ภาคใต้,รวม,ไม่มีการศึกษา,42.44,ร้อยละ,สำนักงานสถิติแห่งชาติ
2562,"ไตรมาส 4",ภาคใต้,รวม,ต่ำกว่าประถมศึกษา,55.20,ร้อยละ,สำนักงานสถิติแห่งชาติ
2562,"ไตรมาส 4",ภาคใต้,รวม,ประถมศึกษา,75.03,ร้อยละ,สำนักงานสถิติแห่งชาติ
2562,"ไตรมาส 4",ภาคใต้,รวม,มัธยมศึกษาตอนต้น,60.77,ร้อยละ,สำนักงานสถิติแห่งชาติ
2562,"ไตรมาส 4",ภาคใต้,รวม,"มัธยมศึกษาตอนปลาย สายสามัญ",69.88,ร้อยละ,สำนักงานสถิติแห่งชาติ
2562,"ไตรมาส 4",ภาคใต้,รวม,"มัธยมศึกษาตอนปลาย สายอาชีวศึกษา",69.22,ร้อยละ,สำนักงานสถิติแห่งชาติ
2562,"ไตรมาส 4",ภาคใต้,รวม,"มัธยมศึกษาตอนปลาย สายวิชาการ",10.10,ร้อยละ,สำนักงานสถิติแห่งชาติ
2562,"ไตรมาส 4",ภาคใต้,รวม,"อุดมศึกษา สายวิชาการ",83.28,ร้อยละ,สำนักงานสถิติแห่งชาติ
2562,"ไตรมาส 4",ภาคใต้,รวม,"อุดมศึกษา สายวิชาชีพ",84.34,ร้อยละ,สำนักงานสถิติแห่งชาติ
2562,"ไตรมาส 4",ภาคใต้,รวม,"อุดมศึกษา สายวิชาการศึกษา",69.58,ร้อยละ,สำนักงานสถิติแห่งชาติ
2562,"ไตรมาส 4",ภาคใต้,รวม,การศึกษาอื่นๆ,68.32,ร้อยละ,สำนักงานสถิติแห่งชาติ
2562,"ไตรมาส 4",ภาคใต้,รวม,ไม่ทราบ,82.57,ร้อยละ,สำนักงานสถิติแห่งชาติ
2562,"ไตรมาส 4",ภาคใต้,ในเขตเทศบาล,รวม,66.72,ร้อยละ,สำนักงานสถิติแห่งชาติ
2562,"ไตรมาส 4",ภาคใต้,ในเขตเทศบาล,ไม่มีการศึกษา,43.61,ร้อยละ,สำนักงานสถิติแห่งชาติ
2562,"ไตรมาส 4",ภาคใต้,ในเขตเทศบาล,ต่ำกว่าประถมศึกษา,53.72,ร้อยละ,สำนักงานสถิติแห่งชาติ
2562,"ไตรมาส 4",ภาคใต้,ในเขตเทศบาล,ประถมศึกษา,73.84,ร้อยละ,สำนักงานสถิติแห่งชาติ
2562,"ไตรมาส 4",ภาคใต้,ในเขตเทศบาล,มัธยมศึกษาตอนต้น,58.52,ร้อยละ,สำนักงานสถิติแห่งชาติ
2562,"ไตรมาส 4",ภาคใต้,ในเขตเทศบาล,"มัธยมศึกษาตอนปลาย สายสามัญ",65.38,ร้อยละ,สำนักงานสถิติแห่งชาติ
2562,"ไตรมาส 4",ภาคใต้,ในเขตเทศบาล,"มัธยมศึกษาตอนปลาย สายอาชีวศึกษา",71.25,ร้อยละ,สำนักงานสถิติแห่งชาติ
2562,"ไตรมาส 4",ภาคใต้,ในเขตเทศบาล,"มัธยมศึกษาตอนปลาย สายวิชาการ",10.10,ร้อยละ,สำนักงานสถิติแห่งชาติ
2562,"ไตรมาส 4",ภาคใต้,ในเขตเทศบาล,"อุดมศึกษา สายวิชาการ",83.55,ร้อยละ,สำนักงานสถิติแห่งชาติ
2562,"ไตรมาส 4",ภาคใต้,ในเขตเทศบาล,"อุดมศึกษา สายวิชาชีพ",84.97,ร้อยละ,สำนักงานสถิติแห่งชาติ
2562,"ไตรมาส 4",ภาคใต้,ในเขตเทศบาล,"อุดมศึกษา สายวิชาการศึกษา",62.65,ร้อยละ,สำนักงานสถิติแห่งชาติ
2562,"ไตรมาส 4",ภาคใต้,ในเขตเทศบาล,การศึกษาอื่นๆ,80.15,ร้อยละ,สำนักงานสถิติแห่งชาติ
2562,"ไตรมาส 4",ภาคใต้,ในเขตเทศบาล,ไม่ทราบ,79.98,ร้อยละ,สำนักงานสถิติแห่งชาติ
2562,"ไตรมาส 4",ภาคใต้,นอกเขตเทศบาล,รวม,67.43,ร้อยละ,สำนักงานสถิติแห่งชาติ
2562,"ไตรมาส 4",ภาคใต้,นอกเขตเทศบาล,ไม่มีการศึกษา,41.96,ร้อยละ,สำนักงานสถิติแห่งชาติ
2562,"ไตรมาส 4",ภาคใต้,นอกเขตเทศบาล,ต่ำกว่าประถมศึกษา,55.83,ร้อยละ,สำนักงานสถิติแห่งชาติ
2562,"ไตรมาส 4",ภาคใต้,นอกเขตเทศบาล,ประถมศึกษา,75.47,ร้อยละ,สำนักงานสถิติแห่งชาติ
2562,"ไตรมาส 4",ภาคใต้,นอกเขตเทศบาล,มัธยมศึกษาตอนต้น,61.88,ร้อยละ,สำนักงานสถิติแห่งชาติ
2562,"ไตรมาส 4",ภาคใต้,นอกเขตเทศบาล,"มัธยมศึกษาตอนปลาย สายสามัญ",72.40,ร้อยละ,สำนักงานสถิติแห่งชาติ
2562,"ไตรมาส 4",ภาคใต้,นอกเขตเทศบาล,"มัธยมศึกษาตอนปลาย สายอาชีวศึกษา",67.48,ร้อยละ,สำนักงานสถิติแห่งชาติ
2562,"ไตรมาส 4",ภาคใต้,นอกเขตเทศบาล,"มัธยมศึกษาตอนปลาย สายวิชาการ",.00,ร้อยละ,สำนักงานสถิติแห่งชาติ
2562,"ไตรมาส 4",ภาคใต้,นอกเขตเทศบาล,"อุดมศึกษา สายวิชาการ",83.03,ร้อยละ,สำนักงานสถิติแห่งชาติ
2562,"ไตรมาส 4",ภาคใต้,นอกเขตเทศบาล,"อุดมศึกษา สายวิชาชีพ",83.85,ร้อยละ,สำนักงานสถิติแห่งชาติ
2562,"ไตรมาส 4",ภาคใต้,นอกเขตเทศบาล,"อุดมศึกษา สายวิชาการศึกษา",75.26,ร้อยละ,สำนักงานสถิติแห่งชาติ
2562,"ไตรมาส 4",ภาคใต้,นอกเขตเทศบาล,การศึกษาอื่นๆ,54.96,ร้อยละ,สำนักงานสถิติแห่งชาติ
2562,"ไตรมาส 4",ภาคใต้,นอกเขตเทศบาล,ไม่ทราบ,85.53,ร้อยละ,สำนักงานสถิติแห่งชาติ
2563,"ไตรมาส 1",ทั่วประเทศ,รวม,รวม,65.95,ร้อยละ,สำนักงานสถิติแห่งชาติ
2563,"ไตรมาส 1",ทั่วประเทศ,รวม,ไม่มีการศึกษา,49.99,ร้อยละ,สำนักงานสถิติแห่งชาติ
2563,"ไตรมาส 1",ทั่วประเทศ,รวม,ต่ำกว่าประถมศึกษา,49.65,ร้อยละ,สำนักงานสถิติแห่งชาติ
2563,"ไตรมาส 1",ทั่วประเทศ,รวม,ประถมศึกษา,74.11,ร้อยละ,สำนักงานสถิติแห่งชาติ
2563,"ไตรมาส 1",ทั่วประเทศ,รวม,มัธยมศึกษาตอนต้น,61.09,ร้อยละ,สำนักงานสถิติแห่งชาติ
2563,"ไตรมาส 1",ทั่วประเทศ,รวม,"มัธยมศึกษาตอนปลาย สายสามัญ",68.69,ร้อยละ,สำนักงานสถิติแห่งชาติ
2563,"ไตรมาส 1",ทั่วประเทศ,รวม,"มัธยมศึกษาตอนปลาย สายอาชีวศึกษา",68.64,ร้อยละ,สำนักงานสถิติแห่งชาติ
2563,"ไตรมาส 1",ทั่วประเทศ,รวม,"มัธยมศึกษาตอนปลาย สายวิชาการ",70.47,ร้อยละ,สำนักงานสถิติแห่งชาติ
2563,"ไตรมาส 1",ทั่วประเทศ,รวม,"อุดมศึกษา สายวิชาการ",82.47,ร้อยละ,สำนักงานสถิติแห่งชาติ
2563,"ไตรมาส 1",ทั่วประเทศ,รวม,"อุดมศึกษา สายวิชาชีพ",83.24,ร้อยละ,สำนักงานสถิติแห่งชาติ
2563,"ไตรมาส 1",ทั่วประเทศ,รวม,"อุดมศึกษา สายวิชาการศึกษา",68.26,ร้อยละ,สำนักงานสถิติแห่งชาติ
2563,"ไตรมาส 1",ทั่วประเทศ,รวม,การศึกษาอื่นๆ,92.80,ร้อยละ,สำนักงานสถิติแห่งชาติ
2563,"ไตรมาส 1",ทั่วประเทศ,รวม,ไม่ทราบ,81.22,ร้อยละ,สำนักงานสถิติแห่งชาติ
2563,"ไตรมาส 1",ทั่วประเทศ,ในเขตเทศบาล,รวม,66.56,ร้อยละ,สำนักงานสถิติแห่งชาติ
2563,"ไตรมาส 1",ทั่วประเทศ,ในเขตเทศบาล,ไม่มีการศึกษา,54.45,ร้อยละ,สำนักงานสถิติแห่งชาติ
2563,"ไตรมาส 1",ทั่วประเทศ,ในเขตเทศบาล,ต่ำกว่าประถมศึกษา,46.92,ร้อยละ,สำนักงานสถิติแห่งชาติ
2563,"ไตรมาส 1",ทั่วประเทศ,ในเขตเทศบาล,ประถมศึกษา,72.80,ร้อยละ,สำนักงานสถิติแห่งชาติ
2563,"ไตรมาส 1",ทั่วประเทศ,ในเขตเทศบาล,มัธยมศึกษาตอนต้น,61.56,ร้อยละ,สำนักงานสถิติแห่งชาติ
2563,"ไตรมาส 1",ทั่วประเทศ,ในเขตเทศบาล,"มัธยมศึกษาตอนปลาย สายสามัญ",63.81,ร้อยละ,สำนักงานสถิติแห่งชาติ
2563,"ไตรมาส 1",ทั่วประเทศ,ในเขตเทศบาล,"มัธยมศึกษาตอนปลาย สายอาชีวศึกษา",67.95,ร้อยละ,สำนักงานสถิติแห่งชาติ
2563,"ไตรมาส 1",ทั่วประเทศ,ในเขตเทศบาล,"มัธยมศึกษาตอนปลาย สายวิชาการ",66.03,ร้อยละ,สำนักงานสถิติแห่งชาติ
2563,"ไตรมาส 1",ทั่วประเทศ,ในเขตเทศบาล,"อุดมศึกษา สายวิชาการ",81.76,ร้อยละ,สำนักงานสถิติแห่งชาติ
2563,"ไตรมาส 1",ทั่วประเทศ,ในเขตเทศบาล,"อุดมศึกษา สายวิชาชีพ",81.83,ร้อยละ,สำนักงานสถิติแห่งชาติ
2563,"ไตรมาส 1",ทั่วประเทศ,ในเขตเทศบาล,"อุดมศึกษา สายวิชาการศึกษา",63.63,ร้อยละ,สำนักงานสถิติแห่งชาติ
2563,"ไตรมาส 1",ทั่วประเทศ,ในเขตเทศบาล,การศึกษาอื่นๆ,96.45,ร้อยละ,สำนักงานสถิติแห่งชาติ
2563,"ไตรมาส 1",ทั่วประเทศ,ในเขตเทศบาล,ไม่ทราบ,83.25,ร้อยละ,สำนักงานสถิติแห่งชาติ
2563,"ไตรมาส 1",ทั่วประเทศ,นอกเขตเทศบาล,รวม,65.44,ร้อยละ,สำนักงานสถิติแห่งชาติ
2563,"ไตรมาส 1",ทั่วประเทศ,นอกเขตเทศบาล,ไม่มีการศึกษา,47.24,ร้อยละ,สำนักงานสถิติแห่งชาติ
2563,"ไตรมาส 1",ทั่วประเทศ,นอกเขตเทศบาล,ต่ำกว่าประถมศึกษา,51.09,ร้อยละ,สำนักงานสถิติแห่งชาติ
2563,"ไตรมาส 1",ทั่วประเทศ,นอกเขตเทศบาล,ประถมศึกษา,74.94,ร้อยละ,สำนักงานสถิติแห่งชาติ
2563,"ไตรมาส 1",ทั่วประเทศ,นอกเขตเทศบาล,มัธยมศึกษาตอนต้น,60.72,ร้อยละ,สำนักงานสถิติแห่งชาติ
2563,"ไตรมาส 1",ทั่วประเทศ,นอกเขตเทศบาล,"มัธยมศึกษาตอนปลาย สายสามัญ",73.47,ร้อยละ,สำนักงานสถิติแห่งชาติ
2563,"ไตรมาส 1",ทั่วประเทศ,นอกเขตเทศบาล,"มัธยมศึกษาตอนปลาย สายอาชีวศึกษา",69.43,ร้อยละ,สำนักงานสถิติแห่งชาติ
2563,"ไตรมาส 1",ทั่วประเทศ,นอกเขตเทศบาล,"มัธยมศึกษาตอนปลาย สายวิชาการ",76.52,ร้อยละ,สำนักงานสถิติแห่งชาติ
2563,"ไตรมาส 1",ทั่วประเทศ,นอกเขตเทศบาล,"อุดมศึกษา สายวิชาการ",84.08,ร้อยละ,สำนักงานสถิติแห่งชาติ
2563,"ไตรมาส 1",ทั่วประเทศ,นอกเขตเทศบาล,"อุดมศึกษา สายวิชาชีพ",84.86,ร้อยละ,สำนักงานสถิติแห่งชาติ
2563,"ไตรมาส 1",ทั่วประเทศ,นอกเขตเทศบาล,"อุดมศึกษา สายวิชาการศึกษา",73.33,ร้อยละ,สำนักงานสถิติแห่งชาติ
2563,"ไตรมาส 1",ทั่วประเทศ,นอกเขตเทศบาล,การศึกษาอื่นๆ,87.71,ร้อยละ,สำนักงานสถิติแห่งชาติ
2563,"ไตรมาส 1",ทั่วประเทศ,นอกเขตเทศบาล,ไม่ทราบ,76.45,ร้อยละ,สำนักงานสถิติแห่งชาติ
2563,"ไตรมาส 1",กรุงเทพมหานคร,ในเขตเทศบาล,รวม,69.22,ร้อยละ,สำนักงานสถิติแห่งชาติ
2563,"ไตรมาส 1",กรุงเทพมหานคร,ในเขตเทศบาล,ไม่มีการศึกษา,58.38,ร้อยละ,สำนักงานสถิติแห่งชาติ
2563,"ไตรมาส 1",กรุงเทพมหานคร,ในเขตเทศบาล,ต่ำกว่าประถมศึกษา,45.14,ร้อยละ,สำนักงานสถิติแห่งชาติ
2563,"ไตรมาส 1",กรุงเทพมหานคร,ในเขตเทศบาล,ประถมศึกษา,75.09,ร้อยละ,สำนักงานสถิติแห่งชาติ
2563,"ไตรมาส 1",กรุงเทพมหานคร,ในเขตเทศบาล,มัธยมศึกษาตอนต้น,65.50,ร้อยละ,สำนักงานสถิติแห่งชาติ
2563,"ไตรมาส 1",กรุงเทพมหานคร,ในเขตเทศบาล,"มัธยมศึกษาตอนปลาย สายสามัญ",57.15,ร้อยละ,สำนักงานสถิติแห่งชาติ
2563,"ไตรมาส 1",กรุงเทพมหานคร,ในเขตเทศบาล,"มัธยมศึกษาตอนปลาย สายอาชีวศึกษา",68.58,ร้อยละ,สำนักงานสถิติแห่งชาติ
2563,"ไตรมาส 1",กรุงเทพมหานคร,ในเขตเทศบาล,"มัธยมศึกษาตอนปลาย สายวิชาการ",54.45,ร้อยละ,สำนักงานสถิติแห่งชาติ
2563,"ไตรมาส 1",กรุงเทพมหานคร,ในเขตเทศบาล,"อุดมศึกษา สายวิชาการ",80.79,ร้อยละ,สำนักงานสถิติแห่งชาติ
2563,"ไตรมาส 1",กรุงเทพมหานคร,ในเขตเทศบาล,"อุดมศึกษา สายวิชาชีพ",77.33,ร้อยละ,สำนักงานสถิติแห่งชาติ
2563,"ไตรมาส 1",กรุงเทพมหานคร,ในเขตเทศบาล,"อุดมศึกษา สายวิชาการศึกษา",61.51,ร้อยละ,สำนักงานสถิติแห่งชาติ
2563,"ไตรมาส 1",กรุงเทพมหานคร,ในเขตเทศบาล,การศึกษาอื่นๆ,.00,ร้อยละ,สำนักงานสถิติแห่งชาติ
2563,"ไตรมาส 1",กรุงเทพมหานคร,ในเขตเทศบาล,ไม่ทราบ,79.23,ร้อยละ,สำนักงานสถิติแห่งชาติ
2563,"ไตรมาส 1",ภาคกลาง,รวม,รวม,69.31,ร้อยละ,สำนักงานสถิติแห่งชาติ
2563,"ไตรมาส 1",ภาคกลาง,รวม,ไม่มีการศึกษา,62.28,ร้อยละ,สำนักงานสถิติแห่งชาติ
2563,"ไตรมาส 1",ภาคกลาง,รวม,ต่ำกว่าประถมศึกษา,50.17,ร้อยละ,สำนักงานสถิติแห่งชาติ
2563,"ไตรมาส 1",ภาคกลาง,รวม,ประถมศึกษา,74.04,ร้อยละ,สำนักงานสถิติแห่งชาติ
2563,"ไตรมาส 1",ภาคกลาง,รวม,มัธยมศึกษาตอนต้น,67.53,ร้อยละ,สำนักงานสถิติแห่งชาติ
2563,"ไตรมาส 1",ภาคกลาง,รวม,"มัธยมศึกษาตอนปลาย สายสามัญ",70.72,ร้อยละ,สำนักงานสถิติแห่งชาติ
2563,"ไตรมาส 1",ภาคกลาง,รวม,"มัธยมศึกษาตอนปลาย สายอาชีวศึกษา",73.27,ร้อยละ,สำนักงานสถิติแห่งชาติ
2563,"ไตรมาส 1",ภาคกลาง,รวม,"มัธยมศึกษาตอนปลาย สายวิชาการ",69.18,ร้อยละ,สำนักงานสถิติแห่งชาติ
2563,"ไตรมาส 1",ภาคกลาง,รวม,"อุดมศึกษา สายวิชาการ",82.59,ร้อยละ,สำนักงานสถิติแห่งชาติ
2563,"ไตรมาส 1",ภาคกลาง,รวม,"อุดมศึกษา สายวิชาชีพ",83.64,ร้อยละ,สำนักงานสถิติแห่งชาติ
2563,"ไตรมาส 1",ภาคกลาง,รวม,"อุดมศึกษา สายวิชาการศึกษา",66.73,ร้อยละ,สำนักงานสถิติแห่งชาติ
2563,"ไตรมาส 1",ภาคกลาง,รวม,การศึกษาอื่นๆ,99.08,ร้อยละ,สำนักงานสถิติแห่งชาติ
2563,"ไตรมาส 1",ภาคกลาง,รวม,ไม่ทราบ,84.25,ร้อยละ,สำนักงานสถิติแห่งชาติ
2563,"ไตรมาส 1",ภาคกลาง,ในเขตเทศบาล,รวม,68.96,ร้อยละ,สำนักงานสถิติแห่งชาติ
2563,"ไตรมาส 1",ภาคกลาง,ในเขตเทศบาล,ไม่มีการศึกษา,67.37,ร้อยละ,สำนักงานสถิติแห่งชาติ
2563,"ไตรมาส 1",ภาคกลาง,ในเขตเทศบาล,ต่ำกว่าประถมศึกษา,46.11,ร้อยละ,สำนักงานสถิติแห่งชาติ
2563,"ไตรมาส 1",ภาคกลาง,ในเขตเทศบาล,ประถมศึกษา,72.66,ร้อยละ,สำนักงานสถิติแห่งชาติ
2563,"ไตรมาส 1",ภาคกลาง,ในเขตเทศบาล,มัธยมศึกษาตอนต้น,67.04,ร้อยละ,สำนักงานสถิติแห่งชาติ
2563,"ไตรมาส 1",ภาคกลาง,ในเขตเทศบาล,"มัธยมศึกษาตอนปลาย สายสามัญ",67.50,ร้อยละ,สำนักงานสถิติแห่งชาติ
2563,"ไตรมาส 1",ภาคกลาง,ในเขตเทศบาล,"มัธยมศึกษาตอนปลาย สายอาชีวศึกษา",71.78,ร้อยละ,สำนักงานสถิติแห่งชาติ
2563,"ไตรมาส 1",ภาคกลาง,ในเขตเทศบาล,"มัธยมศึกษาตอนปลาย สายวิชาการ",81.75,ร้อยละ,สำนักงานสถิติแห่งชาติ
2563,"ไตรมาส 1",ภาคกลาง,ในเขตเทศบาล,"อุดมศึกษา สายวิชาการ",81.16,ร้อยละ,สำนักงานสถิติแห่งชาติ
2563,"ไตรมาส 1",ภาคกลาง,ในเขตเทศบาล,"อุดมศึกษา สายวิชาชีพ",82.81,ร้อยละ,สำนักงานสถิติแห่งชาติ
2563,"ไตรมาส 1",ภาคกลาง,ในเขตเทศบาล,"อุดมศึกษา สายวิชาการศึกษา",65.65,ร้อยละ,สำนักงานสถิติแห่งชาติ
2563,"ไตรมาส 1",ภาคกลาง,ในเขตเทศบาล,การศึกษาอื่นๆ,99.08,ร้อยละ,สำนักงานสถิติแห่งชาติ
2563,"ไตรมาส 1",ภาคกลาง,ในเขตเทศบาล,ไม่ทราบ,84.95,ร้อยละ,สำนักงานสถิติแห่งชาติ
2563,"ไตรมาส 1",ภาคกลาง,นอกเขตเทศบาล,รวม,69.62,ร้อยละ,สำนักงานสถิติแห่งชาติ
2563,"ไตรมาส 1",ภาคกลาง,นอกเขตเทศบาล,ไม่มีการศึกษา,58.52,ร้อยละ,สำนักงานสถิติแห่งชาติ
2563,"ไตรมาส 1",ภาคกลาง,นอกเขตเทศบาล,ต่ำกว่าประถมศึกษา,52.68,ร้อยละ,สำนักงานสถิติแห่งชาติ
2563,"ไตรมาส 1",ภาคกลาง,นอกเขตเทศบาล,ประถมศึกษา,75.05,ร้อยละ,สำนักงานสถิติแห่งชาติ
2563,"ไตรมาส 1",ภาคกลาง,นอกเขตเทศบาล,มัธยมศึกษาตอนต้น,67.95,ร้อยละ,สำนักงานสถิติแห่งชาติ
2563,"ไตรมาส 1",ภาคกลาง,นอกเขตเทศบาล,"มัธยมศึกษาตอนปลาย สายสามัญ",73.79,ร้อยละ,สำนักงานสถิติแห่งชาติ
2563,"ไตรมาส 1",ภาคกลาง,นอกเขตเทศบาล,"มัธยมศึกษาตอนปลาย สายอาชีวศึกษา",74.63,ร้อยละ,สำนักงานสถิติแห่งชาติ
2563,"ไตรมาส 1",ภาคกลาง,นอกเขตเทศบาล,"มัธยมศึกษาตอนปลาย สายวิชาการ",61.58,ร้อยละ,สำนักงานสถิติแห่งชาติ
2563,"ไตรมาส 1",ภาคกลาง,นอกเขตเทศบาล,"อุดมศึกษา สายวิชาการ",84.42,ร้อยละ,สำนักงานสถิติแห่งชาติ
2563,"ไตรมาส 1",ภาคกลาง,นอกเขตเทศบาล,"อุดมศึกษา สายวิชาชีพ",84.44,ร้อยละ,สำนักงานสถิติแห่งชาติ
2563,"ไตรมาส 1",ภาคกลาง,นอกเขตเทศบาล,"อุดมศึกษา สายวิชาการศึกษา",67.82,ร้อยละ,สำนักงานสถิติแห่งชาติ
2563,"ไตรมาส 1",ภาคกลาง,นอกเขตเทศบาล,การศึกษาอื่นๆ,99.07,ร้อยละ,สำนักงานสถิติแห่งชาติ
2563,"ไตรมาส 1",ภาคกลาง,นอกเขตเทศบาล,ไม่ทราบ,82.34,ร้อยละ,สำนักงานสถิติแห่งชาติ
2563,"ไตรมาส 1",ภาคเหนือ,รวม,รวม,63.64,ร้อยละ,สำนักงานสถิติแห่งชาติ
2563,"ไตรมาส 1",ภาคเหนือ,รวม,ไม่มีการศึกษา,45.14,ร้อยละ,สำนักงานสถิติแห่งชาติ
2563,"ไตรมาส 1",ภาคเหนือ,รวม,ต่ำกว่าประถมศึกษา,53.42,ร้อยละ,สำนักงานสถิติแห่งชาติ
2563,"ไตรมาส 1",ภาคเหนือ,รวม,ประถมศึกษา,73.92,ร้อยละ,สำนักงานสถิติแห่งชาติ
2563,"ไตรมาส 1",ภาคเหนือ,รวม,มัธยมศึกษาตอนต้น,57.95,ร้อยละ,สำนักงานสถิติแห่งชาติ
2563,"ไตรมาส 1",ภาคเหนือ,รวม,"มัธยมศึกษาตอนปลาย สายสามัญ",70.57,ร้อยละ,สำนักงานสถิติแห่งชาติ
2563,"ไตรมาส 1",ภาคเหนือ,รวม,"มัธยมศึกษาตอนปลาย สายอาชีวศึกษา",65.16,ร้อยละ,สำนักงานสถิติแห่งชาติ
2563,"ไตรมาส 1",ภาคเหนือ,รวม,"มัธยมศึกษาตอนปลาย สายวิชาการ",85.04,ร้อยละ,สำนักงานสถิติแห่งชาติ
2563,"ไตรมาส 1",ภาคเหนือ,รวม,"อุดมศึกษา สายวิชาการ",83.36,ร้อยละ,สำนักงานสถิติแห่งชาติ
2563,"ไตรมาส 1",ภาคเหนือ,รวม,"อุดมศึกษา สายวิชาชีพ",83.43,ร้อยละ,สำนักงานสถิติแห่งชาติ
2563,"ไตรมาส 1",ภาคเหนือ,รวม,"อุดมศึกษา สายวิชาการศึกษา",67.89,ร้อยละ,สำนักงานสถิติแห่งชาติ
2563,"ไตรมาส 1",ภาคเหนือ,รวม,การศึกษาอื่นๆ,71.03,ร้อยละ,สำนักงานสถิติแห่งชาติ
2563,"ไตรมาส 1",ภาคเหนือ,รวม,ไม่ทราบ,58.96,ร้อยละ,สำนักงานสถิติแห่งชาติ
2563,"ไตรมาส 1",ภาคเหนือ,ในเขตเทศบาล,รวม,62.88,ร้อยละ,สำนักงานสถิติแห่งชาติ
2563,"ไตรมาส 1",ภาคเหนือ,ในเขตเทศบาล,ไม่มีการศึกษา,41.94,ร้อยละ,สำนักงานสถิติแห่งชาติ
2563,"ไตรมาส 1",ภาคเหนือ,ในเขตเทศบาล,ต่ำกว่าประถมศึกษา,51.26,ร้อยละ,สำนักงานสถิติแห่งชาติ
2563,"ไตรมาส 1",ภาคเหนือ,ในเขตเทศบาล,ประถมศึกษา,69.59,ร้อยละ,สำนักงานสถิติแห่งชาติ
2563,"ไตรมาส 1",ภาคเหนือ,ในเขตเทศบาล,มัธยมศึกษาตอนต้น,55.53,ร้อยละ,สำนักงานสถิติแห่งชาติ
2563,"ไตรมาส 1",ภาคเหนือ,ในเขตเทศบาล,"มัธยมศึกษาตอนปลาย สายสามัญ",66.82,ร้อยละ,สำนักงานสถิติแห่งชาติ
2563,"ไตรมาส 1",ภาคเหนือ,ในเขตเทศบาล,"มัธยมศึกษาตอนปลาย สายอาชีวศึกษา",60.96,ร้อยละ,สำนักงานสถิติแห่งชาติ
2563,"ไตรมาส 1",ภาคเหนือ,ในเขตเทศบาล,"มัธยมศึกษาตอนปลาย สายวิชาการ",72.30,ร้อยละ,สำนักงานสถิติแห่งชาติ
2563,"ไตรมาส 1",ภาคเหนือ,ในเขตเทศบาล,"อุดมศึกษา สายวิชาการ",84.20,ร้อยละ,สำนักงานสถิติแห่งชาติ
2563,"ไตรมาส 1",ภาคเหนือ,ในเขตเทศบาล,"อุดมศึกษา สายวิชาชีพ",81.70,ร้อยละ,สำนักงานสถิติแห่งชาติ
2563,"ไตรมาส 1",ภาคเหนือ,ในเขตเทศบาล,"อุดมศึกษา สายวิชาการศึกษา",59.08,ร้อยละ,สำนักงานสถิติแห่งชาติ
2563,"ไตรมาส 1",ภาคเหนือ,ในเขตเทศบาล,การศึกษาอื่นๆ,71.94,ร้อยละ,สำนักงานสถิติแห่งชาติ
2563,"ไตรมาส 1",ภาคเหนือ,ในเขตเทศบาล,ไม่ทราบ,62.24,ร้อยละ,สำนักงานสถิติแห่งชาติ
2563,"ไตรมาส 1",ภาคเหนือ,นอกเขตเทศบาล,รวม,64.04,ร้อยละ,สำนักงานสถิติแห่งชาติ
2563,"ไตรมาส 1",ภาคเหนือ,นอกเขตเทศบาล,ไม่มีการศึกษา,46.24,ร้อยละ,สำนักงานสถิติแห่งชาติ
2563,"ไตรมาส 1",ภาคเหนือ,นอกเขตเทศบาล,ต่ำกว่าประถมศึกษา,54.38,ร้อยละ,สำนักงานสถิติแห่งชาติ
2563,"ไตรมาส 1",ภาคเหนือ,นอกเขตเทศบาล,ประถมศึกษา,75.69,ร้อยละ,สำนักงานสถิติแห่งชาติ
2563,"ไตรมาส 1",ภาคเหนือ,นอกเขตเทศบาล,มัธยมศึกษาตอนต้น,59.15,ร้อยละ,สำนักงานสถิติแห่งชาติ
2563,"ไตรมาส 1",ภาคเหนือ,นอกเขตเทศบาล,"มัธยมศึกษาตอนปลาย สายสามัญ",73.08,ร้อยละ,สำนักงานสถิติแห่งชาติ
2563,"ไตรมาส 1",ภาคเหนือ,นอกเขตเทศบาล,"มัธยมศึกษาตอนปลาย สายอาชีวศึกษา",68.37,ร้อยละ,สำนักงานสถิติแห่งชาติ
2563,"ไตรมาส 1",ภาคเหนือ,นอกเขตเทศบาล,"มัธยมศึกษาตอนปลาย สายวิชาการ",90.13,ร้อยละ,สำนักงานสถิติแห่งชาติ
2563,"ไตรมาส 1",ภาคเหนือ,นอกเขตเทศบาล,"อุดมศึกษา สายวิชาการ",82.35,ร้อยละ,สำนักงานสถิติแห่งชาติ
2563,"ไตรมาส 1",ภาคเหนือ,นอกเขตเทศบาล,"อุดมศึกษา สายวิชาชีพ",84.98,ร้อยละ,สำนักงานสถิติแห่งชาติ
2563,"ไตรมาส 1",ภาคเหนือ,นอกเขตเทศบาล,"อุดมศึกษา สายวิชาการศึกษา",75.94,ร้อยละ,สำนักงานสถิติแห่งชาติ
2563,"ไตรมาส 1",ภาคเหนือ,นอกเขตเทศบาล,การศึกษาอื่นๆ,70.53,ร้อยละ,สำนักงานสถิติแห่งชาติ
2563,"ไตรมาส 1",ภาคเหนือ,นอกเขตเทศบาล,ไม่ทราบ,57.98,ร้อยละ,สำนักงานสถิติแห่งชาติ
2563,"ไตรมาส 1",ภาคตะวันออกเฉียงเหนือ,รวม,รวม,59.97,ร้อยละ,สำนักงานสถิติแห่งชาติ
2563,"ไตรมาส 1",ภาคตะวันออกเฉียงเหนือ,รวม,ไม่มีการศึกษา,25.88,ร้อยละ,สำนักงานสถิติแห่งชาติ
2563,"ไตรมาส 1",ภาคตะวันออกเฉียงเหนือ,รวม,ต่ำกว่าประถมศึกษา,45.22,ร้อยละ,สำนักงานสถิติแห่งชาติ
2563,"ไตรมาส 1",ภาคตะวันออกเฉียงเหนือ,รวม,ประถมศึกษา,72.51,ร้อยละ,สำนักงานสถิติแห่งชาติ
2563,"ไตรมาส 1",ภาคตะวันออกเฉียงเหนือ,รวม,มัธยมศึกษาตอนต้น,52.77,ร้อยละ,สำนักงานสถิติแห่งชาติ
2563,"ไตรมาส 1",ภาคตะวันออกเฉียงเหนือ,รวม,"มัธยมศึกษาตอนปลาย สายสามัญ",68.86,ร้อยละ,สำนักงานสถิติแห่งชาติ
2563,"ไตรมาส 1",ภาคตะวันออกเฉียงเหนือ,รวม,"มัธยมศึกษาตอนปลาย สายอาชีวศึกษา",59.25,ร้อยละ,สำนักงานสถิติแห่งชาติ
2563,"ไตรมาส 1",ภาคตะวันออกเฉียงเหนือ,รวม,"มัธยมศึกษาตอนปลาย สายวิชาการ",43.72,ร้อยละ,สำนักงานสถิติแห่งชาติ
2563,"ไตรมาส 1",ภาคตะวันออกเฉียงเหนือ,รวม,"อุดมศึกษา สายวิชาการ",84.10,ร้อยละ,สำนักงานสถิติแห่งชาติ
2563,"ไตรมาส 1",ภาคตะวันออกเฉียงเหนือ,รวม,"อุดมศึกษา สายวิชาชีพ",84.11,ร้อยละ,สำนักงานสถิติแห่งชาติ
2563,"ไตรมาส 1",ภาคตะวันออกเฉียงเหนือ,รวม,"อุดมศึกษา สายวิชาการศึกษา",69.91,ร้อยละ,สำนักงานสถิติแห่งชาติ
2563,"ไตรมาส 1",ภาคตะวันออกเฉียงเหนือ,รวม,การศึกษาอื่นๆ,.00,ร้อยละ,สำนักงานสถิติแห่งชาติ
2563,"ไตรมาส 1",ภาคตะวันออกเฉียงเหนือ,รวม,ไม่ทราบ,36.48,ร้อยละ,สำนักงานสถิติแห่งชาติ
2563,"ไตรมาส 1",ภาคตะวันออกเฉียงเหนือ,ในเขตเทศบาล,รวม,60.08,ร้อยละ,สำนักงานสถิติแห่งชาติ
2563,"ไตรมาส 1",ภาคตะวันออกเฉียงเหนือ,ในเขตเทศบาล,ไม่มีการศึกษา,27.47,ร้อยละ,สำนักงานสถิติแห่งชาติ
2563,"ไตรมาส 1",ภาคตะวันออกเฉียงเหนือ,ในเขตเทศบาล,ต่ำกว่าประถมศึกษา,43.59,ร้อยละ,สำนักงานสถิติแห่งชาติ
2563,"ไตรมาส 1",ภาคตะวันออกเฉียงเหนือ,ในเขตเทศบาล,ประถมศึกษา,71.88,ร้อยละ,สำนักงานสถิติแห่งชาติ
2563,"ไตรมาส 1",ภาคตะวันออกเฉียงเหนือ,ในเขตเทศบาล,มัธยมศึกษาตอนต้น,50.48,ร้อยละ,สำนักงานสถิติแห่งชาติ
2563,"ไตรมาส 1",ภาคตะวันออกเฉียงเหนือ,ในเขตเทศบาล,"มัธยมศึกษาตอนปลาย สายสามัญ",64.49,ร้อยละ,สำนักงานสถิติแห่งชาติ
2563,"ไตรมาส 1",ภาคตะวันออกเฉียงเหนือ,ในเขตเทศบาล,"มัธยมศึกษาตอนปลาย สายอาชีวศึกษา",62.85,ร้อยละ,สำนักงานสถิติแห่งชาติ
2563,"ไตรมาส 1",ภาคตะวันออกเฉียงเหนือ,ในเขตเทศบาล,"มัธยมศึกษาตอนปลาย สายวิชาการ",43.72,ร้อยละ,สำนักงานสถิติแห่งชาติ
2563,"ไตรมาส 1",ภาคตะวันออกเฉียงเหนือ,ในเขตเทศบาล,"อุดมศึกษา สายวิชาการ",85.14,ร้อยละ,สำนักงานสถิติแห่งชาติ
2563,"ไตรมาส 1",ภาคตะวันออกเฉียงเหนือ,ในเขตเทศบาล,"อุดมศึกษา สายวิชาชีพ",85.03,ร้อยละ,สำนักงานสถิติแห่งชาติ
2563,"ไตรมาส 1",ภาคตะวันออกเฉียงเหนือ,ในเขตเทศบาล,"อุดมศึกษา สายวิชาการศึกษา",65.66,ร้อยละ,สำนักงานสถิติแห่งชาติ
2563,"ไตรมาส 1",ภาคตะวันออกเฉียงเหนือ,ในเขตเทศบาล,การศึกษาอื่นๆ,.00,ร้อยละ,สำนักงานสถิติแห่งชาติ
2563,"ไตรมาส 1",ภาคตะวันออกเฉียงเหนือ,ในเขตเทศบาล,ไม่ทราบ,55.76,ร้อยละ,สำนักงานสถิติแห่งชาติ
2563,"ไตรมาส 1",ภาคตะวันออกเฉียงเหนือ,นอกเขตเทศบาล,รวม,59.93,ร้อยละ,สำนักงานสถิติแห่งชาติ
2563,"ไตรมาส 1",ภาคตะวันออกเฉียงเหนือ,นอกเขตเทศบาล,ไม่มีการศึกษา,25.32,ร้อยละ,สำนักงานสถิติแห่งชาติ
2563,"ไตรมาส 1",ภาคตะวันออกเฉียงเหนือ,นอกเขตเทศบาล,ต่ำกว่าประถมศึกษา,45.79,ร้อยละ,สำนักงานสถิติแห่งชาติ
2563,"ไตรมาส 1",ภาคตะวันออกเฉียงเหนือ,นอกเขตเทศบาล,ประถมศึกษา,72.73,ร้อยละ,สำนักงานสถิติแห่งชาติ
2563,"ไตรมาส 1",ภาคตะวันออกเฉียงเหนือ,นอกเขตเทศบาล,มัธยมศึกษาตอนต้น,53.66,ร้อยละ,สำนักงานสถิติแห่งชาติ
2563,"ไตรมาส 1",ภาคตะวันออกเฉียงเหนือ,นอกเขตเทศบาล,"มัธยมศึกษาตอนปลาย สายสามัญ",70.97,ร้อยละ,สำนักงานสถิติแห่งชาติ
2563,"ไตรมาส 1",ภาคตะวันออกเฉียงเหนือ,นอกเขตเทศบาล,"มัธยมศึกษาตอนปลาย สายอาชีวศึกษา",57.25,ร้อยละ,สำนักงานสถิติแห่งชาติ
2563,"ไตรมาส 1",ภาคตะวันออกเฉียงเหนือ,นอกเขตเทศบาล,"มัธยมศึกษาตอนปลาย สายวิชาการ",.00,ร้อยละ,สำนักงานสถิติแห่งชาติ
2563,"ไตรมาส 1",ภาคตะวันออกเฉียงเหนือ,นอกเขตเทศบาล,"อุดมศึกษา สายวิชาการ",83.06,ร้อยละ,สำนักงานสถิติแห่งชาติ
2563,"ไตรมาส 1",ภาคตะวันออกเฉียงเหนือ,นอกเขตเทศบาล,"อุดมศึกษา สายวิชาชีพ",83.60,ร้อยละ,สำนักงานสถิติแห่งชาติ
2563,"ไตรมาส 1",ภาคตะวันออกเฉียงเหนือ,นอกเขตเทศบาล,"อุดมศึกษา สายวิชาการศึกษา",73.25,ร้อยละ,สำนักงานสถิติแห่งชาติ
2563,"ไตรมาส 1",ภาคตะวันออกเฉียงเหนือ,นอกเขตเทศบาล,การศึกษาอื่นๆ,.00,ร้อยละ,สำนักงานสถิติแห่งชาติ
2563,"ไตรมาส 1",ภาคตะวันออกเฉียงเหนือ,นอกเขตเทศบาล,ไม่ทราบ,28.75,ร้อยละ,สำนักงานสถิติแห่งชาติ
2563,"ไตรมาส 1",ภาคใต้,รวม,รวม,69.83,ร้อยละ,สำนักงานสถิติแห่งชาติ
2563,"ไตรมาส 1",ภาคใต้,รวม,ไม่มีการศึกษา,44.68,ร้อยละ,สำนักงานสถิติแห่งชาติ
2563,"ไตรมาส 1",ภาคใต้,รวม,ต่ำกว่าประถมศึกษา,58.12,ร้อยละ,สำนักงานสถิติแห่งชาติ
2563,"ไตรมาส 1",ภาคใต้,รวม,ประถมศึกษา,76.98,ร้อยละ,สำนักงานสถิติแห่งชาติ
2563,"ไตรมาส 1",ภาคใต้,รวม,มัธยมศึกษาตอนต้น,61.53,ร้อยละ,สำนักงานสถิติแห่งชาติ
2563,"ไตรมาส 1",ภาคใต้,รวม,"มัธยมศึกษาตอนปลาย สายสามัญ",74.29,ร้อยละ,สำนักงานสถิติแห่งชาติ
2563,"ไตรมาส 1",ภาคใต้,รวม,"มัธยมศึกษาตอนปลาย สายอาชีวศึกษา",71.84,ร้อยละ,สำนักงานสถิติแห่งชาติ
2563,"ไตรมาส 1",ภาคใต้,รวม,"มัธยมศึกษาตอนปลาย สายวิชาการ",100.00,ร้อยละ,สำนักงานสถิติแห่งชาติ
2563,"ไตรมาส 1",ภาคใต้,รวม,"อุดมศึกษา สายวิชาการ",84.71,ร้อยละ,สำนักงานสถิติแห่งชาติ
2563,"ไตรมาส 1",ภาคใต้,รวม,"อุดมศึกษา สายวิชาชีพ",86.63,ร้อยละ,สำนักงานสถิติแห่งชาติ
2563,"ไตรมาส 1",ภาคใต้,รวม,"อุดมศึกษา สายวิชาการศึกษา",72.67,ร้อยละ,สำนักงานสถิติแห่งชาติ
2563,"ไตรมาส 1",ภาคใต้,รวม,การศึกษาอื่นๆ,61.23,ร้อยละ,สำนักงานสถิติแห่งชาติ
2563,"ไตรมาส 1",ภาคใต้,รวม,ไม่ทราบ,81.98,ร้อยละ,สำนักงานสถิติแห่งชาติ
2563,"ไตรมาส 1",ภาคใต้,ในเขตเทศบาล,รวม,67.10,ร้อยละ,สำนักงานสถิติแห่งชาติ
2563,"ไตรมาส 1",ภาคใต้,ในเขตเทศบาล,ไม่มีการศึกษา,42.52,ร้อยละ,สำนักงานสถิติแห่งชาติ
2563,"ไตรมาส 1",ภาคใต้,ในเขตเทศบาล,ต่ำกว่าประถมศึกษา,52.86,ร้อยละ,สำนักงานสถิติแห่งชาติ
2563,"ไตรมาส 1",ภาคใต้,ในเขตเทศบาล,ประถมศึกษา,72.17,ร้อยละ,สำนักงานสถิติแห่งชาติ
2563,"ไตรมาส 1",ภาคใต้,ในเขตเทศบาล,มัธยมศึกษาตอนต้น,57.68,ร้อยละ,สำนักงานสถิติแห่งชาติ
2563,"ไตรมาส 1",ภาคใต้,ในเขตเทศบาล,"มัธยมศึกษาตอนปลาย สายสามัญ",67.73,ร้อยละ,สำนักงานสถิติแห่งชาติ
2563,"ไตรมาส 1",ภาคใต้,ในเขตเทศบาล,"มัธยมศึกษาตอนปลาย สายอาชีวศึกษา",67.30,ร้อยละ,สำนักงานสถิติแห่งชาติ
2563,"ไตรมาส 1",ภาคใต้,ในเขตเทศบาล,"มัธยมศึกษาตอนปลาย สายวิชาการ",100.00,ร้อยละ,สำนักงานสถิติแห่งชาติ
2563,"ไตรมาส 1",ภาคใต้,ในเขตเทศบาล,"อุดมศึกษา สายวิชาการ",83.33,ร้อยละ,สำนักงานสถิติแห่งชาติ
2563,"ไตรมาส 1",ภาคใต้,ในเขตเทศบาล,"อุดมศึกษา สายวิชาชีพ",84.78,ร้อยละ,สำนักงานสถิติแห่งชาติ
2563,"ไตรมาส 1",ภาคใต้,ในเขตเทศบาล,"อุดมศึกษา สายวิชาการศึกษา",64.26,ร้อยละ,สำนักงานสถิติแห่งชาติ
2563,"ไตรมาส 1",ภาคใต้,ในเขตเทศบาล,การศึกษาอื่นๆ,81.53,ร้อยละ,สำนักงานสถิติแห่งชาติ
2563,"ไตรมาส 1",ภาคใต้,ในเขตเทศบาล,ไม่ทราบ,81.48,ร้อยละ,สำนักงานสถิติแห่งชาติ
2563,"ไตรมาส 1",ภาคใต้,นอกเขตเทศบาล,รวม,71.22,ร้อยละ,สำนักงานสถิติแห่งชาติ
2563,"ไตรมาส 1",ภาคใต้,นอกเขตเทศบาล,ไม่มีการศึกษา,45.40,ร้อยละ,สำนักงานสถิติแห่งชาติ
2563,"ไตรมาส 1",ภาคใต้,นอกเขตเทศบาล,ต่ำกว่าประถมศึกษา,60.35,ร้อยละ,สำนักงานสถิติแห่งชาติ
2563,"ไตรมาส 1",ภาคใต้,นอกเขตเทศบาล,ประถมศึกษา,78.57,ร้อยละ,สำนักงานสถิติแห่งชาติ
2563,"ไตรมาส 1",ภาคใต้,นอกเขตเทศบาล,มัธยมศึกษาตอนต้น,63.33,ร้อยละ,สำนักงานสถิติแห่งชาติ
2563,"ไตรมาส 1",ภาคใต้,นอกเขตเทศบาล,"มัธยมศึกษาตอนปลาย สายสามัญ",78.15,ร้อยละ,สำนักงานสถิติแห่งชาติ
2563,"ไตรมาส 1",ภาคใต้,นอกเขตเทศบาล,"มัธยมศึกษาตอนปลาย สายอาชีวศึกษา",75.37,ร้อยละ,สำนักงานสถิติแห่งชาติ
2563,"ไตรมาส 1",ภาคใต้,นอกเขตเทศบาล,"มัธยมศึกษาตอนปลาย สายวิชาการ",100.00,ร้อยละ,สำนักงานสถิติแห่งชาติ
2563,"ไตรมาส 1",ภาคใต้,นอกเขตเทศบาล,"อุดมศึกษา สายวิชาการ",86.03,ร้อยละ,สำนักงานสถิติแห่งชาติ
2563,"ไตรมาส 1",ภาคใต้,นอกเขตเทศบาล,"อุดมศึกษา สายวิชาชีพ",88.53,ร้อยละ,สำนักงานสถิติแห่งชาติ
2563,"ไตรมาส 1",ภาคใต้,นอกเขตเทศบาล,"อุดมศึกษา สายวิชาการศึกษา",79.10,ร้อยละ,สำนักงานสถิติแห่งชาติ
2563,"ไตรมาส 1",ภาคใต้,นอกเขตเทศบาล,การศึกษาอื่นๆ,54.01,ร้อยละ,สำนักงานสถิติแห่งชาติ
2563,"ไตรมาส 1",ภาคใต้,นอกเขตเทศบาล,ไม่ทราบ,82.81,ร้อยละ,สำนักงานสถิติแห่งชาติ
2563,"ไตรมาส 2",ทั่วประเทศ,รวม,รวม,65.26,ร้อยละ,สำนักงานสถิติแห่งชาติ
2563,"ไตรมาส 2",ทั่วประเทศ,รวม,ไม่มีการศึกษา,48.17,ร้อยละ,สำนักงานสถิติแห่งชาติ
2563,"ไตรมาส 2",ทั่วประเทศ,รวม,ต่ำกว่าประถมศึกษา,50.28,ร้อยละ,สำนักงานสถิติแห่งชาติ
2563,"ไตรมาส 2",ทั่วประเทศ,รวม,ประถมศึกษา,74.31,ร้อยละ,สำนักงานสถิติแห่งชาติ
2563,"ไตรมาส 2",ทั่วประเทศ,รวม,มัธยมศึกษาตอนต้น,61.06,ร้อยละ,สำนักงานสถิติแห่งชาติ
2563,"ไตรมาส 2",ทั่วประเทศ,รวม,"มัธยมศึกษาตอนปลาย สายสามัญ",65.90,ร้อยละ,สำนักงานสถิติแห่งชาติ
2563,"ไตรมาส 2",ทั่วประเทศ,รวม,"มัธยมศึกษาตอนปลาย สายอาชีวศึกษา",69.12,ร้อยละ,สำนักงานสถิติแห่งชาติ
2563,"ไตรมาส 2",ทั่วประเทศ,รวม,"มัธยมศึกษาตอนปลาย สายวิชาการ",30.06,ร้อยละ,สำนักงานสถิติแห่งชาติ
2563,"ไตรมาส 2",ทั่วประเทศ,รวม,"อุดมศึกษา สายวิชาการ",80.80,ร้อยละ,สำนักงานสถิติแห่งชาติ
2563,"ไตรมาส 2",ทั่วประเทศ,รวม,"อุดมศึกษา สายวิชาชีพ",81.10,ร้อยละ,สำนักงานสถิติแห่งชาติ
2563,"ไตรมาส 2",ทั่วประเทศ,รวม,"อุดมศึกษา สายวิชาการศึกษา",67.04,ร้อยละ,สำนักงานสถิติแห่งชาติ
2563,"ไตรมาส 2",ทั่วประเทศ,รวม,การศึกษาอื่นๆ,93.17,ร้อยละ,สำนักงานสถิติแห่งชาติ
2563,"ไตรมาส 2",ทั่วประเทศ,รวม,ไม่ทราบ,73.14,ร้อยละ,สำนักงานสถิติแห่งชาติ
2563,"ไตรมาส 2",ทั่วประเทศ,ในเขตเทศบาล,รวม,65.43,ร้อยละ,สำนักงานสถิติแห่งชาติ
2563,"ไตรมาส 2",ทั่วประเทศ,ในเขตเทศบาล,ไม่มีการศึกษา,50.91,ร้อยละ,สำนักงานสถิติแห่งชาติ
2563,"ไตรมาส 2",ทั่วประเทศ,ในเขตเทศบาล,ต่ำกว่าประถมศึกษา,47.20,ร้อยละ,สำนักงานสถิติแห่งชาติ
2563,"ไตรมาส 2",ทั่วประเทศ,ในเขตเทศบาล,ประถมศึกษา,72.63,ร้อยละ,สำนักงานสถิติแห่งชาติ
2563,"ไตรมาส 2",ทั่วประเทศ,ในเขตเทศบาล,มัธยมศึกษาตอนต้น,60.81,ร้อยละ,สำนักงานสถิติแห่งชาติ
2563,"ไตรมาส 2",ทั่วประเทศ,ในเขตเทศบาล,"มัธยมศึกษาตอนปลาย สายสามัญ",61.70,ร้อยละ,สำนักงานสถิติแห่งชาติ
2563,"ไตรมาส 2",ทั่วประเทศ,ในเขตเทศบาล,"มัธยมศึกษาตอนปลาย สายอาชีวศึกษา",68.25,ร้อยละ,สำนักงานสถิติแห่งชาติ
2563,"ไตรมาส 2",ทั่วประเทศ,ในเขตเทศบาล,"มัธยมศึกษาตอนปลาย สายวิชาการ",32.25,ร้อยละ,สำนักงานสถิติแห่งชาติ
2563,"ไตรมาส 2",ทั่วประเทศ,ในเขตเทศบาล,"อุดมศึกษา สายวิชาการ",79.88,ร้อยละ,สำนักงานสถิติแห่งชาติ
2563,"ไตรมาส 2",ทั่วประเทศ,ในเขตเทศบาล,"อุดมศึกษา สายวิชาชีพ",80.19,ร้อยละ,สำนักงานสถิติแห่งชาติ
2563,"ไตรมาส 2",ทั่วประเทศ,ในเขตเทศบาล,"อุดมศึกษา สายวิชาการศึกษา",62.20,ร้อยละ,สำนักงานสถิติแห่งชาติ
2563,"ไตรมาส 2",ทั่วประเทศ,ในเขตเทศบาล,การศึกษาอื่นๆ,97.54,ร้อยละ,สำนักงานสถิติแห่งชาติ
2563,"ไตรมาส 2",ทั่วประเทศ,ในเขตเทศบาล,ไม่ทราบ,72.79,ร้อยละ,สำนักงานสถิติแห่งชาติ
2563,"ไตรมาส 2",ทั่วประเทศ,นอกเขตเทศบาล,รวม,65.12,ร้อยละ,สำนักงานสถิติแห่งชาติ
2563,"ไตรมาส 2",ทั่วประเทศ,นอกเขตเทศบาล,ไม่มีการศึกษา,46.43,ร้อยละ,สำนักงานสถิติแห่งชาติ
2563,"ไตรมาส 2",ทั่วประเทศ,นอกเขตเทศบาล,ต่ำกว่าประถมศึกษา,51.90,ร้อยละ,สำนักงานสถิติแห่งชาติ
2563,"ไตรมาส 2",ทั่วประเทศ,นอกเขตเทศบาล,ประถมศึกษา,75.39,ร้อยละ,สำนักงานสถิติแห่งชาติ
2563,"ไตรมาส 2",ทั่วประเทศ,นอกเขตเทศบาล,มัธยมศึกษาตอนต้น,61.24,ร้อยละ,สำนักงานสถิติแห่งชาติ
2563,"ไตรมาส 2",ทั่วประเทศ,นอกเขตเทศบาล,"มัธยมศึกษาตอนปลาย สายสามัญ",69.87,ร้อยละ,สำนักงานสถิติแห่งชาติ
2563,"ไตรมาส 2",ทั่วประเทศ,นอกเขตเทศบาล,"มัธยมศึกษาตอนปลาย สายอาชีวศึกษา",70.15,ร้อยละ,สำนักงานสถิติแห่งชาติ
2563,"ไตรมาส 2",ทั่วประเทศ,นอกเขตเทศบาล,"มัธยมศึกษาตอนปลาย สายวิชาการ",27.21,ร้อยละ,สำนักงานสถิติแห่งชาติ
2563,"ไตรมาส 2",ทั่วประเทศ,นอกเขตเทศบาล,"อุดมศึกษา สายวิชาการ",82.91,ร้อยละ,สำนักงานสถิติแห่งชาติ
2563,"ไตรมาส 2",ทั่วประเทศ,นอกเขตเทศบาล,"อุดมศึกษา สายวิชาชีพ",82.12,ร้อยละ,สำนักงานสถิติแห่งชาติ
2563,"ไตรมาส 2",ทั่วประเทศ,นอกเขตเทศบาล,"อุดมศึกษา สายวิชาการศึกษา",72.74,ร้อยละ,สำนักงานสถิติแห่งชาติ
2563,"ไตรมาส 2",ทั่วประเทศ,นอกเขตเทศบาล,การศึกษาอื่นๆ,85.19,ร้อยละ,สำนักงานสถิติแห่งชาติ
2563,"ไตรมาส 2",ทั่วประเทศ,นอกเขตเทศบาล,ไม่ทราบ,73.71,ร้อยละ,สำนักงานสถิติแห่งชาติ
2563,"ไตรมาส 2",กรุงเทพมหานคร,ในเขตเทศบาล,รวม,68.29,ร้อยละ,สำนักงานสถิติแห่งชาติ
2563,"ไตรมาส 2",กรุงเทพมหานคร,ในเขตเทศบาล,ไม่มีการศึกษา,56.59,ร้อยละ,สำนักงานสถิติแห่งชาติ
2563,"ไตรมาส 2",กรุงเทพมหานคร,ในเขตเทศบาล,ต่ำกว่าประถมศึกษา,44.86,ร้อยละ,สำนักงานสถิติแห่งชาติ
2563,"ไตรมาส 2",กรุงเทพมหานคร,ในเขตเทศบาล,ประถมศึกษา,73.19,ร้อยละ,สำนักงานสถิติแห่งชาติ
2563,"ไตรมาส 2",กรุงเทพมหานคร,ในเขตเทศบาล,มัธยมศึกษาตอนต้น,64.79,ร้อยละ,สำนักงานสถิติแห่งชาติ
2563,"ไตรมาส 2",กรุงเทพมหานคร,ในเขตเทศบาล,"มัธยมศึกษาตอนปลาย สายสามัญ",58.75,ร้อยละ,สำนักงานสถิติแห่งชาติ
2563,"ไตรมาส 2",กรุงเทพมหานคร,ในเขตเทศบาล,"มัธยมศึกษาตอนปลาย สายอาชีวศึกษา",67.85,ร้อยละ,สำนักงานสถิติแห่งชาติ
2563,"ไตรมาส 2",กรุงเทพมหานคร,ในเขตเทศบาล,"มัธยมศึกษาตอนปลาย สายวิชาการ",25.10,ร้อยละ,สำนักงานสถิติแห่งชาติ
2563,"ไตรมาส 2",กรุงเทพมหานคร,ในเขตเทศบาล,"อุดมศึกษา สายวิชาการ",79.71,ร้อยละ,สำนักงานสถิติแห่งชาติ
2563,"ไตรมาส 2",กรุงเทพมหานคร,ในเขตเทศบาล,"อุดมศึกษา สายวิชาชีพ",74.87,ร้อยละ,สำนักงานสถิติแห่งชาติ
2563,"ไตรมาส 2",กรุงเทพมหานคร,ในเขตเทศบาล,"อุดมศึกษา สายวิชาการศึกษา",62.08,ร้อยละ,สำนักงานสถิติแห่งชาติ
2563,"ไตรมาส 2",กรุงเทพมหานคร,ในเขตเทศบาล,การศึกษาอื่นๆ,.00,ร้อยละ,สำนักงานสถิติแห่งชาติ
2563,"ไตรมาส 2",กรุงเทพมหานคร,ในเขตเทศบาล,ไม่ทราบ,62.06,ร้อยละ,สำนักงานสถิติแห่งชาติ
2563,"ไตรมาส 2",ภาคกลาง,รวม,รวม,68.03,ร้อยละ,สำนักงานสถิติแห่งชาติ
2563,"ไตรมาส 2",ภาคกลาง,รวม,ไม่มีการศึกษา,60.02,ร้อยละ,สำนักงานสถิติแห่งชาติ
2563,"ไตรมาส 2",ภาคกลาง,รวม,ต่ำกว่าประถมศึกษา,47.78,ร้อยละ,สำนักงานสถิติแห่งชาติ
2563,"ไตรมาส 2",ภาคกลาง,รวม,ประถมศึกษา,73.99,ร้อยละ,สำนักงานสถิติแห่งชาติ
2563,"ไตรมาส 2",ภาคกลาง,รวม,มัธยมศึกษาตอนต้น,66.71,ร้อยละ,สำนักงานสถิติแห่งชาติ
2563,"ไตรมาส 2",ภาคกลาง,รวม,"มัธยมศึกษาตอนปลาย สายสามัญ",68.76,ร้อยละ,สำนักงานสถิติแห่งชาติ
2563,"ไตรมาส 2",ภาคกลาง,รวม,"มัธยมศึกษาตอนปลาย สายอาชีวศึกษา",72.82,ร้อยละ,สำนักงานสถิติแห่งชาติ
2563,"ไตรมาส 2",ภาคกลาง,รวม,"มัธยมศึกษาตอนปลาย สายวิชาการ",19.12,ร้อยละ,สำนักงานสถิติแห่งชาติ
2563,"ไตรมาส 2",ภาคกลาง,รวม,"อุดมศึกษา สายวิชาการ",81.42,ร้อยละ,สำนักงานสถิติแห่งชาติ
2563,"ไตรมาส 2",ภาคกลาง,รวม,"อุดมศึกษา สายวิชาชีพ",83.40,ร้อยละ,สำนักงานสถิติแห่งชาติ
2563,"ไตรมาส 2",ภาคกลาง,รวม,"อุดมศึกษา สายวิชาการศึกษา",65.47,ร้อยละ,สำนักงานสถิติแห่งชาติ
2563,"ไตรมาส 2",ภาคกลาง,รวม,การศึกษาอื่นๆ,98.13,ร้อยละ,สำนักงานสถิติแห่งชาติ
2563,"ไตรมาส 2",ภาคกลาง,รวม,ไม่ทราบ,76.13,ร้อยละ,สำนักงานสถิติแห่งชาติ
2563,"ไตรมาส 2",ภาคกลาง,ในเขตเทศบาล,รวม,67.37,ร้อยละ,สำนักงานสถิติแห่งชาติ
2563,"ไตรมาส 2",ภาคกลาง,ในเขตเทศบาล,ไม่มีการศึกษา,60.90,ร้อยละ,สำนักงานสถิติแห่งชาติ
2563,"ไตรมาส 2",ภาคกลาง,ในเขตเทศบาล,ต่ำกว่าประถมศึกษา,44.08,ร้อยละ,สำนักงานสถิติแห่งชาติ
2563,"ไตรมาส 2",ภาคกลาง,ในเขตเทศบาล,ประถมศึกษา,72.00,ร้อยละ,สำนักงานสถิติแห่งชาติ
2563,"ไตรมาส 2",ภาคกลาง,ในเขตเทศบาล,มัธยมศึกษาตอนต้น,66.16,ร้อยละ,สำนักงานสถิติแห่งชาติ
2563,"ไตรมาส 2",ภาคกลาง,ในเขตเทศบาล,"มัธยมศึกษาตอนปลาย สายสามัญ",65.97,ร้อยละ,สำนักงานสถิติแห่งชาติ
2563,"ไตรมาส 2",ภาคกลาง,ในเขตเทศบาล,"มัธยมศึกษาตอนปลาย สายอาชีวศึกษา",70.68,ร้อยละ,สำนักงานสถิติแห่งชาติ
2563,"ไตรมาส 2",ภาคกลาง,ในเขตเทศบาล,"มัธยมศึกษาตอนปลาย สายวิชาการ",1.78,ร้อยละ,สำนักงานสถิติแห่งชาติ
2563,"ไตรมาส 2",ภาคกลาง,ในเขตเทศบาล,"อุดมศึกษา สายวิชาการ",79.37,ร้อยละ,สำนักงานสถิติแห่งชาติ
2563,"ไตรมาส 2",ภาคกลาง,ในเขตเทศบาล,"อุดมศึกษา สายวิชาชีพ",82.95,ร้อยละ,สำนักงานสถิติแห่งชาติ
2563,"ไตรมาส 2",ภาคกลาง,ในเขตเทศบาล,"อุดมศึกษา สายวิชาการศึกษา",61.41,ร้อยละ,สำนักงานสถิติแห่งชาติ
2563,"ไตรมาส 2",ภาคกลาง,ในเขตเทศบาล,การศึกษาอื่นๆ,99.27,ร้อยละ,สำนักงานสถิติแห่งชาติ
2563,"ไตรมาส 2",ภาคกลาง,ในเขตเทศบาล,ไม่ทราบ,75.41,ร้อยละ,สำนักงานสถิติแห่งชาติ
2563,"ไตรมาส 2",ภาคกลาง,นอกเขตเทศบาล,รวม,68.60,ร้อยละ,สำนักงานสถิติแห่งชาติ
2563,"ไตรมาส 2",ภาคกลาง,นอกเขตเทศบาล,ไม่มีการศึกษา,59.24,ร้อยละ,สำนักงานสถิติแห่งชาติ
2563,"ไตรมาส 2",ภาคกลาง,นอกเขตเทศบาล,ต่ำกว่าประถมศึกษา,49.97,ร้อยละ,สำนักงานสถิติแห่งชาติ
2563,"ไตรมาส 2",ภาคกลาง,นอกเขตเทศบาล,ประถมศึกษา,75.43,ร้อยละ,สำนักงานสถิติแห่งชาติ
2563,"ไตรมาส 2",ภาคกลาง,นอกเขตเทศบาล,มัธยมศึกษาตอนต้น,67.21,ร้อยละ,สำนักงานสถิติแห่งชาติ
2563,"ไตรมาส 2",ภาคกลาง,นอกเขตเทศบาล,"มัธยมศึกษาตอนปลาย สายสามัญ",71.35,ร้อยละ,สำนักงานสถิติแห่งชาติ
2563,"ไตรมาส 2",ภาคกลาง,นอกเขตเทศบาล,"มัธยมศึกษาตอนปลาย สายอาชีวศึกษา",74.87,ร้อยละ,สำนักงานสถิติแห่งชาติ
2563,"ไตรมาส 2",ภาคกลาง,นอกเขตเทศบาล,"มัธยมศึกษาตอนปลาย สายวิชาการ",33.49,ร้อยละ,สำนักงานสถิติแห่งชาติ
2563,"ไตรมาส 2",ภาคกลาง,นอกเขตเทศบาล,"อุดมศึกษา สายวิชาการ",84.09,ร้อยละ,สำนักงานสถิติแห่งชาติ
2563,"ไตรมาส 2",ภาคกลาง,นอกเขตเทศบาล,"อุดมศึกษา สายวิชาชีพ",83.84,ร้อยละ,สำนักงานสถิติแห่งชาติ
2563,"ไตรมาส 2",ภาคกลาง,นอกเขตเทศบาล,"อุดมศึกษา สายวิชาการศึกษา",70.21,ร้อยละ,สำนักงานสถิติแห่งชาติ
2563,"ไตรมาส 2",ภาคกลาง,นอกเขตเทศบาล,การศึกษาอื่นๆ,95.33,ร้อยละ,สำนักงานสถิติแห่งชาติ
2563,"ไตรมาส 2",ภาคกลาง,นอกเขตเทศบาล,ไม่ทราบ,77.07,ร้อยละ,สำนักงานสถิติแห่งชาติ
2563,"ไตรมาส 2",ภาคเหนือ,รวม,รวม,61.57,ร้อยละ,สำนักงานสถิติแห่งชาติ
2563,"ไตรมาส 2",ภาคเหนือ,รวม,ไม่มีการศึกษา,43.68,ร้อยละ,สำนักงานสถิติแห่งชาติ
2563,"ไตรมาส 2",ภาคเหนือ,รวม,ต่ำกว่าประถมศึกษา,51.76,ร้อยละ,สำนักงานสถิติแห่งชาติ
2563,"ไตรมาส 2",ภาคเหนือ,รวม,ประถมศึกษา,73.61,ร้อยละ,สำนักงานสถิติแห่งชาติ
2563,"ไตรมาส 2",ภาคเหนือ,รวม,มัธยมศึกษาตอนต้น,56.40,ร้อยละ,สำนักงานสถิติแห่งชาติ
2563,"ไตรมาส 2",ภาคเหนือ,รวม,"มัธยมศึกษาตอนปลาย สายสามัญ",63.82,ร้อยละ,สำนักงานสถิติแห่งชาติ
2563,"ไตรมาส 2",ภาคเหนือ,รวม,"มัธยมศึกษาตอนปลาย สายอาชีวศึกษา",66.62,ร้อยละ,สำนักงานสถิติแห่งชาติ
2563,"ไตรมาส 2",ภาคเหนือ,รวม,"มัธยมศึกษาตอนปลาย สายวิชาการ",31.92,ร้อยละ,สำนักงานสถิติแห่งชาติ
2563,"ไตรมาส 2",ภาคเหนือ,รวม,"อุดมศึกษา สายวิชาการ",78.76,ร้อยละ,สำนักงานสถิติแห่งชาติ
2563,"ไตรมาส 2",ภาคเหนือ,รวม,"อุดมศึกษา สายวิชาชีพ",82.52,ร้อยละ,สำนักงานสถิติแห่งชาติ
2563,"ไตรมาส 2",ภาคเหนือ,รวม,"อุดมศึกษา สายวิชาการศึกษา",66.00,ร้อยละ,สำนักงานสถิติแห่งชาติ
2563,"ไตรมาส 2",ภาคเหนือ,รวม,การศึกษาอื่นๆ,76.42,ร้อยละ,สำนักงานสถิติแห่งชาติ
2563,"ไตรมาส 2",ภาคเหนือ,รวม,ไม่ทราบ,55.75,ร้อยละ,สำนักงานสถิติแห่งชาติ
2563,"ไตรมาส 2",ภาคเหนือ,ในเขตเทศบาล,รวม,60.44,ร้อยละ,สำนักงานสถิติแห่งชาติ
2563,"ไตรมาส 2",ภาคเหนือ,ในเขตเทศบาล,ไม่มีการศึกษา,39.39,ร้อยละ,สำนักงานสถิติแห่งชาติ
2563,"ไตรมาส 2",ภาคเหนือ,ในเขตเทศบาล,ต่ำกว่าประถมศึกษา,49.94,ร้อยละ,สำนักงานสถิติแห่งชาติ
2563,"ไตรมาส 2",ภาคเหนือ,ในเขตเทศบาล,ประถมศึกษา,70.70,ร้อยละ,สำนักงานสถิติแห่งชาติ
2563,"ไตรมาส 2",ภาคเหนือ,ในเขตเทศบาล,มัธยมศึกษาตอนต้น,50.90,ร้อยละ,สำนักงานสถิติแห่งชาติ
2563,"ไตรมาส 2",ภาคเหนือ,ในเขตเทศบาล,"มัธยมศึกษาตอนปลาย สายสามัญ",59.65,ร้อยละ,สำนักงานสถิติแห่งชาติ
2563,"ไตรมาส 2",ภาคเหนือ,ในเขตเทศบาล,"มัธยมศึกษาตอนปลาย สายอาชีวศึกษา",65.47,ร้อยละ,สำนักงานสถิติแห่งชาติ
2563,"ไตรมาส 2",ภาคเหนือ,ในเขตเทศบาล,"มัธยมศึกษาตอนปลาย สายวิชาการ",100.00,ร้อยละ,สำนักงานสถิติแห่งชาติ
2563,"ไตรมาส 2",ภาคเหนือ,ในเขตเทศบาล,"อุดมศึกษา สายวิชาการ",78.36,ร้อยละ,สำนักงานสถิติแห่งชาติ
2563,"ไตรมาส 2",ภาคเหนือ,ในเขตเทศบาล,"อุดมศึกษา สายวิชาชีพ",82.58,ร้อยละ,สำนักงานสถิติแห่งชาติ
2563,"ไตรมาส 2",ภาคเหนือ,ในเขตเทศบาล,"อุดมศึกษา สายวิชาการศึกษา",59.24,ร้อยละ,สำนักงานสถิติแห่งชาติ
2563,"ไตรมาส 2",ภาคเหนือ,ในเขตเทศบาล,การศึกษาอื่นๆ,80.85,ร้อยละ,สำนักงานสถิติแห่งชาติ
2563,"ไตรมาส 2",ภาคเหนือ,ในเขตเทศบาล,ไม่ทราบ,75.61,ร้อยละ,สำนักงานสถิติแห่งชาติ
2563,"ไตรมาส 2",ภาคเหนือ,นอกเขตเทศบาล,รวม,62.18,ร้อยละ,สำนักงานสถิติแห่งชาติ
2563,"ไตรมาส 2",ภาคเหนือ,นอกเขตเทศบาล,ไม่มีการศึกษา,45.08,ร้อยละ,สำนักงานสถิติแห่งชาติ
2563,"ไตรมาส 2",ภาคเหนือ,นอกเขตเทศบาล,ต่ำกว่าประถมศึกษา,52.59,ร้อยละ,สำนักงานสถิติแห่งชาติ
2563,"ไตรมาส 2",ภาคเหนือ,นอกเขตเทศบาล,ประถมศึกษา,74.77,ร้อยละ,สำนักงานสถิติแห่งชาติ
2563,"ไตรมาส 2",ภาคเหนือ,นอกเขตเทศบาล,มัธยมศึกษาตอนต้น,59.06,ร้อยละ,สำนักงานสถิติแห่งชาติ
2563,"ไตรมาส 2",ภาคเหนือ,นอกเขตเทศบาล,"มัธยมศึกษาตอนปลาย สายสามัญ",66.54,ร้อยละ,สำนักงานสถิติแห่งชาติ
2563,"ไตรมาส 2",ภาคเหนือ,นอกเขตเทศบาล,"มัธยมศึกษาตอนปลาย สายอาชีวศึกษา",67.48,ร้อยละ,สำนักงานสถิติแห่งชาติ
2563,"ไตรมาส 2",ภาคเหนือ,นอกเขตเทศบาล,"มัธยมศึกษาตอนปลาย สายวิชาการ",23.99,ร้อยละ,สำนักงานสถิติแห่งชาติ
2563,"ไตรมาส 2",ภาคเหนือ,นอกเขตเทศบาล,"อุดมศึกษา สายวิชาการ",79.24,ร้อยละ,สำนักงานสถิติแห่งชาติ
2563,"ไตรมาส 2",ภาคเหนือ,นอกเขตเทศบาล,"อุดมศึกษา สายวิชาชีพ",82.48,ร้อยละ,สำนักงานสถิติแห่งชาติ
2563,"ไตรมาส 2",ภาคเหนือ,นอกเขตเทศบาล,"อุดมศึกษา สายวิชาการศึกษา",73.42,ร้อยละ,สำนักงานสถิติแห่งชาติ
2563,"ไตรมาส 2",ภาคเหนือ,นอกเขตเทศบาล,การศึกษาอื่นๆ,74.30,ร้อยละ,สำนักงานสถิติแห่งชาติ
2563,"ไตรมาส 2",ภาคเหนือ,นอกเขตเทศบาล,ไม่ทราบ,44.22,ร้อยละ,สำนักงานสถิติแห่งชาติ
2563,"ไตรมาส 2",ภาคตะวันออกเฉียงเหนือ,รวม,รวม,61.25,ร้อยละ,สำนักงานสถิติแห่งชาติ
2563,"ไตรมาส 2",ภาคตะวันออกเฉียงเหนือ,รวม,ไม่มีการศึกษา,28.17,ร้อยละ,สำนักงานสถิติแห่งชาติ
2563,"ไตรมาส 2",ภาคตะวันออกเฉียงเหนือ,รวม,ต่ำกว่าประถมศึกษา,49.53,ร้อยละ,สำนักงานสถิติแห่งชาติ
2563,"ไตรมาส 2",ภาคตะวันออกเฉียงเหนือ,รวม,ประถมศึกษา,74.57,ร้อยละ,สำนักงานสถิติแห่งชาติ
2563,"ไตรมาส 2",ภาคตะวันออกเฉียงเหนือ,รวม,มัธยมศึกษาตอนต้น,53.96,ร้อยละ,สำนักงานสถิติแห่งชาติ
2563,"ไตรมาส 2",ภาคตะวันออกเฉียงเหนือ,รวม,"มัธยมศึกษาตอนปลาย สายสามัญ",65.37,ร้อยละ,สำนักงานสถิติแห่งชาติ
2563,"ไตรมาส 2",ภาคตะวันออกเฉียงเหนือ,รวม,"มัธยมศึกษาตอนปลาย สายอาชีวศึกษา",61.69,ร้อยละ,สำนักงานสถิติแห่งชาติ
2563,"ไตรมาส 2",ภาคตะวันออกเฉียงเหนือ,รวม,"มัธยมศึกษาตอนปลาย สายวิชาการ",77.55,ร้อยละ,สำนักงานสถิติแห่งชาติ
2563,"ไตรมาส 2",ภาคตะวันออกเฉียงเหนือ,รวม,"อุดมศึกษา สายวิชาการ",83.11,ร้อยละ,สำนักงานสถิติแห่งชาติ
2563,"ไตรมาส 2",ภาคตะวันออกเฉียงเหนือ,รวม,"อุดมศึกษา สายวิชาชีพ",78.18,ร้อยละ,สำนักงานสถิติแห่งชาติ
2563,"ไตรมาส 2",ภาคตะวันออกเฉียงเหนือ,รวม,"อุดมศึกษา สายวิชาการศึกษา",68.05,ร้อยละ,สำนักงานสถิติแห่งชาติ
2563,"ไตรมาส 2",ภาคตะวันออกเฉียงเหนือ,รวม,การศึกษาอื่นๆ,.00,ร้อยละ,สำนักงานสถิติแห่งชาติ
2563,"ไตรมาส 2",ภาคตะวันออกเฉียงเหนือ,รวม,ไม่ทราบ,21.16,ร้อยละ,สำนักงานสถิติแห่งชาติ
2563,"ไตรมาส 2",ภาคตะวันออกเฉียงเหนือ,ในเขตเทศบาล,รวม,60.08,ร้อยละ,สำนักงานสถิติแห่งชาติ
2563,"ไตรมาส 2",ภาคตะวันออกเฉียงเหนือ,ในเขตเทศบาล,ไม่มีการศึกษา,25.71,ร้อยละ,สำนักงานสถิติแห่งชาติ
2563,"ไตรมาส 2",ภาคตะวันออกเฉียงเหนือ,ในเขตเทศบาล,ต่ำกว่าประถมศึกษา,46.93,ร้อยละ,สำนักงานสถิติแห่งชาติ
2563,"ไตรมาส 2",ภาคตะวันออกเฉียงเหนือ,ในเขตเทศบาล,ประถมศึกษา,73.84,ร้อยละ,สำนักงานสถิติแห่งชาติ
2563,"ไตรมาส 2",ภาคตะวันออกเฉียงเหนือ,ในเขตเทศบาล,มัธยมศึกษาตอนต้น,51.35,ร้อยละ,สำนักงานสถิติแห่งชาติ
2563,"ไตรมาส 2",ภาคตะวันออกเฉียงเหนือ,ในเขตเทศบาล,"มัธยมศึกษาตอนปลาย สายสามัญ",57.98,ร้อยละ,สำนักงานสถิติแห่งชาติ
2563,"ไตรมาส 2",ภาคตะวันออกเฉียงเหนือ,ในเขตเทศบาล,"มัธยมศึกษาตอนปลาย สายอาชีวศึกษา",63.87,ร้อยละ,สำนักงานสถิติแห่งชาติ
2563,"ไตรมาส 2",ภาคตะวันออกเฉียงเหนือ,ในเขตเทศบาล,"มัธยมศึกษาตอนปลาย สายวิชาการ",77.55,ร้อยละ,สำนักงานสถิติแห่งชาติ
2563,"ไตรมาส 2",ภาคตะวันออกเฉียงเหนือ,ในเขตเทศบาล,"อุดมศึกษา สายวิชาการ",82.05,ร้อยละ,สำนักงานสถิติแห่งชาติ
2563,"ไตรมาส 2",ภาคตะวันออกเฉียงเหนือ,ในเขตเทศบาล,"อุดมศึกษา สายวิชาชีพ",79.85,ร้อยละ,สำนักงานสถิติแห่งชาติ
2563,"ไตรมาส 2",ภาคตะวันออกเฉียงเหนือ,ในเขตเทศบาล,"อุดมศึกษา สายวิชาการศึกษา",64.92,ร้อยละ,สำนักงานสถิติแห่งชาติ
2563,"ไตรมาส 2",ภาคตะวันออกเฉียงเหนือ,ในเขตเทศบาล,การศึกษาอื่นๆ,.00,ร้อยละ,สำนักงานสถิติแห่งชาติ
2563,"ไตรมาส 2",ภาคตะวันออกเฉียงเหนือ,ในเขตเทศบาล,ไม่ทราบ,42.93,ร้อยละ,สำนักงานสถิติแห่งชาติ
2563,"ไตรมาส 2",ภาคตะวันออกเฉียงเหนือ,นอกเขตเทศบาล,รวม,61.73,ร้อยละ,สำนักงานสถิติแห่งชาติ
2563,"ไตรมาส 2",ภาคตะวันออกเฉียงเหนือ,นอกเขตเทศบาล,ไม่มีการศึกษา,29.06,ร้อยละ,สำนักงานสถิติแห่งชาติ
2563,"ไตรมาส 2",ภาคตะวันออกเฉียงเหนือ,นอกเขตเทศบาล,ต่ำกว่าประถมศึกษา,50.45,ร้อยละ,สำนักงานสถิติแห่งชาติ
2563,"ไตรมาส 2",ภาคตะวันออกเฉียงเหนือ,นอกเขตเทศบาล,ประถมศึกษา,74.82,ร้อยละ,สำนักงานสถิติแห่งชาติ
2563,"ไตรมาส 2",ภาคตะวันออกเฉียงเหนือ,นอกเขตเทศบาล,มัธยมศึกษาตอนต้น,54.93,ร้อยละ,สำนักงานสถิติแห่งชาติ
2563,"ไตรมาส 2",ภาคตะวันออกเฉียงเหนือ,นอกเขตเทศบาล,"มัธยมศึกษาตอนปลาย สายสามัญ",68.94,ร้อยละ,สำนักงานสถิติแห่งชาติ
2563,"ไตรมาส 2",ภาคตะวันออกเฉียงเหนือ,นอกเขตเทศบาล,"มัธยมศึกษาตอนปลาย สายอาชีวศึกษา",60.59,ร้อยละ,สำนักงานสถิติแห่งชาติ
2563,"ไตรมาส 2",ภาคตะวันออกเฉียงเหนือ,นอกเขตเทศบาล,"มัธยมศึกษาตอนปลาย สายวิชาการ",.00,ร้อยละ,สำนักงานสถิติแห่งชาติ
2563,"ไตรมาส 2",ภาคตะวันออกเฉียงเหนือ,นอกเขตเทศบาล,"อุดมศึกษา สายวิชาการ",84.23,ร้อยละ,สำนักงานสถิติแห่งชาติ
2563,"ไตรมาส 2",ภาคตะวันออกเฉียงเหนือ,นอกเขตเทศบาล,"อุดมศึกษา สายวิชาชีพ",77.08,ร้อยละ,สำนักงานสถิติแห่งชาติ
2563,"ไตรมาส 2",ภาคตะวันออกเฉียงเหนือ,นอกเขตเทศบาล,"อุดมศึกษา สายวิชาการศึกษา",70.39,ร้อยละ,สำนักงานสถิติแห่งชาติ
2563,"ไตรมาส 2",ภาคตะวันออกเฉียงเหนือ,นอกเขตเทศบาล,การศึกษาอื่นๆ,.00,ร้อยละ,สำนักงานสถิติแห่งชาติ
2563,"ไตรมาส 2",ภาคตะวันออกเฉียงเหนือ,นอกเขตเทศบาล,ไม่ทราบ,18.46,ร้อยละ,สำนักงานสถิติแห่งชาติ
2563,"ไตรมาส 2",ภาคใต้,รวม,รวม,68.56,ร้อยละ,สำนักงานสถิติแห่งชาติ
2563,"ไตรมาส 2",ภาคใต้,รวม,ไม่มีการศึกษา,41.85,ร้อยละ,สำนักงานสถิติแห่งชาติ
2563,"ไตรมาส 2",ภาคใต้,รวม,ต่ำกว่าประถมศึกษา,58.12,ร้อยละ,สำนักงานสถิติแห่งชาติ
2563,"ไตรมาส 2",ภาคใต้,รวม,ประถมศึกษา,75.85,ร้อยละ,สำนักงานสถิติแห่งชาติ
2563,"ไตรมาส 2",ภาคใต้,รวม,มัธยมศึกษาตอนต้น,62.86,ร้อยละ,สำนักงานสถิติแห่งชาติ
2563,"ไตรมาส 2",ภาคใต้,รวม,"มัธยมศึกษาตอนปลาย สายสามัญ",70.43,ร้อยละ,สำนักงานสถิติแห่งชาติ
2563,"ไตรมาส 2",ภาคใต้,รวม,"มัธยมศึกษาตอนปลาย สายอาชีวศึกษา",72.64,ร้อยละ,สำนักงานสถิติแห่งชาติ
2563,"ไตรมาส 2",ภาคใต้,รวม,"มัธยมศึกษาตอนปลาย สายวิชาการ",68.36,ร้อยละ,สำนักงานสถิติแห่งชาติ
2563,"ไตรมาส 2",ภาคใต้,รวม,"อุดมศึกษา สายวิชาการ",82.52,ร้อยละ,สำนักงานสถิติแห่งชาติ
2563,"ไตรมาส 2",ภาคใต้,รวม,"อุดมศึกษา สายวิชาชีพ",83.07,ร้อยละ,สำนักงานสถิติแห่งชาติ
2563,"ไตรมาส 2",ภาคใต้,รวม,"อุดมศึกษา สายวิชาการศึกษา",73.03,ร้อยละ,สำนักงานสถิติแห่งชาติ
2563,"ไตรมาส 2",ภาคใต้,รวม,การศึกษาอื่นๆ,62.76,ร้อยละ,สำนักงานสถิติแห่งชาติ
2563,"ไตรมาส 2",ภาคใต้,รวม,ไม่ทราบ,76.90,ร้อยละ,สำนักงานสถิติแห่งชาติ
2563,"ไตรมาส 2",ภาคใต้,ในเขตเทศบาล,รวม,66.60,ร้อยละ,สำนักงานสถิติแห่งชาติ
2563,"ไตรมาส 2",ภาคใต้,ในเขตเทศบาล,ไม่มีการศึกษา,41.30,ร้อยละ,สำนักงานสถิติแห่งชาติ
2563,"ไตรมาส 2",ภาคใต้,ในเขตเทศบาล,ต่ำกว่าประถมศึกษา,54.80,ร้อยละ,สำนักงานสถิติแห่งชาติ
2563,"ไตรมาส 2",ภาคใต้,ในเขตเทศบาล,ประถมศึกษา,72.47,ร้อยละ,สำนักงานสถิติแห่งชาติ
2563,"ไตรมาส 2",ภาคใต้,ในเขตเทศบาล,มัธยมศึกษาตอนต้น,57.74,ร้อยละ,สำนักงานสถิติแห่งชาติ
2563,"ไตรมาส 2",ภาคใต้,ในเขตเทศบาล,"มัธยมศึกษาตอนปลาย สายสามัญ",66.70,ร้อยละ,สำนักงานสถิติแห่งชาติ
2563,"ไตรมาส 2",ภาคใต้,ในเขตเทศบาล,"มัธยมศึกษาตอนปลาย สายอาชีวศึกษา",68.95,ร้อยละ,สำนักงานสถิติแห่งชาติ
2563,"ไตรมาส 2",ภาคใต้,ในเขตเทศบาล,"มัธยมศึกษาตอนปลาย สายวิชาการ",87.59,ร้อยละ,สำนักงานสถิติแห่งชาติ
2563,"ไตรมาส 2",ภาคใต้,ในเขตเทศบาล,"อุดมศึกษา สายวิชาการ",82.34,ร้อยละ,สำนักงานสถิติแห่งชาติ
2563,"ไตรมาส 2",ภาคใต้,ในเขตเทศบาล,"อุดมศึกษา สายวิชาชีพ",81.16,ร้อยละ,สำนักงานสถิติแห่งชาติ
2563,"ไตรมาส 2",ภาคใต้,ในเขตเทศบาล,"อุดมศึกษา สายวิชาการศึกษา",63.13,ร้อยละ,สำนักงานสถิติแห่งชาติ
2563,"ไตรมาส 2",ภาคใต้,ในเขตเทศบาล,การศึกษาอื่นๆ,83.80,ร้อยละ,สำนักงานสถิติแห่งชาติ
2563,"ไตรมาส 2",ภาคใต้,ในเขตเทศบาล,ไม่ทราบ,73.69,ร้อยละ,สำนักงานสถิติแห่งชาติ
2563,"ไตรมาส 2",ภาคใต้,นอกเขตเทศบาล,รวม,69.56,ร้อยละ,สำนักงานสถิติแห่งชาติ
2563,"ไตรมาส 2",ภาคใต้,นอกเขตเทศบาล,ไม่มีการศึกษา,42.04,ร้อยละ,สำนักงานสถิติแห่งชาติ
2563,"ไตรมาส 2",ภาคใต้,นอกเขตเทศบาล,ต่ำกว่าประถมศึกษา,59.54,ร้อยละ,สำนักงานสถิติแห่งชาติ
2563,"ไตรมาส 2",ภาคใต้,นอกเขตเทศบาล,ประถมศึกษา,77.12,ร้อยละ,สำนักงานสถิติแห่งชาติ
2563,"ไตรมาส 2",ภาคใต้,นอกเขตเทศบาล,มัธยมศึกษาตอนต้น,65.20,ร้อยละ,สำนักงานสถิติแห่งชาติ
2563,"ไตรมาส 2",ภาคใต้,นอกเขตเทศบาล,"มัธยมศึกษาตอนปลาย สายสามัญ",72.50,ร้อยละ,สำนักงานสถิติแห่งชาติ
2563,"ไตรมาส 2",ภาคใต้,นอกเขตเทศบาล,"มัธยมศึกษาตอนปลาย สายอาชีวศึกษา",75.34,ร้อยละ,สำนักงานสถิติแห่งชาติ
2563,"ไตรมาส 2",ภาคใต้,นอกเขตเทศบาล,"มัธยมศึกษาตอนปลาย สายวิชาการ",.00,ร้อยละ,สำนักงานสถิติแห่งชาติ
2563,"ไตรมาส 2",ภาคใต้,นอกเขตเทศบาล,"อุดมศึกษา สายวิชาการ",82.69,ร้อยละ,สำนักงานสถิติแห่งชาติ
2563,"ไตรมาส 2",ภาคใต้,นอกเขตเทศบาล,"อุดมศึกษา สายวิชาชีพ",84.61,ร้อยละ,สำนักงานสถิติแห่งชาติ
2563,"ไตรมาส 2",ภาคใต้,นอกเขตเทศบาล,"อุดมศึกษา สายวิชาการศึกษา",79.55,ร้อยละ,สำนักงานสถิติแห่งชาติ
2563,"ไตรมาส 2",ภาคใต้,นอกเขตเทศบาล,การศึกษาอื่นๆ,47.88,ร้อยละ,สำนักงานสถิติแห่งชาติ
2563,"ไตรมาส 2",ภาคใต้,นอกเขตเทศบาล,ไม่ทราบ,85.58,ร้อยละ,สำนักงานสถิติแห่งชาติ
2563,"ไตรมาส 3",ทั่วประเทศ,รวม,รวม,66.67,ร้อยละ,สำนักงานสถิติแห่งชาติ
2563,"ไตรมาส 3",ทั่วประเทศ,รวม,ไม่มีการศึกษา,48.98,ร้อยละ,สำนักงานสถิติแห่งชาติ
2563,"ไตรมาส 3",ทั่วประเทศ,รวม,ต่ำกว่าประถมศึกษา,52.37,ร้อยละ,สำนักงานสถิติแห่งชาติ
2563,"ไตรมาส 3",ทั่วประเทศ,รวม,ประถมศึกษา,76.49,ร้อยละ,สำนักงานสถิติแห่งชาติ
2563,"ไตรมาส 3",ทั่วประเทศ,รวม,มัธยมศึกษาตอนต้น,62.33,ร้อยละ,สำนักงานสถิติแห่งชาติ
2563,"ไตรมาส 3",ทั่วประเทศ,รวม,"มัธยมศึกษาตอนปลาย สายสามัญ",67.50,ร้อยละ,สำนักงานสถิติแห่งชาติ
2563,"ไตรมาส 3",ทั่วประเทศ,รวม,"มัธยมศึกษาตอนปลาย สายอาชีวศึกษา",68.88,ร้อยละ,สำนักงานสถิติแห่งชาติ
2563,"ไตรมาส 3",ทั่วประเทศ,รวม,"มัธยมศึกษาตอนปลาย สายวิชาการ",63.51,ร้อยละ,สำนักงานสถิติแห่งชาติ
2563,"ไตรมาส 3",ทั่วประเทศ,รวม,"อุดมศึกษา สายวิชาการ",80.87,ร้อยละ,สำนักงานสถิติแห่งชาติ
2563,"ไตรมาส 3",ทั่วประเทศ,รวม,"อุดมศึกษา สายวิชาชีพ",83.19,ร้อยละ,สำนักงานสถิติแห่งชาติ
2563,"ไตรมาส 3",ทั่วประเทศ,รวม,"อุดมศึกษา สายวิชาการศึกษา",67.38,ร้อยละ,สำนักงานสถิติแห่งชาติ
2563,"ไตรมาส 3",ทั่วประเทศ,รวม,การศึกษาอื่นๆ,94.56,ร้อยละ,สำนักงานสถิติแห่งชาติ
2563,"ไตรมาส 3",ทั่วประเทศ,รวม,ไม่ทราบ,78.54,ร้อยละ,สำนักงานสถิติแห่งชาติ
2563,"ไตรมาส 3",ทั่วประเทศ,ในเขตเทศบาล,รวม,66.32,ร้อยละ,สำนักงานสถิติแห่งชาติ
2563,"ไตรมาส 3",ทั่วประเทศ,ในเขตเทศบาล,ไม่มีการศึกษา,52.52,ร้อยละ,สำนักงานสถิติแห่งชาติ
2563,"ไตรมาส 3",ทั่วประเทศ,ในเขตเทศบาล,ต่ำกว่าประถมศึกษา,48.43,ร้อยละ,สำนักงานสถิติแห่งชาติ
2563,"ไตรมาส 3",ทั่วประเทศ,ในเขตเทศบาล,ประถมศึกษา,73.90,ร้อยละ,สำนักงานสถิติแห่งชาติ
2563,"ไตรมาส 3",ทั่วประเทศ,ในเขตเทศบาล,มัธยมศึกษาตอนต้น,62.10,ร้อยละ,สำนักงานสถิติแห่งชาติ
2563,"ไตรมาส 3",ทั่วประเทศ,ในเขตเทศบาล,"มัธยมศึกษาตอนปลาย สายสามัญ",62.31,ร้อยละ,สำนักงานสถิติแห่งชาติ
2563,"ไตรมาส 3",ทั่วประเทศ,ในเขตเทศบาล,"มัธยมศึกษาตอนปลาย สายอาชีวศึกษา",69.76,ร้อยละ,สำนักงานสถิติแห่งชาติ
2563,"ไตรมาส 3",ทั่วประเทศ,ในเขตเทศบาล,"มัธยมศึกษาตอนปลาย สายวิชาการ",76.09,ร้อยละ,สำนักงานสถิติแห่งชาติ
2563,"ไตรมาส 3",ทั่วประเทศ,ในเขตเทศบาล,"อุดมศึกษา สายวิชาการ",79.91,ร้อยละ,สำนักงานสถิติแห่งชาติ
2563,"ไตรมาส 3",ทั่วประเทศ,ในเขตเทศบาล,"อุดมศึกษา สายวิชาชีพ",81.60,ร้อยละ,สำนักงานสถิติแห่งชาติ
2563,"ไตรมาส 3",ทั่วประเทศ,ในเขตเทศบาล,"อุดมศึกษา สายวิชาการศึกษา",62.52,ร้อยละ,สำนักงานสถิติแห่งชาติ
2563,"ไตรมาส 3",ทั่วประเทศ,ในเขตเทศบาล,การศึกษาอื่นๆ,96.63,ร้อยละ,สำนักงานสถิติแห่งชาติ
2563,"ไตรมาส 3",ทั่วประเทศ,ในเขตเทศบาล,ไม่ทราบ,75.32,ร้อยละ,สำนักงานสถิติแห่งชาติ
2563,"ไตรมาส 3",ทั่วประเทศ,นอกเขตเทศบาล,รวม,66.98,ร้อยละ,สำนักงานสถิติแห่งชาติ
2563,"ไตรมาส 3",ทั่วประเทศ,นอกเขตเทศบาล,ไม่มีการศึกษา,46.84,ร้อยละ,สำนักงานสถิติแห่งชาติ
2563,"ไตรมาส 3",ทั่วประเทศ,นอกเขตเทศบาล,ต่ำกว่าประถมศึกษา,54.44,ร้อยละ,สำนักงานสถิติแห่งชาติ
2563,"ไตรมาส 3",ทั่วประเทศ,นอกเขตเทศบาล,ประถมศึกษา,78.14,ร้อยละ,สำนักงานสถิติแห่งชาติ
2563,"ไตรมาส 3",ทั่วประเทศ,นอกเขตเทศบาล,มัธยมศึกษาตอนต้น,62.51,ร้อยละ,สำนักงานสถิติแห่งชาติ
2563,"ไตรมาส 3",ทั่วประเทศ,นอกเขตเทศบาล,"มัธยมศึกษาตอนปลาย สายสามัญ",72.57,ร้อยละ,สำนักงานสถิติแห่งชาติ
2563,"ไตรมาส 3",ทั่วประเทศ,นอกเขตเทศบาล,"มัธยมศึกษาตอนปลาย สายอาชีวศึกษา",67.87,ร้อยละ,สำนักงานสถิติแห่งชาติ
2563,"ไตรมาส 3",ทั่วประเทศ,นอกเขตเทศบาล,"มัธยมศึกษาตอนปลาย สายวิชาการ",43.32,ร้อยละ,สำนักงานสถิติแห่งชาติ
2563,"ไตรมาส 3",ทั่วประเทศ,นอกเขตเทศบาล,"อุดมศึกษา สายวิชาการ",83.09,ร้อยละ,สำนักงานสถิติแห่งชาติ
2563,"ไตรมาส 3",ทั่วประเทศ,นอกเขตเทศบาล,"อุดมศึกษา สายวิชาชีพ",85.03,ร้อยละ,สำนักงานสถิติแห่งชาติ
2563,"ไตรมาส 3",ทั่วประเทศ,นอกเขตเทศบาล,"อุดมศึกษา สายวิชาการศึกษา",73.10,ร้อยละ,สำนักงานสถิติแห่งชาติ
2563,"ไตรมาส 3",ทั่วประเทศ,นอกเขตเทศบาล,การศึกษาอื่นๆ,90.53,ร้อยละ,สำนักงานสถิติแห่งชาติ
2563,"ไตรมาส 3",ทั่วประเทศ,นอกเขตเทศบาล,ไม่ทราบ,84.48,ร้อยละ,สำนักงานสถิติแห่งชาติ
2563,"ไตรมาส 3",กรุงเทพมหานคร,ในเขตเทศบาล,รวม,69.11,ร้อยละ,สำนักงานสถิติแห่งชาติ
2563,"ไตรมาส 3",กรุงเทพมหานคร,ในเขตเทศบาล,ไม่มีการศึกษา,60.51,ร้อยละ,สำนักงานสถิติแห่งชาติ
2563,"ไตรมาส 3",กรุงเทพมหานคร,ในเขตเทศบาล,ต่ำกว่าประถมศึกษา,42.60,ร้อยละ,สำนักงานสถิติแห่งชาติ
2563,"ไตรมาส 3",กรุงเทพมหานคร,ในเขตเทศบาล,ประถมศึกษา,74.67,ร้อยละ,สำนักงานสถิติแห่งชาติ
2563,"ไตรมาส 3",กรุงเทพมหานคร,ในเขตเทศบาล,มัธยมศึกษาตอนต้น,67.21,ร้อยละ,สำนักงานสถิติแห่งชาติ
2563,"ไตรมาส 3",กรุงเทพมหานคร,ในเขตเทศบาล,"มัธยมศึกษาตอนปลาย สายสามัญ",59.72,ร้อยละ,สำนักงานสถิติแห่งชาติ
2563,"ไตรมาส 3",กรุงเทพมหานคร,ในเขตเทศบาล,"มัธยมศึกษาตอนปลาย สายอาชีวศึกษา",73.58,ร้อยละ,สำนักงานสถิติแห่งชาติ
2563,"ไตรมาส 3",กรุงเทพมหานคร,ในเขตเทศบาล,"มัธยมศึกษาตอนปลาย สายวิชาการ",100.00,ร้อยละ,สำนักงานสถิติแห่งชาติ
2563,"ไตรมาส 3",กรุงเทพมหานคร,ในเขตเทศบาล,"อุดมศึกษา สายวิชาการ",79.12,ร้อยละ,สำนักงานสถิติแห่งชาติ
2563,"ไตรมาส 3",กรุงเทพมหานคร,ในเขตเทศบาล,"อุดมศึกษา สายวิชาชีพ",76.43,ร้อยละ,สำนักงานสถิติแห่งชาติ
2563,"ไตรมาส 3",กรุงเทพมหานคร,ในเขตเทศบาล,"อุดมศึกษา สายวิชาการศึกษา",62.55,ร้อยละ,สำนักงานสถิติแห่งชาติ
2563,"ไตรมาส 3",กรุงเทพมหานคร,ในเขตเทศบาล,การศึกษาอื่นๆ,.00,ร้อยละ,สำนักงานสถิติแห่งชาติ
2563,"ไตรมาส 3",กรุงเทพมหานคร,ในเขตเทศบาล,ไม่ทราบ,71.29,ร้อยละ,สำนักงานสถิติแห่งชาติ
2563,"ไตรมาส 3",ภาคกลาง,รวม,รวม,68.29,ร้อยละ,สำนักงานสถิติแห่งชาติ
2563,"ไตรมาส 3",ภาคกลาง,รวม,ไม่มีการศึกษา,55.18,ร้อยละ,สำนักงานสถิติแห่งชาติ
2563,"ไตรมาส 3",ภาคกลาง,รวม,ต่ำกว่าประถมศึกษา,48.18,ร้อยละ,สำนักงานสถิติแห่งชาติ
2563,"ไตรมาส 3",ภาคกลาง,รวม,ประถมศึกษา,75.06,ร้อยละ,สำนักงานสถิติแห่งชาติ
2563,"ไตรมาส 3",ภาคกลาง,รวม,มัธยมศึกษาตอนต้น,67.23,ร้อยละ,สำนักงานสถิติแห่งชาติ
2563,"ไตรมาส 3",ภาคกลาง,รวม,"มัธยมศึกษาตอนปลาย สายสามัญ",67.77,ร้อยละ,สำนักงานสถิติแห่งชาติ
2563,"ไตรมาส 3",ภาคกลาง,รวม,"มัธยมศึกษาตอนปลาย สายอาชีวศึกษา",73.09,ร้อยละ,สำนักงานสถิติแห่งชาติ
2563,"ไตรมาส 3",ภาคกลาง,รวม,"มัธยมศึกษาตอนปลาย สายวิชาการ",60.60,ร้อยละ,สำนักงานสถิติแห่งชาติ
2563,"ไตรมาส 3",ภาคกลาง,รวม,"อุดมศึกษา สายวิชาการ",82.25,ร้อยละ,สำนักงานสถิติแห่งชาติ
2563,"ไตรมาส 3",ภาคกลาง,รวม,"อุดมศึกษา สายวิชาชีพ",84.71,ร้อยละ,สำนักงานสถิติแห่งชาติ
2563,"ไตรมาส 3",ภาคกลาง,รวม,"อุดมศึกษา สายวิชาการศึกษา",66.72,ร้อยละ,สำนักงานสถิติแห่งชาติ
2563,"ไตรมาส 3",ภาคกลาง,รวม,การศึกษาอื่นๆ,98.53,ร้อยละ,สำนักงานสถิติแห่งชาติ
2563,"ไตรมาส 3",ภาคกลาง,รวม,ไม่ทราบ,81.02,ร้อยละ,สำนักงานสถิติแห่งชาติ
2563,"ไตรมาส 3",ภาคกลาง,ในเขตเทศบาล,รวม,68.04,ร้อยละ,สำนักงานสถิติแห่งชาติ
2563,"ไตรมาส 3",ภาคกลาง,ในเขตเทศบาล,ไม่มีการศึกษา,56.84,ร้อยละ,สำนักงานสถิติแห่งชาติ
2563,"ไตรมาส 3",ภาคกลาง,ในเขตเทศบาล,ต่ำกว่าประถมศึกษา,46.20,ร้อยละ,สำนักงานสถิติแห่งชาติ
2563,"ไตรมาส 3",ภาคกลาง,ในเขตเทศบาล,ประถมศึกษา,73.24,ร้อยละ,สำนักงานสถิติแห่งชาติ
2563,"ไตรมาส 3",ภาคกลาง,ในเขตเทศบาล,มัธยมศึกษาตอนต้น,66.51,ร้อยละ,สำนักงานสถิติแห่งชาติ
2563,"ไตรมาส 3",ภาคกลาง,ในเขตเทศบาล,"มัธยมศึกษาตอนปลาย สายสามัญ",65.05,ร้อยละ,สำนักงานสถิติแห่งชาติ
2563,"ไตรมาส 3",ภาคกลาง,ในเขตเทศบาล,"มัธยมศึกษาตอนปลาย สายอาชีวศึกษา",72.09,ร้อยละ,สำนักงานสถิติแห่งชาติ
2563,"ไตรมาส 3",ภาคกลาง,ในเขตเทศบาล,"มัธยมศึกษาตอนปลาย สายวิชาการ",86.52,ร้อยละ,สำนักงานสถิติแห่งชาติ
2563,"ไตรมาส 3",ภาคกลาง,ในเขตเทศบาล,"อุดมศึกษา สายวิชาการ",81.09,ร้อยละ,สำนักงานสถิติแห่งชาติ
2563,"ไตรมาส 3",ภาคกลาง,ในเขตเทศบาล,"อุดมศึกษา สายวิชาชีพ",84.66,ร้อยละ,สำนักงานสถิติแห่งชาติ
2563,"ไตรมาส 3",ภาคกลาง,ในเขตเทศบาล,"อุดมศึกษา สายวิชาการศึกษา",61.83,ร้อยละ,สำนักงานสถิติแห่งชาติ
2563,"ไตรมาส 3",ภาคกลาง,ในเขตเทศบาล,การศึกษาอื่นๆ,98.46,ร้อยละ,สำนักงานสถิติแห่งชาติ
2563,"ไตรมาส 3",ภาคกลาง,ในเขตเทศบาล,ไม่ทราบ,77.69,ร้อยละ,สำนักงานสถิติแห่งชาติ
2563,"ไตรมาส 3",ภาคกลาง,นอกเขตเทศบาล,รวม,68.52,ร้อยละ,สำนักงานสถิติแห่งชาติ
2563,"ไตรมาส 3",ภาคกลาง,นอกเขตเทศบาล,ไม่มีการศึกษา,53.96,ร้อยละ,สำนักงานสถิติแห่งชาติ
2563,"ไตรมาส 3",ภาคกลาง,นอกเขตเทศบาล,ต่ำกว่าประถมศึกษา,49.39,ร้อยละ,สำนักงานสถิติแห่งชาติ
2563,"ไตรมาส 3",ภาคกลาง,นอกเขตเทศบาล,ประถมศึกษา,76.39,ร้อยละ,สำนักงานสถิติแห่งชาติ
2563,"ไตรมาส 3",ภาคกลาง,นอกเขตเทศบาล,มัธยมศึกษาตอนต้น,67.86,ร้อยละ,สำนักงานสถิติแห่งชาติ
2563,"ไตรมาส 3",ภาคกลาง,นอกเขตเทศบาล,"มัธยมศึกษาตอนปลาย สายสามัญ",70.45,ร้อยละ,สำนักงานสถิติแห่งชาติ
2563,"ไตรมาส 3",ภาคกลาง,นอกเขตเทศบาล,"มัธยมศึกษาตอนปลาย สายอาชีวศึกษา",74.03,ร้อยละ,สำนักงานสถิติแห่งชาติ
2563,"ไตรมาส 3",ภาคกลาง,นอกเขตเทศบาล,"มัธยมศึกษาตอนปลาย สายวิชาการ",25.34,ร้อยละ,สำนักงานสถิติแห่งชาติ
2563,"ไตรมาส 3",ภาคกลาง,นอกเขตเทศบาล,"อุดมศึกษา สายวิชาการ",83.84,ร้อยละ,สำนักงานสถิติแห่งชาติ
2563,"ไตรมาส 3",ภาคกลาง,นอกเขตเทศบาล,"อุดมศึกษา สายวิชาชีพ",84.76,ร้อยละ,สำนักงานสถิติแห่งชาติ
2563,"ไตรมาส 3",ภาคกลาง,นอกเขตเทศบาล,"อุดมศึกษา สายวิชาการศึกษา",72.58,ร้อยละ,สำนักงานสถิติแห่งชาติ
2563,"ไตรมาส 3",ภาคกลาง,นอกเขตเทศบาล,การศึกษาอื่นๆ,98.71,ร้อยละ,สำนักงานสถิติแห่งชาติ
2563,"ไตรมาส 3",ภาคกลาง,นอกเขตเทศบาล,ไม่ทราบ,86.21,ร้อยละ,สำนักงานสถิติแห่งชาติ
2563,"ไตรมาส 3",ภาคเหนือ,รวม,รวม,65.26,ร้อยละ,สำนักงานสถิติแห่งชาติ
2563,"ไตรมาส 3",ภาคเหนือ,รวม,ไม่มีการศึกษา,50.60,ร้อยละ,สำนักงานสถิติแห่งชาติ
2563,"ไตรมาส 3",ภาคเหนือ,รวม,ต่ำกว่าประถมศึกษา,56.23,ร้อยละ,สำนักงานสถิติแห่งชาติ
2563,"ไตรมาส 3",ภาคเหนือ,รวม,ประถมศึกษา,78.80,ร้อยละ,สำนักงานสถิติแห่งชาติ
2563,"ไตรมาส 3",ภาคเหนือ,รวม,มัธยมศึกษาตอนต้น,59.39,ร้อยละ,สำนักงานสถิติแห่งชาติ
2563,"ไตรมาส 3",ภาคเหนือ,รวม,"มัธยมศึกษาตอนปลาย สายสามัญ",67.37,ร้อยละ,สำนักงานสถิติแห่งชาติ
2563,"ไตรมาส 3",ภาคเหนือ,รวม,"มัธยมศึกษาตอนปลาย สายอาชีวศึกษา",65.86,ร้อยละ,สำนักงานสถิติแห่งชาติ
2563,"ไตรมาส 3",ภาคเหนือ,รวม,"มัธยมศึกษาตอนปลาย สายวิชาการ",43.37,ร้อยละ,สำนักงานสถิติแห่งชาติ
2563,"ไตรมาส 3",ภาคเหนือ,รวม,"อุดมศึกษา สายวิชาการ",79.86,ร้อยละ,สำนักงานสถิติแห่งชาติ
2563,"ไตรมาส 3",ภาคเหนือ,รวม,"อุดมศึกษา สายวิชาชีพ",86.61,ร้อยละ,สำนักงานสถิติแห่งชาติ
2563,"ไตรมาส 3",ภาคเหนือ,รวม,"อุดมศึกษา สายวิชาการศึกษา",65.77,ร้อยละ,สำนักงานสถิติแห่งชาติ
2563,"ไตรมาส 3",ภาคเหนือ,รวม,การศึกษาอื่นๆ,74.11,ร้อยละ,สำนักงานสถิติแห่งชาติ
2563,"ไตรมาส 3",ภาคเหนือ,รวม,ไม่ทราบ,63.68,ร้อยละ,สำนักงานสถิติแห่งชาติ
2563,"ไตรมาส 3",ภาคเหนือ,ในเขตเทศบาล,รวม,62.69,ร้อยละ,สำนักงานสถิติแห่งชาติ
2563,"ไตรมาส 3",ภาคเหนือ,ในเขตเทศบาล,ไม่มีการศึกษา,50.03,ร้อยละ,สำนักงานสถิติแห่งชาติ
2563,"ไตรมาส 3",ภาคเหนือ,ในเขตเทศบาล,ต่ำกว่าประถมศึกษา,53.37,ร้อยละ,สำนักงานสถิติแห่งชาติ
2563,"ไตรมาส 3",ภาคเหนือ,ในเขตเทศบาล,ประถมศึกษา,73.11,ร้อยละ,สำนักงานสถิติแห่งชาติ
2563,"ไตรมาส 3",ภาคเหนือ,ในเขตเทศบาล,มัธยมศึกษาตอนต้น,53.30,ร้อยละ,สำนักงานสถิติแห่งชาติ
2563,"ไตรมาส 3",ภาคเหนือ,ในเขตเทศบาล,"มัธยมศึกษาตอนปลาย สายสามัญ",59.62,ร้อยละ,สำนักงานสถิติแห่งชาติ
2563,"ไตรมาส 3",ภาคเหนือ,ในเขตเทศบาล,"มัธยมศึกษาตอนปลาย สายอาชีวศึกษา",64.57,ร้อยละ,สำนักงานสถิติแห่งชาติ
2563,"ไตรมาส 3",ภาคเหนือ,ในเขตเทศบาล,"มัธยมศึกษาตอนปลาย สายวิชาการ",48.47,ร้อยละ,สำนักงานสถิติแห่งชาติ
2563,"ไตรมาส 3",ภาคเหนือ,ในเขตเทศบาล,"อุดมศึกษา สายวิชาการ",79.18,ร้อยละ,สำนักงานสถิติแห่งชาติ
2563,"ไตรมาส 3",ภาคเหนือ,ในเขตเทศบาล,"อุดมศึกษา สายวิชาชีพ",84.99,ร้อยละ,สำนักงานสถิติแห่งชาติ
2563,"ไตรมาส 3",ภาคเหนือ,ในเขตเทศบาล,"อุดมศึกษา สายวิชาการศึกษา",59.99,ร้อยละ,สำนักงานสถิติแห่งชาติ
2563,"ไตรมาส 3",ภาคเหนือ,ในเขตเทศบาล,การศึกษาอื่นๆ,74.75,ร้อยละ,สำนักงานสถิติแห่งชาติ
2563,"ไตรมาส 3",ภาคเหนือ,ในเขตเทศบาล,ไม่ทราบ,59.33,ร้อยละ,สำนักงานสถิติแห่งชาติ
2563,"ไตรมาส 3",ภาคเหนือ,นอกเขตเทศบาล,รวม,66.65,ร้อยละ,สำนักงานสถิติแห่งชาติ
2563,"ไตรมาส 3",ภาคเหนือ,นอกเขตเทศบาล,ไม่มีการศึกษา,50.80,ร้อยละ,สำนักงานสถิติแห่งชาติ
2563,"ไตรมาส 3",ภาคเหนือ,นอกเขตเทศบาล,ต่ำกว่าประถมศึกษา,57.51,ร้อยละ,สำนักงานสถิติแห่งชาติ
2563,"ไตรมาส 3",ภาคเหนือ,นอกเขตเทศบาล,ประถมศึกษา,81.27,ร้อยละ,สำนักงานสถิติแห่งชาติ
2563,"ไตรมาส 3",ภาคเหนือ,นอกเขตเทศบาล,มัธยมศึกษาตอนต้น,62.31,ร้อยละ,สำนักงานสถิติแห่งชาติ
2563,"ไตรมาส 3",ภาคเหนือ,นอกเขตเทศบาล,"มัธยมศึกษาตอนปลาย สายสามัญ",72.48,ร้อยละ,สำนักงานสถิติแห่งชาติ
2563,"ไตรมาส 3",ภาคเหนือ,นอกเขตเทศบาล,"มัธยมศึกษาตอนปลาย สายอาชีวศึกษา",66.81,ร้อยละ,สำนักงานสถิติแห่งชาติ
2563,"ไตรมาส 3",ภาคเหนือ,นอกเขตเทศบาล,"มัธยมศึกษาตอนปลาย สายวิชาการ",38.00,ร้อยละ,สำนักงานสถิติแห่งชาติ
2563,"ไตรมาส 3",ภาคเหนือ,นอกเขตเทศบาล,"อุดมศึกษา สายวิชาการ",80.68,ร้อยละ,สำนักงานสถิติแห่งชาติ
2563,"ไตรมาส 3",ภาคเหนือ,นอกเขตเทศบาล,"อุดมศึกษา สายวิชาชีพ",87.92,ร้อยละ,สำนักงานสถิติแห่งชาติ
2563,"ไตรมาส 3",ภาคเหนือ,นอกเขตเทศบาล,"อุดมศึกษา สายวิชาการศึกษา",72.03,ร้อยละ,สำนักงานสถิติแห่งชาติ
2563,"ไตรมาส 3",ภาคเหนือ,นอกเขตเทศบาล,การศึกษาอื่นๆ,73.74,ร้อยละ,สำนักงานสถิติแห่งชาติ
2563,"ไตรมาส 3",ภาคเหนือ,นอกเขตเทศบาล,ไม่ทราบ,65.65,ร้อยละ,สำนักงานสถิติแห่งชาติ
2563,"ไตรมาส 3",ภาคตะวันออกเฉียงเหนือ,รวม,รวม,63.97,ร้อยละ,สำนักงานสถิติแห่งชาติ
2563,"ไตรมาส 3",ภาคตะวันออกเฉียงเหนือ,รวม,ไม่มีการศึกษา,29.83,ร้อยละ,สำนักงานสถิติแห่งชาติ
2563,"ไตรมาส 3",ภาคตะวันออกเฉียงเหนือ,รวม,ต่ำกว่าประถมศึกษา,53.10,ร้อยละ,สำนักงานสถิติแห่งชาติ
2563,"ไตรมาส 3",ภาคตะวันออกเฉียงเหนือ,รวม,ประถมศึกษา,77.70,ร้อยละ,สำนักงานสถิติแห่งชาติ
2563,"ไตรมาส 3",ภาคตะวันออกเฉียงเหนือ,รวม,มัธยมศึกษาตอนต้น,56.30,ร้อยละ,สำนักงานสถิติแห่งชาติ
2563,"ไตรมาส 3",ภาคตะวันออกเฉียงเหนือ,รวม,"มัธยมศึกษาตอนปลาย สายสามัญ",69.87,ร้อยละ,สำนักงานสถิติแห่งชาติ
2563,"ไตรมาส 3",ภาคตะวันออกเฉียงเหนือ,รวม,"มัธยมศึกษาตอนปลาย สายอาชีวศึกษา",56.45,ร้อยละ,สำนักงานสถิติแห่งชาติ
2563,"ไตรมาส 3",ภาคตะวันออกเฉียงเหนือ,รวม,"มัธยมศึกษาตอนปลาย สายวิชาการ",69.79,ร้อยละ,สำนักงานสถิติแห่งชาติ
2563,"ไตรมาส 3",ภาคตะวันออกเฉียงเหนือ,รวม,"อุดมศึกษา สายวิชาการ",81.68,ร้อยละ,สำนักงานสถิติแห่งชาติ
2563,"ไตรมาส 3",ภาคตะวันออกเฉียงเหนือ,รวม,"อุดมศึกษา สายวิชาชีพ",82.71,ร้อยละ,สำนักงานสถิติแห่งชาติ
2563,"ไตรมาส 3",ภาคตะวันออกเฉียงเหนือ,รวม,"อุดมศึกษา สายวิชาการศึกษา",69.60,ร้อยละ,สำนักงานสถิติแห่งชาติ
2563,"ไตรมาส 3",ภาคตะวันออกเฉียงเหนือ,รวม,การศึกษาอื่นๆ,.00,ร้อยละ,สำนักงานสถิติแห่งชาติ
2563,"ไตรมาส 3",ภาคตะวันออกเฉียงเหนือ,รวม,ไม่ทราบ,29.41,ร้อยละ,สำนักงานสถิติแห่งชาติ
2563,"ไตรมาส 3",ภาคตะวันออกเฉียงเหนือ,ในเขตเทศบาล,รวม,62.06,ร้อยละ,สำนักงานสถิติแห่งชาติ
2563,"ไตรมาส 3",ภาคตะวันออกเฉียงเหนือ,ในเขตเทศบาล,ไม่มีการศึกษา,26.23,ร้อยละ,สำนักงานสถิติแห่งชาติ
2563,"ไตรมาส 3",ภาคตะวันออกเฉียงเหนือ,ในเขตเทศบาล,ต่ำกว่าประถมศึกษา,48.85,ร้อยละ,สำนักงานสถิติแห่งชาติ
2563,"ไตรมาส 3",ภาคตะวันออกเฉียงเหนือ,ในเขตเทศบาล,ประถมศึกษา,75.42,ร้อยละ,สำนักงานสถิติแห่งชาติ
2563,"ไตรมาส 3",ภาคตะวันออกเฉียงเหนือ,ในเขตเทศบาล,มัธยมศึกษาตอนต้น,53.87,ร้อยละ,สำนักงานสถิติแห่งชาติ
2563,"ไตรมาส 3",ภาคตะวันออกเฉียงเหนือ,ในเขตเทศบาล,"มัธยมศึกษาตอนปลาย สายสามัญ",62.56,ร้อยละ,สำนักงานสถิติแห่งชาติ
2563,"ไตรมาส 3",ภาคตะวันออกเฉียงเหนือ,ในเขตเทศบาล,"มัธยมศึกษาตอนปลาย สายอาชีวศึกษา",61.76,ร้อยละ,สำนักงานสถิติแห่งชาติ
2563,"ไตรมาส 3",ภาคตะวันออกเฉียงเหนือ,ในเขตเทศบาล,"มัธยมศึกษาตอนปลาย สายวิชาการ",53.84,ร้อยละ,สำนักงานสถิติแห่งชาติ
2563,"ไตรมาส 3",ภาคตะวันออกเฉียงเหนือ,ในเขตเทศบาล,"อุดมศึกษา สายวิชาการ",81.49,ร้อยละ,สำนักงานสถิติแห่งชาติ
2563,"ไตรมาส 3",ภาคตะวันออกเฉียงเหนือ,ในเขตเทศบาล,"อุดมศึกษา สายวิชาชีพ",83.11,ร้อยละ,สำนักงานสถิติแห่งชาติ
2563,"ไตรมาส 3",ภาคตะวันออกเฉียงเหนือ,ในเขตเทศบาล,"อุดมศึกษา สายวิชาการศึกษา",63.26,ร้อยละ,สำนักงานสถิติแห่งชาติ
2563,"ไตรมาส 3",ภาคตะวันออกเฉียงเหนือ,ในเขตเทศบาล,การศึกษาอื่นๆ,.00,ร้อยละ,สำนักงานสถิติแห่งชาติ
2563,"ไตรมาส 3",ภาคตะวันออกเฉียงเหนือ,ในเขตเทศบาล,ไม่ทราบ,40.04,ร้อยละ,สำนักงานสถิติแห่งชาติ
2563,"ไตรมาส 3",ภาคตะวันออกเฉียงเหนือ,นอกเขตเทศบาล,รวม,64.76,ร้อยละ,สำนักงานสถิติแห่งชาติ
2563,"ไตรมาส 3",ภาคตะวันออกเฉียงเหนือ,นอกเขตเทศบาล,ไม่มีการศึกษา,31.07,ร้อยละ,สำนักงานสถิติแห่งชาติ
2563,"ไตรมาส 3",ภาคตะวันออกเฉียงเหนือ,นอกเขตเทศบาล,ต่ำกว่าประถมศึกษา,54.59,ร้อยละ,สำนักงานสถิติแห่งชาติ
2563,"ไตรมาส 3",ภาคตะวันออกเฉียงเหนือ,นอกเขตเทศบาล,ประถมศึกษา,78.50,ร้อยละ,สำนักงานสถิติแห่งชาติ
2563,"ไตรมาส 3",ภาคตะวันออกเฉียงเหนือ,นอกเขตเทศบาล,มัธยมศึกษาตอนต้น,57.20,ร้อยละ,สำนักงานสถิติแห่งชาติ
2563,"ไตรมาส 3",ภาคตะวันออกเฉียงเหนือ,นอกเขตเทศบาล,"มัธยมศึกษาตอนปลาย สายสามัญ",73.38,ร้อยละ,สำนักงานสถิติแห่งชาติ
2563,"ไตรมาส 3",ภาคตะวันออกเฉียงเหนือ,นอกเขตเทศบาล,"มัธยมศึกษาตอนปลาย สายอาชีวศึกษา",54.11,ร้อยละ,สำนักงานสถิติแห่งชาติ
2563,"ไตรมาส 3",ภาคตะวันออกเฉียงเหนือ,นอกเขตเทศบาล,"มัธยมศึกษาตอนปลาย สายวิชาการ",100.00,ร้อยละ,สำนักงานสถิติแห่งชาติ
2563,"ไตรมาส 3",ภาคตะวันออกเฉียงเหนือ,นอกเขตเทศบาล,"อุดมศึกษา สายวิชาการ",81.87,ร้อยละ,สำนักงานสถิติแห่งชาติ
2563,"ไตรมาส 3",ภาคตะวันออกเฉียงเหนือ,นอกเขตเทศบาล,"อุดมศึกษา สายวิชาชีพ",82.39,ร้อยละ,สำนักงานสถิติแห่งชาติ
2563,"ไตรมาส 3",ภาคตะวันออกเฉียงเหนือ,นอกเขตเทศบาล,"อุดมศึกษา สายวิชาการศึกษา",73.71,ร้อยละ,สำนักงานสถิติแห่งชาติ
2563,"ไตรมาส 3",ภาคตะวันออกเฉียงเหนือ,นอกเขตเทศบาล,การศึกษาอื่นๆ,.00,ร้อยละ,สำนักงานสถิติแห่งชาติ
2563,"ไตรมาส 3",ภาคตะวันออกเฉียงเหนือ,นอกเขตเทศบาล,ไม่ทราบ,18.98,ร้อยละ,สำนักงานสถิติแห่งชาติ
2563,"ไตรมาส 3",ภาคใต้,รวม,รวม,67.67,ร้อยละ,สำนักงานสถิติแห่งชาติ
2563,"ไตรมาส 3",ภาคใต้,รวม,ไม่มีการศึกษา,40.86,ร้อยละ,สำนักงานสถิติแห่งชาติ
2563,"ไตรมาส 3",ภาคใต้,รวม,ต่ำกว่าประถมศึกษา,56.38,ร้อยละ,สำนักงานสถิติแห่งชาติ
2563,"ไตรมาส 3",ภาคใต้,รวม,ประถมศึกษา,75.60,ร้อยละ,สำนักงานสถิติแห่งชาติ
2563,"ไตรมาส 3",ภาคใต้,รวม,มัธยมศึกษาตอนต้น,61.26,ร้อยละ,สำนักงานสถิติแห่งชาติ
2563,"ไตรมาส 3",ภาคใต้,รวม,"มัธยมศึกษาตอนปลาย สายสามัญ",71.01,ร้อยละ,สำนักงานสถิติแห่งชาติ
2563,"ไตรมาส 3",ภาคใต้,รวม,"มัธยมศึกษาตอนปลาย สายอาชีวศึกษา",70.13,ร้อยละ,สำนักงานสถิติแห่งชาติ
2563,"ไตรมาส 3",ภาคใต้,รวม,"มัธยมศึกษาตอนปลาย สายวิชาการ",63.68,ร้อยละ,สำนักงานสถิติแห่งชาติ
2563,"ไตรมาส 3",ภาคใต้,รวม,"อุดมศึกษา สายวิชาการ",82.66,ร้อยละ,สำนักงานสถิติแห่งชาติ
2563,"ไตรมาส 3",ภาคใต้,รวม,"อุดมศึกษา สายวิชาชีพ",83.23,ร้อยละ,สำนักงานสถิติแห่งชาติ
2563,"ไตรมาส 3",ภาคใต้,รวม,"อุดมศึกษา สายวิชาการศึกษา",70.12,ร้อยละ,สำนักงานสถิติแห่งชาติ
2563,"ไตรมาส 3",ภาคใต้,รวม,การศึกษาอื่นๆ,80.32,ร้อยละ,สำนักงานสถิติแห่งชาติ
2563,"ไตรมาส 3",ภาคใต้,รวม,ไม่ทราบ,79.15,ร้อยละ,สำนักงานสถิติแห่งชาติ
2563,"ไตรมาส 3",ภาคใต้,ในเขตเทศบาล,รวม,64.61,ร้อยละ,สำนักงานสถิติแห่งชาติ
2563,"ไตรมาส 3",ภาคใต้,ในเขตเทศบาล,ไม่มีการศึกษา,44.20,ร้อยละ,สำนักงานสถิติแห่งชาติ
2563,"ไตรมาส 3",ภาคใต้,ในเขตเทศบาล,ต่ำกว่าประถมศึกษา,52.84,ร้อยละ,สำนักงานสถิติแห่งชาติ
2563,"ไตรมาส 3",ภาคใต้,ในเขตเทศบาล,ประถมศึกษา,71.71,ร้อยละ,สำนักงานสถิติแห่งชาติ
2563,"ไตรมาส 3",ภาคใต้,ในเขตเทศบาล,มัธยมศึกษาตอนต้น,56.46,ร้อยละ,สำนักงานสถิติแห่งชาติ
2563,"ไตรมาส 3",ภาคใต้,ในเขตเทศบาล,"มัธยมศึกษาตอนปลาย สายสามัญ",64.07,ร้อยละ,สำนักงานสถิติแห่งชาติ
2563,"ไตรมาส 3",ภาคใต้,ในเขตเทศบาล,"มัธยมศึกษาตอนปลาย สายอาชีวศึกษา",61.29,ร้อยละ,สำนักงานสถิติแห่งชาติ
2563,"ไตรมาส 3",ภาคใต้,ในเขตเทศบาล,"มัธยมศึกษาตอนปลาย สายวิชาการ",.00,ร้อยละ,สำนักงานสถิติแห่งชาติ
2563,"ไตรมาส 3",ภาคใต้,ในเขตเทศบาล,"อุดมศึกษา สายวิชาการ",80.15,ร้อยละ,สำนักงานสถิติแห่งชาติ
2563,"ไตรมาส 3",ภาคใต้,ในเขตเทศบาล,"อุดมศึกษา สายวิชาชีพ",79.39,ร้อยละ,สำนักงานสถิติแห่งชาติ
2563,"ไตรมาส 3",ภาคใต้,ในเขตเทศบาล,"อุดมศึกษา สายวิชาการศึกษา",65.89,ร้อยละ,สำนักงานสถิติแห่งชาติ
2563,"ไตรมาส 3",ภาคใต้,ในเขตเทศบาล,การศึกษาอื่นๆ,90.68,ร้อยละ,สำนักงานสถิติแห่งชาติ
2563,"ไตรมาส 3",ภาคใต้,ในเขตเทศบาล,ไม่ทราบ,73.19,ร้อยละ,สำนักงานสถิติแห่งชาติ
2563,"ไตรมาส 3",ภาคใต้,นอกเขตเทศบาล,รวม,69.24,ร้อยละ,สำนักงานสถิติแห่งชาติ
2563,"ไตรมาส 3",ภาคใต้,นอกเขตเทศบาล,ไม่มีการศึกษา,39.68,ร้อยละ,สำนักงานสถิติแห่งชาติ
2563,"ไตรมาส 3",ภาคใต้,นอกเขตเทศบาล,ต่ำกว่าประถมศึกษา,57.91,ร้อยละ,สำนักงานสถิติแห่งชาติ
2563,"ไตรมาส 3",ภาคใต้,นอกเขตเทศบาล,ประถมศึกษา,77.07,ร้อยละ,สำนักงานสถิติแห่งชาติ
2563,"ไตรมาส 3",ภาคใต้,นอกเขตเทศบาล,มัธยมศึกษาตอนต้น,63.59,ร้อยละ,สำนักงานสถิติแห่งชาติ
2563,"ไตรมาส 3",ภาคใต้,นอกเขตเทศบาล,"มัธยมศึกษาตอนปลาย สายสามัญ",74.83,ร้อยละ,สำนักงานสถิติแห่งชาติ
2563,"ไตรมาส 3",ภาคใต้,นอกเขตเทศบาล,"มัธยมศึกษาตอนปลาย สายอาชีวศึกษา",76.83,ร้อยละ,สำนักงานสถิติแห่งชาติ
2563,"ไตรมาส 3",ภาคใต้,นอกเขตเทศบาล,"มัธยมศึกษาตอนปลาย สายวิชาการ",100.00,ร้อยละ,สำนักงานสถิติแห่งชาติ
2563,"ไตรมาส 3",ภาคใต้,นอกเขตเทศบาล,"อุดมศึกษา สายวิชาการ",84.87,ร้อยละ,สำนักงานสถิติแห่งชาติ
2563,"ไตรมาส 3",ภาคใต้,นอกเขตเทศบาล,"อุดมศึกษา สายวิชาชีพ",86.11,ร้อยละ,สำนักงานสถิติแห่งชาติ
2563,"ไตรมาส 3",ภาคใต้,นอกเขตเทศบาล,"อุดมศึกษา สายวิชาการศึกษา",73.60,ร้อยละ,สำนักงานสถิติแห่งชาติ
2563,"ไตรมาส 3",ภาคใต้,นอกเขตเทศบาล,การศึกษาอื่นๆ,66.42,ร้อยละ,สำนักงานสถิติแห่งชาติ
2563,"ไตรมาส 3",ภาคใต้,นอกเขตเทศบาล,ไม่ทราบ,86.81,ร้อยละ,สำนักงานสถิติแห่งชาติ
2563,"ไตรมาส 4",ทั่วประเทศ,รวม,รวม,67.24,ร้อยละ,สำนักงานสถิติแห่งชาติ
2563,"ไตรมาส 4",ทั่วประเทศ,รวม,ไม่มีการศึกษา,49.46,ร้อยละ,สำนักงานสถิติแห่งชาติ
2563,"ไตรมาส 4",ทั่วประเทศ,รวม,ต่ำกว่าประถมศึกษา,52.21,ร้อยละ,สำนักงานสถิติแห่งชาติ
2563,"ไตรมาส 4",ทั่วประเทศ,รวม,ประถมศึกษา,75.84,ร้อยละ,สำนักงานสถิติแห่งชาติ
2563,"ไตรมาส 4",ทั่วประเทศ,รวม,มัธยมศึกษาตอนต้น,62.44,ร้อยละ,สำนักงานสถิติแห่งชาติ
2563,"ไตรมาส 4",ทั่วประเทศ,รวม,"มัธยมศึกษาตอนปลาย สายสามัญ",71.02,ร้อยละ,สำนักงานสถิติแห่งชาติ
2563,"ไตรมาส 4",ทั่วประเทศ,รวม,"มัธยมศึกษาตอนปลาย สายอาชีวศึกษา",68.70,ร้อยละ,สำนักงานสถิติแห่งชาติ
2563,"ไตรมาส 4",ทั่วประเทศ,รวม,"มัธยมศึกษาตอนปลาย สายวิชาการ",73.85,ร้อยละ,สำนักงานสถิติแห่งชาติ
2563,"ไตรมาส 4",ทั่วประเทศ,รวม,"อุดมศึกษา สายวิชาการ",81.38,ร้อยละ,สำนักงานสถิติแห่งชาติ
2563,"ไตรมาส 4",ทั่วประเทศ,รวม,"อุดมศึกษา สายวิชาชีพ",83.59,ร้อยละ,สำนักงานสถิติแห่งชาติ
2563,"ไตรมาส 4",ทั่วประเทศ,รวม,"อุดมศึกษา สายวิชาการศึกษา",66.54,ร้อยละ,สำนักงานสถิติแห่งชาติ
2563,"ไตรมาส 4",ทั่วประเทศ,รวม,การศึกษาอื่นๆ,91.58,ร้อยละ,สำนักงานสถิติแห่งชาติ
2563,"ไตรมาส 4",ทั่วประเทศ,รวม,ไม่ทราบ,83.77,ร้อยละ,สำนักงานสถิติแห่งชาติ
2563,"ไตรมาส 4",ทั่วประเทศ,ในเขตเทศบาล,รวม,67.06,ร้อยละ,สำนักงานสถิติแห่งชาติ
2563,"ไตรมาส 4",ทั่วประเทศ,ในเขตเทศบาล,ไม่มีการศึกษา,53.39,ร้อยละ,สำนักงานสถิติแห่งชาติ
2563,"ไตรมาส 4",ทั่วประเทศ,ในเขตเทศบาล,ต่ำกว่าประถมศึกษา,48.49,ร้อยละ,สำนักงานสถิติแห่งชาติ
2563,"ไตรมาส 4",ทั่วประเทศ,ในเขตเทศบาล,ประถมศึกษา,73.58,ร้อยละ,สำนักงานสถิติแห่งชาติ
2563,"ไตรมาส 4",ทั่วประเทศ,ในเขตเทศบาล,มัธยมศึกษาตอนต้น,61.88,ร้อยละ,สำนักงานสถิติแห่งชาติ
2563,"ไตรมาส 4",ทั่วประเทศ,ในเขตเทศบาล,"มัธยมศึกษาตอนปลาย สายสามัญ",65.43,ร้อยละ,สำนักงานสถิติแห่งชาติ
2563,"ไตรมาส 4",ทั่วประเทศ,ในเขตเทศบาล,"มัธยมศึกษาตอนปลาย สายอาชีวศึกษา",68.90,ร้อยละ,สำนักงานสถิติแห่งชาติ
2563,"ไตรมาส 4",ทั่วประเทศ,ในเขตเทศบาล,"มัธยมศึกษาตอนปลาย สายวิชาการ",73.63,ร้อยละ,สำนักงานสถิติแห่งชาติ
2563,"ไตรมาส 4",ทั่วประเทศ,ในเขตเทศบาล,"อุดมศึกษา สายวิชาการ",80.78,ร้อยละ,สำนักงานสถิติแห่งชาติ
2563,"ไตรมาส 4",ทั่วประเทศ,ในเขตเทศบาล,"อุดมศึกษา สายวิชาชีพ",82.61,ร้อยละ,สำนักงานสถิติแห่งชาติ
2563,"ไตรมาส 4",ทั่วประเทศ,ในเขตเทศบาล,"อุดมศึกษา สายวิชาการศึกษา",61.71,ร้อยละ,สำนักงานสถิติแห่งชาติ
2563,"ไตรมาส 4",ทั่วประเทศ,ในเขตเทศบาล,การศึกษาอื่นๆ,93.69,ร้อยละ,สำนักงานสถิติแห่งชาติ
2563,"ไตรมาส 4",ทั่วประเทศ,ในเขตเทศบาล,ไม่ทราบ,83.13,ร้อยละ,สำนักงานสถิติแห่งชาติ
2563,"ไตรมาส 4",ทั่วประเทศ,นอกเขตเทศบาล,รวม,67.40,ร้อยละ,สำนักงานสถิติแห่งชาติ
2563,"ไตรมาส 4",ทั่วประเทศ,นอกเขตเทศบาล,ไม่มีการศึกษา,46.97,ร้อยละ,สำนักงานสถิติแห่งชาติ
2563,"ไตรมาส 4",ทั่วประเทศ,นอกเขตเทศบาล,ต่ำกว่าประถมศึกษา,54.19,ร้อยละ,สำนักงานสถิติแห่งชาติ
2563,"ไตรมาส 4",ทั่วประเทศ,นอกเขตเทศบาล,ประถมศึกษา,77.24,ร้อยละ,สำนักงานสถิติแห่งชาติ
2563,"ไตรมาส 4",ทั่วประเทศ,นอกเขตเทศบาล,มัธยมศึกษาตอนต้น,62.88,ร้อยละ,สำนักงานสถิติแห่งชาติ
2563,"ไตรมาส 4",ทั่วประเทศ,นอกเขตเทศบาล,"มัธยมศึกษาตอนปลาย สายสามัญ",76.38,ร้อยละ,สำนักงานสถิติแห่งชาติ
2563,"ไตรมาส 4",ทั่วประเทศ,นอกเขตเทศบาล,"มัธยมศึกษาตอนปลาย สายอาชีวศึกษา",68.47,ร้อยละ,สำนักงานสถิติแห่งชาติ
2563,"ไตรมาส 4",ทั่วประเทศ,นอกเขตเทศบาล,"มัธยมศึกษาตอนปลาย สายวิชาการ",73.96,ร้อยละ,สำนักงานสถิติแห่งชาติ
2563,"ไตรมาส 4",ทั่วประเทศ,นอกเขตเทศบาล,"อุดมศึกษา สายวิชาการ",82.79,ร้อยละ,สำนักงานสถิติแห่งชาติ
2563,"ไตรมาส 4",ทั่วประเทศ,นอกเขตเทศบาล,"อุดมศึกษา สายวิชาชีพ",84.80,ร้อยละ,สำนักงานสถิติแห่งชาติ
2563,"ไตรมาส 4",ทั่วประเทศ,นอกเขตเทศบาล,"อุดมศึกษา สายวิชาการศึกษา",71.88,ร้อยละ,สำนักงานสถิติแห่งชาติ
2563,"ไตรมาส 4",ทั่วประเทศ,นอกเขตเทศบาล,การศึกษาอื่นๆ,89.10,ร้อยละ,สำนักงานสถิติแห่งชาติ
2563,"ไตรมาส 4",ทั่วประเทศ,นอกเขตเทศบาล,ไม่ทราบ,85.24,ร้อยละ,สำนักงานสถิติแห่งชาติ
2563,"ไตรมาส 4",กรุงเทพมหานคร,ในเขตเทศบาล,รวม,69.90,ร้อยละ,สำนักงานสถิติแห่งชาติ
2563,"ไตรมาส 4",กรุงเทพมหานคร,ในเขตเทศบาล,ไม่มีการศึกษา,51.26,ร้อยละ,สำนักงานสถิติแห่งชาติ
2563,"ไตรมาส 4",กรุงเทพมหานคร,ในเขตเทศบาล,ต่ำกว่าประถมศึกษา,44.32,ร้อยละ,สำนักงานสถิติแห่งชาติ
2563,"ไตรมาส 4",กรุงเทพมหานคร,ในเขตเทศบาล,ประถมศึกษา,75.30,ร้อยละ,สำนักงานสถิติแห่งชาติ
2563,"ไตรมาส 4",กรุงเทพมหานคร,ในเขตเทศบาล,มัธยมศึกษาตอนต้น,67.20,ร้อยละ,สำนักงานสถิติแห่งชาติ
2563,"ไตรมาส 4",กรุงเทพมหานคร,ในเขตเทศบาล,"มัธยมศึกษาตอนปลาย สายสามัญ",60.54,ร้อยละ,สำนักงานสถิติแห่งชาติ
2563,"ไตรมาส 4",กรุงเทพมหานคร,ในเขตเทศบาล,"มัธยมศึกษาตอนปลาย สายอาชีวศึกษา",72.78,ร้อยละ,สำนักงานสถิติแห่งชาติ
2563,"ไตรมาส 4",กรุงเทพมหานคร,ในเขตเทศบาล,"มัธยมศึกษาตอนปลาย สายวิชาการ",100.00,ร้อยละ,สำนักงานสถิติแห่งชาติ
2563,"ไตรมาส 4",กรุงเทพมหานคร,ในเขตเทศบาล,"อุดมศึกษา สายวิชาการ",79.77,ร้อยละ,สำนักงานสถิติแห่งชาติ
2563,"ไตรมาส 4",กรุงเทพมหานคร,ในเขตเทศบาล,"อุดมศึกษา สายวิชาชีพ",76.70,ร้อยละ,สำนักงานสถิติแห่งชาติ
2563,"ไตรมาส 4",กรุงเทพมหานคร,ในเขตเทศบาล,"อุดมศึกษา สายวิชาการศึกษา",65.35,ร้อยละ,สำนักงานสถิติแห่งชาติ
2563,"ไตรมาส 4",กรุงเทพมหานคร,ในเขตเทศบาล,การศึกษาอื่นๆ,.00,ร้อยละ,สำนักงานสถิติแห่งชาติ
2563,"ไตรมาส 4",กรุงเทพมหานคร,ในเขตเทศบาล,ไม่ทราบ,80.27,ร้อยละ,สำนักงานสถิติแห่งชาติ
2563,"ไตรมาส 4",ภาคกลาง,รวม,รวม,69.38,ร้อยละ,สำนักงานสถิติแห่งชาติ
2563,"ไตรมาส 4",ภาคกลาง,รวม,ไม่มีการศึกษา,57.88,ร้อยละ,สำนักงานสถิติแห่งชาติ
2563,"ไตรมาส 4",ภาคกลาง,รวม,ต่ำกว่าประถมศึกษา,50.28,ร้อยละ,สำนักงานสถิติแห่งชาติ
2563,"ไตรมาส 4",ภาคกลาง,รวม,ประถมศึกษา,74.50,ร้อยละ,สำนักงานสถิติแห่งชาติ
2563,"ไตรมาส 4",ภาคกลาง,รวม,มัธยมศึกษาตอนต้น,67.45,ร้อยละ,สำนักงานสถิติแห่งชาติ
2563,"ไตรมาส 4",ภาคกลาง,รวม,"มัธยมศึกษาตอนปลาย สายสามัญ",72.96,ร้อยละ,สำนักงานสถิติแห่งชาติ
2563,"ไตรมาส 4",ภาคกลาง,รวม,"มัธยมศึกษาตอนปลาย สายอาชีวศึกษา",71.97,ร้อยละ,สำนักงานสถิติแห่งชาติ
2563,"ไตรมาส 4",ภาคกลาง,รวม,"มัธยมศึกษาตอนปลาย สายวิชาการ",64.85,ร้อยละ,สำนักงานสถิติแห่งชาติ
2563,"ไตรมาส 4",ภาคกลาง,รวม,"อุดมศึกษา สายวิชาการ",82.03,ร้อยละ,สำนักงานสถิติแห่งชาติ
2563,"ไตรมาส 4",ภาคกลาง,รวม,"อุดมศึกษา สายวิชาชีพ",85.79,ร้อยละ,สำนักงานสถิติแห่งชาติ
2563,"ไตรมาส 4",ภาคกลาง,รวม,"อุดมศึกษา สายวิชาการศึกษา",63.79,ร้อยละ,สำนักงานสถิติแห่งชาติ
2563,"ไตรมาส 4",ภาคกลาง,รวม,การศึกษาอื่นๆ,94.84,ร้อยละ,สำนักงานสถิติแห่งชาติ
2563,"ไตรมาส 4",ภาคกลาง,รวม,ไม่ทราบ,86.82,ร้อยละ,สำนักงานสถิติแห่งชาติ
2563,"ไตรมาส 4",ภาคกลาง,ในเขตเทศบาล,รวม,68.89,ร้อยละ,สำนักงานสถิติแห่งชาติ
2563,"ไตรมาส 4",ภาคกลาง,ในเขตเทศบาล,ไม่มีการศึกษา,64.91,ร้อยละ,สำนักงานสถิติแห่งชาติ
2563,"ไตรมาส 4",ภาคกลาง,ในเขตเทศบาล,ต่ำกว่าประถมศึกษา,46.76,ร้อยละ,สำนักงานสถิติแห่งชาติ
2563,"ไตรมาส 4",ภาคกลาง,ในเขตเทศบาล,ประถมศึกษา,72.64,ร้อยละ,สำนักงานสถิติแห่งชาติ
2563,"ไตรมาส 4",ภาคกลาง,ในเขตเทศบาล,มัธยมศึกษาตอนต้น,66.18,ร้อยละ,สำนักงานสถิติแห่งชาติ
2563,"ไตรมาส 4",ภาคกลาง,ในเขตเทศบาล,"มัธยมศึกษาตอนปลาย สายสามัญ",69.37,ร้อยละ,สำนักงานสถิติแห่งชาติ
2563,"ไตรมาส 4",ภาคกลาง,ในเขตเทศบาล,"มัธยมศึกษาตอนปลาย สายอาชีวศึกษา",69.35,ร้อยละ,สำนักงานสถิติแห่งชาติ
2563,"ไตรมาส 4",ภาคกลาง,ในเขตเทศบาล,"มัธยมศึกษาตอนปลาย สายวิชาการ",100.00,ร้อยละ,สำนักงานสถิติแห่งชาติ
2563,"ไตรมาส 4",ภาคกลาง,ในเขตเทศบาล,"อุดมศึกษา สายวิชาการ",81.90,ร้อยละ,สำนักงานสถิติแห่งชาติ
2563,"ไตรมาส 4",ภาคกลาง,ในเขตเทศบาล,"อุดมศึกษา สายวิชาชีพ",86.24,ร้อยละ,สำนักงานสถิติแห่งชาติ
2563,"ไตรมาส 4",ภาคกลาง,ในเขตเทศบาล,"อุดมศึกษา สายวิชาการศึกษา",61.90,ร้อยละ,สำนักงานสถิติแห่งชาติ
2563,"ไตรมาส 4",ภาคกลาง,ในเขตเทศบาล,การศึกษาอื่นๆ,94.64,ร้อยละ,สำนักงานสถิติแห่งชาติ
2563,"ไตรมาส 4",ภาคกลาง,ในเขตเทศบาล,ไม่ทราบ,87.72,ร้อยละ,สำนักงานสถิติแห่งชาติ
2563,"ไตรมาส 4",ภาคกลาง,นอกเขตเทศบาล,รวม,69.80,ร้อยละ,สำนักงานสถิติแห่งชาติ
2563,"ไตรมาส 4",ภาคกลาง,นอกเขตเทศบาล,ไม่มีการศึกษา,52.16,ร้อยละ,สำนักงานสถิติแห่งชาติ
2563,"ไตรมาส 4",ภาคกลาง,นอกเขตเทศบาล,ต่ำกว่าประถมศึกษา,52.56,ร้อยละ,สำนักงานสถิติแห่งชาติ
2563,"ไตรมาส 4",ภาคกลาง,นอกเขตเทศบาล,ประถมศึกษา,75.76,ร้อยละ,สำนักงานสถิติแห่งชาติ
2563,"ไตรมาส 4",ภาคกลาง,นอกเขตเทศบาล,มัธยมศึกษาตอนต้น,68.51,ร้อยละ,สำนักงานสถิติแห่งชาติ
2563,"ไตรมาส 4",ภาคกลาง,นอกเขตเทศบาล,"มัธยมศึกษาตอนปลาย สายสามัญ",76.54,ร้อยละ,สำนักงานสถิติแห่งชาติ
2563,"ไตรมาส 4",ภาคกลาง,นอกเขตเทศบาล,"มัธยมศึกษาตอนปลาย สายอาชีวศึกษา",74.57,ร้อยละ,สำนักงานสถิติแห่งชาติ
2563,"ไตรมาส 4",ภาคกลาง,นอกเขตเทศบาล,"มัธยมศึกษาตอนปลาย สายวิชาการ",57.29,ร้อยละ,สำนักงานสถิติแห่งชาติ
2563,"ไตรมาส 4",ภาคกลาง,นอกเขตเทศบาล,"อุดมศึกษา สายวิชาการ",82.23,ร้อยละ,สำนักงานสถิติแห่งชาติ
2563,"ไตรมาส 4",ภาคกลาง,นอกเขตเทศบาล,"อุดมศึกษา สายวิชาชีพ",85.38,ร้อยละ,สำนักงานสถิติแห่งชาติ
2563,"ไตรมาส 4",ภาคกลาง,นอกเขตเทศบาล,"อุดมศึกษา สายวิชาการศึกษา",65.79,ร้อยละ,สำนักงานสถิติแห่งชาติ
2563,"ไตรมาส 4",ภาคกลาง,นอกเขตเทศบาล,การศึกษาอื่นๆ,95.11,ร้อยละ,สำนักงานสถิติแห่งชาติ
2563,"ไตรมาส 4",ภาคกลาง,นอกเขตเทศบาล,ไม่ทราบ,85.14,ร้อยละ,สำนักงานสถิติแห่งชาติ
2563,"ไตรมาส 4",ภาคเหนือ,รวม,รวม,65.48,ร้อยละ,สำนักงานสถิติแห่งชาติ
2563,"ไตรมาส 4",ภาคเหนือ,รวม,ไม่มีการศึกษา,50.74,ร้อยละ,สำนักงานสถิติแห่งชาติ
2563,"ไตรมาส 4",ภาคเหนือ,รวม,ต่ำกว่าประถมศึกษา,55.46,ร้อยละ,สำนักงานสถิติแห่งชาติ
2563,"ไตรมาส 4",ภาคเหนือ,รวม,ประถมศึกษา,76.99,ร้อยละ,สำนักงานสถิติแห่งชาติ
2563,"ไตรมาส 4",ภาคเหนือ,รวม,มัธยมศึกษาตอนต้น,58.92,ร้อยละ,สำนักงานสถิติแห่งชาติ
2563,"ไตรมาส 4",ภาคเหนือ,รวม,"มัธยมศึกษาตอนปลาย สายสามัญ",71.95,ร้อยละ,สำนักงานสถิติแห่งชาติ
2563,"ไตรมาส 4",ภาคเหนือ,รวม,"มัธยมศึกษาตอนปลาย สายอาชีวศึกษา",67.91,ร้อยละ,สำนักงานสถิติแห่งชาติ
2563,"ไตรมาส 4",ภาคเหนือ,รวม,"มัธยมศึกษาตอนปลาย สายวิชาการ",61.76,ร้อยละ,สำนักงานสถิติแห่งชาติ
2563,"ไตรมาส 4",ภาคเหนือ,รวม,"อุดมศึกษา สายวิชาการ",81.82,ร้อยละ,สำนักงานสถิติแห่งชาติ
2563,"ไตรมาส 4",ภาคเหนือ,รวม,"อุดมศึกษา สายวิชาชีพ",86.64,ร้อยละ,สำนักงานสถิติแห่งชาติ
2563,"ไตรมาส 4",ภาคเหนือ,รวม,"อุดมศึกษา สายวิชาการศึกษา",64.86,ร้อยละ,สำนักงานสถิติแห่งชาติ
2563,"ไตรมาส 4",ภาคเหนือ,รวม,การศึกษาอื่นๆ,71.32,ร้อยละ,สำนักงานสถิติแห่งชาติ
2563,"ไตรมาส 4",ภาคเหนือ,รวม,ไม่ทราบ,91.07,ร้อยละ,สำนักงานสถิติแห่งชาติ
2563,"ไตรมาส 4",ภาคเหนือ,ในเขตเทศบาล,รวม,63.93,ร้อยละ,สำนักงานสถิติแห่งชาติ
2563,"ไตรมาส 4",ภาคเหนือ,ในเขตเทศบาล,ไม่มีการศึกษา,50.20,ร้อยละ,สำนักงานสถิติแห่งชาติ
2563,"ไตรมาส 4",ภาคเหนือ,ในเขตเทศบาล,ต่ำกว่าประถมศึกษา,54.55,ร้อยละ,สำนักงานสถิติแห่งชาติ
2563,"ไตรมาส 4",ภาคเหนือ,ในเขตเทศบาล,ประถมศึกษา,70.92,ร้อยละ,สำนักงานสถิติแห่งชาติ
2563,"ไตรมาส 4",ภาคเหนือ,ในเขตเทศบาล,มัธยมศึกษาตอนต้น,54.06,ร้อยละ,สำนักงานสถิติแห่งชาติ
2563,"ไตรมาส 4",ภาคเหนือ,ในเขตเทศบาล,"มัธยมศึกษาตอนปลาย สายสามัญ",66.10,ร้อยละ,สำนักงานสถิติแห่งชาติ
2563,"ไตรมาส 4",ภาคเหนือ,ในเขตเทศบาล,"มัธยมศึกษาตอนปลาย สายอาชีวศึกษา",64.01,ร้อยละ,สำนักงานสถิติแห่งชาติ
2563,"ไตรมาส 4",ภาคเหนือ,ในเขตเทศบาล,"มัธยมศึกษาตอนปลาย สายวิชาการ",61.76,ร้อยละ,สำนักงานสถิติแห่งชาติ
2563,"ไตรมาส 4",ภาคเหนือ,ในเขตเทศบาล,"อุดมศึกษา สายวิชาการ",79.96,ร้อยละ,สำนักงานสถิติแห่งชาติ
2563,"ไตรมาส 4",ภาคเหนือ,ในเขตเทศบาล,"อุดมศึกษา สายวิชาชีพ",85.77,ร้อยละ,สำนักงานสถิติแห่งชาติ
2563,"ไตรมาส 4",ภาคเหนือ,ในเขตเทศบาล,"อุดมศึกษา สายวิชาการศึกษา",59.64,ร้อยละ,สำนักงานสถิติแห่งชาติ
2563,"ไตรมาส 4",ภาคเหนือ,ในเขตเทศบาล,การศึกษาอื่นๆ,81.81,ร้อยละ,สำนักงานสถิติแห่งชาติ
2563,"ไตรมาส 4",ภาคเหนือ,ในเขตเทศบาล,ไม่ทราบ,69.85,ร้อยละ,สำนักงานสถิติแห่งชาติ
2563,"ไตรมาส 4",ภาคเหนือ,นอกเขตเทศบาล,รวม,66.32,ร้อยละ,สำนักงานสถิติแห่งชาติ
2563,"ไตรมาส 4",ภาคเหนือ,นอกเขตเทศบาล,ไม่มีการศึกษา,50.95,ร้อยละ,สำนักงานสถิติแห่งชาติ
2563,"ไตรมาส 4",ภาคเหนือ,นอกเขตเทศบาล,ต่ำกว่าประถมศึกษา,55.87,ร้อยละ,สำนักงานสถิติแห่งชาติ
2563,"ไตรมาส 4",ภาคเหนือ,นอกเขตเทศบาล,ประถมศึกษา,79.38,ร้อยละ,สำนักงานสถิติแห่งชาติ
2563,"ไตรมาส 4",ภาคเหนือ,นอกเขตเทศบาล,มัธยมศึกษาตอนต้น,61.10,ร้อยละ,สำนักงานสถิติแห่งชาติ
2563,"ไตรมาส 4",ภาคเหนือ,นอกเขตเทศบาล,"มัธยมศึกษาตอนปลาย สายสามัญ",76.06,ร้อยละ,สำนักงานสถิติแห่งชาติ
2563,"ไตรมาส 4",ภาคเหนือ,นอกเขตเทศบาล,"มัธยมศึกษาตอนปลาย สายอาชีวศึกษา",71.15,ร้อยละ,สำนักงานสถิติแห่งชาติ
2563,"ไตรมาส 4",ภาคเหนือ,นอกเขตเทศบาล,"มัธยมศึกษาตอนปลาย สายวิชาการ",.00,ร้อยละ,สำนักงานสถิติแห่งชาติ
2563,"ไตรมาส 4",ภาคเหนือ,นอกเขตเทศบาล,"อุดมศึกษา สายวิชาการ",84.11,ร้อยละ,สำนักงานสถิติแห่งชาติ
2563,"ไตรมาส 4",ภาคเหนือ,นอกเขตเทศบาล,"อุดมศึกษา สายวิชาชีพ",87.47,ร้อยละ,สำนักงานสถิติแห่งชาติ
2563,"ไตรมาส 4",ภาคเหนือ,นอกเขตเทศบาล,"อุดมศึกษา สายวิชาการศึกษา",69.75,ร้อยละ,สำนักงานสถิติแห่งชาติ
2563,"ไตรมาส 4",ภาคเหนือ,นอกเขตเทศบาล,การศึกษาอื่นๆ,66.27,ร้อยละ,สำนักงานสถิติแห่งชาติ
2563,"ไตรมาส 4",ภาคเหนือ,นอกเขตเทศบาล,ไม่ทราบ,100.00,ร้อยละ,สำนักงานสถิติแห่งชาติ
2563,"ไตรมาส 4",ภาคตะวันออกเฉียงเหนือ,รวม,รวม,64.30,ร้อยละ,สำนักงานสถิติแห่งชาติ
2563,"ไตรมาส 4",ภาคตะวันออกเฉียงเหนือ,รวม,ไม่มีการศึกษา,28.23,ร้อยละ,สำนักงานสถิติแห่งชาติ
2563,"ไตรมาส 4",ภาคตะวันออกเฉียงเหนือ,รวม,ต่ำกว่าประถมศึกษา,51.69,ร้อยละ,สำนักงานสถิติแห่งชาติ
2563,"ไตรมาส 4",ภาคตะวันออกเฉียงเหนือ,รวม,ประถมศึกษา,77.33,ร้อยละ,สำนักงานสถิติแห่งชาติ
2563,"ไตรมาส 4",ภาคตะวันออกเฉียงเหนือ,รวม,มัธยมศึกษาตอนต้น,57.03,ร้อยละ,สำนักงานสถิติแห่งชาติ
2563,"ไตรมาส 4",ภาคตะวันออกเฉียงเหนือ,รวม,"มัธยมศึกษาตอนปลาย สายสามัญ",73.12,ร้อยละ,สำนักงานสถิติแห่งชาติ
2563,"ไตรมาส 4",ภาคตะวันออกเฉียงเหนือ,รวม,"มัธยมศึกษาตอนปลาย สายอาชีวศึกษา",56.88,ร้อยละ,สำนักงานสถิติแห่งชาติ
2563,"ไตรมาส 4",ภาคตะวันออกเฉียงเหนือ,รวม,"มัธยมศึกษาตอนปลาย สายวิชาการ",74.16,ร้อยละ,สำนักงานสถิติแห่งชาติ
2563,"ไตรมาส 4",ภาคตะวันออกเฉียงเหนือ,รวม,"อุดมศึกษา สายวิชาการ",83.72,ร้อยละ,สำนักงานสถิติแห่งชาติ
2563,"ไตรมาส 4",ภาคตะวันออกเฉียงเหนือ,รวม,"อุดมศึกษา สายวิชาชีพ",84.56,ร้อยละ,สำนักงานสถิติแห่งชาติ
2563,"ไตรมาส 4",ภาคตะวันออกเฉียงเหนือ,รวม,"อุดมศึกษา สายวิชาการศึกษา",70.04,ร้อยละ,สำนักงานสถิติแห่งชาติ
2563,"ไตรมาส 4",ภาคตะวันออกเฉียงเหนือ,รวม,การศึกษาอื่นๆ,.00,ร้อยละ,สำนักงานสถิติแห่งชาติ
2563,"ไตรมาส 4",ภาคตะวันออกเฉียงเหนือ,รวม,ไม่ทราบ,58.97,ร้อยละ,สำนักงานสถิติแห่งชาติ
2563,"ไตรมาส 4",ภาคตะวันออกเฉียงเหนือ,ในเขตเทศบาล,รวม,62.24,ร้อยละ,สำนักงานสถิติแห่งชาติ
2563,"ไตรมาส 4",ภาคตะวันออกเฉียงเหนือ,ในเขตเทศบาล,ไม่มีการศึกษา,27.04,ร้อยละ,สำนักงานสถิติแห่งชาติ
2563,"ไตรมาส 4",ภาคตะวันออกเฉียงเหนือ,ในเขตเทศบาล,ต่ำกว่าประถมศึกษา,47.11,ร้อยละ,สำนักงานสถิติแห่งชาติ
2563,"ไตรมาส 4",ภาคตะวันออกเฉียงเหนือ,ในเขตเทศบาล,ประถมศึกษา,75.15,ร้อยละ,สำนักงานสถิติแห่งชาติ
2563,"ไตรมาส 4",ภาคตะวันออกเฉียงเหนือ,ในเขตเทศบาล,มัธยมศึกษาตอนต้น,52.74,ร้อยละ,สำนักงานสถิติแห่งชาติ
2563,"ไตรมาส 4",ภาคตะวันออกเฉียงเหนือ,ในเขตเทศบาล,"มัธยมศึกษาตอนปลาย สายสามัญ",66.16,ร้อยละ,สำนักงานสถิติแห่งชาติ
2563,"ไตรมาส 4",ภาคตะวันออกเฉียงเหนือ,ในเขตเทศบาล,"มัธยมศึกษาตอนปลาย สายอาชีวศึกษา",60.15,ร้อยละ,สำนักงานสถิติแห่งชาติ
2563,"ไตรมาส 4",ภาคตะวันออกเฉียงเหนือ,ในเขตเทศบาล,"มัธยมศึกษาตอนปลาย สายวิชาการ",41.33,ร้อยละ,สำนักงานสถิติแห่งชาติ
2563,"ไตรมาส 4",ภาคตะวันออกเฉียงเหนือ,ในเขตเทศบาล,"อุดมศึกษา สายวิชาการ",83.94,ร้อยละ,สำนักงานสถิติแห่งชาติ
2563,"ไตรมาส 4",ภาคตะวันออกเฉียงเหนือ,ในเขตเทศบาล,"อุดมศึกษา สายวิชาชีพ",88.61,ร้อยละ,สำนักงานสถิติแห่งชาติ
2563,"ไตรมาส 4",ภาคตะวันออกเฉียงเหนือ,ในเขตเทศบาล,"อุดมศึกษา สายวิชาการศึกษา",60.38,ร้อยละ,สำนักงานสถิติแห่งชาติ
2563,"ไตรมาส 4",ภาคตะวันออกเฉียงเหนือ,ในเขตเทศบาล,การศึกษาอื่นๆ,.00,ร้อยละ,สำนักงานสถิติแห่งชาติ
2563,"ไตรมาส 4",ภาคตะวันออกเฉียงเหนือ,ในเขตเทศบาล,ไม่ทราบ,75.51,ร้อยละ,สำนักงานสถิติแห่งชาติ
2563,"ไตรมาส 4",ภาคตะวันออกเฉียงเหนือ,นอกเขตเทศบาล,รวม,65.15,ร้อยละ,สำนักงานสถิติแห่งชาติ
2563,"ไตรมาส 4",ภาคตะวันออกเฉียงเหนือ,นอกเขตเทศบาล,ไม่มีการศึกษา,28.60,ร้อยละ,สำนักงานสถิติแห่งชาติ
2563,"ไตรมาส 4",ภาคตะวันออกเฉียงเหนือ,นอกเขตเทศบาล,ต่ำกว่าประถมศึกษา,53.29,ร้อยละ,สำนักงานสถิติแห่งชาติ
2563,"ไตรมาส 4",ภาคตะวันออกเฉียงเหนือ,นอกเขตเทศบาล,ประถมศึกษา,78.11,ร้อยละ,สำนักงานสถิติแห่งชาติ
2563,"ไตรมาส 4",ภาคตะวันออกเฉียงเหนือ,นอกเขตเทศบาล,มัธยมศึกษาตอนต้น,58.69,ร้อยละ,สำนักงานสถิติแห่งชาติ
2563,"ไตรมาส 4",ภาคตะวันออกเฉียงเหนือ,นอกเขตเทศบาล,"มัธยมศึกษาตอนปลาย สายสามัญ",76.43,ร้อยละ,สำนักงานสถิติแห่งชาติ
2563,"ไตรมาส 4",ภาคตะวันออกเฉียงเหนือ,นอกเขตเทศบาล,"มัธยมศึกษาตอนปลาย สายอาชีวศึกษา",55.12,ร้อยละ,สำนักงานสถิติแห่งชาติ
2563,"ไตรมาส 4",ภาคตะวันออกเฉียงเหนือ,นอกเขตเทศบาล,"มัธยมศึกษาตอนปลาย สายวิชาการ",77.57,ร้อยละ,สำนักงานสถิติแห่งชาติ
2563,"ไตรมาส 4",ภาคตะวันออกเฉียงเหนือ,นอกเขตเทศบาล,"อุดมศึกษา สายวิชาการ",83.52,ร้อยละ,สำนักงานสถิติแห่งชาติ
2563,"ไตรมาส 4",ภาคตะวันออกเฉียงเหนือ,นอกเขตเทศบาล,"อุดมศึกษา สายวิชาชีพ",81.55,ร้อยละ,สำนักงานสถิติแห่งชาติ
2563,"ไตรมาส 4",ภาคตะวันออกเฉียงเหนือ,นอกเขตเทศบาล,"อุดมศึกษา สายวิชาการศึกษา",76.27,ร้อยละ,สำนักงานสถิติแห่งชาติ
2563,"ไตรมาส 4",ภาคตะวันออกเฉียงเหนือ,นอกเขตเทศบาล,การศึกษาอื่นๆ,.00,ร้อยละ,สำนักงานสถิติแห่งชาติ
2563,"ไตรมาส 4",ภาคตะวันออกเฉียงเหนือ,นอกเขตเทศบาล,ไม่ทราบ,36.32,ร้อยละ,สำนักงานสถิติแห่งชาติ
2563,"ไตรมาส 4",ภาคใต้,รวม,รวม,67.73,ร้อยละ,สำนักงานสถิติแห่งชาติ
2563,"ไตรมาส 4",ภาคใต้,รวม,ไม่มีการศึกษา,42.93,ร้อยละ,สำนักงานสถิติแห่งชาติ
2563,"ไตรมาส 4",ภาคใต้,รวม,ต่ำกว่าประถมศึกษา,55.62,ร้อยละ,สำนักงานสถิติแห่งชาติ
2563,"ไตรมาส 4",ภาคใต้,รวม,ประถมศึกษา,74.52,ร้อยละ,สำนักงานสถิติแห่งชาติ
2563,"ไตรมาส 4",ภาคใต้,รวม,มัธยมศึกษาตอนต้น,61.10,ร้อยละ,สำนักงานสถิติแห่งชาติ
2563,"ไตรมาส 4",ภาคใต้,รวม,"มัธยมศึกษาตอนปลาย สายสามัญ",72.18,ร้อยละ,สำนักงานสถิติแห่งชาติ
2563,"ไตรมาส 4",ภาคใต้,รวม,"มัธยมศึกษาตอนปลาย สายอาชีวศึกษา",70.11,ร้อยละ,สำนักงานสถิติแห่งชาติ
2563,"ไตรมาส 4",ภาคใต้,รวม,"มัธยมศึกษาตอนปลาย สายวิชาการ",43.60,ร้อยละ,สำนักงานสถิติแห่งชาติ
2563,"ไตรมาส 4",ภาคใต้,รวม,"อุดมศึกษา สายวิชาการ",81.65,ร้อยละ,สำนักงานสถิติแห่งชาติ
2563,"ไตรมาส 4",ภาคใต้,รวม,"อุดมศึกษา สายวิชาชีพ",81.39,ร้อยละ,สำนักงานสถิติแห่งชาติ
2563,"ไตรมาส 4",ภาคใต้,รวม,"อุดมศึกษา สายวิชาการศึกษา",68.10,ร้อยละ,สำนักงานสถิติแห่งชาติ
2563,"ไตรมาส 4",ภาคใต้,รวม,การศึกษาอื่นๆ,69.70,ร้อยละ,สำนักงานสถิติแห่งชาติ
2563,"ไตรมาส 4",ภาคใต้,รวม,ไม่ทราบ,80.98,ร้อยละ,สำนักงานสถิติแห่งชาติ
2563,"ไตรมาส 4",ภาคใต้,ในเขตเทศบาล,รวม,65.12,ร้อยละ,สำนักงานสถิติแห่งชาติ
2563,"ไตรมาส 4",ภาคใต้,ในเขตเทศบาล,ไม่มีการศึกษา,39.18,ร้อยละ,สำนักงานสถิติแห่งชาติ
2563,"ไตรมาส 4",ภาคใต้,ในเขตเทศบาล,ต่ำกว่าประถมศึกษา,51.60,ร้อยละ,สำนักงานสถิติแห่งชาติ
2563,"ไตรมาส 4",ภาคใต้,ในเขตเทศบาล,ประถมศึกษา,71.32,ร้อยละ,สำนักงานสถิติแห่งชาติ
2563,"ไตรมาส 4",ภาคใต้,ในเขตเทศบาล,มัธยมศึกษาตอนต้น,57.15,ร้อยละ,สำนักงานสถิติแห่งชาติ
2563,"ไตรมาส 4",ภาคใต้,ในเขตเทศบาล,"มัธยมศึกษาตอนปลาย สายสามัญ",64.47,ร้อยละ,สำนักงานสถิติแห่งชาติ
2563,"ไตรมาส 4",ภาคใต้,ในเขตเทศบาล,"มัธยมศึกษาตอนปลาย สายอาชีวศึกษา",69.03,ร้อยละ,สำนักงานสถิติแห่งชาติ
2563,"ไตรมาส 4",ภาคใต้,ในเขตเทศบาล,"มัธยมศึกษาตอนปลาย สายวิชาการ",21.96,ร้อยละ,สำนักงานสถิติแห่งชาติ
2563,"ไตรมาส 4",ภาคใต้,ในเขตเทศบาล,"อุดมศึกษา สายวิชาการ",81.19,ร้อยละ,สำนักงานสถิติแห่งชาติ
2563,"ไตรมาส 4",ภาคใต้,ในเขตเทศบาล,"อุดมศึกษา สายวิชาชีพ",76.28,ร้อยละ,สำนักงานสถิติแห่งชาติ
2563,"ไตรมาส 4",ภาคใต้,ในเขตเทศบาล,"อุดมศึกษา สายวิชาการศึกษา",58.74,ร้อยละ,สำนักงานสถิติแห่งชาติ
2563,"ไตรมาส 4",ภาคใต้,ในเขตเทศบาล,การศึกษาอื่นๆ,83.30,ร้อยละ,สำนักงานสถิติแห่งชาติ
2563,"ไตรมาส 4",ภาคใต้,ในเขตเทศบาล,ไม่ทราบ,77.16,ร้อยละ,สำนักงานสถิติแห่งชาติ
2563,"ไตรมาส 4",ภาคใต้,นอกเขตเทศบาล,รวม,69.06,ร้อยละ,สำนักงานสถิติแห่งชาติ
2563,"ไตรมาส 4",ภาคใต้,นอกเขตเทศบาล,ไม่มีการศึกษา,44.22,ร้อยละ,สำนักงานสถิติแห่งชาติ
2563,"ไตรมาส 4",ภาคใต้,นอกเขตเทศบาล,ต่ำกว่าประถมศึกษา,57.26,ร้อยละ,สำนักงานสถิติแห่งชาติ
2563,"ไตรมาส 4",ภาคใต้,นอกเขตเทศบาล,ประถมศึกษา,75.69,ร้อยละ,สำนักงานสถิติแห่งชาติ
2563,"ไตรมาส 4",ภาคใต้,นอกเขตเทศบาล,มัธยมศึกษาตอนต้น,63.02,ร้อยละ,สำนักงานสถิติแห่งชาติ
2563,"ไตรมาส 4",ภาคใต้,นอกเขตเทศบาล,"มัธยมศึกษาตอนปลาย สายสามัญ",76.32,ร้อยละ,สำนักงานสถิติแห่งชาติ
2563,"ไตรมาส 4",ภาคใต้,นอกเขตเทศบาล,"มัธยมศึกษาตอนปลาย สายอาชีวศึกษา",70.97,ร้อยละ,สำนักงานสถิติแห่งชาติ
2563,"ไตรมาส 4",ภาคใต้,นอกเขตเทศบาล,"มัธยมศึกษาตอนปลาย สายวิชาการ",100.00,ร้อยละ,สำนักงานสถิติแห่งชาติ
2563,"ไตรมาส 4",ภาคใต้,นอกเขตเทศบาล,"อุดมศึกษา สายวิชาการ",82.13,ร้อยละ,สำนักงานสถิติแห่งชาติ
2563,"ไตรมาส 4",ภาคใต้,นอกเขตเทศบาล,"อุดมศึกษา สายวิชาชีพ",85.32,ร้อยละ,สำนักงานสถิติแห่งชาติ
2563,"ไตรมาส 4",ภาคใต้,นอกเขตเทศบาล,"อุดมศึกษา สายวิชาการศึกษา",75.28,ร้อยละ,สำนักงานสถิติแห่งชาติ
2563,"ไตรมาส 4",ภาคใต้,นอกเขตเทศบาล,การศึกษาอื่นๆ,65.00,ร้อยละ,สำนักงานสถิติแห่งชาติ
2563,"ไตรมาส 4",ภาคใต้,นอกเขตเทศบาล,ไม่ทราบ,86.00,ร้อยละ,สำนักงานสถิติแห่งชาติ
2564,"ไตรมาส 1",ทั่วประเทศ,รวม,รวม,65.93,ร้อยละ,สำนักงานสถิติแห่งชาติ
2564,"ไตรมาส 1",ทั่วประเทศ,รวม,ไม่มีการศึกษา,49.34,ร้อยละ,สำนักงานสถิติแห่งชาติ
2564,"ไตรมาส 1",ทั่วประเทศ,รวม,ต่ำกว่าประถมศึกษา,49.35,ร้อยละ,สำนักงานสถิติแห่งชาติ
2564,"ไตรมาส 1",ทั่วประเทศ,รวม,ประถมศึกษา,74.15,ร้อยละ,สำนักงานสถิติแห่งชาติ
2564,"ไตรมาส 1",ทั่วประเทศ,รวม,มัธยมศึกษาตอนต้น,60.99,ร้อยละ,สำนักงานสถิติแห่งชาติ
2564,"ไตรมาส 1",ทั่วประเทศ,รวม,"มัธยมศึกษาตอนปลาย สายสามัญ",68.72,ร้อยละ,สำนักงานสถิติแห่งชาติ
2564,"ไตรมาส 1",ทั่วประเทศ,รวม,"มัธยมศึกษาตอนปลาย สายอาชีวศึกษา",69.10,ร้อยละ,สำนักงานสถิติแห่งชาติ
2564,"ไตรมาส 1",ทั่วประเทศ,รวม,"มัธยมศึกษาตอนปลาย สายวิชาการ",54.03,ร้อยละ,สำนักงานสถิติแห่งชาติ
2564,"ไตรมาส 1",ทั่วประเทศ,รวม,"อุดมศึกษา สายวิชาการ",82.00,ร้อยละ,สำนักงานสถิติแห่งชาติ
2564,"ไตรมาส 1",ทั่วประเทศ,รวม,"อุดมศึกษา สายวิชาชีพ",82.94,ร้อยละ,สำนักงานสถิติแห่งชาติ
2564,"ไตรมาส 1",ทั่วประเทศ,รวม,"อุดมศึกษา สายวิชาการศึกษา",66.99,ร้อยละ,สำนักงานสถิติแห่งชาติ
2564,"ไตรมาส 1",ทั่วประเทศ,รวม,การศึกษาอื่นๆ,94.76,ร้อยละ,สำนักงานสถิติแห่งชาติ
2564,"ไตรมาส 1",ทั่วประเทศ,รวม,ไม่ทราบ,76.96,ร้อยละ,สำนักงานสถิติแห่งชาติ
2564,"ไตรมาส 1",ทั่วประเทศ,ในเขตเทศบาล,รวม,66.75,ร้อยละ,สำนักงานสถิติแห่งชาติ
2564,"ไตรมาส 1",ทั่วประเทศ,ในเขตเทศบาล,ไม่มีการศึกษา,52.69,ร้อยละ,สำนักงานสถิติแห่งชาติ
2564,"ไตรมาส 1",ทั่วประเทศ,ในเขตเทศบาล,ต่ำกว่าประถมศึกษา,47.53,ร้อยละ,สำนักงานสถิติแห่งชาติ
2564,"ไตรมาส 1",ทั่วประเทศ,ในเขตเทศบาล,ประถมศึกษา,73.47,ร้อยละ,สำนักงานสถิติแห่งชาติ
2564,"ไตรมาส 1",ทั่วประเทศ,ในเขตเทศบาล,มัธยมศึกษาตอนต้น,62.00,ร้อยละ,สำนักงานสถิติแห่งชาติ
2564,"ไตรมาส 1",ทั่วประเทศ,ในเขตเทศบาล,"มัธยมศึกษาตอนปลาย สายสามัญ",65.23,ร้อยละ,สำนักงานสถิติแห่งชาติ
2564,"ไตรมาส 1",ทั่วประเทศ,ในเขตเทศบาล,"มัธยมศึกษาตอนปลาย สายอาชีวศึกษา",68.11,ร้อยละ,สำนักงานสถิติแห่งชาติ
2564,"ไตรมาส 1",ทั่วประเทศ,ในเขตเทศบาล,"มัธยมศึกษาตอนปลาย สายวิชาการ",40.22,ร้อยละ,สำนักงานสถิติแห่งชาติ
2564,"ไตรมาส 1",ทั่วประเทศ,ในเขตเทศบาล,"อุดมศึกษา สายวิชาการ",81.12,ร้อยละ,สำนักงานสถิติแห่งชาติ
2564,"ไตรมาส 1",ทั่วประเทศ,ในเขตเทศบาล,"อุดมศึกษา สายวิชาชีพ",80.92,ร้อยละ,สำนักงานสถิติแห่งชาติ
2564,"ไตรมาส 1",ทั่วประเทศ,ในเขตเทศบาล,"อุดมศึกษา สายวิชาการศึกษา",61.74,ร้อยละ,สำนักงานสถิติแห่งชาติ
2564,"ไตรมาส 1",ทั่วประเทศ,ในเขตเทศบาล,การศึกษาอื่นๆ,95.20,ร้อยละ,สำนักงานสถิติแห่งชาติ
2564,"ไตรมาส 1",ทั่วประเทศ,ในเขตเทศบาล,ไม่ทราบ,75.82,ร้อยละ,สำนักงานสถิติแห่งชาติ
2564,"ไตรมาส 1",ทั่วประเทศ,นอกเขตเทศบาล,รวม,65.24,ร้อยละ,สำนักงานสถิติแห่งชาติ
2564,"ไตรมาส 1",ทั่วประเทศ,นอกเขตเทศบาล,ไม่มีการศึกษา,47.34,ร้อยละ,สำนักงานสถิติแห่งชาติ
2564,"ไตรมาส 1",ทั่วประเทศ,นอกเขตเทศบาล,ต่ำกว่าประถมศึกษา,50.32,ร้อยละ,สำนักงานสถิติแห่งชาติ
2564,"ไตรมาส 1",ทั่วประเทศ,นอกเขตเทศบาล,ประถมศึกษา,74.58,ร้อยละ,สำนักงานสถิติแห่งชาติ
2564,"ไตรมาส 1",ทั่วประเทศ,นอกเขตเทศบาล,มัธยมศึกษาตอนต้น,60.20,ร้อยละ,สำนักงานสถิติแห่งชาติ
2564,"ไตรมาส 1",ทั่วประเทศ,นอกเขตเทศบาล,"มัธยมศึกษาตอนปลาย สายสามัญ",72.25,ร้อยละ,สำนักงานสถิติแห่งชาติ
2564,"ไตรมาส 1",ทั่วประเทศ,นอกเขตเทศบาล,"มัธยมศึกษาตอนปลาย สายอาชีวศึกษา",70.26,ร้อยละ,สำนักงานสถิติแห่งชาติ
2564,"ไตรมาส 1",ทั่วประเทศ,นอกเขตเทศบาล,"มัธยมศึกษาตอนปลาย สายวิชาการ",78.99,ร้อยละ,สำนักงานสถิติแห่งชาติ
2564,"ไตรมาส 1",ทั่วประเทศ,นอกเขตเทศบาล,"อุดมศึกษา สายวิชาการ",83.76,ร้อยละ,สำนักงานสถิติแห่งชาติ
2564,"ไตรมาส 1",ทั่วประเทศ,นอกเขตเทศบาล,"อุดมศึกษา สายวิชาชีพ",85.22,ร้อยละ,สำนักงานสถิติแห่งชาติ
2564,"ไตรมาส 1",ทั่วประเทศ,นอกเขตเทศบาล,"อุดมศึกษา สายวิชาการศึกษา",72.95,ร้อยละ,สำนักงานสถิติแห่งชาติ
2564,"ไตรมาส 1",ทั่วประเทศ,นอกเขตเทศบาล,การศึกษาอื่นๆ,94.33,ร้อยละ,สำนักงานสถิติแห่งชาติ
2564,"ไตรมาส 1",ทั่วประเทศ,นอกเขตเทศบาล,ไม่ทราบ,80.38,ร้อยละ,สำนักงานสถิติแห่งชาติ
2564,"ไตรมาส 1",กรุงเทพมหานคร,ในเขตเทศบาล,รวม,71.11,ร้อยละ,สำนักงานสถิติแห่งชาติ
2564,"ไตรมาส 1",กรุงเทพมหานคร,ในเขตเทศบาล,ไม่มีการศึกษา,58.75,ร้อยละ,สำนักงานสถิติแห่งชาติ
2564,"ไตรมาส 1",กรุงเทพมหานคร,ในเขตเทศบาล,ต่ำกว่าประถมศึกษา,50.54,ร้อยละ,สำนักงานสถิติแห่งชาติ
2564,"ไตรมาส 1",กรุงเทพมหานคร,ในเขตเทศบาล,ประถมศึกษา,77.62,ร้อยละ,สำนักงานสถิติแห่งชาติ
2564,"ไตรมาส 1",กรุงเทพมหานคร,ในเขตเทศบาล,มัธยมศึกษาตอนต้น,68.01,ร้อยละ,สำนักงานสถิติแห่งชาติ
2564,"ไตรมาส 1",กรุงเทพมหานคร,ในเขตเทศบาล,"มัธยมศึกษาตอนปลาย สายสามัญ",65.31,ร้อยละ,สำนักงานสถิติแห่งชาติ
2564,"ไตรมาส 1",กรุงเทพมหานคร,ในเขตเทศบาล,"มัธยมศึกษาตอนปลาย สายอาชีวศึกษา",70.23,ร้อยละ,สำนักงานสถิติแห่งชาติ
2564,"ไตรมาส 1",กรุงเทพมหานคร,ในเขตเทศบาล,"มัธยมศึกษาตอนปลาย สายวิชาการ",.00,ร้อยละ,สำนักงานสถิติแห่งชาติ
2564,"ไตรมาส 1",กรุงเทพมหานคร,ในเขตเทศบาล,"อุดมศึกษา สายวิชาการ",79.70,ร้อยละ,สำนักงานสถิติแห่งชาติ
2564,"ไตรมาส 1",กรุงเทพมหานคร,ในเขตเทศบาล,"อุดมศึกษา สายวิชาชีพ",77.50,ร้อยละ,สำนักงานสถิติแห่งชาติ
2564,"ไตรมาส 1",กรุงเทพมหานคร,ในเขตเทศบาล,"อุดมศึกษา สายวิชาการศึกษา",59.67,ร้อยละ,สำนักงานสถิติแห่งชาติ
2564,"ไตรมาส 1",กรุงเทพมหานคร,ในเขตเทศบาล,การศึกษาอื่นๆ,89.06,ร้อยละ,สำนักงานสถิติแห่งชาติ
2564,"ไตรมาส 1",กรุงเทพมหานคร,ในเขตเทศบาล,ไม่ทราบ,71.76,ร้อยละ,สำนักงานสถิติแห่งชาติ
2564,"ไตรมาส 1",ภาคกลาง,รวม,รวม,69.27,ร้อยละ,สำนักงานสถิติแห่งชาติ
2564,"ไตรมาส 1",ภาคกลาง,รวม,ไม่มีการศึกษา,59.19,ร้อยละ,สำนักงานสถิติแห่งชาติ
2564,"ไตรมาส 1",ภาคกลาง,รวม,ต่ำกว่าประถมศึกษา,48.58,ร้อยละ,สำนักงานสถิติแห่งชาติ
2564,"ไตรมาส 1",ภาคกลาง,รวม,ประถมศึกษา,74.05,ร้อยละ,สำนักงานสถิติแห่งชาติ
2564,"ไตรมาส 1",ภาคกลาง,รวม,มัธยมศึกษาตอนต้น,66.52,ร้อยละ,สำนักงานสถิติแห่งชาติ
2564,"ไตรมาส 1",ภาคกลาง,รวม,"มัธยมศึกษาตอนปลาย สายสามัญ",71.86,ร้อยละ,สำนักงานสถิติแห่งชาติ
2564,"ไตรมาส 1",ภาคกลาง,รวม,"มัธยมศึกษาตอนปลาย สายอาชีวศึกษา",73.24,ร้อยละ,สำนักงานสถิติแห่งชาติ
2564,"ไตรมาส 1",ภาคกลาง,รวม,"มัธยมศึกษาตอนปลาย สายวิชาการ",38.32,ร้อยละ,สำนักงานสถิติแห่งชาติ
2564,"ไตรมาส 1",ภาคกลาง,รวม,"อุดมศึกษา สายวิชาการ",83.95,ร้อยละ,สำนักงานสถิติแห่งชาติ
2564,"ไตรมาส 1",ภาคกลาง,รวม,"อุดมศึกษา สายวิชาชีพ",85.27,ร้อยละ,สำนักงานสถิติแห่งชาติ
2564,"ไตรมาส 1",ภาคกลาง,รวม,"อุดมศึกษา สายวิชาการศึกษา",65.98,ร้อยละ,สำนักงานสถิติแห่งชาติ
2564,"ไตรมาส 1",ภาคกลาง,รวม,การศึกษาอื่นๆ,97.77,ร้อยละ,สำนักงานสถิติแห่งชาติ
2564,"ไตรมาส 1",ภาคกลาง,รวม,ไม่ทราบ,81.44,ร้อยละ,สำนักงานสถิติแห่งชาติ
2564,"ไตรมาส 1",ภาคกลาง,ในเขตเทศบาล,รวม,68.80,ร้อยละ,สำนักงานสถิติแห่งชาติ
2564,"ไตรมาส 1",ภาคกลาง,ในเขตเทศบาล,ไม่มีการศึกษา,57.07,ร้อยละ,สำนักงานสถิติแห่งชาติ
2564,"ไตรมาส 1",ภาคกลาง,ในเขตเทศบาล,ต่ำกว่าประถมศึกษา,45.70,ร้อยละ,สำนักงานสถิติแห่งชาติ
2564,"ไตรมาส 1",ภาคกลาง,ในเขตเทศบาล,ประถมศึกษา,71.49,ร้อยละ,สำนักงานสถิติแห่งชาติ
2564,"ไตรมาส 1",ภาคกลาง,ในเขตเทศบาล,มัธยมศึกษาตอนต้น,66.30,ร้อยละ,สำนักงานสถิติแห่งชาติ
2564,"ไตรมาส 1",ภาคกลาง,ในเขตเทศบาล,"มัธยมศึกษาตอนปลาย สายสามัญ",70.52,ร้อยละ,สำนักงานสถิติแห่งชาติ
2564,"ไตรมาส 1",ภาคกลาง,ในเขตเทศบาล,"มัธยมศึกษาตอนปลาย สายอาชีวศึกษา",71.97,ร้อยละ,สำนักงานสถิติแห่งชาติ
2564,"ไตรมาส 1",ภาคกลาง,ในเขตเทศบาล,"มัธยมศึกษาตอนปลาย สายวิชาการ",35.00,ร้อยละ,สำนักงานสถิติแห่งชาติ
2564,"ไตรมาส 1",ภาคกลาง,ในเขตเทศบาล,"อุดมศึกษา สายวิชาการ",82.59,ร้อยละ,สำนักงานสถิติแห่งชาติ
2564,"ไตรมาส 1",ภาคกลาง,ในเขตเทศบาล,"อุดมศึกษา สายวิชาชีพ",83.72,ร้อยละ,สำนักงานสถิติแห่งชาติ
2564,"ไตรมาส 1",ภาคกลาง,ในเขตเทศบาล,"อุดมศึกษา สายวิชาการศึกษา",64.75,ร้อยละ,สำนักงานสถิติแห่งชาติ
2564,"ไตรมาส 1",ภาคกลาง,ในเขตเทศบาล,การศึกษาอื่นๆ,97.16,ร้อยละ,สำนักงานสถิติแห่งชาติ
2564,"ไตรมาส 1",ภาคกลาง,ในเขตเทศบาล,ไม่ทราบ,80.76,ร้อยละ,สำนักงานสถิติแห่งชาติ
2564,"ไตรมาส 1",ภาคกลาง,นอกเขตเทศบาล,รวม,69.66,ร้อยละ,สำนักงานสถิติแห่งชาติ
2564,"ไตรมาส 1",ภาคกลาง,นอกเขตเทศบาล,ไม่มีการศึกษา,60.41,ร้อยละ,สำนักงานสถิติแห่งชาติ
2564,"ไตรมาส 1",ภาคกลาง,นอกเขตเทศบาล,ต่ำกว่าประถมศึกษา,50.46,ร้อยละ,สำนักงานสถิติแห่งชาติ
2564,"ไตรมาส 1",ภาคกลาง,นอกเขตเทศบาล,ประถมศึกษา,75.86,ร้อยละ,สำนักงานสถิติแห่งชาติ
2564,"ไตรมาส 1",ภาคกลาง,นอกเขตเทศบาล,มัธยมศึกษาตอนต้น,66.71,ร้อยละ,สำนักงานสถิติแห่งชาติ
2564,"ไตรมาส 1",ภาคกลาง,นอกเขตเทศบาล,"มัธยมศึกษาตอนปลาย สายสามัญ",73.25,ร้อยละ,สำนักงานสถิติแห่งชาติ
2564,"ไตรมาส 1",ภาคกลาง,นอกเขตเทศบาล,"มัธยมศึกษาตอนปลาย สายอาชีวศึกษา",74.46,ร้อยละ,สำนักงานสถิติแห่งชาติ
2564,"ไตรมาส 1",ภาคกลาง,นอกเขตเทศบาล,"มัธยมศึกษาตอนปลาย สายวิชาการ",44.41,ร้อยละ,สำนักงานสถิติแห่งชาติ
2564,"ไตรมาส 1",ภาคกลาง,นอกเขตเทศบาล,"อุดมศึกษา สายวิชาการ",85.72,ร้อยละ,สำนักงานสถิติแห่งชาติ
2564,"ไตรมาส 1",ภาคกลาง,นอกเขตเทศบาล,"อุดมศึกษา สายวิชาชีพ",86.76,ร้อยละ,สำนักงานสถิติแห่งชาติ
2564,"ไตรมาส 1",ภาคกลาง,นอกเขตเทศบาล,"อุดมศึกษา สายวิชาการศึกษา",67.18,ร้อยละ,สำนักงานสถิติแห่งชาติ
2564,"ไตรมาส 1",ภาคกลาง,นอกเขตเทศบาล,การศึกษาอื่นๆ,98.36,ร้อยละ,สำนักงานสถิติแห่งชาติ
2564,"ไตรมาส 1",ภาคกลาง,นอกเขตเทศบาล,ไม่ทราบ,83.24,ร้อยละ,สำนักงานสถิติแห่งชาติ
2564,"ไตรมาส 1",ภาคเหนือ,รวม,รวม,64.32,ร้อยละ,สำนักงานสถิติแห่งชาติ
2564,"ไตรมาส 1",ภาคเหนือ,รวม,ไม่มีการศึกษา,49.58,ร้อยละ,สำนักงานสถิติแห่งชาติ
2564,"ไตรมาส 1",ภาคเหนือ,รวม,ต่ำกว่าประถมศึกษา,53.91,ร้อยละ,สำนักงานสถิติแห่งชาติ
2564,"ไตรมาส 1",ภาคเหนือ,รวม,ประถมศึกษา,74.40,ร้อยละ,สำนักงานสถิติแห่งชาติ
2564,"ไตรมาส 1",ภาคเหนือ,รวม,มัธยมศึกษาตอนต้น,59.95,ร้อยละ,สำนักงานสถิติแห่งชาติ
2564,"ไตรมาส 1",ภาคเหนือ,รวม,"มัธยมศึกษาตอนปลาย สายสามัญ",67.63,ร้อยละ,สำนักงานสถิติแห่งชาติ
2564,"ไตรมาส 1",ภาคเหนือ,รวม,"มัธยมศึกษาตอนปลาย สายอาชีวศึกษา",66.17,ร้อยละ,สำนักงานสถิติแห่งชาติ
2564,"ไตรมาส 1",ภาคเหนือ,รวม,"มัธยมศึกษาตอนปลาย สายวิชาการ",76.69,ร้อยละ,สำนักงานสถิติแห่งชาติ
2564,"ไตรมาส 1",ภาคเหนือ,รวม,"อุดมศึกษา สายวิชาการ",81.54,ร้อยละ,สำนักงานสถิติแห่งชาติ
2564,"ไตรมาส 1",ภาคเหนือ,รวม,"อุดมศึกษา สายวิชาชีพ",84.00,ร้อยละ,สำนักงานสถิติแห่งชาติ
2564,"ไตรมาส 1",ภาคเหนือ,รวม,"อุดมศึกษา สายวิชาการศึกษา",67.19,ร้อยละ,สำนักงานสถิติแห่งชาติ
2564,"ไตรมาส 1",ภาคเหนือ,รวม,การศึกษาอื่นๆ,70.98,ร้อยละ,สำนักงานสถิติแห่งชาติ
2564,"ไตรมาส 1",ภาคเหนือ,รวม,ไม่ทราบ,31.57,ร้อยละ,สำนักงานสถิติแห่งชาติ
2564,"ไตรมาส 1",ภาคเหนือ,ในเขตเทศบาล,รวม,64.16,ร้อยละ,สำนักงานสถิติแห่งชาติ
2564,"ไตรมาส 1",ภาคเหนือ,ในเขตเทศบาล,ไม่มีการศึกษา,53.01,ร้อยละ,สำนักงานสถิติแห่งชาติ
2564,"ไตรมาส 1",ภาคเหนือ,ในเขตเทศบาล,ต่ำกว่าประถมศึกษา,51.93,ร้อยละ,สำนักงานสถิติแห่งชาติ
2564,"ไตรมาส 1",ภาคเหนือ,ในเขตเทศบาล,ประถมศึกษา,74.91,ร้อยละ,สำนักงานสถิติแห่งชาติ
2564,"ไตรมาส 1",ภาคเหนือ,ในเขตเทศบาล,มัธยมศึกษาตอนต้น,56.63,ร้อยละ,สำนักงานสถิติแห่งชาติ
2564,"ไตรมาส 1",ภาคเหนือ,ในเขตเทศบาล,"มัธยมศึกษาตอนปลาย สายสามัญ",63.89,ร้อยละ,สำนักงานสถิติแห่งชาติ
2564,"ไตรมาส 1",ภาคเหนือ,ในเขตเทศบาล,"มัธยมศึกษาตอนปลาย สายอาชีวศึกษา",66.74,ร้อยละ,สำนักงานสถิติแห่งชาติ
2564,"ไตรมาส 1",ภาคเหนือ,ในเขตเทศบาล,"มัธยมศึกษาตอนปลาย สายวิชาการ",53.52,ร้อยละ,สำนักงานสถิติแห่งชาติ
2564,"ไตรมาส 1",ภาคเหนือ,ในเขตเทศบาล,"อุดมศึกษา สายวิชาการ",81.36,ร้อยละ,สำนักงานสถิติแห่งชาติ
2564,"ไตรมาส 1",ภาคเหนือ,ในเขตเทศบาล,"อุดมศึกษา สายวิชาชีพ",80.25,ร้อยละ,สำนักงานสถิติแห่งชาติ
2564,"ไตรมาส 1",ภาคเหนือ,ในเขตเทศบาล,"อุดมศึกษา สายวิชาการศึกษา",59.30,ร้อยละ,สำนักงานสถิติแห่งชาติ
2564,"ไตรมาส 1",ภาคเหนือ,ในเขตเทศบาล,การศึกษาอื่นๆ,80.90,ร้อยละ,สำนักงานสถิติแห่งชาติ
2564,"ไตรมาส 1",ภาคเหนือ,ในเขตเทศบาล,ไม่ทราบ,30.25,ร้อยละ,สำนักงานสถิติแห่งชาติ
2564,"ไตรมาส 1",ภาคเหนือ,นอกเขตเทศบาล,รวม,64.40,ร้อยละ,สำนักงานสถิติแห่งชาติ
2564,"ไตรมาส 1",ภาคเหนือ,นอกเขตเทศบาล,ไม่มีการศึกษา,48.19,ร้อยละ,สำนักงานสถิติแห่งชาติ
2564,"ไตรมาส 1",ภาคเหนือ,นอกเขตเทศบาล,ต่ำกว่าประถมศึกษา,54.78,ร้อยละ,สำนักงานสถิติแห่งชาติ
2564,"ไตรมาส 1",ภาคเหนือ,นอกเขตเทศบาล,ประถมศึกษา,74.19,ร้อยละ,สำนักงานสถิติแห่งชาติ
2564,"ไตรมาส 1",ภาคเหนือ,นอกเขตเทศบาล,มัธยมศึกษาตอนต้น,61.53,ร้อยละ,สำนักงานสถิติแห่งชาติ
2564,"ไตรมาส 1",ภาคเหนือ,นอกเขตเทศบาล,"มัธยมศึกษาตอนปลาย สายสามัญ",70.09,ร้อยละ,สำนักงานสถิติแห่งชาติ
2564,"ไตรมาส 1",ภาคเหนือ,นอกเขตเทศบาล,"มัธยมศึกษาตอนปลาย สายอาชีวศึกษา",65.74,ร้อยละ,สำนักงานสถิติแห่งชาติ
2564,"ไตรมาส 1",ภาคเหนือ,นอกเขตเทศบาล,"มัธยมศึกษาตอนปลาย สายวิชาการ",100.00,ร้อยละ,สำนักงานสถิติแห่งชาติ
2564,"ไตรมาส 1",ภาคเหนือ,นอกเขตเทศบาล,"อุดมศึกษา สายวิชาการ",81.73,ร้อยละ,สำนักงานสถิติแห่งชาติ
2564,"ไตรมาส 1",ภาคเหนือ,นอกเขตเทศบาล,"อุดมศึกษา สายวิชาชีพ",87.21,ร้อยละ,สำนักงานสถิติแห่งชาติ
2564,"ไตรมาส 1",ภาคเหนือ,นอกเขตเทศบาล,"อุดมศึกษา สายวิชาการศึกษา",75.11,ร้อยละ,สำนักงานสถิติแห่งชาติ
2564,"ไตรมาส 1",ภาคเหนือ,นอกเขตเทศบาล,การศึกษาอื่นๆ,50.21,ร้อยละ,สำนักงานสถิติแห่งชาติ
2564,"ไตรมาส 1",ภาคเหนือ,นอกเขตเทศบาล,ไม่ทราบ,33.51,ร้อยละ,สำนักงานสถิติแห่งชาติ
2564,"ไตรมาส 1",ภาคตะวันออกเฉียงเหนือ,รวม,รวม,59.37,ร้อยละ,สำนักงานสถิติแห่งชาติ
2564,"ไตรมาส 1",ภาคตะวันออกเฉียงเหนือ,รวม,ไม่มีการศึกษา,20.83,ร้อยละ,สำนักงานสถิติแห่งชาติ
2564,"ไตรมาส 1",ภาคตะวันออกเฉียงเหนือ,รวม,ต่ำกว่าประถมศึกษา,44.87,ร้อยละ,สำนักงานสถิติแห่งชาติ
2564,"ไตรมาส 1",ภาคตะวันออกเฉียงเหนือ,รวม,ประถมศึกษา,71.97,ร้อยละ,สำนักงานสถิติแห่งชาติ
2564,"ไตรมาส 1",ภาคตะวันออกเฉียงเหนือ,รวม,มัธยมศึกษาตอนต้น,52.34,ร้อยละ,สำนักงานสถิติแห่งชาติ
2564,"ไตรมาส 1",ภาคตะวันออกเฉียงเหนือ,รวม,"มัธยมศึกษาตอนปลาย สายสามัญ",66.43,ร้อยละ,สำนักงานสถิติแห่งชาติ
2564,"ไตรมาส 1",ภาคตะวันออกเฉียงเหนือ,รวม,"มัธยมศึกษาตอนปลาย สายอาชีวศึกษา",59.86,ร้อยละ,สำนักงานสถิติแห่งชาติ
2564,"ไตรมาส 1",ภาคตะวันออกเฉียงเหนือ,รวม,"มัธยมศึกษาตอนปลาย สายวิชาการ",58.11,ร้อยละ,สำนักงานสถิติแห่งชาติ
2564,"ไตรมาส 1",ภาคตะวันออกเฉียงเหนือ,รวม,"อุดมศึกษา สายวิชาการ",82.78,ร้อยละ,สำนักงานสถิติแห่งชาติ
2564,"ไตรมาส 1",ภาคตะวันออกเฉียงเหนือ,รวม,"อุดมศึกษา สายวิชาชีพ",80.78,ร้อยละ,สำนักงานสถิติแห่งชาติ
2564,"ไตรมาส 1",ภาคตะวันออกเฉียงเหนือ,รวม,"อุดมศึกษา สายวิชาการศึกษา",68.59,ร้อยละ,สำนักงานสถิติแห่งชาติ
2564,"ไตรมาส 1",ภาคตะวันออกเฉียงเหนือ,รวม,การศึกษาอื่นๆ,100.00,ร้อยละ,สำนักงานสถิติแห่งชาติ
2564,"ไตรมาส 1",ภาคตะวันออกเฉียงเหนือ,รวม,ไม่ทราบ,66.57,ร้อยละ,สำนักงานสถิติแห่งชาติ
2564,"ไตรมาส 1",ภาคตะวันออกเฉียงเหนือ,ในเขตเทศบาล,รวม,58.30,ร้อยละ,สำนักงานสถิติแห่งชาติ
2564,"ไตรมาส 1",ภาคตะวันออกเฉียงเหนือ,ในเขตเทศบาล,ไม่มีการศึกษา,26.00,ร้อยละ,สำนักงานสถิติแห่งชาติ
2564,"ไตรมาส 1",ภาคตะวันออกเฉียงเหนือ,ในเขตเทศบาล,ต่ำกว่าประถมศึกษา,42.16,ร้อยละ,สำนักงานสถิติแห่งชาติ
2564,"ไตรมาส 1",ภาคตะวันออกเฉียงเหนือ,ในเขตเทศบาล,ประถมศึกษา,69.84,ร้อยละ,สำนักงานสถิติแห่งชาติ
2564,"ไตรมาส 1",ภาคตะวันออกเฉียงเหนือ,ในเขตเทศบาล,มัธยมศึกษาตอนต้น,52.22,ร้อยละ,สำนักงานสถิติแห่งชาติ
2564,"ไตรมาส 1",ภาคตะวันออกเฉียงเหนือ,ในเขตเทศบาล,"มัธยมศึกษาตอนปลาย สายสามัญ",57.68,ร้อยละ,สำนักงานสถิติแห่งชาติ
2564,"ไตรมาส 1",ภาคตะวันออกเฉียงเหนือ,ในเขตเทศบาล,"มัธยมศึกษาตอนปลาย สายอาชีวศึกษา",55.81,ร้อยละ,สำนักงานสถิติแห่งชาติ
2564,"ไตรมาส 1",ภาคตะวันออกเฉียงเหนือ,ในเขตเทศบาล,"มัธยมศึกษาตอนปลาย สายวิชาการ",27.66,ร้อยละ,สำนักงานสถิติแห่งชาติ
2564,"ไตรมาส 1",ภาคตะวันออกเฉียงเหนือ,ในเขตเทศบาล,"อุดมศึกษา สายวิชาการ",82.98,ร้อยละ,สำนักงานสถิติแห่งชาติ
2564,"ไตรมาส 1",ภาคตะวันออกเฉียงเหนือ,ในเขตเทศบาล,"อุดมศึกษา สายวิชาชีพ",81.09,ร้อยละ,สำนักงานสถิติแห่งชาติ
2564,"ไตรมาส 1",ภาคตะวันออกเฉียงเหนือ,ในเขตเทศบาล,"อุดมศึกษา สายวิชาการศึกษา",59.53,ร้อยละ,สำนักงานสถิติแห่งชาติ
2564,"ไตรมาส 1",ภาคตะวันออกเฉียงเหนือ,ในเขตเทศบาล,การศึกษาอื่นๆ,100.00,ร้อยละ,สำนักงานสถิติแห่งชาติ
2564,"ไตรมาส 1",ภาคตะวันออกเฉียงเหนือ,ในเขตเทศบาล,ไม่ทราบ,58.72,ร้อยละ,สำนักงานสถิติแห่งชาติ
2564,"ไตรมาส 1",ภาคตะวันออกเฉียงเหนือ,นอกเขตเทศบาล,รวม,59.82,ร้อยละ,สำนักงานสถิติแห่งชาติ
2564,"ไตรมาส 1",ภาคตะวันออกเฉียงเหนือ,นอกเขตเทศบาล,ไม่มีการศึกษา,19.11,ร้อยละ,สำนักงานสถิติแห่งชาติ
2564,"ไตรมาส 1",ภาคตะวันออกเฉียงเหนือ,นอกเขตเทศบาล,ต่ำกว่าประถมศึกษา,45.80,ร้อยละ,สำนักงานสถิติแห่งชาติ
2564,"ไตรมาส 1",ภาคตะวันออกเฉียงเหนือ,นอกเขตเทศบาล,ประถมศึกษา,72.66,ร้อยละ,สำนักงานสถิติแห่งชาติ
2564,"ไตรมาส 1",ภาคตะวันออกเฉียงเหนือ,นอกเขตเทศบาล,มัธยมศึกษาตอนต้น,52.39,ร้อยละ,สำนักงานสถิติแห่งชาติ
2564,"ไตรมาส 1",ภาคตะวันออกเฉียงเหนือ,นอกเขตเทศบาล,"มัธยมศึกษาตอนปลาย สายสามัญ",70.92,ร้อยละ,สำนักงานสถิติแห่งชาติ
2564,"ไตรมาส 1",ภาคตะวันออกเฉียงเหนือ,นอกเขตเทศบาล,"มัธยมศึกษาตอนปลาย สายอาชีวศึกษา",62.22,ร้อยละ,สำนักงานสถิติแห่งชาติ
2564,"ไตรมาส 1",ภาคตะวันออกเฉียงเหนือ,นอกเขตเทศบาล,"มัธยมศึกษาตอนปลาย สายวิชาการ",100.00,ร้อยละ,สำนักงานสถิติแห่งชาติ
2564,"ไตรมาส 1",ภาคตะวันออกเฉียงเหนือ,นอกเขตเทศบาล,"อุดมศึกษา สายวิชาการ",82.57,ร้อยละ,สำนักงานสถิติแห่งชาติ
2564,"ไตรมาส 1",ภาคตะวันออกเฉียงเหนือ,นอกเขตเทศบาล,"อุดมศึกษา สายวิชาชีพ",80.63,ร้อยละ,สำนักงานสถิติแห่งชาติ
2564,"ไตรมาส 1",ภาคตะวันออกเฉียงเหนือ,นอกเขตเทศบาล,"อุดมศึกษา สายวิชาการศึกษา",75.82,ร้อยละ,สำนักงานสถิติแห่งชาติ
2564,"ไตรมาส 1",ภาคตะวันออกเฉียงเหนือ,นอกเขตเทศบาล,การศึกษาอื่นๆ,.00,ร้อยละ,สำนักงานสถิติแห่งชาติ
2564,"ไตรมาส 1",ภาคตะวันออกเฉียงเหนือ,นอกเขตเทศบาล,ไม่ทราบ,67.93,ร้อยละ,สำนักงานสถิติแห่งชาติ
2564,"ไตรมาส 1",ภาคใต้,รวม,รวม,68.05,ร้อยละ,สำนักงานสถิติแห่งชาติ
2564,"ไตรมาส 1",ภาคใต้,รวม,ไม่มีการศึกษา,43.92,ร้อยละ,สำนักงานสถิติแห่งชาติ
2564,"ไตรมาส 1",ภาคใต้,รวม,ต่ำกว่าประถมศึกษา,56.36,ร้อยละ,สำนักงานสถิติแห่งชาติ
2564,"ไตรมาส 1",ภาคใต้,รวม,ประถมศึกษา,75.95,ร้อยละ,สำนักงานสถิติแห่งชาติ
2564,"ไตรมาส 1",ภาคใต้,รวม,มัธยมศึกษาตอนต้น,59.86,ร้อยละ,สำนักงานสถิติแห่งชาติ
2564,"ไตรมาส 1",ภาคใต้,รวม,"มัธยมศึกษาตอนปลาย สายสามัญ",70.04,ร้อยละ,สำนักงานสถิติแห่งชาติ
2564,"ไตรมาส 1",ภาคใต้,รวม,"มัธยมศึกษาตอนปลาย สายอาชีวศึกษา",70.97,ร้อยละ,สำนักงานสถิติแห่งชาติ
2564,"ไตรมาส 1",ภาคใต้,รวม,"มัธยมศึกษาตอนปลาย สายวิชาการ",61.80,ร้อยละ,สำนักงานสถิติแห่งชาติ
2564,"ไตรมาส 1",ภาคใต้,รวม,"อุดมศึกษา สายวิชาการ",82.05,ร้อยละ,สำนักงานสถิติแห่งชาติ
2564,"ไตรมาส 1",ภาคใต้,รวม,"อุดมศึกษา สายวิชาชีพ",84.20,ร้อยละ,สำนักงานสถิติแห่งชาติ
2564,"ไตรมาส 1",ภาคใต้,รวม,"อุดมศึกษา สายวิชาการศึกษา",71.29,ร้อยละ,สำนักงานสถิติแห่งชาติ
2564,"ไตรมาส 1",ภาคใต้,รวม,การศึกษาอื่นๆ,76.75,ร้อยละ,สำนักงานสถิติแห่งชาติ
2564,"ไตรมาส 1",ภาคใต้,รวม,ไม่ทราบ,81.96,ร้อยละ,สำนักงานสถิติแห่งชาติ
2564,"ไตรมาส 1",ภาคใต้,ในเขตเทศบาล,รวม,65.15,ร้อยละ,สำนักงานสถิติแห่งชาติ
2564,"ไตรมาส 1",ภาคใต้,ในเขตเทศบาล,ไม่มีการศึกษา,42.76,ร้อยละ,สำนักงานสถิติแห่งชาติ
2564,"ไตรมาส 1",ภาคใต้,ในเขตเทศบาล,ต่ำกว่าประถมศึกษา,54.46,ร้อยละ,สำนักงานสถิติแห่งชาติ
2564,"ไตรมาส 1",ภาคใต้,ในเขตเทศบาล,ประถมศึกษา,72.21,ร้อยละ,สำนักงานสถิติแห่งชาติ
2564,"ไตรมาส 1",ภาคใต้,ในเขตเทศบาล,มัธยมศึกษาตอนต้น,53.26,ร้อยละ,สำนักงานสถิติแห่งชาติ
2564,"ไตรมาส 1",ภาคใต้,ในเขตเทศบาล,"มัธยมศึกษาตอนปลาย สายสามัญ",61.59,ร้อยละ,สำนักงานสถิติแห่งชาติ
2564,"ไตรมาส 1",ภาคใต้,ในเขตเทศบาล,"มัธยมศึกษาตอนปลาย สายอาชีวศึกษา",64.59,ร้อยละ,สำนักงานสถิติแห่งชาติ
2564,"ไตรมาส 1",ภาคใต้,ในเขตเทศบาล,"มัธยมศึกษาตอนปลาย สายวิชาการ",76.01,ร้อยละ,สำนักงานสถิติแห่งชาติ
2564,"ไตรมาส 1",ภาคใต้,ในเขตเทศบาล,"อุดมศึกษา สายวิชาการ",81.29,ร้อยละ,สำนักงานสถิติแห่งชาติ
2564,"ไตรมาส 1",ภาคใต้,ในเขตเทศบาล,"อุดมศึกษา สายวิชาชีพ",81.14,ร้อยละ,สำนักงานสถิติแห่งชาติ
2564,"ไตรมาส 1",ภาคใต้,ในเขตเทศบาล,"อุดมศึกษา สายวิชาการศึกษา",66.30,ร้อยละ,สำนักงานสถิติแห่งชาติ
2564,"ไตรมาส 1",ภาคใต้,ในเขตเทศบาล,การศึกษาอื่นๆ,48.09,ร้อยละ,สำนักงานสถิติแห่งชาติ
2564,"ไตรมาส 1",ภาคใต้,ในเขตเทศบาล,ไม่ทราบ,78.43,ร้อยละ,สำนักงานสถิติแห่งชาติ
2564,"ไตรมาส 1",ภาคใต้,นอกเขตเทศบาล,รวม,69.53,ร้อยละ,สำนักงานสถิติแห่งชาติ
2564,"ไตรมาส 1",ภาคใต้,นอกเขตเทศบาล,ไม่มีการศึกษา,44.32,ร้อยละ,สำนักงานสถิติแห่งชาติ
2564,"ไตรมาส 1",ภาคใต้,นอกเขตเทศบาล,ต่ำกว่าประถมศึกษา,57.13,ร้อยละ,สำนักงานสถิติแห่งชาติ
2564,"ไตรมาส 1",ภาคใต้,นอกเขตเทศบาล,ประถมศึกษา,77.23,ร้อยละ,สำนักงานสถิติแห่งชาติ
2564,"ไตรมาส 1",ภาคใต้,นอกเขตเทศบาล,มัธยมศึกษาตอนต้น,62.99,ร้อยละ,สำนักงานสถิติแห่งชาติ
2564,"ไตรมาส 1",ภาคใต้,นอกเขตเทศบาล,"มัธยมศึกษาตอนปลาย สายสามัญ",75.13,ร้อยละ,สำนักงานสถิติแห่งชาติ
2564,"ไตรมาส 1",ภาคใต้,นอกเขตเทศบาล,"มัธยมศึกษาตอนปลาย สายอาชีวศึกษา",75.36,ร้อยละ,สำนักงานสถิติแห่งชาติ
2564,"ไตรมาส 1",ภาคใต้,นอกเขตเทศบาล,"มัธยมศึกษาตอนปลาย สายวิชาการ",.00,ร้อยละ,สำนักงานสถิติแห่งชาติ
2564,"ไตรมาส 1",ภาคใต้,นอกเขตเทศบาล,"อุดมศึกษา สายวิชาการ",82.74,ร้อยละ,สำนักงานสถิติแห่งชาติ
2564,"ไตรมาส 1",ภาคใต้,นอกเขตเทศบาล,"อุดมศึกษา สายวิชาชีพ",87.03,ร้อยละ,สำนักงานสถิติแห่งชาติ
2564,"ไตรมาส 1",ภาคใต้,นอกเขตเทศบาล,"อุดมศึกษา สายวิชาการศึกษา",75.30,ร้อยละ,สำนักงานสถิติแห่งชาติ
2564,"ไตรมาส 1",ภาคใต้,นอกเขตเทศบาล,การศึกษาอื่นๆ,77.98,ร้อยละ,สำนักงานสถิติแห่งชาติ
2564,"ไตรมาส 1",ภาคใต้,นอกเขตเทศบาล,ไม่ทราบ,85.67,ร้อยละ,สำนักงานสถิติแห่งชาติ
2564,"ไตรมาส 2",ทั่วประเทศ,รวม,รวม,66.28,ร้อยละ,สำนักงานสถิติแห่งชาติ
2564,"ไตรมาส 2",ทั่วประเทศ,รวม,ไม่มีการศึกษา,49.67,ร้อยละ,สำนักงานสถิติแห่งชาติ
2564,"ไตรมาส 2",ทั่วประเทศ,รวม,ต่ำกว่าประถมศึกษา,49.90,ร้อยละ,สำนักงานสถิติแห่งชาติ
2564,"ไตรมาส 2",ทั่วประเทศ,รวม,ประถมศึกษา,75.76,ร้อยละ,สำนักงานสถิติแห่งชาติ
2564,"ไตรมาส 2",ทั่วประเทศ,รวม,มัธยมศึกษาตอนต้น,62.45,ร้อยละ,สำนักงานสถิติแห่งชาติ
2564,"ไตรมาส 2",ทั่วประเทศ,รวม,"มัธยมศึกษาตอนปลาย สายสามัญ",66.95,ร้อยละ,สำนักงานสถิติแห่งชาติ
2564,"ไตรมาส 2",ทั่วประเทศ,รวม,"มัธยมศึกษาตอนปลาย สายอาชีวศึกษา",70.00,ร้อยละ,สำนักงานสถิติแห่งชาติ
2564,"ไตรมาส 2",ทั่วประเทศ,รวม,"มัธยมศึกษาตอนปลาย สายวิชาการ",63.71,ร้อยละ,สำนักงานสถิติแห่งชาติ
2564,"ไตรมาส 2",ทั่วประเทศ,รวม,"อุดมศึกษา สายวิชาการ",81.28,ร้อยละ,สำนักงานสถิติแห่งชาติ
2564,"ไตรมาส 2",ทั่วประเทศ,รวม,"อุดมศึกษา สายวิชาชีพ",81.40,ร้อยละ,สำนักงานสถิติแห่งชาติ
2564,"ไตรมาส 2",ทั่วประเทศ,รวม,"อุดมศึกษา สายวิชาการศึกษา",65.47,ร้อยละ,สำนักงานสถิติแห่งชาติ
2564,"ไตรมาส 2",ทั่วประเทศ,รวม,การศึกษาอื่นๆ,94.28,ร้อยละ,สำนักงานสถิติแห่งชาติ
2564,"ไตรมาส 2",ทั่วประเทศ,รวม,ไม่ทราบ,72.41,ร้อยละ,สำนักงานสถิติแห่งชาติ
2564,"ไตรมาส 2",ทั่วประเทศ,ในเขตเทศบาล,รวม,66.43,ร้อยละ,สำนักงานสถิติแห่งชาติ
2564,"ไตรมาส 2",ทั่วประเทศ,ในเขตเทศบาล,ไม่มีการศึกษา,51.80,ร้อยละ,สำนักงานสถิติแห่งชาติ
2564,"ไตรมาส 2",ทั่วประเทศ,ในเขตเทศบาล,ต่ำกว่าประถมศึกษา,47.15,ร้อยละ,สำนักงานสถิติแห่งชาติ
2564,"ไตรมาส 2",ทั่วประเทศ,ในเขตเทศบาล,ประถมศึกษา,74.50,ร้อยละ,สำนักงานสถิติแห่งชาติ
2564,"ไตรมาส 2",ทั่วประเทศ,ในเขตเทศบาล,มัธยมศึกษาตอนต้น,62.43,ร้อยละ,สำนักงานสถิติแห่งชาติ
2564,"ไตรมาส 2",ทั่วประเทศ,ในเขตเทศบาล,"มัธยมศึกษาตอนปลาย สายสามัญ",62.41,ร้อยละ,สำนักงานสถิติแห่งชาติ
2564,"ไตรมาส 2",ทั่วประเทศ,ในเขตเทศบาล,"มัธยมศึกษาตอนปลาย สายอาชีวศึกษา",68.71,ร้อยละ,สำนักงานสถิติแห่งชาติ
2564,"ไตรมาส 2",ทั่วประเทศ,ในเขตเทศบาล,"มัธยมศึกษาตอนปลาย สายวิชาการ",60.33,ร้อยละ,สำนักงานสถิติแห่งชาติ
2564,"ไตรมาส 2",ทั่วประเทศ,ในเขตเทศบาล,"อุดมศึกษา สายวิชาการ",80.85,ร้อยละ,สำนักงานสถิติแห่งชาติ
2564,"ไตรมาส 2",ทั่วประเทศ,ในเขตเทศบาล,"อุดมศึกษา สายวิชาชีพ",79.74,ร้อยละ,สำนักงานสถิติแห่งชาติ
2564,"ไตรมาส 2",ทั่วประเทศ,ในเขตเทศบาล,"อุดมศึกษา สายวิชาการศึกษา",60.70,ร้อยละ,สำนักงานสถิติแห่งชาติ
2564,"ไตรมาส 2",ทั่วประเทศ,ในเขตเทศบาล,การศึกษาอื่นๆ,94.56,ร้อยละ,สำนักงานสถิติแห่งชาติ
2564,"ไตรมาส 2",ทั่วประเทศ,ในเขตเทศบาล,ไม่ทราบ,71.85,ร้อยละ,สำนักงานสถิติแห่งชาติ
2564,"ไตรมาส 2",ทั่วประเทศ,นอกเขตเทศบาล,รวม,66.15,ร้อยละ,สำนักงานสถิติแห่งชาติ
2564,"ไตรมาส 2",ทั่วประเทศ,นอกเขตเทศบาล,ไม่มีการศึกษา,48.36,ร้อยละ,สำนักงานสถิติแห่งชาติ
2564,"ไตรมาส 2",ทั่วประเทศ,นอกเขตเทศบาล,ต่ำกว่าประถมศึกษา,51.36,ร้อยละ,สำนักงานสถิติแห่งชาติ
2564,"ไตรมาส 2",ทั่วประเทศ,นอกเขตเทศบาล,ประถมศึกษา,76.57,ร้อยละ,สำนักงานสถิติแห่งชาติ
2564,"ไตรมาส 2",ทั่วประเทศ,นอกเขตเทศบาล,มัธยมศึกษาตอนต้น,62.46,ร้อยละ,สำนักงานสถิติแห่งชาติ
2564,"ไตรมาส 2",ทั่วประเทศ,นอกเขตเทศบาล,"มัธยมศึกษาตอนปลาย สายสามัญ",71.32,ร้อยละ,สำนักงานสถิติแห่งชาติ
2564,"ไตรมาส 2",ทั่วประเทศ,นอกเขตเทศบาล,"มัธยมศึกษาตอนปลาย สายอาชีวศึกษา",71.57,ร้อยละ,สำนักงานสถิติแห่งชาติ
2564,"ไตรมาส 2",ทั่วประเทศ,นอกเขตเทศบาล,"มัธยมศึกษาตอนปลาย สายวิชาการ",67.30,ร้อยละ,สำนักงานสถิติแห่งชาติ
2564,"ไตรมาส 2",ทั่วประเทศ,นอกเขตเทศบาล,"อุดมศึกษา สายวิชาการ",82.15,ร้อยละ,สำนักงานสถิติแห่งชาติ
2564,"ไตรมาส 2",ทั่วประเทศ,นอกเขตเทศบาล,"อุดมศึกษา สายวิชาชีพ",83.16,ร้อยละ,สำนักงานสถิติแห่งชาติ
2564,"ไตรมาส 2",ทั่วประเทศ,นอกเขตเทศบาล,"อุดมศึกษา สายวิชาการศึกษา",70.89,ร้อยละ,สำนักงานสถิติแห่งชาติ
2564,"ไตรมาส 2",ทั่วประเทศ,นอกเขตเทศบาล,การศึกษาอื่นๆ,94.00,ร้อยละ,สำนักงานสถิติแห่งชาติ
2564,"ไตรมาส 2",ทั่วประเทศ,นอกเขตเทศบาล,ไม่ทราบ,73.81,ร้อยละ,สำนักงานสถิติแห่งชาติ
2564,"ไตรมาส 2",กรุงเทพมหานคร,ในเขตเทศบาล,รวม,70.14,ร้อยละ,สำนักงานสถิติแห่งชาติ
2564,"ไตรมาส 2",กรุงเทพมหานคร,ในเขตเทศบาล,ไม่มีการศึกษา,60.12,ร้อยละ,สำนักงานสถิติแห่งชาติ
2564,"ไตรมาส 2",กรุงเทพมหานคร,ในเขตเทศบาล,ต่ำกว่าประถมศึกษา,45.59,ร้อยละ,สำนักงานสถิติแห่งชาติ
2564,"ไตรมาส 2",กรุงเทพมหานคร,ในเขตเทศบาล,ประถมศึกษา,77.80,ร้อยละ,สำนักงานสถิติแห่งชาติ
2564,"ไตรมาส 2",กรุงเทพมหานคร,ในเขตเทศบาล,มัธยมศึกษาตอนต้น,67.05,ร้อยละ,สำนักงานสถิติแห่งชาติ
2564,"ไตรมาส 2",กรุงเทพมหานคร,ในเขตเทศบาล,"มัธยมศึกษาตอนปลาย สายสามัญ",61.69,ร้อยละ,สำนักงานสถิติแห่งชาติ
2564,"ไตรมาส 2",กรุงเทพมหานคร,ในเขตเทศบาล,"มัธยมศึกษาตอนปลาย สายอาชีวศึกษา",70.94,ร้อยละ,สำนักงานสถิติแห่งชาติ
2564,"ไตรมาส 2",กรุงเทพมหานคร,ในเขตเทศบาล,"มัธยมศึกษาตอนปลาย สายวิชาการ",100.00,ร้อยละ,สำนักงานสถิติแห่งชาติ
2564,"ไตรมาส 2",กรุงเทพมหานคร,ในเขตเทศบาล,"อุดมศึกษา สายวิชาการ",80.34,ร้อยละ,สำนักงานสถิติแห่งชาติ
2564,"ไตรมาส 2",กรุงเทพมหานคร,ในเขตเทศบาล,"อุดมศึกษา สายวิชาชีพ",75.23,ร้อยละ,สำนักงานสถิติแห่งชาติ
2564,"ไตรมาส 2",กรุงเทพมหานคร,ในเขตเทศบาล,"อุดมศึกษา สายวิชาการศึกษา",54.83,ร้อยละ,สำนักงานสถิติแห่งชาติ
2564,"ไตรมาส 2",กรุงเทพมหานคร,ในเขตเทศบาล,การศึกษาอื่นๆ,100.00,ร้อยละ,สำนักงานสถิติแห่งชาติ
2564,"ไตรมาส 2",กรุงเทพมหานคร,ในเขตเทศบาล,ไม่ทราบ,78.00,ร้อยละ,สำนักงานสถิติแห่งชาติ
2564,"ไตรมาส 2",ภาคกลาง,รวม,รวม,69.12,ร้อยละ,สำนักงานสถิติแห่งชาติ
2564,"ไตรมาส 2",ภาคกลาง,รวม,ไม่มีการศึกษา,56.56,ร้อยละ,สำนักงานสถิติแห่งชาติ
2564,"ไตรมาส 2",ภาคกลาง,รวม,ต่ำกว่าประถมศึกษา,48.43,ร้อยละ,สำนักงานสถิติแห่งชาติ
2564,"ไตรมาส 2",ภาคกลาง,รวม,ประถมศึกษา,74.92,ร้อยละ,สำนักงานสถิติแห่งชาติ
2564,"ไตรมาส 2",ภาคกลาง,รวม,มัธยมศึกษาตอนต้น,68.02,ร้อยละ,สำนักงานสถิติแห่งชาติ
2564,"ไตรมาส 2",ภาคกลาง,รวม,"มัธยมศึกษาตอนปลาย สายสามัญ",70.26,ร้อยละ,สำนักงานสถิติแห่งชาติ
2564,"ไตรมาส 2",ภาคกลาง,รวม,"มัธยมศึกษาตอนปลาย สายอาชีวศึกษา",72.67,ร้อยละ,สำนักงานสถิติแห่งชาติ
2564,"ไตรมาส 2",ภาคกลาง,รวม,"มัธยมศึกษาตอนปลาย สายวิชาการ",27.90,ร้อยละ,สำนักงานสถิติแห่งชาติ
2564,"ไตรมาส 2",ภาคกลาง,รวม,"อุดมศึกษา สายวิชาการ",82.43,ร้อยละ,สำนักงานสถิติแห่งชาติ
2564,"ไตรมาส 2",ภาคกลาง,รวม,"อุดมศึกษา สายวิชาชีพ",83.68,ร้อยละ,สำนักงานสถิติแห่งชาติ
2564,"ไตรมาส 2",ภาคกลาง,รวม,"อุดมศึกษา สายวิชาการศึกษา",65.46,ร้อยละ,สำนักงานสถิติแห่งชาติ
2564,"ไตรมาส 2",ภาคกลาง,รวม,การศึกษาอื่นๆ,97.14,ร้อยละ,สำนักงานสถิติแห่งชาติ
2564,"ไตรมาส 2",ภาคกลาง,รวม,ไม่ทราบ,70.32,ร้อยละ,สำนักงานสถิติแห่งชาติ
2564,"ไตรมาส 2",ภาคกลาง,ในเขตเทศบาล,รวม,68.25,ร้อยละ,สำนักงานสถิติแห่งชาติ
2564,"ไตรมาส 2",ภาคกลาง,ในเขตเทศบาล,ไม่มีการศึกษา,53.46,ร้อยละ,สำนักงานสถิติแห่งชาติ
2564,"ไตรมาส 2",ภาคกลาง,ในเขตเทศบาล,ต่ำกว่าประถมศึกษา,45.90,ร้อยละ,สำนักงานสถิติแห่งชาติ
2564,"ไตรมาส 2",ภาคกลาง,ในเขตเทศบาล,ประถมศึกษา,72.59,ร้อยละ,สำนักงานสถิติแห่งชาติ
2564,"ไตรมาส 2",ภาคกลาง,ในเขตเทศบาล,มัธยมศึกษาตอนต้น,66.84,ร้อยละ,สำนักงานสถิติแห่งชาติ
2564,"ไตรมาส 2",ภาคกลาง,ในเขตเทศบาล,"มัธยมศึกษาตอนปลาย สายสามัญ",66.43,ร้อยละ,สำนักงานสถิติแห่งชาติ
2564,"ไตรมาส 2",ภาคกลาง,ในเขตเทศบาล,"มัธยมศึกษาตอนปลาย สายอาชีวศึกษา",70.54,ร้อยละ,สำนักงานสถิติแห่งชาติ
2564,"ไตรมาส 2",ภาคกลาง,ในเขตเทศบาล,"มัธยมศึกษาตอนปลาย สายวิชาการ",32.37,ร้อยละ,สำนักงานสถิติแห่งชาติ
2564,"ไตรมาส 2",ภาคกลาง,ในเขตเทศบาล,"อุดมศึกษา สายวิชาการ",81.89,ร้อยละ,สำนักงานสถิติแห่งชาติ
2564,"ไตรมาส 2",ภาคกลาง,ในเขตเทศบาล,"อุดมศึกษา สายวิชาชีพ",82.65,ร้อยละ,สำนักงานสถิติแห่งชาติ
2564,"ไตรมาส 2",ภาคกลาง,ในเขตเทศบาล,"อุดมศึกษา สายวิชาการศึกษา",64.01,ร้อยละ,สำนักงานสถิติแห่งชาติ
2564,"ไตรมาส 2",ภาคกลาง,ในเขตเทศบาล,การศึกษาอื่นๆ,96.50,ร้อยละ,สำนักงานสถิติแห่งชาติ
2564,"ไตรมาส 2",ภาคกลาง,ในเขตเทศบาล,ไม่ทราบ,70.31,ร้อยละ,สำนักงานสถิติแห่งชาติ
2564,"ไตรมาส 2",ภาคกลาง,นอกเขตเทศบาล,รวม,69.87,ร้อยละ,สำนักงานสถิติแห่งชาติ
2564,"ไตรมาส 2",ภาคกลาง,นอกเขตเทศบาล,ไม่มีการศึกษา,58.45,ร้อยละ,สำนักงานสถิติแห่งชาติ
2564,"ไตรมาส 2",ภาคกลาง,นอกเขตเทศบาล,ต่ำกว่าประถมศึกษา,50.03,ร้อยละ,สำนักงานสถิติแห่งชาติ
2564,"ไตรมาส 2",ภาคกลาง,นอกเขตเทศบาล,ประถมศึกษา,76.59,ร้อยละ,สำนักงานสถิติแห่งชาติ
2564,"ไตรมาส 2",ภาคกลาง,นอกเขตเทศบาล,มัธยมศึกษาตอนต้น,69.05,ร้อยละ,สำนักงานสถิติแห่งชาติ
2564,"ไตรมาส 2",ภาคกลาง,นอกเขตเทศบาล,"มัธยมศึกษาตอนปลาย สายสามัญ",73.94,ร้อยละ,สำนักงานสถิติแห่งชาติ
2564,"ไตรมาส 2",ภาคกลาง,นอกเขตเทศบาล,"มัธยมศึกษาตอนปลาย สายอาชีวศึกษา",74.91,ร้อยละ,สำนักงานสถิติแห่งชาติ
2564,"ไตรมาส 2",ภาคกลาง,นอกเขตเทศบาล,"มัธยมศึกษาตอนปลาย สายวิชาการ",.00,ร้อยละ,สำนักงานสถิติแห่งชาติ
2564,"ไตรมาส 2",ภาคกลาง,นอกเขตเทศบาล,"อุดมศึกษา สายวิชาการ",83.15,ร้อยละ,สำนักงานสถิติแห่งชาติ
2564,"ไตรมาส 2",ภาคกลาง,นอกเขตเทศบาล,"อุดมศึกษา สายวิชาชีพ",84.62,ร้อยละ,สำนักงานสถิติแห่งชาติ
2564,"ไตรมาส 2",ภาคกลาง,นอกเขตเทศบาล,"อุดมศึกษา สายวิชาการศึกษา",67.11,ร้อยละ,สำนักงานสถิติแห่งชาติ
2564,"ไตรมาส 2",ภาคกลาง,นอกเขตเทศบาล,การศึกษาอื่นๆ,97.73,ร้อยละ,สำนักงานสถิติแห่งชาติ
2564,"ไตรมาส 2",ภาคกลาง,นอกเขตเทศบาล,ไม่ทราบ,70.33,ร้อยละ,สำนักงานสถิติแห่งชาติ
2564,"ไตรมาส 2",ภาคเหนือ,รวม,รวม,63.76,ร้อยละ,สำนักงานสถิติแห่งชาติ
2564,"ไตรมาส 2",ภาคเหนือ,รวม,ไม่มีการศึกษา,49.02,ร้อยละ,สำนักงานสถิติแห่งชาติ
2564,"ไตรมาส 2",ภาคเหนือ,รวม,ต่ำกว่าประถมศึกษา,52.18,ร้อยละ,สำนักงานสถิติแห่งชาติ
2564,"ไตรมาส 2",ภาคเหนือ,รวม,ประถมศึกษา,76.26,ร้อยละ,สำนักงานสถิติแห่งชาติ
2564,"ไตรมาส 2",ภาคเหนือ,รวม,มัธยมศึกษาตอนต้น,59.44,ร้อยละ,สำนักงานสถิติแห่งชาติ
2564,"ไตรมาส 2",ภาคเหนือ,รวม,"มัธยมศึกษาตอนปลาย สายสามัญ",66.27,ร้อยละ,สำนักงานสถิติแห่งชาติ
2564,"ไตรมาส 2",ภาคเหนือ,รวม,"มัธยมศึกษาตอนปลาย สายอาชีวศึกษา",69.79,ร้อยละ,สำนักงานสถิติแห่งชาติ
2564,"ไตรมาส 2",ภาคเหนือ,รวม,"มัธยมศึกษาตอนปลาย สายวิชาการ",68.50,ร้อยละ,สำนักงานสถิติแห่งชาติ
2564,"ไตรมาส 2",ภาคเหนือ,รวม,"อุดมศึกษา สายวิชาการ",80.56,ร้อยละ,สำนักงานสถิติแห่งชาติ
2564,"ไตรมาส 2",ภาคเหนือ,รวม,"อุดมศึกษา สายวิชาชีพ",82.52,ร้อยละ,สำนักงานสถิติแห่งชาติ
2564,"ไตรมาส 2",ภาคเหนือ,รวม,"อุดมศึกษา สายวิชาการศึกษา",65.17,ร้อยละ,สำนักงานสถิติแห่งชาติ
2564,"ไตรมาส 2",ภาคเหนือ,รวม,การศึกษาอื่นๆ,79.66,ร้อยละ,สำนักงานสถิติแห่งชาติ
2564,"ไตรมาส 2",ภาคเหนือ,รวม,ไม่ทราบ,54.76,ร้อยละ,สำนักงานสถิติแห่งชาติ
2564,"ไตรมาส 2",ภาคเหนือ,ในเขตเทศบาล,รวม,62.46,ร้อยละ,สำนักงานสถิติแห่งชาติ
2564,"ไตรมาส 2",ภาคเหนือ,ในเขตเทศบาล,ไม่มีการศึกษา,49.07,ร้อยละ,สำนักงานสถิติแห่งชาติ
2564,"ไตรมาส 2",ภาคเหนือ,ในเขตเทศบาล,ต่ำกว่าประถมศึกษา,49.10,ร้อยละ,สำนักงานสถิติแห่งชาติ
2564,"ไตรมาส 2",ภาคเหนือ,ในเขตเทศบาล,ประถมศึกษา,75.81,ร้อยละ,สำนักงานสถิติแห่งชาติ
2564,"ไตรมาส 2",ภาคเหนือ,ในเขตเทศบาล,มัธยมศึกษาตอนต้น,55.25,ร้อยละ,สำนักงานสถิติแห่งชาติ
2564,"ไตรมาส 2",ภาคเหนือ,ในเขตเทศบาล,"มัธยมศึกษาตอนปลาย สายสามัญ",61.15,ร้อยละ,สำนักงานสถิติแห่งชาติ
2564,"ไตรมาส 2",ภาคเหนือ,ในเขตเทศบาล,"มัธยมศึกษาตอนปลาย สายอาชีวศึกษา",65.53,ร้อยละ,สำนักงานสถิติแห่งชาติ
2564,"ไตรมาส 2",ภาคเหนือ,ในเขตเทศบาล,"มัธยมศึกษาตอนปลาย สายวิชาการ",37.57,ร้อยละ,สำนักงานสถิติแห่งชาติ
2564,"ไตรมาส 2",ภาคเหนือ,ในเขตเทศบาล,"อุดมศึกษา สายวิชาการ",80.44,ร้อยละ,สำนักงานสถิติแห่งชาติ
2564,"ไตรมาส 2",ภาคเหนือ,ในเขตเทศบาล,"อุดมศึกษา สายวิชาชีพ",79.51,ร้อยละ,สำนักงานสถิติแห่งชาติ
2564,"ไตรมาส 2",ภาคเหนือ,ในเขตเทศบาล,"อุดมศึกษา สายวิชาการศึกษา",59.87,ร้อยละ,สำนักงานสถิติแห่งชาติ
2564,"ไตรมาส 2",ภาคเหนือ,ในเขตเทศบาล,การศึกษาอื่นๆ,82.50,ร้อยละ,สำนักงานสถิติแห่งชาติ
2564,"ไตรมาส 2",ภาคเหนือ,ในเขตเทศบาล,ไม่ทราบ,62.46,ร้อยละ,สำนักงานสถิติแห่งชาติ
2564,"ไตรมาส 2",ภาคเหนือ,นอกเขตเทศบาล,รวม,64.46,ร้อยละ,สำนักงานสถิติแห่งชาติ
2564,"ไตรมาส 2",ภาคเหนือ,นอกเขตเทศบาล,ไม่มีการศึกษา,48.99,ร้อยละ,สำนักงานสถิติแห่งชาติ
2564,"ไตรมาส 2",ภาคเหนือ,นอกเขตเทศบาล,ต่ำกว่าประถมศึกษา,53.56,ร้อยละ,สำนักงานสถิติแห่งชาติ
2564,"ไตรมาส 2",ภาคเหนือ,นอกเขตเทศบาล,ประถมศึกษา,76.44,ร้อยละ,สำนักงานสถิติแห่งชาติ
2564,"ไตรมาส 2",ภาคเหนือ,นอกเขตเทศบาล,มัธยมศึกษาตอนต้น,61.48,ร้อยละ,สำนักงานสถิติแห่งชาติ
2564,"ไตรมาส 2",ภาคเหนือ,นอกเขตเทศบาล,"มัธยมศึกษาตอนปลาย สายสามัญ",69.60,ร้อยละ,สำนักงานสถิติแห่งชาติ
2564,"ไตรมาส 2",ภาคเหนือ,นอกเขตเทศบาล,"มัธยมศึกษาตอนปลาย สายอาชีวศึกษา",73.29,ร้อยละ,สำนักงานสถิติแห่งชาติ
2564,"ไตรมาส 2",ภาคเหนือ,นอกเขตเทศบาล,"มัธยมศึกษาตอนปลาย สายวิชาการ",100.00,ร้อยละ,สำนักงานสถิติแห่งชาติ
2564,"ไตรมาส 2",ภาคเหนือ,นอกเขตเทศบาล,"อุดมศึกษา สายวิชาการ",80.69,ร้อยละ,สำนักงานสถิติแห่งชาติ
2564,"ไตรมาส 2",ภาคเหนือ,นอกเขตเทศบาล,"อุดมศึกษา สายวิชาชีพ",84.66,ร้อยละ,สำนักงานสถิติแห่งชาติ
2564,"ไตรมาส 2",ภาคเหนือ,นอกเขตเทศบาล,"อุดมศึกษา สายวิชาการศึกษา",69.91,ร้อยละ,สำนักงานสถิติแห่งชาติ
2564,"ไตรมาส 2",ภาคเหนือ,นอกเขตเทศบาล,การศึกษาอื่นๆ,73.38,ร้อยละ,สำนักงานสถิติแห่งชาติ
2564,"ไตรมาส 2",ภาคเหนือ,นอกเขตเทศบาล,ไม่ทราบ,30.33,ร้อยละ,สำนักงานสถิติแห่งชาติ
2564,"ไตรมาส 2",ภาคตะวันออกเฉียงเหนือ,รวม,รวม,61.66,ร้อยละ,สำนักงานสถิติแห่งชาติ
2564,"ไตรมาส 2",ภาคตะวันออกเฉียงเหนือ,รวม,ไม่มีการศึกษา,25.13,ร้อยละ,สำนักงานสถิติแห่งชาติ
2564,"ไตรมาส 2",ภาคตะวันออกเฉียงเหนือ,รวม,ต่ำกว่าประถมศึกษา,48.27,ร้อยละ,สำนักงานสถิติแห่งชาติ
2564,"ไตรมาส 2",ภาคตะวันออกเฉียงเหนือ,รวม,ประถมศึกษา,75.69,ร้อยละ,สำนักงานสถิติแห่งชาติ
2564,"ไตรมาส 2",ภาคตะวันออกเฉียงเหนือ,รวม,มัธยมศึกษาตอนต้น,55.59,ร้อยละ,สำนักงานสถิติแห่งชาติ
2564,"ไตรมาส 2",ภาคตะวันออกเฉียงเหนือ,รวม,"มัธยมศึกษาตอนปลาย สายสามัญ",65.31,ร้อยละ,สำนักงานสถิติแห่งชาติ
2564,"ไตรมาส 2",ภาคตะวันออกเฉียงเหนือ,รวม,"มัธยมศึกษาตอนปลาย สายอาชีวศึกษา",61.78,ร้อยละ,สำนักงานสถิติแห่งชาติ
2564,"ไตรมาส 2",ภาคตะวันออกเฉียงเหนือ,รวม,"มัธยมศึกษาตอนปลาย สายวิชาการ",62.94,ร้อยละ,สำนักงานสถิติแห่งชาติ
2564,"ไตรมาส 2",ภาคตะวันออกเฉียงเหนือ,รวม,"อุดมศึกษา สายวิชาการ",80.60,ร้อยละ,สำนักงานสถิติแห่งชาติ
2564,"ไตรมาส 2",ภาคตะวันออกเฉียงเหนือ,รวม,"อุดมศึกษา สายวิชาชีพ",79.62,ร้อยละ,สำนักงานสถิติแห่งชาติ
2564,"ไตรมาส 2",ภาคตะวันออกเฉียงเหนือ,รวม,"อุดมศึกษา สายวิชาการศึกษา",68.35,ร้อยละ,สำนักงานสถิติแห่งชาติ
2564,"ไตรมาส 2",ภาคตะวันออกเฉียงเหนือ,รวม,การศึกษาอื่นๆ,100.00,ร้อยละ,สำนักงานสถิติแห่งชาติ
2564,"ไตรมาส 2",ภาคตะวันออกเฉียงเหนือ,รวม,ไม่ทราบ,48.27,ร้อยละ,สำนักงานสถิติแห่งชาติ
2564,"ไตรมาส 2",ภาคตะวันออกเฉียงเหนือ,ในเขตเทศบาล,รวม,59.93,ร้อยละ,สำนักงานสถิติแห่งชาติ
2564,"ไตรมาส 2",ภาคตะวันออกเฉียงเหนือ,ในเขตเทศบาล,ไม่มีการศึกษา,24.50,ร้อยละ,สำนักงานสถิติแห่งชาติ
2564,"ไตรมาส 2",ภาคตะวันออกเฉียงเหนือ,ในเขตเทศบาล,ต่ำกว่าประถมศึกษา,44.54,ร้อยละ,สำนักงานสถิติแห่งชาติ
2564,"ไตรมาส 2",ภาคตะวันออกเฉียงเหนือ,ในเขตเทศบาล,ประถมศึกษา,72.48,ร้อยละ,สำนักงานสถิติแห่งชาติ
2564,"ไตรมาส 2",ภาคตะวันออกเฉียงเหนือ,ในเขตเทศบาล,มัธยมศึกษาตอนต้น,54.25,ร้อยละ,สำนักงานสถิติแห่งชาติ
2564,"ไตรมาส 2",ภาคตะวันออกเฉียงเหนือ,ในเขตเทศบาล,"มัธยมศึกษาตอนปลาย สายสามัญ",58.40,ร้อยละ,สำนักงานสถิติแห่งชาติ
2564,"ไตรมาส 2",ภาคตะวันออกเฉียงเหนือ,ในเขตเทศบาล,"มัธยมศึกษาตอนปลาย สายอาชีวศึกษา",63.55,ร้อยละ,สำนักงานสถิติแห่งชาติ
2564,"ไตรมาส 2",ภาคตะวันออกเฉียงเหนือ,ในเขตเทศบาล,"มัธยมศึกษาตอนปลาย สายวิชาการ",100.00,ร้อยละ,สำนักงานสถิติแห่งชาติ
2564,"ไตรมาส 2",ภาคตะวันออกเฉียงเหนือ,ในเขตเทศบาล,"อุดมศึกษา สายวิชาการ",81.26,ร้อยละ,สำนักงานสถิติแห่งชาติ
2564,"ไตรมาส 2",ภาคตะวันออกเฉียงเหนือ,ในเขตเทศบาล,"อุดมศึกษา สายวิชาชีพ",78.93,ร้อยละ,สำนักงานสถิติแห่งชาติ
2564,"ไตรมาส 2",ภาคตะวันออกเฉียงเหนือ,ในเขตเทศบาล,"อุดมศึกษา สายวิชาการศึกษา",63.95,ร้อยละ,สำนักงานสถิติแห่งชาติ
2564,"ไตรมาส 2",ภาคตะวันออกเฉียงเหนือ,ในเขตเทศบาล,การศึกษาอื่นๆ,100.00,ร้อยละ,สำนักงานสถิติแห่งชาติ
2564,"ไตรมาส 2",ภาคตะวันออกเฉียงเหนือ,ในเขตเทศบาล,ไม่ทราบ,35.26,ร้อยละ,สำนักงานสถิติแห่งชาติ
2564,"ไตรมาส 2",ภาคตะวันออกเฉียงเหนือ,นอกเขตเทศบาล,รวม,62.38,ร้อยละ,สำนักงานสถิติแห่งชาติ
2564,"ไตรมาส 2",ภาคตะวันออกเฉียงเหนือ,นอกเขตเทศบาล,ไม่มีการศึกษา,25.32,ร้อยละ,สำนักงานสถิติแห่งชาติ
2564,"ไตรมาส 2",ภาคตะวันออกเฉียงเหนือ,นอกเขตเทศบาล,ต่ำกว่าประถมศึกษา,49.58,ร้อยละ,สำนักงานสถิติแห่งชาติ
2564,"ไตรมาส 2",ภาคตะวันออกเฉียงเหนือ,นอกเขตเทศบาล,ประถมศึกษา,76.77,ร้อยละ,สำนักงานสถิติแห่งชาติ
2564,"ไตรมาส 2",ภาคตะวันออกเฉียงเหนือ,นอกเขตเทศบาล,มัธยมศึกษาตอนต้น,56.09,ร้อยละ,สำนักงานสถิติแห่งชาติ
2564,"ไตรมาส 2",ภาคตะวันออกเฉียงเหนือ,นอกเขตเทศบาล,"มัธยมศึกษาตอนปลาย สายสามัญ",68.67,ร้อยละ,สำนักงานสถิติแห่งชาติ
2564,"ไตรมาส 2",ภาคตะวันออกเฉียงเหนือ,นอกเขตเทศบาล,"มัธยมศึกษาตอนปลาย สายอาชีวศึกษา",60.74,ร้อยละ,สำนักงานสถิติแห่งชาติ
2564,"ไตรมาส 2",ภาคตะวันออกเฉียงเหนือ,นอกเขตเทศบาล,"มัธยมศึกษาตอนปลาย สายวิชาการ",60.35,ร้อยละ,สำนักงานสถิติแห่งชาติ
2564,"ไตรมาส 2",ภาคตะวันออกเฉียงเหนือ,นอกเขตเทศบาล,"อุดมศึกษา สายวิชาการ",79.95,ร้อยละ,สำนักงานสถิติแห่งชาติ
2564,"ไตรมาส 2",ภาคตะวันออกเฉียงเหนือ,นอกเขตเทศบาล,"อุดมศึกษา สายวิชาชีพ",79.96,ร้อยละ,สำนักงานสถิติแห่งชาติ
2564,"ไตรมาส 2",ภาคตะวันออกเฉียงเหนือ,นอกเขตเทศบาล,"อุดมศึกษา สายวิชาการศึกษา",71.77,ร้อยละ,สำนักงานสถิติแห่งชาติ
2564,"ไตรมาส 2",ภาคตะวันออกเฉียงเหนือ,นอกเขตเทศบาล,การศึกษาอื่นๆ,.00,ร้อยละ,สำนักงานสถิติแห่งชาติ
2564,"ไตรมาส 2",ภาคตะวันออกเฉียงเหนือ,นอกเขตเทศบาล,ไม่ทราบ,67.36,ร้อยละ,สำนักงานสถิติแห่งชาติ
2564,"ไตรมาส 2",ภาคใต้,รวม,รวม,68.15,ร้อยละ,สำนักงานสถิติแห่งชาติ
2564,"ไตรมาส 2",ภาคใต้,รวม,ไม่มีการศึกษา,46.66,ร้อยละ,สำนักงานสถิติแห่งชาติ
2564,"ไตรมาส 2",ภาคใต้,รวม,ต่ำกว่าประถมศึกษา,56.49,ร้อยละ,สำนักงานสถิติแห่งชาติ
2564,"ไตรมาส 2",ภาคใต้,รวม,ประถมศึกษา,75.34,ร้อยละ,สำนักงานสถิติแห่งชาติ
2564,"ไตรมาส 2",ภาคใต้,รวม,มัธยมศึกษาตอนต้น,61.61,ร้อยละ,สำนักงานสถิติแห่งชาติ
2564,"ไตรมาส 2",ภาคใต้,รวม,"มัธยมศึกษาตอนปลาย สายสามัญ",69.08,ร้อยละ,สำนักงานสถิติแห่งชาติ
2564,"ไตรมาส 2",ภาคใต้,รวม,"มัธยมศึกษาตอนปลาย สายอาชีวศึกษา",71.31,ร้อยละ,สำนักงานสถิติแห่งชาติ
2564,"ไตรมาส 2",ภาคใต้,รวม,"มัธยมศึกษาตอนปลาย สายวิชาการ",69.86,ร้อยละ,สำนักงานสถิติแห่งชาติ
2564,"ไตรมาส 2",ภาคใต้,รวม,"อุดมศึกษา สายวิชาการ",81.90,ร้อยละ,สำนักงานสถิติแห่งชาติ
2564,"ไตรมาส 2",ภาคใต้,รวม,"อุดมศึกษา สายวิชาชีพ",83.04,ร้อยละ,สำนักงานสถิติแห่งชาติ
2564,"ไตรมาส 2",ภาคใต้,รวม,"อุดมศึกษา สายวิชาการศึกษา",68.93,ร้อยละ,สำนักงานสถิติแห่งชาติ
2564,"ไตรมาส 2",ภาคใต้,รวม,การศึกษาอื่นๆ,43.56,ร้อยละ,สำนักงานสถิติแห่งชาติ
2564,"ไตรมาส 2",ภาคใต้,รวม,ไม่ทราบ,78.38,ร้อยละ,สำนักงานสถิติแห่งชาติ
2564,"ไตรมาส 2",ภาคใต้,ในเขตเทศบาล,รวม,65.96,ร้อยละ,สำนักงานสถิติแห่งชาติ
2564,"ไตรมาส 2",ภาคใต้,ในเขตเทศบาล,ไม่มีการศึกษา,47.20,ร้อยละ,สำนักงานสถิติแห่งชาติ
2564,"ไตรมาส 2",ภาคใต้,ในเขตเทศบาล,ต่ำกว่าประถมศึกษา,57.52,ร้อยละ,สำนักงานสถิติแห่งชาติ
2564,"ไตรมาส 2",ภาคใต้,ในเขตเทศบาล,ประถมศึกษา,72.94,ร้อยละ,สำนักงานสถิติแห่งชาติ
2564,"ไตรมาส 2",ภาคใต้,ในเขตเทศบาล,มัธยมศึกษาตอนต้น,55.80,ร้อยละ,สำนักงานสถิติแห่งชาติ
2564,"ไตรมาส 2",ภาคใต้,ในเขตเทศบาล,"มัธยมศึกษาตอนปลาย สายสามัญ",60.96,ร้อยละ,สำนักงานสถิติแห่งชาติ
2564,"ไตรมาส 2",ภาคใต้,ในเขตเทศบาล,"มัธยมศึกษาตอนปลาย สายอาชีวศึกษา",64.36,ร้อยละ,สำนักงานสถิติแห่งชาติ
2564,"ไตรมาส 2",ภาคใต้,ในเขตเทศบาล,"มัธยมศึกษาตอนปลาย สายวิชาการ",28.49,ร้อยละ,สำนักงานสถิติแห่งชาติ
2564,"ไตรมาส 2",ภาคใต้,ในเขตเทศบาล,"อุดมศึกษา สายวิชาการ",80.06,ร้อยละ,สำนักงานสถิติแห่งชาติ
2564,"ไตรมาส 2",ภาคใต้,ในเขตเทศบาล,"อุดมศึกษา สายวิชาชีพ",83.41,ร้อยละ,สำนักงานสถิติแห่งชาติ
2564,"ไตรมาส 2",ภาคใต้,ในเขตเทศบาล,"อุดมศึกษา สายวิชาการศึกษา",59.38,ร้อยละ,สำนักงานสถิติแห่งชาติ
2564,"ไตรมาส 2",ภาคใต้,ในเขตเทศบาล,การศึกษาอื่นๆ,42.47,ร้อยละ,สำนักงานสถิติแห่งชาติ
2564,"ไตรมาส 2",ภาคใต้,ในเขตเทศบาล,ไม่ทราบ,71.14,ร้อยละ,สำนักงานสถิติแห่งชาติ
2564,"ไตรมาส 2",ภาคใต้,นอกเขตเทศบาล,รวม,69.28,ร้อยละ,สำนักงานสถิติแห่งชาติ
2564,"ไตรมาส 2",ภาคใต้,นอกเขตเทศบาล,ไม่มีการศึกษา,46.49,ร้อยละ,สำนักงานสถิติแห่งชาติ
2564,"ไตรมาส 2",ภาคใต้,นอกเขตเทศบาล,ต่ำกว่าประถมศึกษา,56.06,ร้อยละ,สำนักงานสถิติแห่งชาติ
2564,"ไตรมาส 2",ภาคใต้,นอกเขตเทศบาล,ประถมศึกษา,76.21,ร้อยละ,สำนักงานสถิติแห่งชาติ
2564,"ไตรมาส 2",ภาคใต้,นอกเขตเทศบาล,มัธยมศึกษาตอนต้น,64.29,ร้อยละ,สำนักงานสถิติแห่งชาติ
2564,"ไตรมาส 2",ภาคใต้,นอกเขตเทศบาล,"มัธยมศึกษาตอนปลาย สายสามัญ",73.86,ร้อยละ,สำนักงานสถิติแห่งชาติ
2564,"ไตรมาส 2",ภาคใต้,นอกเขตเทศบาล,"มัธยมศึกษาตอนปลาย สายอาชีวศึกษา",76.51,ร้อยละ,สำนักงานสถิติแห่งชาติ
2564,"ไตรมาส 2",ภาคใต้,นอกเขตเทศบาล,"มัธยมศึกษาตอนปลาย สายวิชาการ",100.00,ร้อยละ,สำนักงานสถิติแห่งชาติ
2564,"ไตรมาส 2",ภาคใต้,นอกเขตเทศบาล,"อุดมศึกษา สายวิชาการ",83.67,ร้อยละ,สำนักงานสถิติแห่งชาติ
2564,"ไตรมาส 2",ภาคใต้,นอกเขตเทศบาล,"อุดมศึกษา สายวิชาชีพ",82.76,ร้อยละ,สำนักงานสถิติแห่งชาติ
2564,"ไตรมาส 2",ภาคใต้,นอกเขตเทศบาล,"อุดมศึกษา สายวิชาการศึกษา",75.47,ร้อยละ,สำนักงานสถิติแห่งชาติ
2564,"ไตรมาส 2",ภาคใต้,นอกเขตเทศบาล,การศึกษาอื่นๆ,43.75,ร้อยละ,สำนักงานสถิติแห่งชาติ
2564,"ไตรมาส 2",ภาคใต้,นอกเขตเทศบาล,ไม่ทราบ,83.24,ร้อยละ,สำนักงานสถิติแห่งชาติ
2564,"ไตรมาส 3",ทั่วประเทศ,รวม,รวม,66.01,ร้อยละ,สำนักงานสถิติแห่งชาติ
2564,"ไตรมาส 3",ทั่วประเทศ,รวม,ไม่มีการศึกษา,50.52,ร้อยละ,สำนักงานสถิติแห่งชาติ
2564,"ไตรมาส 3",ทั่วประเทศ,รวม,ต่ำกว่าประถมศึกษา,50.49,ร้อยละ,สำนักงานสถิติแห่งชาติ
2564,"ไตรมาส 3",ทั่วประเทศ,รวม,ประถมศึกษา,75.74,ร้อยละ,สำนักงานสถิติแห่งชาติ
2564,"ไตรมาส 3",ทั่วประเทศ,รวม,มัธยมศึกษาตอนต้น,62.07,ร้อยละ,สำนักงานสถิติแห่งชาติ
2564,"ไตรมาส 3",ทั่วประเทศ,รวม,"มัธยมศึกษาตอนปลาย สายสามัญ",67.08,ร้อยละ,สำนักงานสถิติแห่งชาติ
2564,"ไตรมาส 3",ทั่วประเทศ,รวม,"มัธยมศึกษาตอนปลาย สายอาชีวศึกษา",68.53,ร้อยละ,สำนักงานสถิติแห่งชาติ
2564,"ไตรมาส 3",ทั่วประเทศ,รวม,"มัธยมศึกษาตอนปลาย สายวิชาการ",63.62,ร้อยละ,สำนักงานสถิติแห่งชาติ
2564,"ไตรมาส 3",ทั่วประเทศ,รวม,"อุดมศึกษา สายวิชาการ",80.13,ร้อยละ,สำนักงานสถิติแห่งชาติ
2564,"ไตรมาส 3",ทั่วประเทศ,รวม,"อุดมศึกษา สายวิชาชีพ",81.41,ร้อยละ,สำนักงานสถิติแห่งชาติ
2564,"ไตรมาส 3",ทั่วประเทศ,รวม,"อุดมศึกษา สายวิชาการศึกษา",63.77,ร้อยละ,สำนักงานสถิติแห่งชาติ
2564,"ไตรมาส 3",ทั่วประเทศ,รวม,การศึกษาอื่นๆ,94.16,ร้อยละ,สำนักงานสถิติแห่งชาติ
2564,"ไตรมาส 3",ทั่วประเทศ,รวม,ไม่ทราบ,76.33,ร้อยละ,สำนักงานสถิติแห่งชาติ
2564,"ไตรมาส 3",ทั่วประเทศ,ในเขตเทศบาล,รวม,65.38,ร้อยละ,สำนักงานสถิติแห่งชาติ
2564,"ไตรมาส 3",ทั่วประเทศ,ในเขตเทศบาล,ไม่มีการศึกษา,54.20,ร้อยละ,สำนักงานสถิติแห่งชาติ
2564,"ไตรมาส 3",ทั่วประเทศ,ในเขตเทศบาล,ต่ำกว่าประถมศึกษา,46.23,ร้อยละ,สำนักงานสถิติแห่งชาติ
2564,"ไตรมาส 3",ทั่วประเทศ,ในเขตเทศบาล,ประถมศึกษา,73.17,ร้อยละ,สำนักงานสถิติแห่งชาติ
2564,"ไตรมาส 3",ทั่วประเทศ,ในเขตเทศบาล,มัธยมศึกษาตอนต้น,61.33,ร้อยละ,สำนักงานสถิติแห่งชาติ
2564,"ไตรมาส 3",ทั่วประเทศ,ในเขตเทศบาล,"มัธยมศึกษาตอนปลาย สายสามัญ",62.33,ร้อยละ,สำนักงานสถิติแห่งชาติ
2564,"ไตรมาส 3",ทั่วประเทศ,ในเขตเทศบาล,"มัธยมศึกษาตอนปลาย สายอาชีวศึกษา",68.59,ร้อยละ,สำนักงานสถิติแห่งชาติ
2564,"ไตรมาส 3",ทั่วประเทศ,ในเขตเทศบาล,"มัธยมศึกษาตอนปลาย สายวิชาการ",78.30,ร้อยละ,สำนักงานสถิติแห่งชาติ
2564,"ไตรมาส 3",ทั่วประเทศ,ในเขตเทศบาล,"อุดมศึกษา สายวิชาการ",79.50,ร้อยละ,สำนักงานสถิติแห่งชาติ
2564,"ไตรมาส 3",ทั่วประเทศ,ในเขตเทศบาล,"อุดมศึกษา สายวิชาชีพ",79.36,ร้อยละ,สำนักงานสถิติแห่งชาติ
2564,"ไตรมาส 3",ทั่วประเทศ,ในเขตเทศบาล,"อุดมศึกษา สายวิชาการศึกษา",56.66,ร้อยละ,สำนักงานสถิติแห่งชาติ
2564,"ไตรมาส 3",ทั่วประเทศ,ในเขตเทศบาล,การศึกษาอื่นๆ,94.42,ร้อยละ,สำนักงานสถิติแห่งชาติ
2564,"ไตรมาส 3",ทั่วประเทศ,ในเขตเทศบาล,ไม่ทราบ,72.36,ร้อยละ,สำนักงานสถิติแห่งชาติ
2564,"ไตรมาส 3",ทั่วประเทศ,นอกเขตเทศบาล,รวม,66.53,ร้อยละ,สำนักงานสถิติแห่งชาติ
2564,"ไตรมาส 3",ทั่วประเทศ,นอกเขตเทศบาล,ไม่มีการศึกษา,48.08,ร้อยละ,สำนักงานสถิติแห่งชาติ
2564,"ไตรมาส 3",ทั่วประเทศ,นอกเขตเทศบาล,ต่ำกว่าประถมศึกษา,52.79,ร้อยละ,สำนักงานสถิติแห่งชาติ
2564,"ไตรมาส 3",ทั่วประเทศ,นอกเขตเทศบาล,ประถมศึกษา,77.38,ร้อยละ,สำนักงานสถิติแห่งชาติ
2564,"ไตรมาส 3",ทั่วประเทศ,นอกเขตเทศบาล,มัธยมศึกษาตอนต้น,62.63,ร้อยละ,สำนักงานสถิติแห่งชาติ
2564,"ไตรมาส 3",ทั่วประเทศ,นอกเขตเทศบาล,"มัธยมศึกษาตอนปลาย สายสามัญ",71.61,ร้อยละ,สำนักงานสถิติแห่งชาติ
2564,"ไตรมาส 3",ทั่วประเทศ,นอกเขตเทศบาล,"มัธยมศึกษาตอนปลาย สายอาชีวศึกษา",68.46,ร้อยละ,สำนักงานสถิติแห่งชาติ
2564,"ไตรมาส 3",ทั่วประเทศ,นอกเขตเทศบาล,"มัธยมศึกษาตอนปลาย สายวิชาการ",47.50,ร้อยละ,สำนักงานสถิติแห่งชาติ
2564,"ไตรมาส 3",ทั่วประเทศ,นอกเขตเทศบาล,"อุดมศึกษา สายวิชาการ",81.45,ร้อยละ,สำนักงานสถิติแห่งชาติ
2564,"ไตรมาส 3",ทั่วประเทศ,นอกเขตเทศบาล,"อุดมศึกษา สายวิชาชีพ",83.73,ร้อยละ,สำนักงานสถิติแห่งชาติ
2564,"ไตรมาส 3",ทั่วประเทศ,นอกเขตเทศบาล,"อุดมศึกษา สายวิชาการศึกษา",72.07,ร้อยละ,สำนักงานสถิติแห่งชาติ
2564,"ไตรมาส 3",ทั่วประเทศ,นอกเขตเทศบาล,การศึกษาอื่นๆ,93.86,ร้อยละ,สำนักงานสถิติแห่งชาติ
2564,"ไตรมาส 3",ทั่วประเทศ,นอกเขตเทศบาล,ไม่ทราบ,83.27,ร้อยละ,สำนักงานสถิติแห่งชาติ
2564,"ไตรมาส 3",กรุงเทพมหานคร,ในเขตเทศบาล,รวม,67.58,ร้อยละ,สำนักงานสถิติแห่งชาติ
2564,"ไตรมาส 3",กรุงเทพมหานคร,ในเขตเทศบาล,ไม่มีการศึกษา,61.41,ร้อยละ,สำนักงานสถิติแห่งชาติ
2564,"ไตรมาส 3",กรุงเทพมหานคร,ในเขตเทศบาล,ต่ำกว่าประถมศึกษา,43.09,ร้อยละ,สำนักงานสถิติแห่งชาติ
2564,"ไตรมาส 3",กรุงเทพมหานคร,ในเขตเทศบาล,ประถมศึกษา,73.75,ร้อยละ,สำนักงานสถิติแห่งชาติ
2564,"ไตรมาส 3",กรุงเทพมหานคร,ในเขตเทศบาล,มัธยมศึกษาตอนต้น,63.13,ร้อยละ,สำนักงานสถิติแห่งชาติ
2564,"ไตรมาส 3",กรุงเทพมหานคร,ในเขตเทศบาล,"มัธยมศึกษาตอนปลาย สายสามัญ",59.03,ร้อยละ,สำนักงานสถิติแห่งชาติ
2564,"ไตรมาส 3",กรุงเทพมหานคร,ในเขตเทศบาล,"มัธยมศึกษาตอนปลาย สายอาชีวศึกษา",68.86,ร้อยละ,สำนักงานสถิติแห่งชาติ
2564,"ไตรมาส 3",กรุงเทพมหานคร,ในเขตเทศบาล,"มัธยมศึกษาตอนปลาย สายวิชาการ",100.00,ร้อยละ,สำนักงานสถิติแห่งชาติ
2564,"ไตรมาส 3",กรุงเทพมหานคร,ในเขตเทศบาล,"อุดมศึกษา สายวิชาการ",79.39,ร้อยละ,สำนักงานสถิติแห่งชาติ
2564,"ไตรมาส 3",กรุงเทพมหานคร,ในเขตเทศบาล,"อุดมศึกษา สายวิชาชีพ",74.77,ร้อยละ,สำนักงานสถิติแห่งชาติ
2564,"ไตรมาส 3",กรุงเทพมหานคร,ในเขตเทศบาล,"อุดมศึกษา สายวิชาการศึกษา",53.78,ร้อยละ,สำนักงานสถิติแห่งชาติ
2564,"ไตรมาส 3",กรุงเทพมหานคร,ในเขตเทศบาล,การศึกษาอื่นๆ,100.00,ร้อยละ,สำนักงานสถิติแห่งชาติ
2564,"ไตรมาส 3",กรุงเทพมหานคร,ในเขตเทศบาล,ไม่ทราบ,65.72,ร้อยละ,สำนักงานสถิติแห่งชาติ
2564,"ไตรมาส 3",ภาคกลาง,รวม,รวม,67.78,ร้อยละ,สำนักงานสถิติแห่งชาติ
2564,"ไตรมาส 3",ภาคกลาง,รวม,ไม่มีการศึกษา,57.80,ร้อยละ,สำนักงานสถิติแห่งชาติ
2564,"ไตรมาส 3",ภาคกลาง,รวม,ต่ำกว่าประถมศึกษา,46.13,ร้อยละ,สำนักงานสถิติแห่งชาติ
2564,"ไตรมาส 3",ภาคกลาง,รวม,ประถมศึกษา,73.22,ร้อยละ,สำนักงานสถิติแห่งชาติ
2564,"ไตรมาส 3",ภาคกลาง,รวม,มัธยมศึกษาตอนต้น,67.37,ร้อยละ,สำนักงานสถิติแห่งชาติ
2564,"ไตรมาส 3",ภาคกลาง,รวม,"มัธยมศึกษาตอนปลาย สายสามัญ",69.80,ร้อยละ,สำนักงานสถิติแห่งชาติ
2564,"ไตรมาส 3",ภาคกลาง,รวม,"มัธยมศึกษาตอนปลาย สายอาชีวศึกษา",71.78,ร้อยละ,สำนักงานสถิติแห่งชาติ
2564,"ไตรมาส 3",ภาคกลาง,รวม,"มัธยมศึกษาตอนปลาย สายวิชาการ",50.32,ร้อยละ,สำนักงานสถิติแห่งชาติ
2564,"ไตรมาส 3",ภาคกลาง,รวม,"อุดมศึกษา สายวิชาการ",80.46,ร้อยละ,สำนักงานสถิติแห่งชาติ
2564,"ไตรมาส 3",ภาคกลาง,รวม,"อุดมศึกษา สายวิชาชีพ",84.91,ร้อยละ,สำนักงานสถิติแห่งชาติ
2564,"ไตรมาส 3",ภาคกลาง,รวม,"อุดมศึกษา สายวิชาการศึกษา",60.62,ร้อยละ,สำนักงานสถิติแห่งชาติ
2564,"ไตรมาส 3",ภาคกลาง,รวม,การศึกษาอื่นๆ,97.03,ร้อยละ,สำนักงานสถิติแห่งชาติ
2564,"ไตรมาส 3",ภาคกลาง,รวม,ไม่ทราบ,79.90,ร้อยละ,สำนักงานสถิติแห่งชาติ
2564,"ไตรมาส 3",ภาคกลาง,ในเขตเทศบาล,รวม,67.47,ร้อยละ,สำนักงานสถิติแห่งชาติ
2564,"ไตรมาส 3",ภาคกลาง,ในเขตเทศบาล,ไม่มีการศึกษา,60.90,ร้อยละ,สำนักงานสถิติแห่งชาติ
2564,"ไตรมาส 3",ภาคกลาง,ในเขตเทศบาล,ต่ำกว่าประถมศึกษา,43.97,ร้อยละ,สำนักงานสถิติแห่งชาติ
2564,"ไตรมาส 3",ภาคกลาง,ในเขตเทศบาล,ประถมศึกษา,71.82,ร้อยละ,สำนักงานสถิติแห่งชาติ
2564,"ไตรมาส 3",ภาคกลาง,ในเขตเทศบาล,มัธยมศึกษาตอนต้น,66.07,ร้อยละ,สำนักงานสถิติแห่งชาติ
2564,"ไตรมาส 3",ภาคกลาง,ในเขตเทศบาล,"มัธยมศึกษาตอนปลาย สายสามัญ",68.26,ร้อยละ,สำนักงานสถิติแห่งชาติ
2564,"ไตรมาส 3",ภาคกลาง,ในเขตเทศบาล,"มัธยมศึกษาตอนปลาย สายอาชีวศึกษา",69.43,ร้อยละ,สำนักงานสถิติแห่งชาติ
2564,"ไตรมาส 3",ภาคกลาง,ในเขตเทศบาล,"มัธยมศึกษาตอนปลาย สายวิชาการ",71.09,ร้อยละ,สำนักงานสถิติแห่งชาติ
2564,"ไตรมาส 3",ภาคกลาง,ในเขตเทศบาล,"อุดมศึกษา สายวิชาการ",79.25,ร้อยละ,สำนักงานสถิติแห่งชาติ
2564,"ไตรมาส 3",ภาคกลาง,ในเขตเทศบาล,"อุดมศึกษา สายวิชาชีพ",83.59,ร้อยละ,สำนักงานสถิติแห่งชาติ
2564,"ไตรมาส 3",ภาคกลาง,ในเขตเทศบาล,"อุดมศึกษา สายวิชาการศึกษา",57.58,ร้อยละ,สำนักงานสถิติแห่งชาติ
2564,"ไตรมาส 3",ภาคกลาง,ในเขตเทศบาล,การศึกษาอื่นๆ,95.96,ร้อยละ,สำนักงานสถิติแห่งชาติ
2564,"ไตรมาส 3",ภาคกลาง,ในเขตเทศบาล,ไม่ทราบ,78.62,ร้อยละ,สำนักงานสถิติแห่งชาติ
2564,"ไตรมาส 3",ภาคกลาง,นอกเขตเทศบาล,รวม,68.05,ร้อยละ,สำนักงานสถิติแห่งชาติ
2564,"ไตรมาส 3",ภาคกลาง,นอกเขตเทศบาล,ไม่มีการศึกษา,55.43,ร้อยละ,สำนักงานสถิติแห่งชาติ
2564,"ไตรมาส 3",ภาคกลาง,นอกเขตเทศบาล,ต่ำกว่าประถมศึกษา,47.49,ร้อยละ,สำนักงานสถิติแห่งชาติ
2564,"ไตรมาส 3",ภาคกลาง,นอกเขตเทศบาล,ประถมศึกษา,74.24,ร้อยละ,สำนักงานสถิติแห่งชาติ
2564,"ไตรมาส 3",ภาคกลาง,นอกเขตเทศบาล,มัธยมศึกษาตอนต้น,68.48,ร้อยละ,สำนักงานสถิติแห่งชาติ
2564,"ไตรมาส 3",ภาคกลาง,นอกเขตเทศบาล,"มัธยมศึกษาตอนปลาย สายสามัญ",71.26,ร้อยละ,สำนักงานสถิติแห่งชาติ
2564,"ไตรมาส 3",ภาคกลาง,นอกเขตเทศบาล,"มัธยมศึกษาตอนปลาย สายอาชีวศึกษา",74.21,ร้อยละ,สำนักงานสถิติแห่งชาติ
2564,"ไตรมาส 3",ภาคกลาง,นอกเขตเทศบาล,"มัธยมศึกษาตอนปลาย สายวิชาการ",48.95,ร้อยละ,สำนักงานสถิติแห่งชาติ
2564,"ไตรมาส 3",ภาคกลาง,นอกเขตเทศบาล,"อุดมศึกษา สายวิชาการ",82.11,ร้อยละ,สำนักงานสถิติแห่งชาติ
2564,"ไตรมาส 3",ภาคกลาง,นอกเขตเทศบาล,"อุดมศึกษา สายวิชาชีพ",86.13,ร้อยละ,สำนักงานสถิติแห่งชาติ
2564,"ไตรมาส 3",ภาคกลาง,นอกเขตเทศบาล,"อุดมศึกษา สายวิชาการศึกษา",64.09,ร้อยละ,สำนักงานสถิติแห่งชาติ
2564,"ไตรมาส 3",ภาคกลาง,นอกเขตเทศบาล,การศึกษาอื่นๆ,98.28,ร้อยละ,สำนักงานสถิติแห่งชาติ
2564,"ไตรมาส 3",ภาคกลาง,นอกเขตเทศบาล,ไม่ทราบ,82.12,ร้อยละ,สำนักงานสถิติแห่งชาติ
2564,"ไตรมาส 3",ภาคเหนือ,รวม,รวม,64.24,ร้อยละ,สำนักงานสถิติแห่งชาติ
2564,"ไตรมาส 3",ภาคเหนือ,รวม,ไม่มีการศึกษา,51.11,ร้อยละ,สำนักงานสถิติแห่งชาติ
2564,"ไตรมาส 3",ภาคเหนือ,รวม,ต่ำกว่าประถมศึกษา,53.18,ร้อยละ,สำนักงานสถิติแห่งชาติ
2564,"ไตรมาส 3",ภาคเหนือ,รวม,ประถมศึกษา,77.81,ร้อยละ,สำนักงานสถิติแห่งชาติ
2564,"ไตรมาส 3",ภาคเหนือ,รวม,มัธยมศึกษาตอนต้น,59.43,ร้อยละ,สำนักงานสถิติแห่งชาติ
2564,"ไตรมาส 3",ภาคเหนือ,รวม,"มัธยมศึกษาตอนปลาย สายสามัญ",67.30,ร้อยละ,สำนักงานสถิติแห่งชาติ
2564,"ไตรมาส 3",ภาคเหนือ,รวม,"มัธยมศึกษาตอนปลาย สายอาชีวศึกษา",67.63,ร้อยละ,สำนักงานสถิติแห่งชาติ
2564,"ไตรมาส 3",ภาคเหนือ,รวม,"มัธยมศึกษาตอนปลาย สายวิชาการ",52.71,ร้อยละ,สำนักงานสถิติแห่งชาติ
2564,"ไตรมาส 3",ภาคเหนือ,รวม,"อุดมศึกษา สายวิชาการ",78.98,ร้อยละ,สำนักงานสถิติแห่งชาติ
2564,"ไตรมาส 3",ภาคเหนือ,รวม,"อุดมศึกษา สายวิชาชีพ",83.98,ร้อยละ,สำนักงานสถิติแห่งชาติ
2564,"ไตรมาส 3",ภาคเหนือ,รวม,"อุดมศึกษา สายวิชาการศึกษา",63.17,ร้อยละ,สำนักงานสถิติแห่งชาติ
2564,"ไตรมาส 3",ภาคเหนือ,รวม,การศึกษาอื่นๆ,81.07,ร้อยละ,สำนักงานสถิติแห่งชาติ
2564,"ไตรมาส 3",ภาคเหนือ,รวม,ไม่ทราบ,55.81,ร้อยละ,สำนักงานสถิติแห่งชาติ
2564,"ไตรมาส 3",ภาคเหนือ,ในเขตเทศบาล,รวม,61.91,ร้อยละ,สำนักงานสถิติแห่งชาติ
2564,"ไตรมาส 3",ภาคเหนือ,ในเขตเทศบาล,ไม่มีการศึกษา,47.45,ร้อยละ,สำนักงานสถิติแห่งชาติ
2564,"ไตรมาส 3",ภาคเหนือ,ในเขตเทศบาล,ต่ำกว่าประถมศึกษา,49.89,ร้อยละ,สำนักงานสถิติแห่งชาติ
2564,"ไตรมาส 3",ภาคเหนือ,ในเขตเทศบาล,ประถมศึกษา,73.20,ร้อยละ,สำนักงานสถิติแห่งชาติ
2564,"ไตรมาส 3",ภาคเหนือ,ในเขตเทศบาล,มัธยมศึกษาตอนต้น,55.13,ร้อยละ,สำนักงานสถิติแห่งชาติ
2564,"ไตรมาส 3",ภาคเหนือ,ในเขตเทศบาล,"มัธยมศึกษาตอนปลาย สายสามัญ",61.02,ร้อยละ,สำนักงานสถิติแห่งชาติ
2564,"ไตรมาส 3",ภาคเหนือ,ในเขตเทศบาล,"มัธยมศึกษาตอนปลาย สายอาชีวศึกษา",68.85,ร้อยละ,สำนักงานสถิติแห่งชาติ
2564,"ไตรมาส 3",ภาคเหนือ,ในเขตเทศบาล,"มัธยมศึกษาตอนปลาย สายวิชาการ",.00,ร้อยละ,สำนักงานสถิติแห่งชาติ
2564,"ไตรมาส 3",ภาคเหนือ,ในเขตเทศบาล,"อุดมศึกษา สายวิชาการ",78.06,ร้อยละ,สำนักงานสถิติแห่งชาติ
2564,"ไตรมาส 3",ภาคเหนือ,ในเขตเทศบาล,"อุดมศึกษา สายวิชาชีพ",81.90,ร้อยละ,สำนักงานสถิติแห่งชาติ
2564,"ไตรมาส 3",ภาคเหนือ,ในเขตเทศบาล,"อุดมศึกษา สายวิชาการศึกษา",54.98,ร้อยละ,สำนักงานสถิติแห่งชาติ
2564,"ไตรมาส 3",ภาคเหนือ,ในเขตเทศบาล,การศึกษาอื่นๆ,83.06,ร้อยละ,สำนักงานสถิติแห่งชาติ
2564,"ไตรมาส 3",ภาคเหนือ,ในเขตเทศบาล,ไม่ทราบ,37.48,ร้อยละ,สำนักงานสถิติแห่งชาติ
2564,"ไตรมาส 3",ภาคเหนือ,นอกเขตเทศบาล,รวม,65.51,ร้อยละ,สำนักงานสถิติแห่งชาติ
2564,"ไตรมาส 3",ภาคเหนือ,นอกเขตเทศบาล,ไม่มีการศึกษา,52.43,ร้อยละ,สำนักงานสถิติแห่งชาติ
2564,"ไตรมาส 3",ภาคเหนือ,นอกเขตเทศบาล,ต่ำกว่าประถมศึกษา,54.67,ร้อยละ,สำนักงานสถิติแห่งชาติ
2564,"ไตรมาส 3",ภาคเหนือ,นอกเขตเทศบาล,ประถมศึกษา,79.62,ร้อยละ,สำนักงานสถิติแห่งชาติ
2564,"ไตรมาส 3",ภาคเหนือ,นอกเขตเทศบาล,มัธยมศึกษาตอนต้น,61.47,ร้อยละ,สำนักงานสถิติแห่งชาติ
2564,"ไตรมาส 3",ภาคเหนือ,นอกเขตเทศบาล,"มัธยมศึกษาตอนปลาย สายสามัญ",71.48,ร้อยละ,สำนักงานสถิติแห่งชาติ
2564,"ไตรมาส 3",ภาคเหนือ,นอกเขตเทศบาล,"มัธยมศึกษาตอนปลาย สายอาชีวศึกษา",66.77,ร้อยละ,สำนักงานสถิติแห่งชาติ
2564,"ไตรมาส 3",ภาคเหนือ,นอกเขตเทศบาล,"มัธยมศึกษาตอนปลาย สายวิชาการ",52.71,ร้อยละ,สำนักงานสถิติแห่งชาติ
2564,"ไตรมาส 3",ภาคเหนือ,นอกเขตเทศบาล,"อุดมศึกษา สายวิชาการ",80.10,ร้อยละ,สำนักงานสถิติแห่งชาติ
2564,"ไตรมาส 3",ภาคเหนือ,นอกเขตเทศบาล,"อุดมศึกษา สายวิชาชีพ",85.60,ร้อยละ,สำนักงานสถิติแห่งชาติ
2564,"ไตรมาส 3",ภาคเหนือ,นอกเขตเทศบาล,"อุดมศึกษา สายวิชาการศึกษา",70.35,ร้อยละ,สำนักงานสถิติแห่งชาติ
2564,"ไตรมาส 3",ภาคเหนือ,นอกเขตเทศบาล,การศึกษาอื่นๆ,73.82,ร้อยละ,สำนักงานสถิติแห่งชาติ
2564,"ไตรมาส 3",ภาคเหนือ,นอกเขตเทศบาล,ไม่ทราบ,75.98,ร้อยละ,สำนักงานสถิติแห่งชาติ
2564,"ไตรมาส 3",ภาคตะวันออกเฉียงเหนือ,รวม,รวม,63.82,ร้อยละ,สำนักงานสถิติแห่งชาติ
2564,"ไตรมาส 3",ภาคตะวันออกเฉียงเหนือ,รวม,ไม่มีการศึกษา,25.03,ร้อยละ,สำนักงานสถิติแห่งชาติ
2564,"ไตรมาส 3",ภาคตะวันออกเฉียงเหนือ,รวม,ต่ำกว่าประถมศึกษา,51.82,ร้อยละ,สำนักงานสถิติแห่งชาติ
2564,"ไตรมาส 3",ภาคตะวันออกเฉียงเหนือ,รวม,ประถมศึกษา,77.90,ร้อยละ,สำนักงานสถิติแห่งชาติ
2564,"ไตรมาส 3",ภาคตะวันออกเฉียงเหนือ,รวม,มัธยมศึกษาตอนต้น,57.04,ร้อยละ,สำนักงานสถิติแห่งชาติ
2564,"ไตรมาส 3",ภาคตะวันออกเฉียงเหนือ,รวม,"มัธยมศึกษาตอนปลาย สายสามัญ",68.21,ร้อยละ,สำนักงานสถิติแห่งชาติ
2564,"ไตรมาส 3",ภาคตะวันออกเฉียงเหนือ,รวม,"มัธยมศึกษาตอนปลาย สายอาชีวศึกษา",58.09,ร้อยละ,สำนักงานสถิติแห่งชาติ
2564,"ไตรมาส 3",ภาคตะวันออกเฉียงเหนือ,รวม,"มัธยมศึกษาตอนปลาย สายวิชาการ",72.46,ร้อยละ,สำนักงานสถิติแห่งชาติ
2564,"ไตรมาส 3",ภาคตะวันออกเฉียงเหนือ,รวม,"อุดมศึกษา สายวิชาการ",81.63,ร้อยละ,สำนักงานสถิติแห่งชาติ
2564,"ไตรมาส 3",ภาคตะวันออกเฉียงเหนือ,รวม,"อุดมศึกษา สายวิชาชีพ",79.00,ร้อยละ,สำนักงานสถิติแห่งชาติ
2564,"ไตรมาส 3",ภาคตะวันออกเฉียงเหนือ,รวม,"อุดมศึกษา สายวิชาการศึกษา",68.36,ร้อยละ,สำนักงานสถิติแห่งชาติ
2564,"ไตรมาส 3",ภาคตะวันออกเฉียงเหนือ,รวม,การศึกษาอื่นๆ,.00,ร้อยละ,สำนักงานสถิติแห่งชาติ
2564,"ไตรมาส 3",ภาคตะวันออกเฉียงเหนือ,รวม,ไม่ทราบ,71.71,ร้อยละ,สำนักงานสถิติแห่งชาติ
2564,"ไตรมาส 3",ภาคตะวันออกเฉียงเหนือ,ในเขตเทศบาล,รวม,61.28,ร้อยละ,สำนักงานสถิติแห่งชาติ
2564,"ไตรมาส 3",ภาคตะวันออกเฉียงเหนือ,ในเขตเทศบาล,ไม่มีการศึกษา,25.27,ร้อยละ,สำนักงานสถิติแห่งชาติ
2564,"ไตรมาส 3",ภาคตะวันออกเฉียงเหนือ,ในเขตเทศบาล,ต่ำกว่าประถมศึกษา,46.98,ร้อยละ,สำนักงานสถิติแห่งชาติ
2564,"ไตรมาส 3",ภาคตะวันออกเฉียงเหนือ,ในเขตเทศบาล,ประถมศึกษา,74.53,ร้อยละ,สำนักงานสถิติแห่งชาติ
2564,"ไตรมาส 3",ภาคตะวันออกเฉียงเหนือ,ในเขตเทศบาล,มัธยมศึกษาตอนต้น,54.66,ร้อยละ,สำนักงานสถิติแห่งชาติ
2564,"ไตรมาส 3",ภาคตะวันออกเฉียงเหนือ,ในเขตเทศบาล,"มัธยมศึกษาตอนปลาย สายสามัญ",61.03,ร้อยละ,สำนักงานสถิติแห่งชาติ
2564,"ไตรมาส 3",ภาคตะวันออกเฉียงเหนือ,ในเขตเทศบาล,"มัธยมศึกษาตอนปลาย สายอาชีวศึกษา",64.26,ร้อยละ,สำนักงานสถิติแห่งชาติ
2564,"ไตรมาส 3",ภาคตะวันออกเฉียงเหนือ,ในเขตเทศบาล,"มัธยมศึกษาตอนปลาย สายวิชาการ",91.51,ร้อยละ,สำนักงานสถิติแห่งชาติ
2564,"ไตรมาส 3",ภาคตะวันออกเฉียงเหนือ,ในเขตเทศบาล,"อุดมศึกษา สายวิชาการ",81.73,ร้อยละ,สำนักงานสถิติแห่งชาติ
2564,"ไตรมาส 3",ภาคตะวันออกเฉียงเหนือ,ในเขตเทศบาล,"อุดมศึกษา สายวิชาชีพ",76.70,ร้อยละ,สำนักงานสถิติแห่งชาติ
2564,"ไตรมาส 3",ภาคตะวันออกเฉียงเหนือ,ในเขตเทศบาล,"อุดมศึกษา สายวิชาการศึกษา",58.50,ร้อยละ,สำนักงานสถิติแห่งชาติ
2564,"ไตรมาส 3",ภาคตะวันออกเฉียงเหนือ,ในเขตเทศบาล,การศึกษาอื่นๆ,.00,ร้อยละ,สำนักงานสถิติแห่งชาติ
2564,"ไตรมาส 3",ภาคตะวันออกเฉียงเหนือ,ในเขตเทศบาล,ไม่ทราบ,80.38,ร้อยละ,สำนักงานสถิติแห่งชาติ
2564,"ไตรมาส 3",ภาคตะวันออกเฉียงเหนือ,นอกเขตเทศบาล,รวม,64.87,ร้อยละ,สำนักงานสถิติแห่งชาติ
2564,"ไตรมาส 3",ภาคตะวันออกเฉียงเหนือ,นอกเขตเทศบาล,ไม่มีการศึกษา,24.96,ร้อยละ,สำนักงานสถิติแห่งชาติ
2564,"ไตรมาส 3",ภาคตะวันออกเฉียงเหนือ,นอกเขตเทศบาล,ต่ำกว่าประถมศึกษา,53.54,ร้อยละ,สำนักงานสถิติแห่งชาติ
2564,"ไตรมาส 3",ภาคตะวันออกเฉียงเหนือ,นอกเขตเทศบาล,ประถมศึกษา,79.06,ร้อยละ,สำนักงานสถิติแห่งชาติ
2564,"ไตรมาส 3",ภาคตะวันออกเฉียงเหนือ,นอกเขตเทศบาล,มัธยมศึกษาตอนต้น,57.93,ร้อยละ,สำนักงานสถิติแห่งชาติ
2564,"ไตรมาส 3",ภาคตะวันออกเฉียงเหนือ,นอกเขตเทศบาล,"มัธยมศึกษาตอนปลาย สายสามัญ",71.67,ร้อยละ,สำนักงานสถิติแห่งชาติ
2564,"ไตรมาส 3",ภาคตะวันออกเฉียงเหนือ,นอกเขตเทศบาล,"มัธยมศึกษาตอนปลาย สายอาชีวศึกษา",55.06,ร้อยละ,สำนักงานสถิติแห่งชาติ
2564,"ไตรมาส 3",ภาคตะวันออกเฉียงเหนือ,นอกเขตเทศบาล,"มัธยมศึกษาตอนปลาย สายวิชาการ",57.29,ร้อยละ,สำนักงานสถิติแห่งชาติ
2564,"ไตรมาส 3",ภาคตะวันออกเฉียงเหนือ,นอกเขตเทศบาล,"อุดมศึกษา สายวิชาการ",81.53,ร้อยละ,สำนักงานสถิติแห่งชาติ
2564,"ไตรมาส 3",ภาคตะวันออกเฉียงเหนือ,นอกเขตเทศบาล,"อุดมศึกษา สายวิชาชีพ",80.42,ร้อยละ,สำนักงานสถิติแห่งชาติ
2564,"ไตรมาส 3",ภาคตะวันออกเฉียงเหนือ,นอกเขตเทศบาล,"อุดมศึกษา สายวิชาการศึกษา",75.72,ร้อยละ,สำนักงานสถิติแห่งชาติ
2564,"ไตรมาส 3",ภาคตะวันออกเฉียงเหนือ,นอกเขตเทศบาล,การศึกษาอื่นๆ,.00,ร้อยละ,สำนักงานสถิติแห่งชาติ
2564,"ไตรมาส 3",ภาคตะวันออกเฉียงเหนือ,นอกเขตเทศบาล,ไม่ทราบ,58.77,ร้อยละ,สำนักงานสถิติแห่งชาติ
2564,"ไตรมาส 3",ภาคใต้,รวม,รวม,66.87,ร้อยละ,สำนักงานสถิติแห่งชาติ
2564,"ไตรมาส 3",ภาคใต้,รวม,ไม่มีการศึกษา,43.34,ร้อยละ,สำนักงานสถิติแห่งชาติ
2564,"ไตรมาส 3",ภาคใต้,รวม,ต่ำกว่าประถมศึกษา,54.50,ร้อยละ,สำนักงานสถิติแห่งชาติ
2564,"ไตรมาส 3",ภาคใต้,รวม,ประถมศึกษา,75.42,ร้อยละ,สำนักงานสถิติแห่งชาติ
2564,"ไตรมาส 3",ภาคใต้,รวม,มัธยมศึกษาตอนต้น,61.11,ร้อยละ,สำนักงานสถิติแห่งชาติ
2564,"ไตรมาส 3",ภาคใต้,รวม,"มัธยมศึกษาตอนปลาย สายสามัญ",66.99,ร้อยละ,สำนักงานสถิติแห่งชาติ
2564,"ไตรมาส 3",ภาคใต้,รวม,"มัธยมศึกษาตอนปลาย สายอาชีวศึกษา",72.34,ร้อยละ,สำนักงานสถิติแห่งชาติ
2564,"ไตรมาส 3",ภาคใต้,รวม,"มัธยมศึกษาตอนปลาย สายวิชาการ",45.64,ร้อยละ,สำนักงานสถิติแห่งชาติ
2564,"ไตรมาส 3",ภาคใต้,รวม,"อุดมศึกษา สายวิชาการ",80.67,ร้อยละ,สำนักงานสถิติแห่งชาติ
2564,"ไตรมาส 3",ภาคใต้,รวม,"อุดมศึกษา สายวิชาชีพ",80.23,ร้อยละ,สำนักงานสถิติแห่งชาติ
2564,"ไตรมาส 3",ภาคใต้,รวม,"อุดมศึกษา สายวิชาการศึกษา",70.13,ร้อยละ,สำนักงานสถิติแห่งชาติ
2564,"ไตรมาส 3",ภาคใต้,รวม,การศึกษาอื่นๆ,45.40,ร้อยละ,สำนักงานสถิติแห่งชาติ
2564,"ไตรมาส 3",ภาคใต้,รวม,ไม่ทราบ,78.24,ร้อยละ,สำนักงานสถิติแห่งชาติ
2564,"ไตรมาส 3",ภาคใต้,ในเขตเทศบาล,รวม,63.79,ร้อยละ,สำนักงานสถิติแห่งชาติ
2564,"ไตรมาส 3",ภาคใต้,ในเขตเทศบาล,ไม่มีการศึกษา,42.75,ร้อยละ,สำนักงานสถิติแห่งชาติ
2564,"ไตรมาส 3",ภาคใต้,ในเขตเทศบาล,ต่ำกว่าประถมศึกษา,48.53,ร้อยละ,สำนักงานสถิติแห่งชาติ
2564,"ไตรมาส 3",ภาคใต้,ในเขตเทศบาล,ประถมศึกษา,72.73,ร้อยละ,สำนักงานสถิติแห่งชาติ
2564,"ไตรมาส 3",ภาคใต้,ในเขตเทศบาล,มัธยมศึกษาตอนต้น,58.08,ร้อยละ,สำนักงานสถิติแห่งชาติ
2564,"ไตรมาส 3",ภาคใต้,ในเขตเทศบาล,"มัธยมศึกษาตอนปลาย สายสามัญ",57.33,ร้อยละ,สำนักงานสถิติแห่งชาติ
2564,"ไตรมาส 3",ภาคใต้,ในเขตเทศบาล,"มัธยมศึกษาตอนปลาย สายอาชีวศึกษา",68.75,ร้อยละ,สำนักงานสถิติแห่งชาติ
2564,"ไตรมาส 3",ภาคใต้,ในเขตเทศบาล,"มัธยมศึกษาตอนปลาย สายวิชาการ",52.60,ร้อยละ,สำนักงานสถิติแห่งชาติ
2564,"ไตรมาส 3",ภาคใต้,ในเขตเทศบาล,"อุดมศึกษา สายวิชาการ",80.23,ร้อยละ,สำนักงานสถิติแห่งชาติ
2564,"ไตรมาส 3",ภาคใต้,ในเขตเทศบาล,"อุดมศึกษา สายวิชาชีพ",79.56,ร้อยละ,สำนักงานสถิติแห่งชาติ
2564,"ไตรมาส 3",ภาคใต้,ในเขตเทศบาล,"อุดมศึกษา สายวิชาการศึกษา",59.53,ร้อยละ,สำนักงานสถิติแห่งชาติ
2564,"ไตรมาส 3",ภาคใต้,ในเขตเทศบาล,การศึกษาอื่นๆ,50.48,ร้อยละ,สำนักงานสถิติแห่งชาติ
2564,"ไตรมาส 3",ภาคใต้,ในเขตเทศบาล,ไม่ทราบ,61.27,ร้อยละ,สำนักงานสถิติแห่งชาติ
2564,"ไตรมาส 3",ภาคใต้,นอกเขตเทศบาล,รวม,68.44,ร้อยละ,สำนักงานสถิติแห่งชาติ
2564,"ไตรมาส 3",ภาคใต้,นอกเขตเทศบาล,ไม่มีการศึกษา,43.56,ร้อยละ,สำนักงานสถิติแห่งชาติ
2564,"ไตรมาส 3",ภาคใต้,นอกเขตเทศบาล,ต่ำกว่าประถมศึกษา,57.06,ร้อยละ,สำนักงานสถิติแห่งชาติ
2564,"ไตรมาส 3",ภาคใต้,นอกเขตเทศบาล,ประถมศึกษา,76.40,ร้อยละ,สำนักงานสถิติแห่งชาติ
2564,"ไตรมาส 3",ภาคใต้,นอกเขตเทศบาล,มัธยมศึกษาตอนต้น,62.54,ร้อยละ,สำนักงานสถิติแห่งชาติ
2564,"ไตรมาส 3",ภาคใต้,นอกเขตเทศบาล,"มัธยมศึกษาตอนปลาย สายสามัญ",72.24,ร้อยละ,สำนักงานสถิติแห่งชาติ
2564,"ไตรมาส 3",ภาคใต้,นอกเขตเทศบาล,"มัธยมศึกษาตอนปลาย สายอาชีวศึกษา",74.92,ร้อยละ,สำนักงานสถิติแห่งชาติ
2564,"ไตรมาส 3",ภาคใต้,นอกเขตเทศบาล,"มัธยมศึกษาตอนปลาย สายวิชาการ",31.52,ร้อยละ,สำนักงานสถิติแห่งชาติ
2564,"ไตรมาส 3",ภาคใต้,นอกเขตเทศบาล,"อุดมศึกษา สายวิชาการ",81.12,ร้อยละ,สำนักงานสถิติแห่งชาติ
2564,"ไตรมาส 3",ภาคใต้,นอกเขตเทศบาล,"อุดมศึกษา สายวิชาชีพ",80.69,ร้อยละ,สำนักงานสถิติแห่งชาติ
2564,"ไตรมาส 3",ภาคใต้,นอกเขตเทศบาล,"อุดมศึกษา สายวิชาการศึกษา",77.94,ร้อยละ,สำนักงานสถิติแห่งชาติ
2564,"ไตรมาส 3",ภาคใต้,นอกเขตเทศบาล,การศึกษาอื่นๆ,44.54,ร้อยละ,สำนักงานสถิติแห่งชาติ
2564,"ไตรมาส 3",ภาคใต้,นอกเขตเทศบาล,ไม่ทราบ,87.31,ร้อยละ,สำนักงานสถิติแห่งชาติ
2564,"ไตรมาส 4",ทั่วประเทศ,รวม,รวม,66.28,ร้อยละ,สำนักงานสถิติแห่งชาติ
2564,"ไตรมาส 4",ทั่วประเทศ,รวม,ไม่มีการศึกษา,47.71,ร้อยละ,สำนักงานสถิติแห่งชาติ
2564,"ไตรมาส 4",ทั่วประเทศ,รวม,ต่ำกว่าประถมศึกษา,49.92,ร้อยละ,สำนักงานสถิติแห่งชาติ
2564,"ไตรมาส 4",ทั่วประเทศ,รวม,ประถมศึกษา,75.29,ร้อยละ,สำนักงานสถิติแห่งชาติ
2564,"ไตรมาส 4",ทั่วประเทศ,รวม,มัธยมศึกษาตอนต้น,62.49,ร้อยละ,สำนักงานสถิติแห่งชาติ
2564,"ไตรมาส 4",ทั่วประเทศ,รวม,"มัธยมศึกษาตอนปลาย สายสามัญ",68.67,ร้อยละ,สำนักงานสถิติแห่งชาติ
2564,"ไตรมาส 4",ทั่วประเทศ,รวม,"มัธยมศึกษาตอนปลาย สายอาชีวศึกษา",68.44,ร้อยละ,สำนักงานสถิติแห่งชาติ
2564,"ไตรมาส 4",ทั่วประเทศ,รวม,"มัธยมศึกษาตอนปลาย สายวิชาการ",50.70,ร้อยละ,สำนักงานสถิติแห่งชาติ
2564,"ไตรมาส 4",ทั่วประเทศ,รวม,"อุดมศึกษา สายวิชาการ",80.59,ร้อยละ,สำนักงานสถิติแห่งชาติ
2564,"ไตรมาส 4",ทั่วประเทศ,รวม,"อุดมศึกษา สายวิชาชีพ",82.72,ร้อยละ,สำนักงานสถิติแห่งชาติ
2564,"ไตรมาส 4",ทั่วประเทศ,รวม,"อุดมศึกษา สายวิชาการศึกษา",65.40,ร้อยละ,สำนักงานสถิติแห่งชาติ
2564,"ไตรมาส 4",ทั่วประเทศ,รวม,การศึกษาอื่นๆ,94.86,ร้อยละ,สำนักงานสถิติแห่งชาติ
2564,"ไตรมาส 4",ทั่วประเทศ,รวม,ไม่ทราบ,81.51,ร้อยละ,สำนักงานสถิติแห่งชาติ
2564,"ไตรมาส 4",ทั่วประเทศ,ในเขตเทศบาล,รวม,66.19,ร้อยละ,สำนักงานสถิติแห่งชาติ
2564,"ไตรมาส 4",ทั่วประเทศ,ในเขตเทศบาล,ไม่มีการศึกษา,53.37,ร้อยละ,สำนักงานสถิติแห่งชาติ
2564,"ไตรมาส 4",ทั่วประเทศ,ในเขตเทศบาล,ต่ำกว่าประถมศึกษา,45.94,ร้อยละ,สำนักงานสถิติแห่งชาติ
2564,"ไตรมาส 4",ทั่วประเทศ,ในเขตเทศบาล,ประถมศึกษา,73.47,ร้อยละ,สำนักงานสถิติแห่งชาติ
2564,"ไตรมาส 4",ทั่วประเทศ,ในเขตเทศบาล,มัธยมศึกษาตอนต้น,62.42,ร้อยละ,สำนักงานสถิติแห่งชาติ
2564,"ไตรมาส 4",ทั่วประเทศ,ในเขตเทศบาล,"มัธยมศึกษาตอนปลาย สายสามัญ",64.22,ร้อยละ,สำนักงานสถิติแห่งชาติ
2564,"ไตรมาส 4",ทั่วประเทศ,ในเขตเทศบาล,"มัธยมศึกษาตอนปลาย สายอาชีวศึกษา",68.01,ร้อยละ,สำนักงานสถิติแห่งชาติ
2564,"ไตรมาส 4",ทั่วประเทศ,ในเขตเทศบาล,"มัธยมศึกษาตอนปลาย สายวิชาการ",57.87,ร้อยละ,สำนักงานสถิติแห่งชาติ
2564,"ไตรมาส 4",ทั่วประเทศ,ในเขตเทศบาล,"อุดมศึกษา สายวิชาการ",79.77,ร้อยละ,สำนักงานสถิติแห่งชาติ
2564,"ไตรมาส 4",ทั่วประเทศ,ในเขตเทศบาล,"อุดมศึกษา สายวิชาชีพ",81.00,ร้อยละ,สำนักงานสถิติแห่งชาติ
2564,"ไตรมาส 4",ทั่วประเทศ,ในเขตเทศบาล,"อุดมศึกษา สายวิชาการศึกษา",59.57,ร้อยละ,สำนักงานสถิติแห่งชาติ
2564,"ไตรมาส 4",ทั่วประเทศ,ในเขตเทศบาล,การศึกษาอื่นๆ,96.68,ร้อยละ,สำนักงานสถิติแห่งชาติ
2564,"ไตรมาส 4",ทั่วประเทศ,ในเขตเทศบาล,ไม่ทราบ,79.28,ร้อยละ,สำนักงานสถิติแห่งชาติ
2564,"ไตรมาส 4",ทั่วประเทศ,นอกเขตเทศบาล,รวม,66.36,ร้อยละ,สำนักงานสถิติแห่งชาติ
2564,"ไตรมาส 4",ทั่วประเทศ,นอกเขตเทศบาล,ไม่มีการศึกษา,44.14,ร้อยละ,สำนักงานสถิติแห่งชาติ
2564,"ไตรมาส 4",ทั่วประเทศ,นอกเขตเทศบาล,ต่ำกว่าประถมศึกษา,52.03,ร้อยละ,สำนักงานสถิติแห่งชาติ
2564,"ไตรมาส 4",ทั่วประเทศ,นอกเขตเทศบาล,ประถมศึกษา,76.45,ร้อยละ,สำนักงานสถิติแห่งชาติ
2564,"ไตรมาส 4",ทั่วประเทศ,นอกเขตเทศบาล,มัธยมศึกษาตอนต้น,62.55,ร้อยละ,สำนักงานสถิติแห่งชาติ
2564,"ไตรมาส 4",ทั่วประเทศ,นอกเขตเทศบาล,"มัธยมศึกษาตอนปลาย สายสามัญ",72.87,ร้อยละ,สำนักงานสถิติแห่งชาติ
2564,"ไตรมาส 4",ทั่วประเทศ,นอกเขตเทศบาล,"มัธยมศึกษาตอนปลาย สายอาชีวศึกษา",68.98,ร้อยละ,สำนักงานสถิติแห่งชาติ
2564,"ไตรมาส 4",ทั่วประเทศ,นอกเขตเทศบาล,"มัธยมศึกษาตอนปลาย สายวิชาการ",42.26,ร้อยละ,สำนักงานสถิติแห่งชาติ
2564,"ไตรมาส 4",ทั่วประเทศ,นอกเขตเทศบาล,"อุดมศึกษา สายวิชาการ",82.31,ร้อยละ,สำนักงานสถิติแห่งชาติ
2564,"ไตรมาส 4",ทั่วประเทศ,นอกเขตเทศบาล,"อุดมศึกษา สายวิชาชีพ",84.66,ร้อยละ,สำนักงานสถิติแห่งชาติ
2564,"ไตรมาส 4",ทั่วประเทศ,นอกเขตเทศบาล,"อุดมศึกษา สายวิชาการศึกษา",72.41,ร้อยละ,สำนักงานสถิติแห่งชาติ
2564,"ไตรมาส 4",ทั่วประเทศ,นอกเขตเทศบาล,การศึกษาอื่นๆ,92.87,ร้อยละ,สำนักงานสถิติแห่งชาติ
2564,"ไตรมาส 4",ทั่วประเทศ,นอกเขตเทศบาล,ไม่ทราบ,90.24,ร้อยละ,สำนักงานสถิติแห่งชาติ
2564,"ไตรมาส 4",กรุงเทพมหานคร,ในเขตเทศบาล,รวม,70.13,ร้อยละ,สำนักงานสถิติแห่งชาติ
2564,"ไตรมาส 4",กรุงเทพมหานคร,ในเขตเทศบาล,ไม่มีการศึกษา,58.80,ร้อยละ,สำนักงานสถิติแห่งชาติ
2564,"ไตรมาส 4",กรุงเทพมหานคร,ในเขตเทศบาล,ต่ำกว่าประถมศึกษา,48.16,ร้อยละ,สำนักงานสถิติแห่งชาติ
2564,"ไตรมาส 4",กรุงเทพมหานคร,ในเขตเทศบาล,ประถมศึกษา,75.21,ร้อยละ,สำนักงานสถิติแห่งชาติ
2564,"ไตรมาส 4",กรุงเทพมหานคร,ในเขตเทศบาล,มัธยมศึกษาตอนต้น,67.72,ร้อยละ,สำนักงานสถิติแห่งชาติ
2564,"ไตรมาส 4",กรุงเทพมหานคร,ในเขตเทศบาล,"มัธยมศึกษาตอนปลาย สายสามัญ",63.99,ร้อยละ,สำนักงานสถิติแห่งชาติ
2564,"ไตรมาส 4",กรุงเทพมหานคร,ในเขตเทศบาล,"มัธยมศึกษาตอนปลาย สายอาชีวศึกษา",71.48,ร้อยละ,สำนักงานสถิติแห่งชาติ
2564,"ไตรมาส 4",กรุงเทพมหานคร,ในเขตเทศบาล,"มัธยมศึกษาตอนปลาย สายวิชาการ",71.51,ร้อยละ,สำนักงานสถิติแห่งชาติ
2564,"ไตรมาส 4",กรุงเทพมหานคร,ในเขตเทศบาล,"อุดมศึกษา สายวิชาการ",79.25,ร้อยละ,สำนักงานสถิติแห่งชาติ
2564,"ไตรมาส 4",กรุงเทพมหานคร,ในเขตเทศบาล,"อุดมศึกษา สายวิชาชีพ",77.60,ร้อยละ,สำนักงานสถิติแห่งชาติ
2564,"ไตรมาส 4",กรุงเทพมหานคร,ในเขตเทศบาล,"อุดมศึกษา สายวิชาการศึกษา",57.59,ร้อยละ,สำนักงานสถิติแห่งชาติ
2564,"ไตรมาส 4",กรุงเทพมหานคร,ในเขตเทศบาล,การศึกษาอื่นๆ,93.04,ร้อยละ,สำนักงานสถิติแห่งชาติ
2564,"ไตรมาส 4",กรุงเทพมหานคร,ในเขตเทศบาล,ไม่ทราบ,73.14,ร้อยละ,สำนักงานสถิติแห่งชาติ
2564,"ไตรมาส 4",ภาคกลาง,รวม,รวม,68.07,ร้อยละ,สำนักงานสถิติแห่งชาติ
2564,"ไตรมาส 4",ภาคกลาง,รวม,ไม่มีการศึกษา,53.67,ร้อยละ,สำนักงานสถิติแห่งชาติ
2564,"ไตรมาส 4",ภาคกลาง,รวม,ต่ำกว่าประถมศึกษา,46.30,ร้อยละ,สำนักงานสถิติแห่งชาติ
2564,"ไตรมาส 4",ภาคกลาง,รวม,ประถมศึกษา,73.15,ร้อยละ,สำนักงานสถิติแห่งชาติ
2564,"ไตรมาส 4",ภาคกลาง,รวม,มัธยมศึกษาตอนต้น,66.37,ร้อยละ,สำนักงานสถิติแห่งชาติ
2564,"ไตรมาส 4",ภาคกลาง,รวม,"มัธยมศึกษาตอนปลาย สายสามัญ",70.71,ร้อยละ,สำนักงานสถิติแห่งชาติ
2564,"ไตรมาส 4",ภาคกลาง,รวม,"มัธยมศึกษาตอนปลาย สายอาชีวศึกษา",72.02,ร้อยละ,สำนักงานสถิติแห่งชาติ
2564,"ไตรมาส 4",ภาคกลาง,รวม,"มัธยมศึกษาตอนปลาย สายวิชาการ",53.54,ร้อยละ,สำนักงานสถิติแห่งชาติ
2564,"ไตรมาส 4",ภาคกลาง,รวม,"อุดมศึกษา สายวิชาการ",81.69,ร้อยละ,สำนักงานสถิติแห่งชาติ
2564,"ไตรมาส 4",ภาคกลาง,รวม,"อุดมศึกษา สายวิชาชีพ",86.29,ร้อยละ,สำนักงานสถิติแห่งชาติ
2564,"ไตรมาส 4",ภาคกลาง,รวม,"อุดมศึกษา สายวิชาการศึกษา",63.24,ร้อยละ,สำนักงานสถิติแห่งชาติ
2564,"ไตรมาส 4",ภาคกลาง,รวม,การศึกษาอื่นๆ,96.88,ร้อยละ,สำนักงานสถิติแห่งชาติ
2564,"ไตรมาส 4",ภาคกลาง,รวม,ไม่ทราบ,85.18,ร้อยละ,สำนักงานสถิติแห่งชาติ
2564,"ไตรมาส 4",ภาคกลาง,ในเขตเทศบาล,รวม,67.61,ร้อยละ,สำนักงานสถิติแห่งชาติ
2564,"ไตรมาส 4",ภาคกลาง,ในเขตเทศบาล,ไม่มีการศึกษา,60.13,ร้อยละ,สำนักงานสถิติแห่งชาติ
2564,"ไตรมาส 4",ภาคกลาง,ในเขตเทศบาล,ต่ำกว่าประถมศึกษา,42.73,ร้อยละ,สำนักงานสถิติแห่งชาติ
2564,"ไตรมาส 4",ภาคกลาง,ในเขตเทศบาล,ประถมศึกษา,71.86,ร้อยละ,สำนักงานสถิติแห่งชาติ
2564,"ไตรมาส 4",ภาคกลาง,ในเขตเทศบาล,มัธยมศึกษาตอนต้น,65.62,ร้อยละ,สำนักงานสถิติแห่งชาติ
2564,"ไตรมาส 4",ภาคกลาง,ในเขตเทศบาล,"มัธยมศึกษาตอนปลาย สายสามัญ",67.84,ร้อยละ,สำนักงานสถิติแห่งชาติ
2564,"ไตรมาส 4",ภาคกลาง,ในเขตเทศบาล,"มัธยมศึกษาตอนปลาย สายอาชีวศึกษา",69.43,ร้อยละ,สำนักงานสถิติแห่งชาติ
2564,"ไตรมาส 4",ภาคกลาง,ในเขตเทศบาล,"มัธยมศึกษาตอนปลาย สายวิชาการ",66.35,ร้อยละ,สำนักงานสถิติแห่งชาติ
2564,"ไตรมาส 4",ภาคกลาง,ในเขตเทศบาล,"อุดมศึกษา สายวิชาการ",79.73,ร้อยละ,สำนักงานสถิติแห่งชาติ
2564,"ไตรมาส 4",ภาคกลาง,ในเขตเทศบาล,"อุดมศึกษา สายวิชาชีพ",86.44,ร้อยละ,สำนักงานสถิติแห่งชาติ
2564,"ไตรมาส 4",ภาคกลาง,ในเขตเทศบาล,"อุดมศึกษา สายวิชาการศึกษา",60.18,ร้อยละ,สำนักงานสถิติแห่งชาติ
2564,"ไตรมาส 4",ภาคกลาง,ในเขตเทศบาล,การศึกษาอื่นๆ,97.93,ร้อยละ,สำนักงานสถิติแห่งชาติ
2564,"ไตรมาส 4",ภาคกลาง,ในเขตเทศบาล,ไม่ทราบ,82.14,ร้อยละ,สำนักงานสถิติแห่งชาติ
2564,"ไตรมาส 4",ภาคกลาง,นอกเขตเทศบาล,รวม,68.47,ร้อยละ,สำนักงานสถิติแห่งชาติ
2564,"ไตรมาส 4",ภาคกลาง,นอกเขตเทศบาล,ไม่มีการศึกษา,48.66,ร้อยละ,สำนักงานสถิติแห่งชาติ
2564,"ไตรมาส 4",ภาคกลาง,นอกเขตเทศบาล,ต่ำกว่าประถมศึกษา,48.52,ร้อยละ,สำนักงานสถิติแห่งชาติ
2564,"ไตรมาส 4",ภาคกลาง,นอกเขตเทศบาล,ประถมศึกษา,74.05,ร้อยละ,สำนักงานสถิติแห่งชาติ
2564,"ไตรมาส 4",ภาคกลาง,นอกเขตเทศบาล,มัธยมศึกษาตอนต้น,67.03,ร้อยละ,สำนักงานสถิติแห่งชาติ
2564,"ไตรมาส 4",ภาคกลาง,นอกเขตเทศบาล,"มัธยมศึกษาตอนปลาย สายสามัญ",73.39,ร้อยละ,สำนักงานสถิติแห่งชาติ
2564,"ไตรมาส 4",ภาคกลาง,นอกเขตเทศบาล,"มัธยมศึกษาตอนปลาย สายอาชีวศึกษา",74.61,ร้อยละ,สำนักงานสถิติแห่งชาติ
2564,"ไตรมาส 4",ภาคกลาง,นอกเขตเทศบาล,"มัธยมศึกษาตอนปลาย สายวิชาการ",.00,ร้อยละ,สำนักงานสถิติแห่งชาติ
2564,"ไตรมาส 4",ภาคกลาง,นอกเขตเทศบาล,"อุดมศึกษา สายวิชาการ",84.34,ร้อยละ,สำนักงานสถิติแห่งชาติ
2564,"ไตรมาส 4",ภาคกลาง,นอกเขตเทศบาล,"อุดมศึกษา สายวิชาชีพ",86.16,ร้อยละ,สำนักงานสถิติแห่งชาติ
2564,"ไตรมาส 4",ภาคกลาง,นอกเขตเทศบาล,"อุดมศึกษา สายวิชาการศึกษา",66.87,ร้อยละ,สำนักงานสถิติแห่งชาติ
2564,"ไตรมาส 4",ภาคกลาง,นอกเขตเทศบาล,การศึกษาอื่นๆ,95.77,ร้อยละ,สำนักงานสถิติแห่งชาติ
2564,"ไตรมาส 4",ภาคกลาง,นอกเขตเทศบาล,ไม่ทราบ,95.62,ร้อยละ,สำนักงานสถิติแห่งชาติ
2564,"ไตรมาส 4",ภาคเหนือ,รวม,รวม,64.37,ร้อยละ,สำนักงานสถิติแห่งชาติ
2564,"ไตรมาส 4",ภาคเหนือ,รวม,ไม่มีการศึกษา,50.18,ร้อยละ,สำนักงานสถิติแห่งชาติ
2564,"ไตรมาส 4",ภาคเหนือ,รวม,ต่ำกว่าประถมศึกษา,52.86,ร้อยละ,สำนักงานสถิติแห่งชาติ
2564,"ไตรมาส 4",ภาคเหนือ,รวม,ประถมศึกษา,76.18,ร้อยละ,สำนักงานสถิติแห่งชาติ
2564,"ไตรมาส 4",ภาคเหนือ,รวม,มัธยมศึกษาตอนต้น,60.05,ร้อยละ,สำนักงานสถิติแห่งชาติ
2564,"ไตรมาส 4",ภาคเหนือ,รวม,"มัธยมศึกษาตอนปลาย สายสามัญ",69.52,ร้อยละ,สำนักงานสถิติแห่งชาติ
2564,"ไตรมาส 4",ภาคเหนือ,รวม,"มัธยมศึกษาตอนปลาย สายอาชีวศึกษา",66.83,ร้อยละ,สำนักงานสถิติแห่งชาติ
2564,"ไตรมาส 4",ภาคเหนือ,รวม,"มัธยมศึกษาตอนปลาย สายวิชาการ",8.52,ร้อยละ,สำนักงานสถิติแห่งชาติ
2564,"ไตรมาส 4",ภาคเหนือ,รวม,"อุดมศึกษา สายวิชาการ",80.94,ร้อยละ,สำนักงานสถิติแห่งชาติ
2564,"ไตรมาส 4",ภาคเหนือ,รวม,"อุดมศึกษา สายวิชาชีพ",82.77,ร้อยละ,สำนักงานสถิติแห่งชาติ
2564,"ไตรมาส 4",ภาคเหนือ,รวม,"อุดมศึกษา สายวิชาการศึกษา",65.96,ร้อยละ,สำนักงานสถิติแห่งชาติ
2564,"ไตรมาส 4",ภาคเหนือ,รวม,การศึกษาอื่นๆ,78.81,ร้อยละ,สำนักงานสถิติแห่งชาติ
2564,"ไตรมาส 4",ภาคเหนือ,รวม,ไม่ทราบ,72.94,ร้อยละ,สำนักงานสถิติแห่งชาติ
2564,"ไตรมาส 4",ภาคเหนือ,ในเขตเทศบาล,รวม,62.45,ร้อยละ,สำนักงานสถิติแห่งชาติ
2564,"ไตรมาส 4",ภาคเหนือ,ในเขตเทศบาล,ไม่มีการศึกษา,51.86,ร้อยละ,สำนักงานสถิติแห่งชาติ
2564,"ไตรมาส 4",ภาคเหนือ,ในเขตเทศบาล,ต่ำกว่าประถมศึกษา,49.42,ร้อยละ,สำนักงานสถิติแห่งชาติ
2564,"ไตรมาส 4",ภาคเหนือ,ในเขตเทศบาล,ประถมศึกษา,72.71,ร้อยละ,สำนักงานสถิติแห่งชาติ
2564,"ไตรมาส 4",ภาคเหนือ,ในเขตเทศบาล,มัธยมศึกษาตอนต้น,54.72,ร้อยละ,สำนักงานสถิติแห่งชาติ
2564,"ไตรมาส 4",ภาคเหนือ,ในเขตเทศบาล,"มัธยมศึกษาตอนปลาย สายสามัญ",63.01,ร้อยละ,สำนักงานสถิติแห่งชาติ
2564,"ไตรมาส 4",ภาคเหนือ,ในเขตเทศบาล,"มัธยมศึกษาตอนปลาย สายอาชีวศึกษา",66.22,ร้อยละ,สำนักงานสถิติแห่งชาติ
2564,"ไตรมาส 4",ภาคเหนือ,ในเขตเทศบาล,"มัธยมศึกษาตอนปลาย สายวิชาการ",.00,ร้อยละ,สำนักงานสถิติแห่งชาติ
2564,"ไตรมาส 4",ภาคเหนือ,ในเขตเทศบาล,"อุดมศึกษา สายวิชาการ",79.28,ร้อยละ,สำนักงานสถิติแห่งชาติ
2564,"ไตรมาส 4",ภาคเหนือ,ในเขตเทศบาล,"อุดมศึกษา สายวิชาชีพ",80.96,ร้อยละ,สำนักงานสถิติแห่งชาติ
2564,"ไตรมาส 4",ภาคเหนือ,ในเขตเทศบาล,"อุดมศึกษา สายวิชาการศึกษา",60.20,ร้อยละ,สำนักงานสถิติแห่งชาติ
2564,"ไตรมาส 4",ภาคเหนือ,ในเขตเทศบาล,การศึกษาอื่นๆ,88.70,ร้อยละ,สำนักงานสถิติแห่งชาติ
2564,"ไตรมาส 4",ภาคเหนือ,ในเขตเทศบาล,ไม่ทราบ,58.98,ร้อยละ,สำนักงานสถิติแห่งชาติ
2564,"ไตรมาส 4",ภาคเหนือ,นอกเขตเทศบาล,รวม,65.40,ร้อยละ,สำนักงานสถิติแห่งชาติ
2564,"ไตรมาส 4",ภาคเหนือ,นอกเขตเทศบาล,ไม่มีการศึกษา,49.58,ร้อยละ,สำนักงานสถิติแห่งชาติ
2564,"ไตรมาส 4",ภาคเหนือ,นอกเขตเทศบาล,ต่ำกว่าประถมศึกษา,54.42,ร้อยละ,สำนักงานสถิติแห่งชาติ
2564,"ไตรมาส 4",ภาคเหนือ,นอกเขตเทศบาล,ประถมศึกษา,77.56,ร้อยละ,สำนักงานสถิติแห่งชาติ
2564,"ไตรมาส 4",ภาคเหนือ,นอกเขตเทศบาล,มัธยมศึกษาตอนต้น,62.56,ร้อยละ,สำนักงานสถิติแห่งชาติ
2564,"ไตรมาส 4",ภาคเหนือ,นอกเขตเทศบาล,"มัธยมศึกษาตอนปลาย สายสามัญ",73.58,ร้อยละ,สำนักงานสถิติแห่งชาติ
2564,"ไตรมาส 4",ภาคเหนือ,นอกเขตเทศบาล,"มัธยมศึกษาตอนปลาย สายอาชีวศึกษา",67.27,ร้อยละ,สำนักงานสถิติแห่งชาติ
2564,"ไตรมาส 4",ภาคเหนือ,นอกเขตเทศบาล,"มัธยมศึกษาตอนปลาย สายวิชาการ",12.76,ร้อยละ,สำนักงานสถิติแห่งชาติ
2564,"ไตรมาส 4",ภาคเหนือ,นอกเขตเทศบาล,"อุดมศึกษา สายวิชาการ",82.94,ร้อยละ,สำนักงานสถิติแห่งชาติ
2564,"ไตรมาส 4",ภาคเหนือ,นอกเขตเทศบาล,"อุดมศึกษา สายวิชาชีพ",84.30,ร้อยละ,สำนักงานสถิติแห่งชาติ
2564,"ไตรมาส 4",ภาคเหนือ,นอกเขตเทศบาล,"อุดมศึกษา สายวิชาการศึกษา",71.65,ร้อยละ,สำนักงานสถิติแห่งชาติ
2564,"ไตรมาส 4",ภาคเหนือ,นอกเขตเทศบาล,การศึกษาอื่นๆ,29.84,ร้อยละ,สำนักงานสถิติแห่งชาติ
2564,"ไตรมาส 4",ภาคเหนือ,นอกเขตเทศบาล,ไม่ทราบ,86.52,ร้อยละ,สำนักงานสถิติแห่งชาติ
2564,"ไตรมาส 4",ภาคตะวันออกเฉียงเหนือ,รวม,รวม,63.07,ร้อยละ,สำนักงานสถิติแห่งชาติ
2564,"ไตรมาส 4",ภาคตะวันออกเฉียงเหนือ,รวม,ไม่มีการศึกษา,22.05,ร้อยละ,สำนักงานสถิติแห่งชาติ
2564,"ไตรมาส 4",ภาคตะวันออกเฉียงเหนือ,รวม,ต่ำกว่าประถมศึกษา,50.37,ร้อยละ,สำนักงานสถิติแห่งชาติ
2564,"ไตรมาส 4",ภาคตะวันออกเฉียงเหนือ,รวม,ประถมศึกษา,76.68,ร้อยละ,สำนักงานสถิติแห่งชาติ
2564,"ไตรมาส 4",ภาคตะวันออกเฉียงเหนือ,รวม,มัธยมศึกษาตอนต้น,57.11,ร้อยละ,สำนักงานสถิติแห่งชาติ
2564,"ไตรมาส 4",ภาคตะวันออกเฉียงเหนือ,รวม,"มัธยมศึกษาตอนปลาย สายสามัญ",68.54,ร้อยละ,สำนักงานสถิติแห่งชาติ
2564,"ไตรมาส 4",ภาคตะวันออกเฉียงเหนือ,รวม,"มัธยมศึกษาตอนปลาย สายอาชีวศึกษา",54.88,ร้อยละ,สำนักงานสถิติแห่งชาติ
2564,"ไตรมาส 4",ภาคตะวันออกเฉียงเหนือ,รวม,"มัธยมศึกษาตอนปลาย สายวิชาการ",100.00,ร้อยละ,สำนักงานสถิติแห่งชาติ
2564,"ไตรมาส 4",ภาคตะวันออกเฉียงเหนือ,รวม,"อุดมศึกษา สายวิชาการ",80.01,ร้อยละ,สำนักงานสถิติแห่งชาติ
2564,"ไตรมาส 4",ภาคตะวันออกเฉียงเหนือ,รวม,"อุดมศึกษา สายวิชาชีพ",81.04,ร้อยละ,สำนักงานสถิติแห่งชาติ
2564,"ไตรมาส 4",ภาคตะวันออกเฉียงเหนือ,รวม,"อุดมศึกษา สายวิชาการศึกษา",66.97,ร้อยละ,สำนักงานสถิติแห่งชาติ
2564,"ไตรมาส 4",ภาคตะวันออกเฉียงเหนือ,รวม,การศึกษาอื่นๆ,.00,ร้อยละ,สำนักงานสถิติแห่งชาติ
2564,"ไตรมาส 4",ภาคตะวันออกเฉียงเหนือ,รวม,ไม่ทราบ,63.78,ร้อยละ,สำนักงานสถิติแห่งชาติ
2564,"ไตรมาส 4",ภาคตะวันออกเฉียงเหนือ,ในเขตเทศบาล,รวม,60.94,ร้อยละ,สำนักงานสถิติแห่งชาติ
2564,"ไตรมาส 4",ภาคตะวันออกเฉียงเหนือ,ในเขตเทศบาล,ไม่มีการศึกษา,21.62,ร้อยละ,สำนักงานสถิติแห่งชาติ
2564,"ไตรมาส 4",ภาคตะวันออกเฉียงเหนือ,ในเขตเทศบาล,ต่ำกว่าประถมศึกษา,45.62,ร้อยละ,สำนักงานสถิติแห่งชาติ
2564,"ไตรมาส 4",ภาคตะวันออกเฉียงเหนือ,ในเขตเทศบาล,ประถมศึกษา,74.49,ร้อยละ,สำนักงานสถิติแห่งชาติ
2564,"ไตรมาส 4",ภาคตะวันออกเฉียงเหนือ,ในเขตเทศบาล,มัธยมศึกษาตอนต้น,55.03,ร้อยละ,สำนักงานสถิติแห่งชาติ
2564,"ไตรมาส 4",ภาคตะวันออกเฉียงเหนือ,ในเขตเทศบาล,"มัธยมศึกษาตอนปลาย สายสามัญ",61.19,ร้อยละ,สำนักงานสถิติแห่งชาติ
2564,"ไตรมาส 4",ภาคตะวันออกเฉียงเหนือ,ในเขตเทศบาล,"มัธยมศึกษาตอนปลาย สายอาชีวศึกษา",55.41,ร้อยละ,สำนักงานสถิติแห่งชาติ
2564,"ไตรมาส 4",ภาคตะวันออกเฉียงเหนือ,ในเขตเทศบาล,"มัธยมศึกษาตอนปลาย สายวิชาการ",100.00,ร้อยละ,สำนักงานสถิติแห่งชาติ
2564,"ไตรมาส 4",ภาคตะวันออกเฉียงเหนือ,ในเขตเทศบาล,"อุดมศึกษา สายวิชาการ",82.50,ร้อยละ,สำนักงานสถิติแห่งชาติ
2564,"ไตรมาส 4",ภาคตะวันออกเฉียงเหนือ,ในเขตเทศบาล,"อุดมศึกษา สายวิชาชีพ",79.12,ร้อยละ,สำนักงานสถิติแห่งชาติ
2564,"ไตรมาส 4",ภาคตะวันออกเฉียงเหนือ,ในเขตเทศบาล,"อุดมศึกษา สายวิชาการศึกษา",58.42,ร้อยละ,สำนักงานสถิติแห่งชาติ
2564,"ไตรมาส 4",ภาคตะวันออกเฉียงเหนือ,ในเขตเทศบาล,การศึกษาอื่นๆ,.00,ร้อยละ,สำนักงานสถิติแห่งชาติ
2564,"ไตรมาส 4",ภาคตะวันออกเฉียงเหนือ,ในเขตเทศบาล,ไม่ทราบ,60.32,ร้อยละ,สำนักงานสถิติแห่งชาติ
2564,"ไตรมาส 4",ภาคตะวันออกเฉียงเหนือ,นอกเขตเทศบาล,รวม,63.95,ร้อยละ,สำนักงานสถิติแห่งชาติ
2564,"ไตรมาส 4",ภาคตะวันออกเฉียงเหนือ,นอกเขตเทศบาล,ไม่มีการศึกษา,22.19,ร้อยละ,สำนักงานสถิติแห่งชาติ
2564,"ไตรมาส 4",ภาคตะวันออกเฉียงเหนือ,นอกเขตเทศบาล,ต่ำกว่าประถมศึกษา,52.01,ร้อยละ,สำนักงานสถิติแห่งชาติ
2564,"ไตรมาส 4",ภาคตะวันออกเฉียงเหนือ,นอกเขตเทศบาล,ประถมศึกษา,77.42,ร้อยละ,สำนักงานสถิติแห่งชาติ
2564,"ไตรมาส 4",ภาคตะวันออกเฉียงเหนือ,นอกเขตเทศบาล,มัธยมศึกษาตอนต้น,57.91,ร้อยละ,สำนักงานสถิติแห่งชาติ
2564,"ไตรมาส 4",ภาคตะวันออกเฉียงเหนือ,นอกเขตเทศบาล,"มัธยมศึกษาตอนปลาย สายสามัญ",72.13,ร้อยละ,สำนักงานสถิติแห่งชาติ
2564,"ไตรมาส 4",ภาคตะวันออกเฉียงเหนือ,นอกเขตเทศบาล,"มัธยมศึกษาตอนปลาย สายอาชีวศึกษา",54.58,ร้อยละ,สำนักงานสถิติแห่งชาติ
2564,"ไตรมาส 4",ภาคตะวันออกเฉียงเหนือ,นอกเขตเทศบาล,"มัธยมศึกษาตอนปลาย สายวิชาการ",100.00,ร้อยละ,สำนักงานสถิติแห่งชาติ
2564,"ไตรมาส 4",ภาคตะวันออกเฉียงเหนือ,นอกเขตเทศบาล,"อุดมศึกษา สายวิชาการ",77.68,ร้อยละ,สำนักงานสถิติแห่งชาติ
2564,"ไตรมาส 4",ภาคตะวันออกเฉียงเหนือ,นอกเขตเทศบาล,"อุดมศึกษา สายวิชาชีพ",82.19,ร้อยละ,สำนักงานสถิติแห่งชาติ
2564,"ไตรมาส 4",ภาคตะวันออกเฉียงเหนือ,นอกเขตเทศบาล,"อุดมศึกษา สายวิชาการศึกษา",73.68,ร้อยละ,สำนักงานสถิติแห่งชาติ
2564,"ไตรมาส 4",ภาคตะวันออกเฉียงเหนือ,นอกเขตเทศบาล,การศึกษาอื่นๆ,.00,ร้อยละ,สำนักงานสถิติแห่งชาติ
2564,"ไตรมาส 4",ภาคตะวันออกเฉียงเหนือ,นอกเขตเทศบาล,ไม่ทราบ,67.19,ร้อยละ,สำนักงานสถิติแห่งชาติ
2564,"ไตรมาส 4",ภาคใต้,รวม,รวม,67.02,ร้อยละ,สำนักงานสถิติแห่งชาติ
2564,"ไตรมาส 4",ภาคใต้,รวม,ไม่มีการศึกษา,43.53,ร้อยละ,สำนักงานสถิติแห่งชาติ
2564,"ไตรมาส 4",ภาคใต้,รวม,ต่ำกว่าประถมศึกษา,51.84,ร้อยละ,สำนักงานสถิติแห่งชาติ
2564,"ไตรมาส 4",ภาคใต้,รวม,ประถมศึกษา,75.67,ร้อยละ,สำนักงานสถิติแห่งชาติ
2564,"ไตรมาส 4",ภาคใต้,รวม,มัธยมศึกษาตอนต้น,61.74,ร้อยละ,สำนักงานสถิติแห่งชาติ
2564,"ไตรมาส 4",ภาคใต้,รวม,"มัธยมศึกษาตอนปลาย สายสามัญ",68.11,ร้อยละ,สำนักงานสถิติแห่งชาติ
2564,"ไตรมาส 4",ภาคใต้,รวม,"มัธยมศึกษาตอนปลาย สายอาชีวศึกษา",72.55,ร้อยละ,สำนักงานสถิติแห่งชาติ
2564,"ไตรมาส 4",ภาคใต้,รวม,"มัธยมศึกษาตอนปลาย สายวิชาการ",48.16,ร้อยละ,สำนักงานสถิติแห่งชาติ
2564,"ไตรมาส 4",ภาคใต้,รวม,"อุดมศึกษา สายวิชาการ",81.13,ร้อยละ,สำนักงานสถิติแห่งชาติ
2564,"ไตรมาส 4",ภาคใต้,รวม,"อุดมศึกษา สายวิชาชีพ",81.14,ร้อยละ,สำนักงานสถิติแห่งชาติ
2564,"ไตรมาส 4",ภาคใต้,รวม,"อุดมศึกษา สายวิชาการศึกษา",71.94,ร้อยละ,สำนักงานสถิติแห่งชาติ
2564,"ไตรมาส 4",ภาคใต้,รวม,การศึกษาอื่นๆ,71.68,ร้อยละ,สำนักงานสถิติแห่งชาติ
2564,"ไตรมาส 4",ภาคใต้,รวม,ไม่ทราบ,77.35,ร้อยละ,สำนักงานสถิติแห่งชาติ
2564,"ไตรมาส 4",ภาคใต้,ในเขตเทศบาล,รวม,63.79,ร้อยละ,สำนักงานสถิติแห่งชาติ
2564,"ไตรมาส 4",ภาคใต้,ในเขตเทศบาล,ไม่มีการศึกษา,45.97,ร้อยละ,สำนักงานสถิติแห่งชาติ
2564,"ไตรมาส 4",ภาคใต้,ในเขตเทศบาล,ต่ำกว่าประถมศึกษา,45.09,ร้อยละ,สำนักงานสถิติแห่งชาติ
2564,"ไตรมาส 4",ภาคใต้,ในเขตเทศบาล,ประถมศึกษา,72.00,ร้อยละ,สำนักงานสถิติแห่งชาติ
2564,"ไตรมาส 4",ภาคใต้,ในเขตเทศบาล,มัธยมศึกษาตอนต้น,57.54,ร้อยละ,สำนักงานสถิติแห่งชาติ
2564,"ไตรมาส 4",ภาคใต้,ในเขตเทศบาล,"มัธยมศึกษาตอนปลาย สายสามัญ",60.26,ร้อยละ,สำนักงานสถิติแห่งชาติ
2564,"ไตรมาส 4",ภาคใต้,ในเขตเทศบาล,"มัธยมศึกษาตอนปลาย สายอาชีวศึกษา",66.56,ร้อยละ,สำนักงานสถิติแห่งชาติ
2564,"ไตรมาส 4",ภาคใต้,ในเขตเทศบาล,"มัธยมศึกษาตอนปลาย สายวิชาการ",50.00,ร้อยละ,สำนักงานสถิติแห่งชาติ
2564,"ไตรมาส 4",ภาคใต้,ในเขตเทศบาล,"อุดมศึกษา สายวิชาการ",80.16,ร้อยละ,สำนักงานสถิติแห่งชาติ
2564,"ไตรมาส 4",ภาคใต้,ในเขตเทศบาล,"อุดมศึกษา สายวิชาชีพ",75.71,ร้อยละ,สำนักงานสถิติแห่งชาติ
2564,"ไตรมาส 4",ภาคใต้,ในเขตเทศบาล,"อุดมศึกษา สายวิชาการศึกษา",62.97,ร้อยละ,สำนักงานสถิติแห่งชาติ
2564,"ไตรมาส 4",ภาคใต้,ในเขตเทศบาล,การศึกษาอื่นๆ,56.87,ร้อยละ,สำนักงานสถิติแห่งชาติ
2564,"ไตรมาส 4",ภาคใต้,ในเขตเทศบาล,ไม่ทราบ,79.36,ร้อยละ,สำนักงานสถิติแห่งชาติ
2564,"ไตรมาส 4",ภาคใต้,นอกเขตเทศบาล,รวม,68.68,ร้อยละ,สำนักงานสถิติแห่งชาติ
2564,"ไตรมาส 4",ภาคใต้,นอกเขตเทศบาล,ไม่มีการศึกษา,42.57,ร้อยละ,สำนักงานสถิติแห่งชาติ
2564,"ไตรมาส 4",ภาคใต้,นอกเขตเทศบาล,ต่ำกว่าประถมศึกษา,54.48,ร้อยละ,สำนักงานสถิติแห่งชาติ
2564,"ไตรมาส 4",ภาคใต้,นอกเขตเทศบาล,ประถมศึกษา,76.99,ร้อยละ,สำนักงานสถิติแห่งชาติ
2564,"ไตรมาส 4",ภาคใต้,นอกเขตเทศบาล,มัธยมศึกษาตอนต้น,63.71,ร้อยละ,สำนักงานสถิติแห่งชาติ
2564,"ไตรมาส 4",ภาคใต้,นอกเขตเทศบาล,"มัธยมศึกษาตอนปลาย สายสามัญ",72.63,ร้อยละ,สำนักงานสถิติแห่งชาติ
2564,"ไตรมาส 4",ภาคใต้,นอกเขตเทศบาล,"มัธยมศึกษาตอนปลาย สายอาชีวศึกษา",76.89,ร้อยละ,สำนักงานสถิติแห่งชาติ
2564,"ไตรมาส 4",ภาคใต้,นอกเขตเทศบาล,"มัธยมศึกษาตอนปลาย สายวิชาการ",46.98,ร้อยละ,สำนักงานสถิติแห่งชาติ
2564,"ไตรมาส 4",ภาคใต้,นอกเขตเทศบาล,"อุดมศึกษา สายวิชาการ",82.06,ร้อยละ,สำนักงานสถิติแห่งชาติ
2564,"ไตรมาส 4",ภาคใต้,นอกเขตเทศบาล,"อุดมศึกษา สายวิชาชีพ",85.11,ร้อยละ,สำนักงานสถิติแห่งชาติ
2564,"ไตรมาส 4",ภาคใต้,นอกเขตเทศบาล,"อุดมศึกษา สายวิชาการศึกษา",79.00,ร้อยละ,สำนักงานสถิติแห่งชาติ
2564,"ไตรมาส 4",ภาคใต้,นอกเขตเทศบาล,การศึกษาอื่นๆ,73.25,ร้อยละ,สำนักงานสถิติแห่งชาติ
2564,"ไตรมาส 4",ภาคใต้,นอกเขตเทศบาล,ไม่ทราบ,71.29,ร้อยละ,สำนักงานสถิติแห่งชาติ
2565,"ไตรมาส 1",ทั่วประเทศ,รวม,รวม,66.16,ร้อยละ,สำนักงานสถิติแห่งชาติ
2565,"ไตรมาส 1",ทั่วประเทศ,รวม,ไม่มีการศึกษา,52.59,ร้อยละ,สำนักงานสถิติแห่งชาติ
2565,"ไตรมาส 1",ทั่วประเทศ,รวม,ต่ำกว่าประถมศึกษา,48.18,ร้อยละ,สำนักงานสถิติแห่งชาติ
2565,"ไตรมาส 1",ทั่วประเทศ,รวม,ประถมศึกษา,73.56,ร้อยละ,สำนักงานสถิติแห่งชาติ
2565,"ไตรมาส 1",ทั่วประเทศ,รวม,มัธยมศึกษาตอนต้น,62.51,ร้อยละ,สำนักงานสถิติแห่งชาติ
2565,"ไตรมาส 1",ทั่วประเทศ,รวม,"มัธยมศึกษาตอนปลาย สายสามัญ",66.92,ร้อยละ,สำนักงานสถิติแห่งชาติ
2565,"ไตรมาส 1",ทั่วประเทศ,รวม,"มัธยมศึกษาตอนปลาย สายอาชีวศึกษา",70.00,ร้อยละ,สำนักงานสถิติแห่งชาติ
2565,"ไตรมาส 1",ทั่วประเทศ,รวม,"มัธยมศึกษาตอนปลาย สายวิชาการ",69.71,ร้อยละ,สำนักงานสถิติแห่งชาติ
2565,"ไตรมาส 1",ทั่วประเทศ,รวม,"อุดมศึกษา สายวิชาการ",81.35,ร้อยละ,สำนักงานสถิติแห่งชาติ
2565,"ไตรมาส 1",ทั่วประเทศ,รวม,"อุดมศึกษา สายวิชาชีพ",83.18,ร้อยละ,สำนักงานสถิติแห่งชาติ
2565,"ไตรมาส 1",ทั่วประเทศ,รวม,"อุดมศึกษา สายวิชาการศึกษา",63.75,ร้อยละ,สำนักงานสถิติแห่งชาติ
2565,"ไตรมาส 1",ทั่วประเทศ,รวม,การศึกษาอื่นๆ,89.99,ร้อยละ,สำนักงานสถิติแห่งชาติ
2565,"ไตรมาส 1",ทั่วประเทศ,รวม,ไม่ทราบ,79.11,ร้อยละ,สำนักงานสถิติแห่งชาติ
2565,"ไตรมาส 1",ทั่วประเทศ,ในเขตเทศบาล,รวม,66.88,ร้อยละ,สำนักงานสถิติแห่งชาติ
2565,"ไตรมาส 1",ทั่วประเทศ,ในเขตเทศบาล,ไม่มีการศึกษา,55.33,ร้อยละ,สำนักงานสถิติแห่งชาติ
2565,"ไตรมาส 1",ทั่วประเทศ,ในเขตเทศบาล,ต่ำกว่าประถมศึกษา,44.97,ร้อยละ,สำนักงานสถิติแห่งชาติ
2565,"ไตรมาส 1",ทั่วประเทศ,ในเขตเทศบาล,ประถมศึกษา,71.73,ร้อยละ,สำนักงานสถิติแห่งชาติ
2565,"ไตรมาส 1",ทั่วประเทศ,ในเขตเทศบาล,มัธยมศึกษาตอนต้น,62.68,ร้อยละ,สำนักงานสถิติแห่งชาติ
2565,"ไตรมาส 1",ทั่วประเทศ,ในเขตเทศบาล,"มัธยมศึกษาตอนปลาย สายสามัญ",64.61,ร้อยละ,สำนักงานสถิติแห่งชาติ
2565,"ไตรมาส 1",ทั่วประเทศ,ในเขตเทศบาล,"มัธยมศึกษาตอนปลาย สายอาชีวศึกษา",70.13,ร้อยละ,สำนักงานสถิติแห่งชาติ
2565,"ไตรมาส 1",ทั่วประเทศ,ในเขตเทศบาล,"มัธยมศึกษาตอนปลาย สายวิชาการ",71.49,ร้อยละ,สำนักงานสถิติแห่งชาติ
2565,"ไตรมาส 1",ทั่วประเทศ,ในเขตเทศบาล,"อุดมศึกษา สายวิชาการ",81.02,ร้อยละ,สำนักงานสถิติแห่งชาติ
2565,"ไตรมาส 1",ทั่วประเทศ,ในเขตเทศบาล,"อุดมศึกษา สายวิชาชีพ",81.93,ร้อยละ,สำนักงานสถิติแห่งชาติ
2565,"ไตรมาส 1",ทั่วประเทศ,ในเขตเทศบาล,"อุดมศึกษา สายวิชาการศึกษา",58.99,ร้อยละ,สำนักงานสถิติแห่งชาติ
2565,"ไตรมาส 1",ทั่วประเทศ,ในเขตเทศบาล,การศึกษาอื่นๆ,94.17,ร้อยละ,สำนักงานสถิติแห่งชาติ
2565,"ไตรมาส 1",ทั่วประเทศ,ในเขตเทศบาล,ไม่ทราบ,77.30,ร้อยละ,สำนักงานสถิติแห่งชาติ
2565,"ไตรมาส 1",ทั่วประเทศ,นอกเขตเทศบาล,รวม,65.56,ร้อยละ,สำนักงานสถิติแห่งชาติ
2565,"ไตรมาส 1",ทั่วประเทศ,นอกเขตเทศบาล,ไม่มีการศึกษา,50.95,ร้อยละ,สำนักงานสถิติแห่งชาติ
2565,"ไตรมาส 1",ทั่วประเทศ,นอกเขตเทศบาล,ต่ำกว่าประถมศึกษา,49.83,ร้อยละ,สำนักงานสถิติแห่งชาติ
2565,"ไตรมาส 1",ทั่วประเทศ,นอกเขตเทศบาล,ประถมศึกษา,74.71,ร้อยละ,สำนักงานสถิติแห่งชาติ
2565,"ไตรมาส 1",ทั่วประเทศ,นอกเขตเทศบาล,มัธยมศึกษาตอนต้น,62.39,ร้อยละ,สำนักงานสถิติแห่งชาติ
2565,"ไตรมาส 1",ทั่วประเทศ,นอกเขตเทศบาล,"มัธยมศึกษาตอนปลาย สายสามัญ",69.21,ร้อยละ,สำนักงานสถิติแห่งชาติ
2565,"ไตรมาส 1",ทั่วประเทศ,นอกเขตเทศบาล,"มัธยมศึกษาตอนปลาย สายอาชีวศึกษา",69.82,ร้อยละ,สำนักงานสถิติแห่งชาติ
2565,"ไตรมาส 1",ทั่วประเทศ,นอกเขตเทศบาล,"มัธยมศึกษาตอนปลาย สายวิชาการ",66.82,ร้อยละ,สำนักงานสถิติแห่งชาติ
2565,"ไตรมาส 1",ทั่วประเทศ,นอกเขตเทศบาล,"อุดมศึกษา สายวิชาการ",82.01,ร้อยละ,สำนักงานสถิติแห่งชาติ
2565,"ไตรมาส 1",ทั่วประเทศ,นอกเขตเทศบาล,"อุดมศึกษา สายวิชาชีพ",84.63,ร้อยละ,สำนักงานสถิติแห่งชาติ
2565,"ไตรมาส 1",ทั่วประเทศ,นอกเขตเทศบาล,"อุดมศึกษา สายวิชาการศึกษา",69.05,ร้อยละ,สำนักงานสถิติแห่งชาติ
2565,"ไตรมาส 1",ทั่วประเทศ,นอกเขตเทศบาล,การศึกษาอื่นๆ,83.83,ร้อยละ,สำนักงานสถิติแห่งชาติ
2565,"ไตรมาส 1",ทั่วประเทศ,นอกเขตเทศบาล,ไม่ทราบ,84.64,ร้อยละ,สำนักงานสถิติแห่งชาติ
2565,"ไตรมาส 1",กรุงเทพมหานคร,ในเขตเทศบาล,รวม,71.59,ร้อยละ,สำนักงานสถิติแห่งชาติ
2565,"ไตรมาส 1",กรุงเทพมหานคร,ในเขตเทศบาล,ไม่มีการศึกษา,52.82,ร้อยละ,สำนักงานสถิติแห่งชาติ
2565,"ไตรมาส 1",กรุงเทพมหานคร,ในเขตเทศบาล,ต่ำกว่าประถมศึกษา,48.24,ร้อยละ,สำนักงานสถิติแห่งชาติ
2565,"ไตรมาส 1",กรุงเทพมหานคร,ในเขตเทศบาล,ประถมศึกษา,74.93,ร้อยละ,สำนักงานสถิติแห่งชาติ
2565,"ไตรมาส 1",กรุงเทพมหานคร,ในเขตเทศบาล,มัธยมศึกษาตอนต้น,69.11,ร้อยละ,สำนักงานสถิติแห่งชาติ
2565,"ไตรมาส 1",กรุงเทพมหานคร,ในเขตเทศบาล,"มัธยมศึกษาตอนปลาย สายสามัญ",66.10,ร้อยละ,สำนักงานสถิติแห่งชาติ
2565,"ไตรมาส 1",กรุงเทพมหานคร,ในเขตเทศบาล,"มัธยมศึกษาตอนปลาย สายอาชีวศึกษา",73.15,ร้อยละ,สำนักงานสถิติแห่งชาติ
2565,"ไตรมาส 1",กรุงเทพมหานคร,ในเขตเทศบาล,"มัธยมศึกษาตอนปลาย สายวิชาการ",100.00,ร้อยละ,สำนักงานสถิติแห่งชาติ
2565,"ไตรมาส 1",กรุงเทพมหานคร,ในเขตเทศบาล,"อุดมศึกษา สายวิชาการ",81.34,ร้อยละ,สำนักงานสถิติแห่งชาติ
2565,"ไตรมาส 1",กรุงเทพมหานคร,ในเขตเทศบาล,"อุดมศึกษา สายวิชาชีพ",80.24,ร้อยละ,สำนักงานสถิติแห่งชาติ
2565,"ไตรมาส 1",กรุงเทพมหานคร,ในเขตเทศบาล,"อุดมศึกษา สายวิชาการศึกษา",53.93,ร้อยละ,สำนักงานสถิติแห่งชาติ
2565,"ไตรมาส 1",กรุงเทพมหานคร,ในเขตเทศบาล,การศึกษาอื่นๆ,100.00,ร้อยละ,สำนักงานสถิติแห่งชาติ
2565,"ไตรมาส 1",กรุงเทพมหานคร,ในเขตเทศบาล,ไม่ทราบ,77.18,ร้อยละ,สำนักงานสถิติแห่งชาติ
2565,"ไตรมาส 1",ภาคกลาง,รวม,รวม,69.54,ร้อยละ,สำนักงานสถิติแห่งชาติ
2565,"ไตรมาส 1",ภาคกลาง,รวม,ไม่มีการศึกษา,63.85,ร้อยละ,สำนักงานสถิติแห่งชาติ
2565,"ไตรมาส 1",ภาคกลาง,รวม,ต่ำกว่าประถมศึกษา,46.47,ร้อยละ,สำนักงานสถิติแห่งชาติ
2565,"ไตรมาส 1",ภาคกลาง,รวม,ประถมศึกษา,74.07,ร้อยละ,สำนักงานสถิติแห่งชาติ
2565,"ไตรมาส 1",ภาคกลาง,รวม,มัธยมศึกษาตอนต้น,68.00,ร้อยละ,สำนักงานสถิติแห่งชาติ
2565,"ไตรมาส 1",ภาคกลาง,รวม,"มัธยมศึกษาตอนปลาย สายสามัญ",71.04,ร้อยละ,สำนักงานสถิติแห่งชาติ
2565,"ไตรมาส 1",ภาคกลาง,รวม,"มัธยมศึกษาตอนปลาย สายอาชีวศึกษา",71.28,ร้อยละ,สำนักงานสถิติแห่งชาติ
2565,"ไตรมาส 1",ภาคกลาง,รวม,"มัธยมศึกษาตอนปลาย สายวิชาการ",41.41,ร้อยละ,สำนักงานสถิติแห่งชาติ
2565,"ไตรมาส 1",ภาคกลาง,รวม,"อุดมศึกษา สายวิชาการ",81.04,ร้อยละ,สำนักงานสถิติแห่งชาติ
2565,"ไตรมาส 1",ภาคกลาง,รวม,"อุดมศึกษา สายวิชาชีพ",85.46,ร้อยละ,สำนักงานสถิติแห่งชาติ
2565,"ไตรมาส 1",ภาคกลาง,รวม,"อุดมศึกษา สายวิชาการศึกษา",65.94,ร้อยละ,สำนักงานสถิติแห่งชาติ
2565,"ไตรมาส 1",ภาคกลาง,รวม,การศึกษาอื่นๆ,95.67,ร้อยละ,สำนักงานสถิติแห่งชาติ
2565,"ไตรมาส 1",ภาคกลาง,รวม,ไม่ทราบ,79.00,ร้อยละ,สำนักงานสถิติแห่งชาติ
2565,"ไตรมาส 1",ภาคกลาง,ในเขตเทศบาล,รวม,69.26,ร้อยละ,สำนักงานสถิติแห่งชาติ
2565,"ไตรมาส 1",ภาคกลาง,ในเขตเทศบาล,ไม่มีการศึกษา,66.26,ร้อยละ,สำนักงานสถิติแห่งชาติ
2565,"ไตรมาส 1",ภาคกลาง,ในเขตเทศบาล,ต่ำกว่าประถมศึกษา,42.77,ร้อยละ,สำนักงานสถิติแห่งชาติ
2565,"ไตรมาส 1",ภาคกลาง,ในเขตเทศบาล,ประถมศึกษา,71.69,ร้อยละ,สำนักงานสถิติแห่งชาติ
2565,"ไตรมาส 1",ภาคกลาง,ในเขตเทศบาล,มัธยมศึกษาตอนต้น,67.55,ร้อยละ,สำนักงานสถิติแห่งชาติ
2565,"ไตรมาส 1",ภาคกลาง,ในเขตเทศบาล,"มัธยมศึกษาตอนปลาย สายสามัญ",69.58,ร้อยละ,สำนักงานสถิติแห่งชาติ
2565,"ไตรมาส 1",ภาคกลาง,ในเขตเทศบาล,"มัธยมศึกษาตอนปลาย สายอาชีวศึกษา",70.79,ร้อยละ,สำนักงานสถิติแห่งชาติ
2565,"ไตรมาส 1",ภาคกลาง,ในเขตเทศบาล,"มัธยมศึกษาตอนปลาย สายวิชาการ",41.10,ร้อยละ,สำนักงานสถิติแห่งชาติ
2565,"ไตรมาส 1",ภาคกลาง,ในเขตเทศบาล,"อุดมศึกษา สายวิชาการ",80.05,ร้อยละ,สำนักงานสถิติแห่งชาติ
2565,"ไตรมาส 1",ภาคกลาง,ในเขตเทศบาล,"อุดมศึกษา สายวิชาชีพ",84.32,ร้อยละ,สำนักงานสถิติแห่งชาติ
2565,"ไตรมาส 1",ภาคกลาง,ในเขตเทศบาล,"อุดมศึกษา สายวิชาการศึกษา",62.55,ร้อยละ,สำนักงานสถิติแห่งชาติ
2565,"ไตรมาส 1",ภาคกลาง,ในเขตเทศบาล,การศึกษาอื่นๆ,95.81,ร้อยละ,สำนักงานสถิติแห่งชาติ
2565,"ไตรมาส 1",ภาคกลาง,ในเขตเทศบาล,ไม่ทราบ,76.51,ร้อยละ,สำนักงานสถิติแห่งชาติ
2565,"ไตรมาส 1",ภาคกลาง,นอกเขตเทศบาล,รวม,69.80,ร้อยละ,สำนักงานสถิติแห่งชาติ
2565,"ไตรมาส 1",ภาคกลาง,นอกเขตเทศบาล,ไม่มีการศึกษา,61.94,ร้อยละ,สำนักงานสถิติแห่งชาติ
2565,"ไตรมาส 1",ภาคกลาง,นอกเขตเทศบาล,ต่ำกว่าประถมศึกษา,48.75,ร้อยละ,สำนักงานสถิติแห่งชาติ
2565,"ไตรมาส 1",ภาคกลาง,นอกเขตเทศบาล,ประถมศึกษา,75.64,ร้อยละ,สำนักงานสถิติแห่งชาติ
2565,"ไตรมาส 1",ภาคกลาง,นอกเขตเทศบาล,มัธยมศึกษาตอนต้น,68.38,ร้อยละ,สำนักงานสถิติแห่งชาติ
2565,"ไตรมาส 1",ภาคกลาง,นอกเขตเทศบาล,"มัธยมศึกษาตอนปลาย สายสามัญ",72.54,ร้อยละ,สำนักงานสถิติแห่งชาติ
2565,"ไตรมาส 1",ภาคกลาง,นอกเขตเทศบาล,"มัธยมศึกษาตอนปลาย สายอาชีวศึกษา",71.77,ร้อยละ,สำนักงานสถิติแห่งชาติ
2565,"ไตรมาส 1",ภาคกลาง,นอกเขตเทศบาล,"มัธยมศึกษาตอนปลาย สายวิชาการ",41.58,ร้อยละ,สำนักงานสถิติแห่งชาติ
2565,"ไตรมาส 1",ภาคกลาง,นอกเขตเทศบาล,"อุดมศึกษา สายวิชาการ",82.38,ร้อยละ,สำนักงานสถิติแห่งชาติ
2565,"ไตรมาส 1",ภาคกลาง,นอกเขตเทศบาล,"อุดมศึกษา สายวิชาชีพ",86.59,ร้อยละ,สำนักงานสถิติแห่งชาติ
2565,"ไตรมาส 1",ภาคกลาง,นอกเขตเทศบาล,"อุดมศึกษา สายวิชาการศึกษา",69.22,ร้อยละ,สำนักงานสถิติแห่งชาติ
2565,"ไตรมาส 1",ภาคกลาง,นอกเขตเทศบาล,การศึกษาอื่นๆ,95.44,ร้อยละ,สำนักงานสถิติแห่งชาติ
2565,"ไตรมาส 1",ภาคกลาง,นอกเขตเทศบาล,ไม่ทราบ,85.56,ร้อยละ,สำนักงานสถิติแห่งชาติ
2565,"ไตรมาส 1",ภาคเหนือ,รวม,รวม,63.90,ร้อยละ,สำนักงานสถิติแห่งชาติ
2565,"ไตรมาส 1",ภาคเหนือ,รวม,ไม่มีการศึกษา,53.47,ร้อยละ,สำนักงานสถิติแห่งชาติ
2565,"ไตรมาส 1",ภาคเหนือ,รวม,ต่ำกว่าประถมศึกษา,52.65,ร้อยละ,สำนักงานสถิติแห่งชาติ
2565,"ไตรมาส 1",ภาคเหนือ,รวม,ประถมศึกษา,73.35,ร้อยละ,สำนักงานสถิติแห่งชาติ
2565,"ไตรมาส 1",ภาคเหนือ,รวม,มัธยมศึกษาตอนต้น,59.69,ร้อยละ,สำนักงานสถิติแห่งชาติ
2565,"ไตรมาส 1",ภาคเหนือ,รวม,"มัธยมศึกษาตอนปลาย สายสามัญ",65.98,ร้อยละ,สำนักงานสถิติแห่งชาติ
2565,"ไตรมาส 1",ภาคเหนือ,รวม,"มัธยมศึกษาตอนปลาย สายอาชีวศึกษา",66.83,ร้อยละ,สำนักงานสถิติแห่งชาติ
2565,"ไตรมาส 1",ภาคเหนือ,รวม,"มัธยมศึกษาตอนปลาย สายวิชาการ",46.56,ร้อยละ,สำนักงานสถิติแห่งชาติ
2565,"ไตรมาส 1",ภาคเหนือ,รวม,"อุดมศึกษา สายวิชาการ",81.94,ร้อยละ,สำนักงานสถิติแห่งชาติ
2565,"ไตรมาส 1",ภาคเหนือ,รวม,"อุดมศึกษา สายวิชาชีพ",82.54,ร้อยละ,สำนักงานสถิติแห่งชาติ
2565,"ไตรมาส 1",ภาคเหนือ,รวม,"อุดมศึกษา สายวิชาการศึกษา",63.81,ร้อยละ,สำนักงานสถิติแห่งชาติ
2565,"ไตรมาส 1",ภาคเหนือ,รวม,การศึกษาอื่นๆ,57.81,ร้อยละ,สำนักงานสถิติแห่งชาติ
2565,"ไตรมาส 1",ภาคเหนือ,รวม,ไม่ทราบ,74.36,ร้อยละ,สำนักงานสถิติแห่งชาติ
2565,"ไตรมาส 1",ภาคเหนือ,ในเขตเทศบาล,รวม,61.62,ร้อยละ,สำนักงานสถิติแห่งชาติ
2565,"ไตรมาส 1",ภาคเหนือ,ในเขตเทศบาล,ไม่มีการศึกษา,51.52,ร้อยละ,สำนักงานสถิติแห่งชาติ
2565,"ไตรมาส 1",ภาคเหนือ,ในเขตเทศบาล,ต่ำกว่าประถมศึกษา,49.50,ร้อยละ,สำนักงานสถิติแห่งชาติ
2565,"ไตรมาส 1",ภาคเหนือ,ในเขตเทศบาล,ประถมศึกษา,67.73,ร้อยละ,สำนักงานสถิติแห่งชาติ
2565,"ไตรมาส 1",ภาคเหนือ,ในเขตเทศบาล,มัธยมศึกษาตอนต้น,52.50,ร้อยละ,สำนักงานสถิติแห่งชาติ
2565,"ไตรมาส 1",ภาคเหนือ,ในเขตเทศบาล,"มัธยมศึกษาตอนปลาย สายสามัญ",58.68,ร้อยละ,สำนักงานสถิติแห่งชาติ
2565,"ไตรมาส 1",ภาคเหนือ,ในเขตเทศบาล,"มัธยมศึกษาตอนปลาย สายอาชีวศึกษา",69.96,ร้อยละ,สำนักงานสถิติแห่งชาติ
2565,"ไตรมาส 1",ภาคเหนือ,ในเขตเทศบาล,"มัธยมศึกษาตอนปลาย สายวิชาการ",46.56,ร้อยละ,สำนักงานสถิติแห่งชาติ
2565,"ไตรมาส 1",ภาคเหนือ,ในเขตเทศบาล,"อุดมศึกษา สายวิชาการ",81.07,ร้อยละ,สำนักงานสถิติแห่งชาติ
2565,"ไตรมาส 1",ภาคเหนือ,ในเขตเทศบาล,"อุดมศึกษา สายวิชาชีพ",79.05,ร้อยละ,สำนักงานสถิติแห่งชาติ
2565,"ไตรมาส 1",ภาคเหนือ,ในเขตเทศบาล,"อุดมศึกษา สายวิชาการศึกษา",62.98,ร้อยละ,สำนักงานสถิติแห่งชาติ
2565,"ไตรมาส 1",ภาคเหนือ,ในเขตเทศบาล,การศึกษาอื่นๆ,65.13,ร้อยละ,สำนักงานสถิติแห่งชาติ
2565,"ไตรมาส 1",ภาคเหนือ,ในเขตเทศบาล,ไม่ทราบ,84.97,ร้อยละ,สำนักงานสถิติแห่งชาติ
2565,"ไตรมาส 1",ภาคเหนือ,นอกเขตเทศบาล,รวม,65.12,ร้อยละ,สำนักงานสถิติแห่งชาติ
2565,"ไตรมาส 1",ภาคเหนือ,นอกเขตเทศบาล,ไม่มีการศึกษา,54.14,ร้อยละ,สำนักงานสถิติแห่งชาติ
2565,"ไตรมาส 1",ภาคเหนือ,นอกเขตเทศบาล,ต่ำกว่าประถมศึกษา,54.00,ร้อยละ,สำนักงานสถิติแห่งชาติ
2565,"ไตรมาส 1",ภาคเหนือ,นอกเขตเทศบาล,ประถมศึกษา,75.52,ร้อยละ,สำนักงานสถิติแห่งชาติ
2565,"ไตรมาส 1",ภาคเหนือ,นอกเขตเทศบาล,มัธยมศึกษาตอนต้น,63.05,ร้อยละ,สำนักงานสถิติแห่งชาติ
2565,"ไตรมาส 1",ภาคเหนือ,นอกเขตเทศบาล,"มัธยมศึกษาตอนปลาย สายสามัญ",70.79,ร้อยละ,สำนักงานสถิติแห่งชาติ
2565,"ไตรมาส 1",ภาคเหนือ,นอกเขตเทศบาล,"มัธยมศึกษาตอนปลาย สายอาชีวศึกษา",64.19,ร้อยละ,สำนักงานสถิติแห่งชาติ
2565,"ไตรมาส 1",ภาคเหนือ,นอกเขตเทศบาล,"มัธยมศึกษาตอนปลาย สายวิชาการ",.00,ร้อยละ,สำนักงานสถิติแห่งชาติ
2565,"ไตรมาส 1",ภาคเหนือ,นอกเขตเทศบาล,"อุดมศึกษา สายวิชาการ",82.95,ร้อยละ,สำนักงานสถิติแห่งชาติ
2565,"ไตรมาส 1",ภาคเหนือ,นอกเขตเทศบาล,"อุดมศึกษา สายวิชาชีพ",85.01,ร้อยละ,สำนักงานสถิติแห่งชาติ
2565,"ไตรมาส 1",ภาคเหนือ,นอกเขตเทศบาล,"อุดมศึกษา สายวิชาการศึกษา",64.89,ร้อยละ,สำนักงานสถิติแห่งชาติ
2565,"ไตรมาส 1",ภาคเหนือ,นอกเขตเทศบาล,การศึกษาอื่นๆ,51.60,ร้อยละ,สำนักงานสถิติแห่งชาติ
2565,"ไตรมาส 1",ภาคเหนือ,นอกเขตเทศบาล,ไม่ทราบ,47.08,ร้อยละ,สำนักงานสถิติแห่งชาติ
2565,"ไตรมาส 1",ภาคตะวันออกเฉียงเหนือ,รวม,รวม,59.94,ร้อยละ,สำนักงานสถิติแห่งชาติ
2565,"ไตรมาส 1",ภาคตะวันออกเฉียงเหนือ,รวม,ไม่มีการศึกษา,25.72,ร้อยละ,สำนักงานสถิติแห่งชาติ
2565,"ไตรมาส 1",ภาคตะวันออกเฉียงเหนือ,รวม,ต่ำกว่าประถมศึกษา,45.13,ร้อยละ,สำนักงานสถิติแห่งชาติ
2565,"ไตรมาส 1",ภาคตะวันออกเฉียงเหนือ,รวม,ประถมศึกษา,72.41,ร้อยละ,สำนักงานสถิติแห่งชาติ
2565,"ไตรมาส 1",ภาคตะวันออกเฉียงเหนือ,รวม,มัธยมศึกษาตอนต้น,54.54,ร้อยละ,สำนักงานสถิติแห่งชาติ
2565,"ไตรมาส 1",ภาคตะวันออกเฉียงเหนือ,รวม,"มัธยมศึกษาตอนปลาย สายสามัญ",62.54,ร้อยละ,สำนักงานสถิติแห่งชาติ
2565,"ไตรมาส 1",ภาคตะวันออกเฉียงเหนือ,รวม,"มัธยมศึกษาตอนปลาย สายอาชีวศึกษา",61.98,ร้อยละ,สำนักงานสถิติแห่งชาติ
2565,"ไตรมาส 1",ภาคตะวันออกเฉียงเหนือ,รวม,"มัธยมศึกษาตอนปลาย สายวิชาการ",82.83,ร้อยละ,สำนักงานสถิติแห่งชาติ
2565,"ไตรมาส 1",ภาคตะวันออกเฉียงเหนือ,รวม,"อุดมศึกษา สายวิชาการ",80.71,ร้อยละ,สำนักงานสถิติแห่งชาติ
2565,"ไตรมาส 1",ภาคตะวันออกเฉียงเหนือ,รวม,"อุดมศึกษา สายวิชาชีพ",80.84,ร้อยละ,สำนักงานสถิติแห่งชาติ
2565,"ไตรมาส 1",ภาคตะวันออกเฉียงเหนือ,รวม,"อุดมศึกษา สายวิชาการศึกษา",64.47,ร้อยละ,สำนักงานสถิติแห่งชาติ
2565,"ไตรมาส 1",ภาคตะวันออกเฉียงเหนือ,รวม,การศึกษาอื่นๆ,.00,ร้อยละ,สำนักงานสถิติแห่งชาติ
2565,"ไตรมาส 1",ภาคตะวันออกเฉียงเหนือ,รวม,ไม่ทราบ,75.04,ร้อยละ,สำนักงานสถิติแห่งชาติ
2565,"ไตรมาส 1",ภาคตะวันออกเฉียงเหนือ,ในเขตเทศบาล,รวม,58.41,ร้อยละ,สำนักงานสถิติแห่งชาติ
2565,"ไตรมาส 1",ภาคตะวันออกเฉียงเหนือ,ในเขตเทศบาล,ไม่มีการศึกษา,25.69,ร้อยละ,สำนักงานสถิติแห่งชาติ
2565,"ไตรมาส 1",ภาคตะวันออกเฉียงเหนือ,ในเขตเทศบาล,ต่ำกว่าประถมศึกษา,41.69,ร้อยละ,สำนักงานสถิติแห่งชาติ
2565,"ไตรมาส 1",ภาคตะวันออกเฉียงเหนือ,ในเขตเทศบาล,ประถมศึกษา,69.56,ร้อยละ,สำนักงานสถิติแห่งชาติ
2565,"ไตรมาส 1",ภาคตะวันออกเฉียงเหนือ,ในเขตเทศบาล,มัธยมศึกษาตอนต้น,51.01,ร้อยละ,สำนักงานสถิติแห่งชาติ
2565,"ไตรมาส 1",ภาคตะวันออกเฉียงเหนือ,ในเขตเทศบาล,"มัธยมศึกษาตอนปลาย สายสามัญ",57.95,ร้อยละ,สำนักงานสถิติแห่งชาติ
2565,"ไตรมาส 1",ภาคตะวันออกเฉียงเหนือ,ในเขตเทศบาล,"มัธยมศึกษาตอนปลาย สายอาชีวศึกษา",56.60,ร้อยละ,สำนักงานสถิติแห่งชาติ
2565,"ไตรมาส 1",ภาคตะวันออกเฉียงเหนือ,ในเขตเทศบาล,"มัธยมศึกษาตอนปลาย สายวิชาการ",73.02,ร้อยละ,สำนักงานสถิติแห่งชาติ
2565,"ไตรมาส 1",ภาคตะวันออกเฉียงเหนือ,ในเขตเทศบาล,"อุดมศึกษา สายวิชาการ",80.33,ร้อยละ,สำนักงานสถิติแห่งชาติ
2565,"ไตรมาส 1",ภาคตะวันออกเฉียงเหนือ,ในเขตเทศบาล,"อุดมศึกษา สายวิชาชีพ",82.63,ร้อยละ,สำนักงานสถิติแห่งชาติ
2565,"ไตรมาส 1",ภาคตะวันออกเฉียงเหนือ,ในเขตเทศบาล,"อุดมศึกษา สายวิชาการศึกษา",57.91,ร้อยละ,สำนักงานสถิติแห่งชาติ
2565,"ไตรมาส 1",ภาคตะวันออกเฉียงเหนือ,ในเขตเทศบาล,การศึกษาอื่นๆ,.00,ร้อยละ,สำนักงานสถิติแห่งชาติ
2565,"ไตรมาส 1",ภาคตะวันออกเฉียงเหนือ,ในเขตเทศบาล,ไม่ทราบ,54.31,ร้อยละ,สำนักงานสถิติแห่งชาติ
2565,"ไตรมาส 1",ภาคตะวันออกเฉียงเหนือ,นอกเขตเทศบาล,รวม,60.58,ร้อยละ,สำนักงานสถิติแห่งชาติ
2565,"ไตรมาส 1",ภาคตะวันออกเฉียงเหนือ,นอกเขตเทศบาล,ไม่มีการศึกษา,25.73,ร้อยละ,สำนักงานสถิติแห่งชาติ
2565,"ไตรมาส 1",ภาคตะวันออกเฉียงเหนือ,นอกเขตเทศบาล,ต่ำกว่าประถมศึกษา,46.33,ร้อยละ,สำนักงานสถิติแห่งชาติ
2565,"ไตรมาส 1",ภาคตะวันออกเฉียงเหนือ,นอกเขตเทศบาล,ประถมศึกษา,73.37,ร้อยละ,สำนักงานสถิติแห่งชาติ
2565,"ไตรมาส 1",ภาคตะวันออกเฉียงเหนือ,นอกเขตเทศบาล,มัธยมศึกษาตอนต้น,55.85,ร้อยละ,สำนักงานสถิติแห่งชาติ
2565,"ไตรมาส 1",ภาคตะวันออกเฉียงเหนือ,นอกเขตเทศบาล,"มัธยมศึกษาตอนปลาย สายสามัญ",64.81,ร้อยละ,สำนักงานสถิติแห่งชาติ
2565,"ไตรมาส 1",ภาคตะวันออกเฉียงเหนือ,นอกเขตเทศบาล,"มัธยมศึกษาตอนปลาย สายอาชีวศึกษา",64.86,ร้อยละ,สำนักงานสถิติแห่งชาติ
2565,"ไตรมาส 1",ภาคตะวันออกเฉียงเหนือ,นอกเขตเทศบาล,"มัธยมศึกษาตอนปลาย สายวิชาการ",100.00,ร้อยละ,สำนักงานสถิติแห่งชาติ
2565,"ไตรมาส 1",ภาคตะวันออกเฉียงเหนือ,นอกเขตเทศบาล,"อุดมศึกษา สายวิชาการ",81.10,ร้อยละ,สำนักงานสถิติแห่งชาติ
2565,"ไตรมาส 1",ภาคตะวันออกเฉียงเหนือ,นอกเขตเทศบาล,"อุดมศึกษา สายวิชาชีพ",79.80,ร้อยละ,สำนักงานสถิติแห่งชาติ
2565,"ไตรมาส 1",ภาคตะวันออกเฉียงเหนือ,นอกเขตเทศบาล,"อุดมศึกษา สายวิชาการศึกษา",69.59,ร้อยละ,สำนักงานสถิติแห่งชาติ
2565,"ไตรมาส 1",ภาคตะวันออกเฉียงเหนือ,นอกเขตเทศบาล,การศึกษาอื่นๆ,.00,ร้อยละ,สำนักงานสถิติแห่งชาติ
2565,"ไตรมาส 1",ภาคตะวันออกเฉียงเหนือ,นอกเขตเทศบาล,ไม่ทราบ,79.30,ร้อยละ,สำนักงานสถิติแห่งชาติ
2565,"ไตรมาส 1",ภาคใต้,รวม,รวม,67.48,ร้อยละ,สำนักงานสถิติแห่งชาติ
2565,"ไตรมาส 1",ภาคใต้,รวม,ไม่มีการศึกษา,49.38,ร้อยละ,สำนักงานสถิติแห่งชาติ
2565,"ไตรมาส 1",ภาคใต้,รวม,ต่ำกว่าประถมศึกษา,53.05,ร้อยละ,สำนักงานสถิติแห่งชาติ
2565,"ไตรมาส 1",ภาคใต้,รวม,ประถมศึกษา,74.14,ร้อยละ,สำนักงานสถิติแห่งชาติ
2565,"ไตรมาส 1",ภาคใต้,รวม,มัธยมศึกษาตอนต้น,61.33,ร้อยละ,สำนักงานสถิติแห่งชาติ
2565,"ไตรมาส 1",ภาคใต้,รวม,"มัธยมศึกษาตอนปลาย สายสามัญ",66.74,ร้อยละ,สำนักงานสถิติแห่งชาติ
2565,"ไตรมาส 1",ภาคใต้,รวม,"มัธยมศึกษาตอนปลาย สายอาชีวศึกษา",73.69,ร้อยละ,สำนักงานสถิติแห่งชาติ
2565,"ไตรมาส 1",ภาคใต้,รวม,"มัธยมศึกษาตอนปลาย สายวิชาการ",71.69,ร้อยละ,สำนักงานสถิติแห่งชาติ
2565,"ไตรมาส 1",ภาคใต้,รวม,"อุดมศึกษา สายวิชาการ",82.28,ร้อยละ,สำนักงานสถิติแห่งชาติ
2565,"ไตรมาส 1",ภาคใต้,รวม,"อุดมศึกษา สายวิชาชีพ",83.18,ร้อยละ,สำนักงานสถิติแห่งชาติ
2565,"ไตรมาส 1",ภาคใต้,รวม,"อุดมศึกษา สายวิชาการศึกษา",64.40,ร้อยละ,สำนักงานสถิติแห่งชาติ
2565,"ไตรมาส 1",ภาคใต้,รวม,การศึกษาอื่นๆ,70.81,ร้อยละ,สำนักงานสถิติแห่งชาติ
2565,"ไตรมาส 1",ภาคใต้,รวม,ไม่ทราบ,84.26,ร้อยละ,สำนักงานสถิติแห่งชาติ
2565,"ไตรมาส 1",ภาคใต้,ในเขตเทศบาล,รวม,65.95,ร้อยละ,สำนักงานสถิติแห่งชาติ
2565,"ไตรมาส 1",ภาคใต้,ในเขตเทศบาล,ไม่มีการศึกษา,55.18,ร้อยละ,สำนักงานสถิติแห่งชาติ
2565,"ไตรมาส 1",ภาคใต้,ในเขตเทศบาล,ต่ำกว่าประถมศึกษา,46.05,ร้อยละ,สำนักงานสถิติแห่งชาติ
2565,"ไตรมาส 1",ภาคใต้,ในเขตเทศบาล,ประถมศึกษา,70.65,ร้อยละ,สำนักงานสถิติแห่งชาติ
2565,"ไตรมาส 1",ภาคใต้,ในเขตเทศบาล,มัธยมศึกษาตอนต้น,56.94,ร้อยละ,สำนักงานสถิติแห่งชาติ
2565,"ไตรมาส 1",ภาคใต้,ในเขตเทศบาล,"มัธยมศึกษาตอนปลาย สายสามัญ",61.29,ร้อยละ,สำนักงานสถิติแห่งชาติ
2565,"ไตรมาส 1",ภาคใต้,ในเขตเทศบาล,"มัธยมศึกษาตอนปลาย สายอาชีวศึกษา",68.91,ร้อยละ,สำนักงานสถิติแห่งชาติ
2565,"ไตรมาส 1",ภาคใต้,ในเขตเทศบาล,"มัธยมศึกษาตอนปลาย สายวิชาการ",47.40,ร้อยละ,สำนักงานสถิติแห่งชาติ
2565,"ไตรมาส 1",ภาคใต้,ในเขตเทศบาล,"อุดมศึกษา สายวิชาการ",83.39,ร้อยละ,สำนักงานสถิติแห่งชาติ
2565,"ไตรมาส 1",ภาคใต้,ในเขตเทศบาล,"อุดมศึกษา สายวิชาชีพ",80.30,ร้อยละ,สำนักงานสถิติแห่งชาติ
2565,"ไตรมาส 1",ภาคใต้,ในเขตเทศบาล,"อุดมศึกษา สายวิชาการศึกษา",55.15,ร้อยละ,สำนักงานสถิติแห่งชาติ
2565,"ไตรมาส 1",ภาคใต้,ในเขตเทศบาล,การศึกษาอื่นๆ,95.74,ร้อยละ,สำนักงานสถิติแห่งชาติ
2565,"ไตรมาส 1",ภาคใต้,ในเขตเทศบาล,ไม่ทราบ,81.73,ร้อยละ,สำนักงานสถิติแห่งชาติ
2565,"ไตรมาส 1",ภาคใต้,นอกเขตเทศบาล,รวม,68.27,ร้อยละ,สำนักงานสถิติแห่งชาติ
2565,"ไตรมาส 1",ภาคใต้,นอกเขตเทศบาล,ไม่มีการศึกษา,47.28,ร้อยละ,สำนักงานสถิติแห่งชาติ
2565,"ไตรมาส 1",ภาคใต้,นอกเขตเทศบาล,ต่ำกว่าประถมศึกษา,55.59,ร้อยละ,สำนักงานสถิติแห่งชาติ
2565,"ไตรมาส 1",ภาคใต้,นอกเขตเทศบาล,ประถมศึกษา,75.45,ร้อยละ,สำนักงานสถิติแห่งชาติ
2565,"ไตรมาส 1",ภาคใต้,นอกเขตเทศบาล,มัธยมศึกษาตอนต้น,63.20,ร้อยละ,สำนักงานสถิติแห่งชาติ
2565,"ไตรมาส 1",ภาคใต้,นอกเขตเทศบาล,"มัธยมศึกษาตอนปลาย สายสามัญ",70.02,ร้อยละ,สำนักงานสถิติแห่งชาติ
2565,"ไตรมาส 1",ภาคใต้,นอกเขตเทศบาล,"มัธยมศึกษาตอนปลาย สายอาชีวศึกษา",77.14,ร้อยละ,สำนักงานสถิติแห่งชาติ
2565,"ไตรมาส 1",ภาคใต้,นอกเขตเทศบาล,"มัธยมศึกษาตอนปลาย สายวิชาการ",100.00,ร้อยละ,สำนักงานสถิติแห่งชาติ
2565,"ไตรมาส 1",ภาคใต้,นอกเขตเทศบาล,"อุดมศึกษา สายวิชาการ",81.17,ร้อยละ,สำนักงานสถิติแห่งชาติ
2565,"ไตรมาส 1",ภาคใต้,นอกเขตเทศบาล,"อุดมศึกษา สายวิชาชีพ",85.49,ร้อยละ,สำนักงานสถิติแห่งชาติ
2565,"ไตรมาส 1",ภาคใต้,นอกเขตเทศบาล,"อุดมศึกษา สายวิชาการศึกษา",71.21,ร้อยละ,สำนักงานสถิติแห่งชาติ
2565,"ไตรมาส 1",ภาคใต้,นอกเขตเทศบาล,การศึกษาอื่นๆ,47.74,ร้อยละ,สำนักงานสถิติแห่งชาติ
2565,"ไตรมาส 1",ภาคใต้,นอกเขตเทศบาล,ไม่ทราบ,87.25,ร้อยละ,สำนักงานสถิติแห่งชาติ
2565,"ไตรมาส 2",ทั่วประเทศ,รวม,รวม,66.59,ร้อยละ,สำนักงานสถิติแห่งชาติ
2565,"ไตรมาส 2",ทั่วประเทศ,รวม,ไม่มีการศึกษา,51.99,ร้อยละ,สำนักงานสถิติแห่งชาติ
2565,"ไตรมาส 2",ทั่วประเทศ,รวม,ต่ำกว่าประถมศึกษา,48.24,ร้อยละ,สำนักงานสถิติแห่งชาติ
2565,"ไตรมาส 2",ทั่วประเทศ,รวม,ประถมศึกษา,75.15,ร้อยละ,สำนักงานสถิติแห่งชาติ
2565,"ไตรมาส 2",ทั่วประเทศ,รวม,มัธยมศึกษาตอนต้น,63.15,ร้อยละ,สำนักงานสถิติแห่งชาติ
2565,"ไตรมาส 2",ทั่วประเทศ,รวม,"มัธยมศึกษาตอนปลาย สายสามัญ",66.51,ร้อยละ,สำนักงานสถิติแห่งชาติ
2565,"ไตรมาส 2",ทั่วประเทศ,รวม,"มัธยมศึกษาตอนปลาย สายอาชีวศึกษา",70.74,ร้อยละ,สำนักงานสถิติแห่งชาติ
2565,"ไตรมาส 2",ทั่วประเทศ,รวม,"มัธยมศึกษาตอนปลาย สายวิชาการ",57.92,ร้อยละ,สำนักงานสถิติแห่งชาติ
2565,"ไตรมาส 2",ทั่วประเทศ,รวม,"อุดมศึกษา สายวิชาการ",81.18,ร้อยละ,สำนักงานสถิติแห่งชาติ
2565,"ไตรมาส 2",ทั่วประเทศ,รวม,"อุดมศึกษา สายวิชาชีพ",83.02,ร้อยละ,สำนักงานสถิติแห่งชาติ
2565,"ไตรมาส 2",ทั่วประเทศ,รวม,"อุดมศึกษา สายวิชาการศึกษา",65.46,ร้อยละ,สำนักงานสถิติแห่งชาติ
2565,"ไตรมาส 2",ทั่วประเทศ,รวม,การศึกษาอื่นๆ,94.96,ร้อยละ,สำนักงานสถิติแห่งชาติ
2565,"ไตรมาส 2",ทั่วประเทศ,รวม,ไม่ทราบ,72.74,ร้อยละ,สำนักงานสถิติแห่งชาติ
2565,"ไตรมาส 2",ทั่วประเทศ,ในเขตเทศบาล,รวม,67.00,ร้อยละ,สำนักงานสถิติแห่งชาติ
2565,"ไตรมาส 2",ทั่วประเทศ,ในเขตเทศบาล,ไม่มีการศึกษา,54.17,ร้อยละ,สำนักงานสถิติแห่งชาติ
2565,"ไตรมาส 2",ทั่วประเทศ,ในเขตเทศบาล,ต่ำกว่าประถมศึกษา,45.08,ร้อยละ,สำนักงานสถิติแห่งชาติ
2565,"ไตรมาส 2",ทั่วประเทศ,ในเขตเทศบาล,ประถมศึกษา,72.92,ร้อยละ,สำนักงานสถิติแห่งชาติ
2565,"ไตรมาส 2",ทั่วประเทศ,ในเขตเทศบาล,มัธยมศึกษาตอนต้น,62.79,ร้อยละ,สำนักงานสถิติแห่งชาติ
2565,"ไตรมาส 2",ทั่วประเทศ,ในเขตเทศบาล,"มัธยมศึกษาตอนปลาย สายสามัญ",64.10,ร้อยละ,สำนักงานสถิติแห่งชาติ
2565,"ไตรมาส 2",ทั่วประเทศ,ในเขตเทศบาล,"มัธยมศึกษาตอนปลาย สายอาชีวศึกษา",70.04,ร้อยละ,สำนักงานสถิติแห่งชาติ
2565,"ไตรมาส 2",ทั่วประเทศ,ในเขตเทศบาล,"มัธยมศึกษาตอนปลาย สายวิชาการ",52.77,ร้อยละ,สำนักงานสถิติแห่งชาติ
2565,"ไตรมาส 2",ทั่วประเทศ,ในเขตเทศบาล,"อุดมศึกษา สายวิชาการ",81.16,ร้อยละ,สำนักงานสถิติแห่งชาติ
2565,"ไตรมาส 2",ทั่วประเทศ,ในเขตเทศบาล,"อุดมศึกษา สายวิชาชีพ",81.30,ร้อยละ,สำนักงานสถิติแห่งชาติ
2565,"ไตรมาส 2",ทั่วประเทศ,ในเขตเทศบาล,"อุดมศึกษา สายวิชาการศึกษา",60.57,ร้อยละ,สำนักงานสถิติแห่งชาติ
2565,"ไตรมาส 2",ทั่วประเทศ,ในเขตเทศบาล,การศึกษาอื่นๆ,95.33,ร้อยละ,สำนักงานสถิติแห่งชาติ
2565,"ไตรมาส 2",ทั่วประเทศ,ในเขตเทศบาล,ไม่ทราบ,72.68,ร้อยละ,สำนักงานสถิติแห่งชาติ
2565,"ไตรมาส 2",ทั่วประเทศ,นอกเขตเทศบาล,รวม,66.23,ร้อยละ,สำนักงานสถิติแห่งชาติ
2565,"ไตรมาส 2",ทั่วประเทศ,นอกเขตเทศบาล,ไม่มีการศึกษา,50.64,ร้อยละ,สำนักงานสถิติแห่งชาติ
2565,"ไตรมาส 2",ทั่วประเทศ,นอกเขตเทศบาล,ต่ำกว่าประถมศึกษา,49.90,ร้อยละ,สำนักงานสถิติแห่งชาติ
2565,"ไตรมาส 2",ทั่วประเทศ,นอกเขตเทศบาล,ประถมศึกษา,76.58,ร้อยละ,สำนักงานสถิติแห่งชาติ
2565,"ไตรมาส 2",ทั่วประเทศ,นอกเขตเทศบาล,มัธยมศึกษาตอนต้น,63.43,ร้อยละ,สำนักงานสถิติแห่งชาติ
2565,"ไตรมาส 2",ทั่วประเทศ,นอกเขตเทศบาล,"มัธยมศึกษาตอนปลาย สายสามัญ",68.75,ร้อยละ,สำนักงานสถิติแห่งชาติ
2565,"ไตรมาส 2",ทั่วประเทศ,นอกเขตเทศบาล,"มัธยมศึกษาตอนปลาย สายอาชีวศึกษา",71.61,ร้อยละ,สำนักงานสถิติแห่งชาติ
2565,"ไตรมาส 2",ทั่วประเทศ,นอกเขตเทศบาล,"มัธยมศึกษาตอนปลาย สายวิชาการ",73.81,ร้อยละ,สำนักงานสถิติแห่งชาติ
2565,"ไตรมาส 2",ทั่วประเทศ,นอกเขตเทศบาล,"อุดมศึกษา สายวิชาการ",81.23,ร้อยละ,สำนักงานสถิติแห่งชาติ
2565,"ไตรมาส 2",ทั่วประเทศ,นอกเขตเทศบาล,"อุดมศึกษา สายวิชาชีพ",85.03,ร้อยละ,สำนักงานสถิติแห่งชาติ
2565,"ไตรมาส 2",ทั่วประเทศ,นอกเขตเทศบาล,"อุดมศึกษา สายวิชาการศึกษา",70.75,ร้อยละ,สำนักงานสถิติแห่งชาติ
2565,"ไตรมาส 2",ทั่วประเทศ,นอกเขตเทศบาล,การศึกษาอื่นๆ,94.55,ร้อยละ,สำนักงานสถิติแห่งชาติ
2565,"ไตรมาส 2",ทั่วประเทศ,นอกเขตเทศบาล,ไม่ทราบ,72.94,ร้อยละ,สำนักงานสถิติแห่งชาติ
2565,"ไตรมาส 2",กรุงเทพมหานคร,ในเขตเทศบาล,รวม,71.63,ร้อยละ,สำนักงานสถิติแห่งชาติ
2565,"ไตรมาส 2",กรุงเทพมหานคร,ในเขตเทศบาล,ไม่มีการศึกษา,52.96,ร้อยละ,สำนักงานสถิติแห่งชาติ
2565,"ไตรมาส 2",กรุงเทพมหานคร,ในเขตเทศบาล,ต่ำกว่าประถมศึกษา,47.00,ร้อยละ,สำนักงานสถิติแห่งชาติ
2565,"ไตรมาส 2",กรุงเทพมหานคร,ในเขตเทศบาล,ประถมศึกษา,76.29,ร้อยละ,สำนักงานสถิติแห่งชาติ
2565,"ไตรมาส 2",กรุงเทพมหานคร,ในเขตเทศบาล,มัธยมศึกษาตอนต้น,68.38,ร้อยละ,สำนักงานสถิติแห่งชาติ
2565,"ไตรมาส 2",กรุงเทพมหานคร,ในเขตเทศบาล,"มัธยมศึกษาตอนปลาย สายสามัญ",67.20,ร้อยละ,สำนักงานสถิติแห่งชาติ
2565,"ไตรมาส 2",กรุงเทพมหานคร,ในเขตเทศบาล,"มัธยมศึกษาตอนปลาย สายอาชีวศึกษา",72.57,ร้อยละ,สำนักงานสถิติแห่งชาติ
2565,"ไตรมาส 2",กรุงเทพมหานคร,ในเขตเทศบาล,"มัธยมศึกษาตอนปลาย สายวิชาการ",100.00,ร้อยละ,สำนักงานสถิติแห่งชาติ
2565,"ไตรมาส 2",กรุงเทพมหานคร,ในเขตเทศบาล,"อุดมศึกษา สายวิชาการ",80.48,ร้อยละ,สำนักงานสถิติแห่งชาติ
2565,"ไตรมาส 2",กรุงเทพมหานคร,ในเขตเทศบาล,"อุดมศึกษา สายวิชาชีพ",77.75,ร้อยละ,สำนักงานสถิติแห่งชาติ
2565,"ไตรมาส 2",กรุงเทพมหานคร,ในเขตเทศบาล,"อุดมศึกษา สายวิชาการศึกษา",61.99,ร้อยละ,สำนักงานสถิติแห่งชาติ
2565,"ไตรมาส 2",กรุงเทพมหานคร,ในเขตเทศบาล,การศึกษาอื่นๆ,100.00,ร้อยละ,สำนักงานสถิติแห่งชาติ
2565,"ไตรมาส 2",กรุงเทพมหานคร,ในเขตเทศบาล,ไม่ทราบ,81.62,ร้อยละ,สำนักงานสถิติแห่งชาติ
2565,"ไตรมาส 2",ภาคกลาง,รวม,รวม,69.36,ร้อยละ,สำนักงานสถิติแห่งชาติ
2565,"ไตรมาส 2",ภาคกลาง,รวม,ไม่มีการศึกษา,62.79,ร้อยละ,สำนักงานสถิติแห่งชาติ
2565,"ไตรมาส 2",ภาคกลาง,รวม,ต่ำกว่าประถมศึกษา,45.09,ร้อยละ,สำนักงานสถิติแห่งชาติ
2565,"ไตรมาส 2",ภาคกลาง,รวม,ประถมศึกษา,74.31,ร้อยละ,สำนักงานสถิติแห่งชาติ
2565,"ไตรมาส 2",ภาคกลาง,รวม,มัธยมศึกษาตอนต้น,68.42,ร้อยละ,สำนักงานสถิติแห่งชาติ
2565,"ไตรมาส 2",ภาคกลาง,รวม,"มัธยมศึกษาตอนปลาย สายสามัญ",69.03,ร้อยละ,สำนักงานสถิติแห่งชาติ
2565,"ไตรมาส 2",ภาคกลาง,รวม,"มัธยมศึกษาตอนปลาย สายอาชีวศึกษา",72.67,ร้อยละ,สำนักงานสถิติแห่งชาติ
2565,"ไตรมาส 2",ภาคกลาง,รวม,"มัธยมศึกษาตอนปลาย สายวิชาการ",78.03,ร้อยละ,สำนักงานสถิติแห่งชาติ
2565,"ไตรมาส 2",ภาคกลาง,รวม,"อุดมศึกษา สายวิชาการ",81.82,ร้อยละ,สำนักงานสถิติแห่งชาติ
2565,"ไตรมาส 2",ภาคกลาง,รวม,"อุดมศึกษา สายวิชาชีพ",86.74,ร้อยละ,สำนักงานสถิติแห่งชาติ
2565,"ไตรมาส 2",ภาคกลาง,รวม,"อุดมศึกษา สายวิชาการศึกษา",64.30,ร้อยละ,สำนักงานสถิติแห่งชาติ
2565,"ไตรมาส 2",ภาคกลาง,รวม,การศึกษาอื่นๆ,98.24,ร้อยละ,สำนักงานสถิติแห่งชาติ
2565,"ไตรมาส 2",ภาคกลาง,รวม,ไม่ทราบ,72.56,ร้อยละ,สำนักงานสถิติแห่งชาติ
2565,"ไตรมาส 2",ภาคกลาง,ในเขตเทศบาล,รวม,68.80,ร้อยละ,สำนักงานสถิติแห่งชาติ
2565,"ไตรมาส 2",ภาคกลาง,ในเขตเทศบาล,ไม่มีการศึกษา,63.02,ร้อยละ,สำนักงานสถิติแห่งชาติ
2565,"ไตรมาส 2",ภาคกลาง,ในเขตเทศบาล,ต่ำกว่าประถมศึกษา,41.91,ร้อยละ,สำนักงานสถิติแห่งชาติ
2565,"ไตรมาส 2",ภาคกลาง,ในเขตเทศบาล,ประถมศึกษา,72.14,ร้อยละ,สำนักงานสถิติแห่งชาติ
2565,"ไตรมาส 2",ภาคกลาง,ในเขตเทศบาล,มัธยมศึกษาตอนต้น,67.54,ร้อยละ,สำนักงานสถิติแห่งชาติ
2565,"ไตรมาส 2",ภาคกลาง,ในเขตเทศบาล,"มัธยมศึกษาตอนปลาย สายสามัญ",67.45,ร้อยละ,สำนักงานสถิติแห่งชาติ
2565,"ไตรมาส 2",ภาคกลาง,ในเขตเทศบาล,"มัธยมศึกษาตอนปลาย สายอาชีวศึกษา",70.88,ร้อยละ,สำนักงานสถิติแห่งชาติ
2565,"ไตรมาส 2",ภาคกลาง,ในเขตเทศบาล,"มัธยมศึกษาตอนปลาย สายวิชาการ",78.12,ร้อยละ,สำนักงานสถิติแห่งชาติ
2565,"ไตรมาส 2",ภาคกลาง,ในเขตเทศบาล,"อุดมศึกษา สายวิชาการ",81.56,ร้อยละ,สำนักงานสถิติแห่งชาติ
2565,"ไตรมาส 2",ภาคกลาง,ในเขตเทศบาล,"อุดมศึกษา สายวิชาชีพ",84.13,ร้อยละ,สำนักงานสถิติแห่งชาติ
2565,"ไตรมาส 2",ภาคกลาง,ในเขตเทศบาล,"อุดมศึกษา สายวิชาการศึกษา",59.88,ร้อยละ,สำนักงานสถิติแห่งชาติ
2565,"ไตรมาส 2",ภาคกลาง,ในเขตเทศบาล,การศึกษาอื่นๆ,97.74,ร้อยละ,สำนักงานสถิติแห่งชาติ
2565,"ไตรมาส 2",ภาคกลาง,ในเขตเทศบาล,ไม่ทราบ,69.01,ร้อยละ,สำนักงานสถิติแห่งชาติ
2565,"ไตรมาส 2",ภาคกลาง,นอกเขตเทศบาล,รวม,69.86,ร้อยละ,สำนักงานสถิติแห่งชาติ
2565,"ไตรมาส 2",ภาคกลาง,นอกเขตเทศบาล,ไม่มีการศึกษา,62.57,ร้อยละ,สำนักงานสถิติแห่งชาติ
2565,"ไตรมาส 2",ภาคกลาง,นอกเขตเทศบาล,ต่ำกว่าประถมศึกษา,47.16,ร้อยละ,สำนักงานสถิติแห่งชาติ
2565,"ไตรมาส 2",ภาคกลาง,นอกเขตเทศบาล,ประถมศึกษา,75.82,ร้อยละ,สำนักงานสถิติแห่งชาติ
2565,"ไตรมาส 2",ภาคกลาง,นอกเขตเทศบาล,มัธยมศึกษาตอนต้น,69.12,ร้อยละ,สำนักงานสถิติแห่งชาติ
2565,"ไตรมาส 2",ภาคกลาง,นอกเขตเทศบาล,"มัธยมศึกษาตอนปลาย สายสามัญ",70.51,ร้อยละ,สำนักงานสถิติแห่งชาติ
2565,"ไตรมาส 2",ภาคกลาง,นอกเขตเทศบาล,"มัธยมศึกษาตอนปลาย สายอาชีวศึกษา",74.50,ร้อยละ,สำนักงานสถิติแห่งชาติ
2565,"ไตรมาส 2",ภาคกลาง,นอกเขตเทศบาล,"มัธยมศึกษาตอนปลาย สายวิชาการ",77.89,ร้อยละ,สำนักงานสถิติแห่งชาติ
2565,"ไตรมาส 2",ภาคกลาง,นอกเขตเทศบาล,"อุดมศึกษา สายวิชาการ",82.17,ร้อยละ,สำนักงานสถิติแห่งชาติ
2565,"ไตรมาส 2",ภาคกลาง,นอกเขตเทศบาล,"อุดมศึกษา สายวิชาชีพ",89.51,ร้อยละ,สำนักงานสถิติแห่งชาติ
2565,"ไตรมาส 2",ภาคกลาง,นอกเขตเทศบาล,"อุดมศึกษา สายวิชาการศึกษา",68.93,ร้อยละ,สำนักงานสถิติแห่งชาติ
2565,"ไตรมาส 2",ภาคกลาง,นอกเขตเทศบาล,การศึกษาอื่นๆ,98.73,ร้อยละ,สำนักงานสถิติแห่งชาติ
2565,"ไตรมาส 2",ภาคกลาง,นอกเขตเทศบาล,ไม่ทราบ,84.12,ร้อยละ,สำนักงานสถิติแห่งชาติ
2565,"ไตรมาส 2",ภาคเหนือ,รวม,รวม,63.83,ร้อยละ,สำนักงานสถิติแห่งชาติ
2565,"ไตรมาส 2",ภาคเหนือ,รวม,ไม่มีการศึกษา,53.22,ร้อยละ,สำนักงานสถิติแห่งชาติ
2565,"ไตรมาส 2",ภาคเหนือ,รวม,ต่ำกว่าประถมศึกษา,51.41,ร้อยละ,สำนักงานสถิติแห่งชาติ
2565,"ไตรมาส 2",ภาคเหนือ,รวม,ประถมศึกษา,75.81,ร้อยละ,สำนักงานสถิติแห่งชาติ
2565,"ไตรมาส 2",ภาคเหนือ,รวม,มัธยมศึกษาตอนต้น,58.87,ร้อยละ,สำนักงานสถิติแห่งชาติ
2565,"ไตรมาส 2",ภาคเหนือ,รวม,"มัธยมศึกษาตอนปลาย สายสามัญ",64.82,ร้อยละ,สำนักงานสถิติแห่งชาติ
2565,"ไตรมาส 2",ภาคเหนือ,รวม,"มัธยมศึกษาตอนปลาย สายอาชีวศึกษา",67.28,ร้อยละ,สำนักงานสถิติแห่งชาติ
2565,"ไตรมาส 2",ภาคเหนือ,รวม,"มัธยมศึกษาตอนปลาย สายวิชาการ",14.18,ร้อยละ,สำนักงานสถิติแห่งชาติ
2565,"ไตรมาส 2",ภาคเหนือ,รวม,"อุดมศึกษา สายวิชาการ",82.08,ร้อยละ,สำนักงานสถิติแห่งชาติ
2565,"ไตรมาส 2",ภาคเหนือ,รวม,"อุดมศึกษา สายวิชาชีพ",79.81,ร้อยละ,สำนักงานสถิติแห่งชาติ
2565,"ไตรมาส 2",ภาคเหนือ,รวม,"อุดมศึกษา สายวิชาการศึกษา",65.27,ร้อยละ,สำนักงานสถิติแห่งชาติ
2565,"ไตรมาส 2",ภาคเหนือ,รวม,การศึกษาอื่นๆ,73.05,ร้อยละ,สำนักงานสถิติแห่งชาติ
2565,"ไตรมาส 2",ภาคเหนือ,รวม,ไม่ทราบ,38.30,ร้อยละ,สำนักงานสถิติแห่งชาติ
2565,"ไตรมาส 2",ภาคเหนือ,ในเขตเทศบาล,รวม,61.16,ร้อยละ,สำนักงานสถิติแห่งชาติ
2565,"ไตรมาส 2",ภาคเหนือ,ในเขตเทศบาล,ไม่มีการศึกษา,49.19,ร้อยละ,สำนักงานสถิติแห่งชาติ
2565,"ไตรมาส 2",ภาคเหนือ,ในเขตเทศบาล,ต่ำกว่าประถมศึกษา,47.34,ร้อยละ,สำนักงานสถิติแห่งชาติ
2565,"ไตรมาส 2",ภาคเหนือ,ในเขตเทศบาล,ประถมศึกษา,67.97,ร้อยละ,สำนักงานสถิติแห่งชาติ
2565,"ไตรมาส 2",ภาคเหนือ,ในเขตเทศบาล,มัธยมศึกษาตอนต้น,53.88,ร้อยละ,สำนักงานสถิติแห่งชาติ
2565,"ไตรมาส 2",ภาคเหนือ,ในเขตเทศบาล,"มัธยมศึกษาตอนปลาย สายสามัญ",58.38,ร้อยละ,สำนักงานสถิติแห่งชาติ
2565,"ไตรมาส 2",ภาคเหนือ,ในเขตเทศบาล,"มัธยมศึกษาตอนปลาย สายอาชีวศึกษา",67.51,ร้อยละ,สำนักงานสถิติแห่งชาติ
2565,"ไตรมาส 2",ภาคเหนือ,ในเขตเทศบาล,"มัธยมศึกษาตอนปลาย สายวิชาการ",16.51,ร้อยละ,สำนักงานสถิติแห่งชาติ
2565,"ไตรมาส 2",ภาคเหนือ,ในเขตเทศบาล,"อุดมศึกษา สายวิชาการ",80.74,ร้อยละ,สำนักงานสถิติแห่งชาติ
2565,"ไตรมาส 2",ภาคเหนือ,ในเขตเทศบาล,"อุดมศึกษา สายวิชาชีพ",78.62,ร้อยละ,สำนักงานสถิติแห่งชาติ
2565,"ไตรมาส 2",ภาคเหนือ,ในเขตเทศบาล,"อุดมศึกษา สายวิชาการศึกษา",61.87,ร้อยละ,สำนักงานสถิติแห่งชาติ
2565,"ไตรมาส 2",ภาคเหนือ,ในเขตเทศบาล,การศึกษาอื่นๆ,72.87,ร้อยละ,สำนักงานสถิติแห่งชาติ
2565,"ไตรมาส 2",ภาคเหนือ,ในเขตเทศบาล,ไม่ทราบ,40.46,ร้อยละ,สำนักงานสถิติแห่งชาติ
2565,"ไตรมาส 2",ภาคเหนือ,นอกเขตเทศบาล,รวม,65.26,ร้อยละ,สำนักงานสถิติแห่งชาติ
2565,"ไตรมาส 2",ภาคเหนือ,นอกเขตเทศบาล,ไม่มีการศึกษา,54.45,ร้อยละ,สำนักงานสถิติแห่งชาติ
2565,"ไตรมาส 2",ภาคเหนือ,นอกเขตเทศบาล,ต่ำกว่าประถมศึกษา,53.19,ร้อยละ,สำนักงานสถิติแห่งชาติ
2565,"ไตรมาส 2",ภาคเหนือ,นอกเขตเทศบาล,ประถมศึกษา,78.86,ร้อยละ,สำนักงานสถิติแห่งชาติ
2565,"ไตรมาส 2",ภาคเหนือ,นอกเขตเทศบาล,มัธยมศึกษาตอนต้น,61.21,ร้อยละ,สำนักงานสถิติแห่งชาติ
2565,"ไตรมาส 2",ภาคเหนือ,นอกเขตเทศบาล,"มัธยมศึกษาตอนปลาย สายสามัญ",69.07,ร้อยละ,สำนักงานสถิติแห่งชาติ
2565,"ไตรมาส 2",ภาคเหนือ,นอกเขตเทศบาล,"มัธยมศึกษาตอนปลาย สายอาชีวศึกษา",67.11,ร้อยละ,สำนักงานสถิติแห่งชาติ
2565,"ไตรมาส 2",ภาคเหนือ,นอกเขตเทศบาล,"มัธยมศึกษาตอนปลาย สายวิชาการ",.00,ร้อยละ,สำนักงานสถิติแห่งชาติ
2565,"ไตรมาส 2",ภาคเหนือ,นอกเขตเทศบาล,"อุดมศึกษา สายวิชาการ",83.62,ร้อยละ,สำนักงานสถิติแห่งชาติ
2565,"ไตรมาส 2",ภาคเหนือ,นอกเขตเทศบาล,"อุดมศึกษา สายวิชาชีพ",80.62,ร้อยละ,สำนักงานสถิติแห่งชาติ
2565,"ไตรมาส 2",ภาคเหนือ,นอกเขตเทศบาล,"อุดมศึกษา สายวิชาการศึกษา",69.06,ร้อยละ,สำนักงานสถิติแห่งชาติ
2565,"ไตรมาส 2",ภาคเหนือ,นอกเขตเทศบาล,การศึกษาอื่นๆ,73.30,ร้อยละ,สำนักงานสถิติแห่งชาติ
2565,"ไตรมาส 2",ภาคเหนือ,นอกเขตเทศบาล,ไม่ทราบ,.00,ร้อยละ,สำนักงานสถิติแห่งชาติ
2565,"ไตรมาส 2",ภาคตะวันออกเฉียงเหนือ,รวม,รวม,61.73,ร้อยละ,สำนักงานสถิติแห่งชาติ
2565,"ไตรมาส 2",ภาคตะวันออกเฉียงเหนือ,รวม,ไม่มีการศึกษา,25.81,ร้อยละ,สำนักงานสถิติแห่งชาติ
2565,"ไตรมาส 2",ภาคตะวันออกเฉียงเหนือ,รวม,ต่ำกว่าประถมศึกษา,47.11,ร้อยละ,สำนักงานสถิติแห่งชาติ
2565,"ไตรมาส 2",ภาคตะวันออกเฉียงเหนือ,รวม,ประถมศึกษา,74.59,ร้อยละ,สำนักงานสถิติแห่งชาติ
2565,"ไตรมาส 2",ภาคตะวันออกเฉียงเหนือ,รวม,มัธยมศึกษาตอนต้น,56.80,ร้อยละ,สำนักงานสถิติแห่งชาติ
2565,"ไตรมาส 2",ภาคตะวันออกเฉียงเหนือ,รวม,"มัธยมศึกษาตอนปลาย สายสามัญ",63.79,ร้อยละ,สำนักงานสถิติแห่งชาติ
2565,"ไตรมาส 2",ภาคตะวันออกเฉียงเหนือ,รวม,"มัธยมศึกษาตอนปลาย สายอาชีวศึกษา",65.67,ร้อยละ,สำนักงานสถิติแห่งชาติ
2565,"ไตรมาส 2",ภาคตะวันออกเฉียงเหนือ,รวม,"มัธยมศึกษาตอนปลาย สายวิชาการ",70.02,ร้อยละ,สำนักงานสถิติแห่งชาติ
2565,"ไตรมาส 2",ภาคตะวันออกเฉียงเหนือ,รวม,"อุดมศึกษา สายวิชาการ",80.50,ร้อยละ,สำนักงานสถิติแห่งชาติ
2565,"ไตรมาส 2",ภาคตะวันออกเฉียงเหนือ,รวม,"อุดมศึกษา สายวิชาชีพ",81.74,ร้อยละ,สำนักงานสถิติแห่งชาติ
2565,"ไตรมาส 2",ภาคตะวันออกเฉียงเหนือ,รวม,"อุดมศึกษา สายวิชาการศึกษา",67.05,ร้อยละ,สำนักงานสถิติแห่งชาติ
2565,"ไตรมาส 2",ภาคตะวันออกเฉียงเหนือ,รวม,การศึกษาอื่นๆ,.00,ร้อยละ,สำนักงานสถิติแห่งชาติ
2565,"ไตรมาส 2",ภาคตะวันออกเฉียงเหนือ,รวม,ไม่ทราบ,9.76,ร้อยละ,สำนักงานสถิติแห่งชาติ
2565,"ไตรมาส 2",ภาคตะวันออกเฉียงเหนือ,ในเขตเทศบาล,รวม,60.21,ร้อยละ,สำนักงานสถิติแห่งชาติ
2565,"ไตรมาส 2",ภาคตะวันออกเฉียงเหนือ,ในเขตเทศบาล,ไม่มีการศึกษา,26.40,ร้อยละ,สำนักงานสถิติแห่งชาติ
2565,"ไตรมาส 2",ภาคตะวันออกเฉียงเหนือ,ในเขตเทศบาล,ต่ำกว่าประถมศึกษา,44.48,ร้อยละ,สำนักงานสถิติแห่งชาติ
2565,"ไตรมาส 2",ภาคตะวันออกเฉียงเหนือ,ในเขตเทศบาล,ประถมศึกษา,72.08,ร้อยละ,สำนักงานสถิติแห่งชาติ
2565,"ไตรมาส 2",ภาคตะวันออกเฉียงเหนือ,ในเขตเทศบาล,มัธยมศึกษาตอนต้น,52.09,ร้อยละ,สำนักงานสถิติแห่งชาติ
2565,"ไตรมาส 2",ภาคตะวันออกเฉียงเหนือ,ในเขตเทศบาล,"มัธยมศึกษาตอนปลาย สายสามัญ",58.32,ร้อยละ,สำนักงานสถิติแห่งชาติ
2565,"ไตรมาส 2",ภาคตะวันออกเฉียงเหนือ,ในเขตเทศบาล,"มัธยมศึกษาตอนปลาย สายอาชีวศึกษา",60.06,ร้อยละ,สำนักงานสถิติแห่งชาติ
2565,"ไตรมาส 2",ภาคตะวันออกเฉียงเหนือ,ในเขตเทศบาล,"มัธยมศึกษาตอนปลาย สายวิชาการ",70.02,ร้อยละ,สำนักงานสถิติแห่งชาติ
2565,"ไตรมาส 2",ภาคตะวันออกเฉียงเหนือ,ในเขตเทศบาล,"อุดมศึกษา สายวิชาการ",82.88,ร้อยละ,สำนักงานสถิติแห่งชาติ
2565,"ไตรมาส 2",ภาคตะวันออกเฉียงเหนือ,ในเขตเทศบาล,"อุดมศึกษา สายวิชาชีพ",83.06,ร้อยละ,สำนักงานสถิติแห่งชาติ
2565,"ไตรมาส 2",ภาคตะวันออกเฉียงเหนือ,ในเขตเทศบาล,"อุดมศึกษา สายวิชาการศึกษา",58.87,ร้อยละ,สำนักงานสถิติแห่งชาติ
2565,"ไตรมาส 2",ภาคตะวันออกเฉียงเหนือ,ในเขตเทศบาล,การศึกษาอื่นๆ,.00,ร้อยละ,สำนักงานสถิติแห่งชาติ
2565,"ไตรมาส 2",ภาคตะวันออกเฉียงเหนือ,ในเขตเทศบาล,ไม่ทราบ,28.67,ร้อยละ,สำนักงานสถิติแห่งชาติ
2565,"ไตรมาส 2",ภาคตะวันออกเฉียงเหนือ,นอกเขตเทศบาล,รวม,62.37,ร้อยละ,สำนักงานสถิติแห่งชาติ
2565,"ไตรมาส 2",ภาคตะวันออกเฉียงเหนือ,นอกเขตเทศบาล,ไม่มีการศึกษา,25.61,ร้อยละ,สำนักงานสถิติแห่งชาติ
2565,"ไตรมาส 2",ภาคตะวันออกเฉียงเหนือ,นอกเขตเทศบาล,ต่ำกว่าประถมศึกษา,48.03,ร้อยละ,สำนักงานสถิติแห่งชาติ
2565,"ไตรมาส 2",ภาคตะวันออกเฉียงเหนือ,นอกเขตเทศบาล,ประถมศึกษา,75.43,ร้อยละ,สำนักงานสถิติแห่งชาติ
2565,"ไตรมาส 2",ภาคตะวันออกเฉียงเหนือ,นอกเขตเทศบาล,มัธยมศึกษาตอนต้น,58.53,ร้อยละ,สำนักงานสถิติแห่งชาติ
2565,"ไตรมาส 2",ภาคตะวันออกเฉียงเหนือ,นอกเขตเทศบาล,"มัธยมศึกษาตอนปลาย สายสามัญ",66.50,ร้อยละ,สำนักงานสถิติแห่งชาติ
2565,"ไตรมาส 2",ภาคตะวันออกเฉียงเหนือ,นอกเขตเทศบาล,"มัธยมศึกษาตอนปลาย สายอาชีวศึกษา",68.23,ร้อยละ,สำนักงานสถิติแห่งชาติ
2565,"ไตรมาส 2",ภาคตะวันออกเฉียงเหนือ,นอกเขตเทศบาล,"มัธยมศึกษาตอนปลาย สายวิชาการ",.00,ร้อยละ,สำนักงานสถิติแห่งชาติ
2565,"ไตรมาส 2",ภาคตะวันออกเฉียงเหนือ,นอกเขตเทศบาล,"อุดมศึกษา สายวิชาการ",78.04,ร้อยละ,สำนักงานสถิติแห่งชาติ
2565,"ไตรมาส 2",ภาคตะวันออกเฉียงเหนือ,นอกเขตเทศบาล,"อุดมศึกษา สายวิชาชีพ",80.98,ร้อยละ,สำนักงานสถิติแห่งชาติ
2565,"ไตรมาส 2",ภาคตะวันออกเฉียงเหนือ,นอกเขตเทศบาล,"อุดมศึกษา สายวิชาการศึกษา",72.93,ร้อยละ,สำนักงานสถิติแห่งชาติ
2565,"ไตรมาส 2",ภาคตะวันออกเฉียงเหนือ,นอกเขตเทศบาล,การศึกษาอื่นๆ,.00,ร้อยละ,สำนักงานสถิติแห่งชาติ
2565,"ไตรมาส 2",ภาคตะวันออกเฉียงเหนือ,นอกเขตเทศบาล,ไม่ทราบ,.00,ร้อยละ,สำนักงานสถิติแห่งชาติ
2565,"ไตรมาส 2",ภาคใต้,รวม,รวม,67.64,ร้อยละ,สำนักงานสถิติแห่งชาติ
2565,"ไตรมาส 2",ภาคใต้,รวม,ไม่มีการศึกษา,45.31,ร้อยละ,สำนักงานสถิติแห่งชาติ
2565,"ไตรมาส 2",ภาคใต้,รวม,ต่ำกว่าประถมศึกษา,53.54,ร้อยละ,สำนักงานสถิติแห่งชาติ
2565,"ไตรมาส 2",ภาคใต้,รวม,ประถมศึกษา,76.30,ร้อยละ,สำนักงานสถิติแห่งชาติ
2565,"ไตรมาส 2",ภาคใต้,รวม,มัธยมศึกษาตอนต้น,61.95,ร้อยละ,สำนักงานสถิติแห่งชาติ
2565,"ไตรมาส 2",ภาคใต้,รวม,"มัธยมศึกษาตอนปลาย สายสามัญ",66.80,ร้อยละ,สำนักงานสถิติแห่งชาติ
2565,"ไตรมาส 2",ภาคใต้,รวม,"มัธยมศึกษาตอนปลาย สายอาชีวศึกษา",70.97,ร้อยละ,สำนักงานสถิติแห่งชาติ
2565,"ไตรมาส 2",ภาคใต้,รวม,"มัธยมศึกษาตอนปลาย สายวิชาการ",52.32,ร้อยละ,สำนักงานสถิติแห่งชาติ
2565,"ไตรมาส 2",ภาคใต้,รวม,"อุดมศึกษา สายวิชาการ",80.76,ร้อยละ,สำนักงานสถิติแห่งชาติ
2565,"ไตรมาส 2",ภาคใต้,รวม,"อุดมศึกษา สายวิชาชีพ",82.50,ร้อยละ,สำนักงานสถิติแห่งชาติ
2565,"ไตรมาส 2",ภาคใต้,รวม,"อุดมศึกษา สายวิชาการศึกษา",66.94,ร้อยละ,สำนักงานสถิติแห่งชาติ
2565,"ไตรมาส 2",ภาคใต้,รวม,การศึกษาอื่นๆ,81.99,ร้อยละ,สำนักงานสถิติแห่งชาติ
2565,"ไตรมาส 2",ภาคใต้,รวม,ไม่ทราบ,71.94,ร้อยละ,สำนักงานสถิติแห่งชาติ
2565,"ไตรมาส 2",ภาคใต้,ในเขตเทศบาล,รวม,66.14,ร้อยละ,สำนักงานสถิติแห่งชาติ
2565,"ไตรมาส 2",ภาคใต้,ในเขตเทศบาล,ไม่มีการศึกษา,53.17,ร้อยละ,สำนักงานสถิติแห่งชาติ
2565,"ไตรมาส 2",ภาคใต้,ในเขตเทศบาล,ต่ำกว่าประถมศึกษา,48.97,ร้อยละ,สำนักงานสถิติแห่งชาติ
2565,"ไตรมาส 2",ภาคใต้,ในเขตเทศบาล,ประถมศึกษา,71.55,ร้อยละ,สำนักงานสถิติแห่งชาติ
2565,"ไตรมาส 2",ภาคใต้,ในเขตเทศบาล,มัธยมศึกษาตอนต้น,57.29,ร้อยละ,สำนักงานสถิติแห่งชาติ
2565,"ไตรมาส 2",ภาคใต้,ในเขตเทศบาล,"มัธยมศึกษาตอนปลาย สายสามัญ",61.92,ร้อยละ,สำนักงานสถิติแห่งชาติ
2565,"ไตรมาส 2",ภาคใต้,ในเขตเทศบาล,"มัธยมศึกษาตอนปลาย สายอาชีวศึกษา",68.03,ร้อยละ,สำนักงานสถิติแห่งชาติ
2565,"ไตรมาส 2",ภาคใต้,ในเขตเทศบาล,"มัธยมศึกษาตอนปลาย สายวิชาการ",34.74,ร้อยละ,สำนักงานสถิติแห่งชาติ
2565,"ไตรมาส 2",ภาคใต้,ในเขตเทศบาล,"อุดมศึกษา สายวิชาการ",81.56,ร้อยละ,สำนักงานสถิติแห่งชาติ
2565,"ไตรมาส 2",ภาคใต้,ในเขตเทศบาล,"อุดมศึกษา สายวิชาชีพ",81.07,ร้อยละ,สำนักงานสถิติแห่งชาติ
2565,"ไตรมาส 2",ภาคใต้,ในเขตเทศบาล,"อุดมศึกษา สายวิชาการศึกษา",61.12,ร้อยละ,สำนักงานสถิติแห่งชาติ
2565,"ไตรมาส 2",ภาคใต้,ในเขตเทศบาล,การศึกษาอื่นๆ,94.17,ร้อยละ,สำนักงานสถิติแห่งชาติ
2565,"ไตรมาส 2",ภาคใต้,ในเขตเทศบาล,ไม่ทราบ,78.69,ร้อยละ,สำนักงานสถิติแห่งชาติ
2565,"ไตรมาส 2",ภาคใต้,นอกเขตเทศบาล,รวม,68.41,ร้อยละ,สำนักงานสถิติแห่งชาติ
2565,"ไตรมาส 2",ภาคใต้,นอกเขตเทศบาล,ไม่มีการศึกษา,42.89,ร้อยละ,สำนักงานสถิติแห่งชาติ
2565,"ไตรมาส 2",ภาคใต้,นอกเขตเทศบาล,ต่ำกว่าประถมศึกษา,55.27,ร้อยละ,สำนักงานสถิติแห่งชาติ
2565,"ไตรมาส 2",ภาคใต้,นอกเขตเทศบาล,ประถมศึกษา,78.07,ร้อยละ,สำนักงานสถิติแห่งชาติ
2565,"ไตรมาส 2",ภาคใต้,นอกเขตเทศบาล,มัธยมศึกษาตอนต้น,64.22,ร้อยละ,สำนักงานสถิติแห่งชาติ
2565,"ไตรมาส 2",ภาคใต้,นอกเขตเทศบาล,"มัธยมศึกษาตอนปลาย สายสามัญ",69.54,ร้อยละ,สำนักงานสถิติแห่งชาติ
2565,"ไตรมาส 2",ภาคใต้,นอกเขตเทศบาล,"มัธยมศึกษาตอนปลาย สายอาชีวศึกษา",72.78,ร้อยละ,สำนักงานสถิติแห่งชาติ
2565,"ไตรมาส 2",ภาคใต้,นอกเขตเทศบาล,"มัธยมศึกษาตอนปลาย สายวิชาการ",88.82,ร้อยละ,สำนักงานสถิติแห่งชาติ
2565,"ไตรมาส 2",ภาคใต้,นอกเขตเทศบาล,"อุดมศึกษา สายวิชาการ",79.99,ร้อยละ,สำนักงานสถิติแห่งชาติ
2565,"ไตรมาส 2",ภาคใต้,นอกเขตเทศบาล,"อุดมศึกษา สายวิชาชีพ",83.64,ร้อยละ,สำนักงานสถิติแห่งชาติ
2565,"ไตรมาส 2",ภาคใต้,นอกเขตเทศบาล,"อุดมศึกษา สายวิชาการศึกษา",70.98,ร้อยละ,สำนักงานสถิติแห่งชาติ
2565,"ไตรมาส 2",ภาคใต้,นอกเขตเทศบาล,การศึกษาอื่นๆ,61.17,ร้อยละ,สำนักงานสถิติแห่งชาติ
2565,"ไตรมาส 2",ภาคใต้,นอกเขตเทศบาล,ไม่ทราบ,66.18,ร้อยละ,สำนักงานสถิติแห่งชาติ
2565,"ไตรมาส 3",ทั่วประเทศ,รวม,รวม,67.45,ร้อยละ,สำนักงานสถิติแห่งชาติ
2565,"ไตรมาส 3",ทั่วประเทศ,รวม,ไม่มีการศึกษา,51.31,ร้อยละ,สำนักงานสถิติแห่งชาติ
2565,"ไตรมาส 3",ทั่วประเทศ,รวม,ต่ำกว่าประถมศึกษา,49.17,ร้อยละ,สำนักงานสถิติแห่งชาติ
2565,"ไตรมาส 3",ทั่วประเทศ,รวม,ประถมศึกษา,75.78,ร้อยละ,สำนักงานสถิติแห่งชาติ
2565,"ไตรมาส 3",ทั่วประเทศ,รวม,มัธยมศึกษาตอนต้น,63.71,ร้อยละ,สำนักงานสถิติแห่งชาติ
2565,"ไตรมาส 3",ทั่วประเทศ,รวม,"มัธยมศึกษาตอนปลาย สายสามัญ",69.77,ร้อยละ,สำนักงานสถิติแห่งชาติ
2565,"ไตรมาส 3",ทั่วประเทศ,รวม,"มัธยมศึกษาตอนปลาย สายอาชีวศึกษา",70.62,ร้อยละ,สำนักงานสถิติแห่งชาติ
2565,"ไตรมาส 3",ทั่วประเทศ,รวม,"มัธยมศึกษาตอนปลาย สายวิชาการ",76.79,ร้อยละ,สำนักงานสถิติแห่งชาติ
2565,"ไตรมาส 3",ทั่วประเทศ,รวม,"อุดมศึกษา สายวิชาการ",81.24,ร้อยละ,สำนักงานสถิติแห่งชาติ
2565,"ไตรมาส 3",ทั่วประเทศ,รวม,"อุดมศึกษา สายวิชาชีพ",83.61,ร้อยละ,สำนักงานสถิติแห่งชาติ
2565,"ไตรมาส 3",ทั่วประเทศ,รวม,"อุดมศึกษา สายวิชาการศึกษา",65.83,ร้อยละ,สำนักงานสถิติแห่งชาติ
2565,"ไตรมาส 3",ทั่วประเทศ,รวม,การศึกษาอื่นๆ,92.55,ร้อยละ,สำนักงานสถิติแห่งชาติ
2565,"ไตรมาส 3",ทั่วประเทศ,รวม,ไม่ทราบ,72.15,ร้อยละ,สำนักงานสถิติแห่งชาติ
2565,"ไตรมาส 3",ทั่วประเทศ,ในเขตเทศบาล,รวม,67.66,ร้อยละ,สำนักงานสถิติแห่งชาติ
2565,"ไตรมาส 3",ทั่วประเทศ,ในเขตเทศบาล,ไม่มีการศึกษา,52.15,ร้อยละ,สำนักงานสถิติแห่งชาติ
2565,"ไตรมาส 3",ทั่วประเทศ,ในเขตเทศบาล,ต่ำกว่าประถมศึกษา,45.94,ร้อยละ,สำนักงานสถิติแห่งชาติ
2565,"ไตรมาส 3",ทั่วประเทศ,ในเขตเทศบาล,ประถมศึกษา,73.82,ร้อยละ,สำนักงานสถิติแห่งชาติ
2565,"ไตรมาส 3",ทั่วประเทศ,ในเขตเทศบาล,มัธยมศึกษาตอนต้น,63.77,ร้อยละ,สำนักงานสถิติแห่งชาติ
2565,"ไตรมาส 3",ทั่วประเทศ,ในเขตเทศบาล,"มัธยมศึกษาตอนปลาย สายสามัญ",66.64,ร้อยละ,สำนักงานสถิติแห่งชาติ
2565,"ไตรมาส 3",ทั่วประเทศ,ในเขตเทศบาล,"มัธยมศึกษาตอนปลาย สายอาชีวศึกษา",69.66,ร้อยละ,สำนักงานสถิติแห่งชาติ
2565,"ไตรมาส 3",ทั่วประเทศ,ในเขตเทศบาล,"มัธยมศึกษาตอนปลาย สายวิชาการ",89.44,ร้อยละ,สำนักงานสถิติแห่งชาติ
2565,"ไตรมาส 3",ทั่วประเทศ,ในเขตเทศบาล,"อุดมศึกษา สายวิชาการ",80.67,ร้อยละ,สำนักงานสถิติแห่งชาติ
2565,"ไตรมาส 3",ทั่วประเทศ,ในเขตเทศบาล,"อุดมศึกษา สายวิชาชีพ",82.43,ร้อยละ,สำนักงานสถิติแห่งชาติ
2565,"ไตรมาส 3",ทั่วประเทศ,ในเขตเทศบาล,"อุดมศึกษา สายวิชาการศึกษา",60.66,ร้อยละ,สำนักงานสถิติแห่งชาติ
2565,"ไตรมาส 3",ทั่วประเทศ,ในเขตเทศบาล,การศึกษาอื่นๆ,94.34,ร้อยละ,สำนักงานสถิติแห่งชาติ
2565,"ไตรมาส 3",ทั่วประเทศ,ในเขตเทศบาล,ไม่ทราบ,70.50,ร้อยละ,สำนักงานสถิติแห่งชาติ
2565,"ไตรมาส 3",ทั่วประเทศ,นอกเขตเทศบาล,รวม,67.26,ร้อยละ,สำนักงานสถิติแห่งชาติ
2565,"ไตรมาส 3",ทั่วประเทศ,นอกเขตเทศบาล,ไม่มีการศึกษา,50.78,ร้อยละ,สำนักงานสถิติแห่งชาติ
2565,"ไตรมาส 3",ทั่วประเทศ,นอกเขตเทศบาล,ต่ำกว่าประถมศึกษา,50.87,ร้อยละ,สำนักงานสถิติแห่งชาติ
2565,"ไตรมาส 3",ทั่วประเทศ,นอกเขตเทศบาล,ประถมศึกษา,77.00,ร้อยละ,สำนักงานสถิติแห่งชาติ
2565,"ไตรมาส 3",ทั่วประเทศ,นอกเขตเทศบาล,มัธยมศึกษาตอนต้น,63.67,ร้อยละ,สำนักงานสถิติแห่งชาติ
2565,"ไตรมาส 3",ทั่วประเทศ,นอกเขตเทศบาล,"มัธยมศึกษาตอนปลาย สายสามัญ",72.73,ร้อยละ,สำนักงานสถิติแห่งชาติ
2565,"ไตรมาส 3",ทั่วประเทศ,นอกเขตเทศบาล,"มัธยมศึกษาตอนปลาย สายอาชีวศึกษา",71.77,ร้อยละ,สำนักงานสถิติแห่งชาติ
2565,"ไตรมาส 3",ทั่วประเทศ,นอกเขตเทศบาล,"มัธยมศึกษาตอนปลาย สายวิชาการ",49.99,ร้อยละ,สำนักงานสถิติแห่งชาติ
2565,"ไตรมาส 3",ทั่วประเทศ,นอกเขตเทศบาล,"อุดมศึกษา สายวิชาการ",82.36,ร้อยละ,สำนักงานสถิติแห่งชาติ
2565,"ไตรมาส 3",ทั่วประเทศ,นอกเขตเทศบาล,"อุดมศึกษา สายวิชาชีพ",85.01,ร้อยละ,สำนักงานสถิติแห่งชาติ
2565,"ไตรมาส 3",ทั่วประเทศ,นอกเขตเทศบาล,"อุดมศึกษา สายวิชาการศึกษา",71.80,ร้อยละ,สำนักงานสถิติแห่งชาติ
2565,"ไตรมาส 3",ทั่วประเทศ,นอกเขตเทศบาล,การศึกษาอื่นๆ,88.98,ร้อยละ,สำนักงานสถิติแห่งชาติ
2565,"ไตรมาส 3",ทั่วประเทศ,นอกเขตเทศบาล,ไม่ทราบ,77.07,ร้อยละ,สำนักงานสถิติแห่งชาติ
2565,"ไตรมาส 3",กรุงเทพมหานคร,ในเขตเทศบาล,รวม,71.70,ร้อยละ,สำนักงานสถิติแห่งชาติ
2565,"ไตรมาส 3",กรุงเทพมหานคร,ในเขตเทศบาล,ไม่มีการศึกษา,49.84,ร้อยละ,สำนักงานสถิติแห่งชาติ
2565,"ไตรมาส 3",กรุงเทพมหานคร,ในเขตเทศบาล,ต่ำกว่าประถมศึกษา,45.93,ร้อยละ,สำนักงานสถิติแห่งชาติ
2565,"ไตรมาส 3",กรุงเทพมหานคร,ในเขตเทศบาล,ประถมศึกษา,76.00,ร้อยละ,สำนักงานสถิติแห่งชาติ
2565,"ไตรมาส 3",กรุงเทพมหานคร,ในเขตเทศบาล,มัธยมศึกษาตอนต้น,70.07,ร้อยละ,สำนักงานสถิติแห่งชาติ
2565,"ไตรมาส 3",กรุงเทพมหานคร,ในเขตเทศบาล,"มัธยมศึกษาตอนปลาย สายสามัญ",69.37,ร้อยละ,สำนักงานสถิติแห่งชาติ
2565,"ไตรมาส 3",กรุงเทพมหานคร,ในเขตเทศบาล,"มัธยมศึกษาตอนปลาย สายอาชีวศึกษา",74.92,ร้อยละ,สำนักงานสถิติแห่งชาติ
2565,"ไตรมาส 3",กรุงเทพมหานคร,ในเขตเทศบาล,"มัธยมศึกษาตอนปลาย สายวิชาการ",.00,ร้อยละ,สำนักงานสถิติแห่งชาติ
2565,"ไตรมาส 3",กรุงเทพมหานคร,ในเขตเทศบาล,"อุดมศึกษา สายวิชาการ",79.86,ร้อยละ,สำนักงานสถิติแห่งชาติ
2565,"ไตรมาส 3",กรุงเทพมหานคร,ในเขตเทศบาล,"อุดมศึกษา สายวิชาชีพ",76.14,ร้อยละ,สำนักงานสถิติแห่งชาติ
2565,"ไตรมาส 3",กรุงเทพมหานคร,ในเขตเทศบาล,"อุดมศึกษา สายวิชาการศึกษา",60.51,ร้อยละ,สำนักงานสถิติแห่งชาติ
2565,"ไตรมาส 3",กรุงเทพมหานคร,ในเขตเทศบาล,การศึกษาอื่นๆ,93.24,ร้อยละ,สำนักงานสถิติแห่งชาติ
2565,"ไตรมาส 3",กรุงเทพมหานคร,ในเขตเทศบาล,ไม่ทราบ,72.16,ร้อยละ,สำนักงานสถิติแห่งชาติ
2565,"ไตรมาส 3",ภาคกลาง,รวม,รวม,69.29,ร้อยละ,สำนักงานสถิติแห่งชาติ
2565,"ไตรมาส 3",ภาคกลาง,รวม,ไม่มีการศึกษา,60.52,ร้อยละ,สำนักงานสถิติแห่งชาติ
2565,"ไตรมาส 3",ภาคกลาง,รวม,ต่ำกว่าประถมศึกษา,45.11,ร้อยละ,สำนักงานสถิติแห่งชาติ
2565,"ไตรมาส 3",ภาคกลาง,รวม,ประถมศึกษา,73.60,ร้อยละ,สำนักงานสถิติแห่งชาติ
2565,"ไตรมาส 3",ภาคกลาง,รวม,มัธยมศึกษาตอนต้น,67.93,ร้อยละ,สำนักงานสถิติแห่งชาติ
2565,"ไตรมาส 3",ภาคกลาง,รวม,"มัธยมศึกษาตอนปลาย สายสามัญ",70.00,ร้อยละ,สำนักงานสถิติแห่งชาติ
2565,"ไตรมาส 3",ภาคกลาง,รวม,"มัธยมศึกษาตอนปลาย สายอาชีวศึกษา",73.01,ร้อยละ,สำนักงานสถิติแห่งชาติ
2565,"ไตรมาส 3",ภาคกลาง,รวม,"มัธยมศึกษาตอนปลาย สายวิชาการ",86.80,ร้อยละ,สำนักงานสถิติแห่งชาติ
2565,"ไตรมาส 3",ภาคกลาง,รวม,"อุดมศึกษา สายวิชาการ",81.59,ร้อยละ,สำนักงานสถิติแห่งชาติ
2565,"ไตรมาส 3",ภาคกลาง,รวม,"อุดมศึกษา สายวิชาชีพ",87.39,ร้อยละ,สำนักงานสถิติแห่งชาติ
2565,"ไตรมาส 3",ภาคกลาง,รวม,"อุดมศึกษา สายวิชาการศึกษา",66.95,ร้อยละ,สำนักงานสถิติแห่งชาติ
2565,"ไตรมาส 3",ภาคกลาง,รวม,การศึกษาอื่นๆ,97.04,ร้อยละ,สำนักงานสถิติแห่งชาติ
2565,"ไตรมาส 3",ภาคกลาง,รวม,ไม่ทราบ,72.40,ร้อยละ,สำนักงานสถิติแห่งชาติ
2565,"ไตรมาส 3",ภาคกลาง,ในเขตเทศบาล,รวม,69.19,ร้อยละ,สำนักงานสถิติแห่งชาติ
2565,"ไตรมาส 3",ภาคกลาง,ในเขตเทศบาล,ไม่มีการศึกษา,63.27,ร้อยละ,สำนักงานสถิติแห่งชาติ
2565,"ไตรมาส 3",ภาคกลาง,ในเขตเทศบาล,ต่ำกว่าประถมศึกษา,42.17,ร้อยละ,สำนักงานสถิติแห่งชาติ
2565,"ไตรมาส 3",ภาคกลาง,ในเขตเทศบาล,ประถมศึกษา,71.28,ร้อยละ,สำนักงานสถิติแห่งชาติ
2565,"ไตรมาส 3",ภาคกลาง,ในเขตเทศบาล,มัธยมศึกษาตอนต้น,68.37,ร้อยละ,สำนักงานสถิติแห่งชาติ
2565,"ไตรมาส 3",ภาคกลาง,ในเขตเทศบาล,"มัธยมศึกษาตอนปลาย สายสามัญ",68.70,ร้อยละ,สำนักงานสถิติแห่งชาติ
2565,"ไตรมาส 3",ภาคกลาง,ในเขตเทศบาล,"มัธยมศึกษาตอนปลาย สายอาชีวศึกษา",70.34,ร้อยละ,สำนักงานสถิติแห่งชาติ
2565,"ไตรมาส 3",ภาคกลาง,ในเขตเทศบาล,"มัธยมศึกษาตอนปลาย สายวิชาการ",96.24,ร้อยละ,สำนักงานสถิติแห่งชาติ
2565,"ไตรมาส 3",ภาคกลาง,ในเขตเทศบาล,"อุดมศึกษา สายวิชาการ",80.76,ร้อยละ,สำนักงานสถิติแห่งชาติ
2565,"ไตรมาส 3",ภาคกลาง,ในเขตเทศบาล,"อุดมศึกษา สายวิชาชีพ",86.49,ร้อยละ,สำนักงานสถิติแห่งชาติ
2565,"ไตรมาส 3",ภาคกลาง,ในเขตเทศบาล,"อุดมศึกษา สายวิชาการศึกษา",61.78,ร้อยละ,สำนักงานสถิติแห่งชาติ
2565,"ไตรมาส 3",ภาคกลาง,ในเขตเทศบาล,การศึกษาอื่นๆ,96.36,ร้อยละ,สำนักงานสถิติแห่งชาติ
2565,"ไตรมาส 3",ภาคกลาง,ในเขตเทศบาล,ไม่ทราบ,69.04,ร้อยละ,สำนักงานสถิติแห่งชาติ
2565,"ไตรมาส 3",ภาคกลาง,นอกเขตเทศบาล,รวม,69.37,ร้อยละ,สำนักงานสถิติแห่งชาติ
2565,"ไตรมาส 3",ภาคกลาง,นอกเขตเทศบาล,ไม่มีการศึกษา,58.18,ร้อยละ,สำนักงานสถิติแห่งชาติ
2565,"ไตรมาส 3",ภาคกลาง,นอกเขตเทศบาล,ต่ำกว่าประถมศึกษา,47.01,ร้อยละ,สำนักงานสถิติแห่งชาติ
2565,"ไตรมาส 3",ภาคกลาง,นอกเขตเทศบาล,ประถมศึกษา,75.12,ร้อยละ,สำนักงานสถิติแห่งชาติ
2565,"ไตรมาส 3",ภาคกลาง,นอกเขตเทศบาล,มัธยมศึกษาตอนต้น,67.56,ร้อยละ,สำนักงานสถิติแห่งชาติ
2565,"ไตรมาส 3",ภาคกลาง,นอกเขตเทศบาล,"มัธยมศึกษาตอนปลาย สายสามัญ",71.26,ร้อยละ,สำนักงานสถิติแห่งชาติ
2565,"ไตรมาส 3",ภาคกลาง,นอกเขตเทศบาล,"มัธยมศึกษาตอนปลาย สายอาชีวศึกษา",75.39,ร้อยละ,สำนักงานสถิติแห่งชาติ
2565,"ไตรมาส 3",ภาคกลาง,นอกเขตเทศบาล,"มัธยมศึกษาตอนปลาย สายวิชาการ",6.60,ร้อยละ,สำนักงานสถิติแห่งชาติ
2565,"ไตรมาส 3",ภาคกลาง,นอกเขตเทศบาล,"อุดมศึกษา สายวิชาการ",82.67,ร้อยละ,สำนักงานสถิติแห่งชาติ
2565,"ไตรมาส 3",ภาคกลาง,นอกเขตเทศบาล,"อุดมศึกษา สายวิชาชีพ",88.36,ร้อยละ,สำนักงานสถิติแห่งชาติ
2565,"ไตรมาส 3",ภาคกลาง,นอกเขตเทศบาล,"อุดมศึกษา สายวิชาการศึกษา",72.17,ร้อยละ,สำนักงานสถิติแห่งชาติ
2565,"ไตรมาส 3",ภาคกลาง,นอกเขตเทศบาล,การศึกษาอื่นๆ,98.22,ร้อยละ,สำนักงานสถิติแห่งชาติ
2565,"ไตรมาส 3",ภาคกลาง,นอกเขตเทศบาล,ไม่ทราบ,78.82,ร้อยละ,สำนักงานสถิติแห่งชาติ
2565,"ไตรมาส 3",ภาคเหนือ,รวม,รวม,65.05,ร้อยละ,สำนักงานสถิติแห่งชาติ
2565,"ไตรมาส 3",ภาคเหนือ,รวม,ไม่มีการศึกษา,53.22,ร้อยละ,สำนักงานสถิติแห่งชาติ
2565,"ไตรมาส 3",ภาคเหนือ,รวม,ต่ำกว่าประถมศึกษา,52.27,ร้อยละ,สำนักงานสถิติแห่งชาติ
2565,"ไตรมาส 3",ภาคเหนือ,รวม,ประถมศึกษา,77.72,ร้อยละ,สำนักงานสถิติแห่งชาติ
2565,"ไตรมาส 3",ภาคเหนือ,รวม,มัธยมศึกษาตอนต้น,59.82,ร้อยละ,สำนักงานสถิติแห่งชาติ
2565,"ไตรมาส 3",ภาคเหนือ,รวม,"มัธยมศึกษาตอนปลาย สายสามัญ",69.50,ร้อยละ,สำนักงานสถิติแห่งชาติ
2565,"ไตรมาส 3",ภาคเหนือ,รวม,"มัธยมศึกษาตอนปลาย สายอาชีวศึกษา",63.54,ร้อยละ,สำนักงานสถิติแห่งชาติ
2565,"ไตรมาส 3",ภาคเหนือ,รวม,"มัธยมศึกษาตอนปลาย สายวิชาการ",6.53,ร้อยละ,สำนักงานสถิติแห่งชาติ
2565,"ไตรมาส 3",ภาคเหนือ,รวม,"อุดมศึกษา สายวิชาการ",81.23,ร้อยละ,สำนักงานสถิติแห่งชาติ
2565,"ไตรมาส 3",ภาคเหนือ,รวม,"อุดมศึกษา สายวิชาชีพ",80.97,ร้อยละ,สำนักงานสถิติแห่งชาติ
2565,"ไตรมาส 3",ภาคเหนือ,รวม,"อุดมศึกษา สายวิชาการศึกษา",67.60,ร้อยละ,สำนักงานสถิติแห่งชาติ
2565,"ไตรมาส 3",ภาคเหนือ,รวม,การศึกษาอื่นๆ,76.31,ร้อยละ,สำนักงานสถิติแห่งชาติ
2565,"ไตรมาส 3",ภาคเหนือ,รวม,ไม่ทราบ,65.94,ร้อยละ,สำนักงานสถิติแห่งชาติ
2565,"ไตรมาส 3",ภาคเหนือ,ในเขตเทศบาล,รวม,62.55,ร้อยละ,สำนักงานสถิติแห่งชาติ
2565,"ไตรมาส 3",ภาคเหนือ,ในเขตเทศบาล,ไม่มีการศึกษา,44.65,ร้อยละ,สำนักงานสถิติแห่งชาติ
2565,"ไตรมาส 3",ภาคเหนือ,ในเขตเทศบาล,ต่ำกว่าประถมศึกษา,48.28,ร้อยละ,สำนักงานสถิติแห่งชาติ
2565,"ไตรมาส 3",ภาคเหนือ,ในเขตเทศบาล,ประถมศึกษา,75.33,ร้อยละ,สำนักงานสถิติแห่งชาติ
2565,"ไตรมาส 3",ภาคเหนือ,ในเขตเทศบาล,มัธยมศึกษาตอนต้น,52.98,ร้อยละ,สำนักงานสถิติแห่งชาติ
2565,"ไตรมาส 3",ภาคเหนือ,ในเขตเทศบาล,"มัธยมศึกษาตอนปลาย สายสามัญ",63.24,ร้อยละ,สำนักงานสถิติแห่งชาติ
2565,"ไตรมาส 3",ภาคเหนือ,ในเขตเทศบาล,"มัธยมศึกษาตอนปลาย สายอาชีวศึกษา",63.21,ร้อยละ,สำนักงานสถิติแห่งชาติ
2565,"ไตรมาส 3",ภาคเหนือ,ในเขตเทศบาล,"มัธยมศึกษาตอนปลาย สายวิชาการ",16.05,ร้อยละ,สำนักงานสถิติแห่งชาติ
2565,"ไตรมาส 3",ภาคเหนือ,ในเขตเทศบาล,"อุดมศึกษา สายวิชาการ",78.87,ร้อยละ,สำนักงานสถิติแห่งชาติ
2565,"ไตรมาส 3",ภาคเหนือ,ในเขตเทศบาล,"อุดมศึกษา สายวิชาชีพ",77.05,ร้อยละ,สำนักงานสถิติแห่งชาติ
2565,"ไตรมาส 3",ภาคเหนือ,ในเขตเทศบาล,"อุดมศึกษา สายวิชาการศึกษา",66.37,ร้อยละ,สำนักงานสถิติแห่งชาติ
2565,"ไตรมาส 3",ภาคเหนือ,ในเขตเทศบาล,การศึกษาอื่นๆ,75.49,ร้อยละ,สำนักงานสถิติแห่งชาติ
2565,"ไตรมาส 3",ภาคเหนือ,ในเขตเทศบาล,ไม่ทราบ,64.79,ร้อยละ,สำนักงานสถิติแห่งชาติ
2565,"ไตรมาส 3",ภาคเหนือ,นอกเขตเทศบาล,รวม,66.39,ร้อยละ,สำนักงานสถิติแห่งชาติ
2565,"ไตรมาส 3",ภาคเหนือ,นอกเขตเทศบาล,ไม่มีการศึกษา,55.63,ร้อยละ,สำนักงานสถิติแห่งชาติ
2565,"ไตรมาส 3",ภาคเหนือ,นอกเขตเทศบาล,ต่ำกว่าประถมศึกษา,54.02,ร้อยละ,สำนักงานสถิติแห่งชาติ
2565,"ไตรมาส 3",ภาคเหนือ,นอกเขตเทศบาล,ประถมศึกษา,78.68,ร้อยละ,สำนักงานสถิติแห่งชาติ
2565,"ไตรมาส 3",ภาคเหนือ,นอกเขตเทศบาล,มัธยมศึกษาตอนต้น,62.93,ร้อยละ,สำนักงานสถิติแห่งชาติ
2565,"ไตรมาส 3",ภาคเหนือ,นอกเขตเทศบาล,"มัธยมศึกษาตอนปลาย สายสามัญ",73.40,ร้อยละ,สำนักงานสถิติแห่งชาติ
2565,"ไตรมาส 3",ภาคเหนือ,นอกเขตเทศบาล,"มัธยมศึกษาตอนปลาย สายอาชีวศึกษา",63.79,ร้อยละ,สำนักงานสถิติแห่งชาติ
2565,"ไตรมาส 3",ภาคเหนือ,นอกเขตเทศบาล,"มัธยมศึกษาตอนปลาย สายวิชาการ",.00,ร้อยละ,สำนักงานสถิติแห่งชาติ
2565,"ไตรมาส 3",ภาคเหนือ,นอกเขตเทศบาล,"อุดมศึกษา สายวิชาการ",83.95,ร้อยละ,สำนักงานสถิติแห่งชาติ
2565,"ไตรมาส 3",ภาคเหนือ,นอกเขตเทศบาล,"อุดมศึกษา สายวิชาชีพ",84.06,ร้อยละ,สำนักงานสถิติแห่งชาติ
2565,"ไตรมาส 3",ภาคเหนือ,นอกเขตเทศบาล,"อุดมศึกษา สายวิชาการศึกษา",69.19,ร้อยละ,สำนักงานสถิติแห่งชาติ
2565,"ไตรมาส 3",ภาคเหนือ,นอกเขตเทศบาล,การศึกษาอื่นๆ,77.75,ร้อยละ,สำนักงานสถิติแห่งชาติ
2565,"ไตรมาส 3",ภาคเหนือ,นอกเขตเทศบาล,ไม่ทราบ,74.85,ร้อยละ,สำนักงานสถิติแห่งชาติ
2565,"ไตรมาส 3",ภาคตะวันออกเฉียงเหนือ,รวม,รวม,64.57,ร้อยละ,สำนักงานสถิติแห่งชาติ
2565,"ไตรมาส 3",ภาคตะวันออกเฉียงเหนือ,รวม,ไม่มีการศึกษา,29.10,ร้อยละ,สำนักงานสถิติแห่งชาติ
2565,"ไตรมาส 3",ภาคตะวันออกเฉียงเหนือ,รวม,ต่ำกว่าประถมศึกษา,49.90,ร้อยละ,สำนักงานสถิติแห่งชาติ
2565,"ไตรมาส 3",ภาคตะวันออกเฉียงเหนือ,รวม,ประถมศึกษา,77.22,ร้อยละ,สำนักงานสถิติแห่งชาติ
2565,"ไตรมาส 3",ภาคตะวันออกเฉียงเหนือ,รวม,มัธยมศึกษาตอนต้น,59.16,ร้อยละ,สำนักงานสถิติแห่งชาติ
2565,"ไตรมาส 3",ภาคตะวันออกเฉียงเหนือ,รวม,"มัธยมศึกษาตอนปลาย สายสามัญ",69.83,ร้อยละ,สำนักงานสถิติแห่งชาติ
2565,"ไตรมาส 3",ภาคตะวันออกเฉียงเหนือ,รวม,"มัธยมศึกษาตอนปลาย สายอาชีวศึกษา",66.46,ร้อยละ,สำนักงานสถิติแห่งชาติ
2565,"ไตรมาส 3",ภาคตะวันออกเฉียงเหนือ,รวม,"มัธยมศึกษาตอนปลาย สายวิชาการ",100.00,ร้อยละ,สำนักงานสถิติแห่งชาติ
2565,"ไตรมาส 3",ภาคตะวันออกเฉียงเหนือ,รวม,"อุดมศึกษา สายวิชาการ",82.43,ร้อยละ,สำนักงานสถิติแห่งชาติ
2565,"ไตรมาส 3",ภาคตะวันออกเฉียงเหนือ,รวม,"อุดมศึกษา สายวิชาชีพ",80.99,ร้อยละ,สำนักงานสถิติแห่งชาติ
2565,"ไตรมาส 3",ภาคตะวันออกเฉียงเหนือ,รวม,"อุดมศึกษา สายวิชาการศึกษา",66.73,ร้อยละ,สำนักงานสถิติแห่งชาติ
2565,"ไตรมาส 3",ภาคตะวันออกเฉียงเหนือ,รวม,การศึกษาอื่นๆ,100.00,ร้อยละ,สำนักงานสถิติแห่งชาติ
2565,"ไตรมาส 3",ภาคตะวันออกเฉียงเหนือ,รวม,ไม่ทราบ,70.06,ร้อยละ,สำนักงานสถิติแห่งชาติ
2565,"ไตรมาส 3",ภาคตะวันออกเฉียงเหนือ,ในเขตเทศบาล,รวม,62.53,ร้อยละ,สำนักงานสถิติแห่งชาติ
2565,"ไตรมาส 3",ภาคตะวันออกเฉียงเหนือ,ในเขตเทศบาล,ไม่มีการศึกษา,27.77,ร้อยละ,สำนักงานสถิติแห่งชาติ
2565,"ไตรมาส 3",ภาคตะวันออกเฉียงเหนือ,ในเขตเทศบาล,ต่ำกว่าประถมศึกษา,46.82,ร้อยละ,สำนักงานสถิติแห่งชาติ
2565,"ไตรมาส 3",ภาคตะวันออกเฉียงเหนือ,ในเขตเทศบาล,ประถมศึกษา,75.25,ร้อยละ,สำนักงานสถิติแห่งชาติ
2565,"ไตรมาส 3",ภาคตะวันออกเฉียงเหนือ,ในเขตเทศบาล,มัธยมศึกษาตอนต้น,55.04,ร้อยละ,สำนักงานสถิติแห่งชาติ
2565,"ไตรมาส 3",ภาคตะวันออกเฉียงเหนือ,ในเขตเทศบาล,"มัธยมศึกษาตอนปลาย สายสามัญ",61.74,ร้อยละ,สำนักงานสถิติแห่งชาติ
2565,"ไตรมาส 3",ภาคตะวันออกเฉียงเหนือ,ในเขตเทศบาล,"มัธยมศึกษาตอนปลาย สายอาชีวศึกษา",59.18,ร้อยละ,สำนักงานสถิติแห่งชาติ
2565,"ไตรมาส 3",ภาคตะวันออกเฉียงเหนือ,ในเขตเทศบาล,"มัธยมศึกษาตอนปลาย สายวิชาการ",100.00,ร้อยละ,สำนักงานสถิติแห่งชาติ
2565,"ไตรมาส 3",ภาคตะวันออกเฉียงเหนือ,ในเขตเทศบาล,"อุดมศึกษา สายวิชาการ",84.15,ร้อยละ,สำนักงานสถิติแห่งชาติ
2565,"ไตรมาส 3",ภาคตะวันออกเฉียงเหนือ,ในเขตเทศบาล,"อุดมศึกษา สายวิชาชีพ",84.06,ร้อยละ,สำนักงานสถิติแห่งชาติ
2565,"ไตรมาส 3",ภาคตะวันออกเฉียงเหนือ,ในเขตเทศบาล,"อุดมศึกษา สายวิชาการศึกษา",55.85,ร้อยละ,สำนักงานสถิติแห่งชาติ
2565,"ไตรมาส 3",ภาคตะวันออกเฉียงเหนือ,ในเขตเทศบาล,การศึกษาอื่นๆ,.00,ร้อยละ,สำนักงานสถิติแห่งชาติ
2565,"ไตรมาส 3",ภาคตะวันออกเฉียงเหนือ,ในเขตเทศบาล,ไม่ทราบ,32.20,ร้อยละ,สำนักงานสถิติแห่งชาติ
2565,"ไตรมาส 3",ภาคตะวันออกเฉียงเหนือ,นอกเขตเทศบาล,รวม,65.42,ร้อยละ,สำนักงานสถิติแห่งชาติ
2565,"ไตรมาส 3",ภาคตะวันออกเฉียงเหนือ,นอกเขตเทศบาล,ไม่มีการศึกษา,29.49,ร้อยละ,สำนักงานสถิติแห่งชาติ
2565,"ไตรมาส 3",ภาคตะวันออกเฉียงเหนือ,นอกเขตเทศบาล,ต่ำกว่าประถมศึกษา,50.97,ร้อยละ,สำนักงานสถิติแห่งชาติ
2565,"ไตรมาส 3",ภาคตะวันออกเฉียงเหนือ,นอกเขตเทศบาล,ประถมศึกษา,77.88,ร้อยละ,สำนักงานสถิติแห่งชาติ
2565,"ไตรมาส 3",ภาคตะวันออกเฉียงเหนือ,นอกเขตเทศบาล,มัธยมศึกษาตอนต้น,60.73,ร้อยละ,สำนักงานสถิติแห่งชาติ
2565,"ไตรมาส 3",ภาคตะวันออกเฉียงเหนือ,นอกเขตเทศบาล,"มัธยมศึกษาตอนปลาย สายสามัญ",73.72,ร้อยละ,สำนักงานสถิติแห่งชาติ
2565,"ไตรมาส 3",ภาคตะวันออกเฉียงเหนือ,นอกเขตเทศบาล,"มัธยมศึกษาตอนปลาย สายอาชีวศึกษา",69.88,ร้อยละ,สำนักงานสถิติแห่งชาติ
2565,"ไตรมาส 3",ภาคตะวันออกเฉียงเหนือ,นอกเขตเทศบาล,"มัธยมศึกษาตอนปลาย สายวิชาการ",100.00,ร้อยละ,สำนักงานสถิติแห่งชาติ
2565,"ไตรมาส 3",ภาคตะวันออกเฉียงเหนือ,นอกเขตเทศบาล,"อุดมศึกษา สายวิชาการ",80.60,ร้อยละ,สำนักงานสถิติแห่งชาติ
2565,"ไตรมาส 3",ภาคตะวันออกเฉียงเหนือ,นอกเขตเทศบาล,"อุดมศึกษา สายวิชาชีพ",79.02,ร้อยละ,สำนักงานสถิติแห่งชาติ
2565,"ไตรมาส 3",ภาคตะวันออกเฉียงเหนือ,นอกเขตเทศบาล,"อุดมศึกษา สายวิชาการศึกษา",74.92,ร้อยละ,สำนักงานสถิติแห่งชาติ
2565,"ไตรมาส 3",ภาคตะวันออกเฉียงเหนือ,นอกเขตเทศบาล,การศึกษาอื่นๆ,100.00,ร้อยละ,สำนักงานสถิติแห่งชาติ
2565,"ไตรมาส 3",ภาคตะวันออกเฉียงเหนือ,นอกเขตเทศบาล,ไม่ทราบ,88.04,ร้อยละ,สำนักงานสถิติแห่งชาติ
2565,"ไตรมาส 3",ภาคใต้,รวม,รวม,67.27,ร้อยละ,สำนักงานสถิติแห่งชาติ
2565,"ไตรมาส 3",ภาคใต้,รวม,ไม่มีการศึกษา,44.88,ร้อยละ,สำนักงานสถิติแห่งชาติ
2565,"ไตรมาส 3",ภาคใต้,รวม,ต่ำกว่าประถมศึกษา,51.30,ร้อยละ,สำนักงานสถิติแห่งชาติ
2565,"ไตรมาส 3",ภาคใต้,รวม,ประถมศึกษา,74.73,ร้อยละ,สำนักงานสถิติแห่งชาติ
2565,"ไตรมาส 3",ภาคใต้,รวม,มัธยมศึกษาตอนต้น,60.50,ร้อยละ,สำนักงานสถิติแห่งชาติ
2565,"ไตรมาส 3",ภาคใต้,รวม,"มัธยมศึกษาตอนปลาย สายสามัญ",69.82,ร้อยละ,สำนักงานสถิติแห่งชาติ
2565,"ไตรมาส 3",ภาคใต้,รวม,"มัธยมศึกษาตอนปลาย สายอาชีวศึกษา",68.41,ร้อยละ,สำนักงานสถิติแห่งชาติ
2565,"ไตรมาส 3",ภาคใต้,รวม,"มัธยมศึกษาตอนปลาย สายวิชาการ",40.56,ร้อยละ,สำนักงานสถิติแห่งชาติ
2565,"ไตรมาส 3",ภาคใต้,รวม,"อุดมศึกษา สายวิชาการ",82.09,ร้อยละ,สำนักงานสถิติแห่งชาติ
2565,"ไตรมาส 3",ภาคใต้,รวม,"อุดมศึกษา สายวิชาชีพ",84.94,ร้อยละ,สำนักงานสถิติแห่งชาติ
2565,"ไตรมาส 3",ภาคใต้,รวม,"อุดมศึกษา สายวิชาการศึกษา",64.69,ร้อยละ,สำนักงานสถิติแห่งชาติ
2565,"ไตรมาส 3",ภาคใต้,รวม,การศึกษาอื่นๆ,71.57,ร้อยละ,สำนักงานสถิติแห่งชาติ
2565,"ไตรมาส 3",ภาคใต้,รวม,ไม่ทราบ,72.69,ร้อยละ,สำนักงานสถิติแห่งชาติ
2565,"ไตรมาส 3",ภาคใต้,ในเขตเทศบาล,รวม,65.70,ร้อยละ,สำนักงานสถิติแห่งชาติ
2565,"ไตรมาส 3",ภาคใต้,ในเขตเทศบาล,ไม่มีการศึกษา,48.26,ร้อยละ,สำนักงานสถิติแห่งชาติ
2565,"ไตรมาส 3",ภาคใต้,ในเขตเทศบาล,ต่ำกว่าประถมศึกษา,50.10,ร้อยละ,สำนักงานสถิติแห่งชาติ
2565,"ไตรมาส 3",ภาคใต้,ในเขตเทศบาล,ประถมศึกษา,70.14,ร้อยละ,สำนักงานสถิติแห่งชาติ
2565,"ไตรมาส 3",ภาคใต้,ในเขตเทศบาล,มัธยมศึกษาตอนต้น,55.48,ร้อยละ,สำนักงานสถิติแห่งชาติ
2565,"ไตรมาส 3",ภาคใต้,ในเขตเทศบาล,"มัธยมศึกษาตอนปลาย สายสามัญ",64.00,ร้อยละ,สำนักงานสถิติแห่งชาติ
2565,"ไตรมาส 3",ภาคใต้,ในเขตเทศบาล,"มัธยมศึกษาตอนปลาย สายอาชีวศึกษา",64.02,ร้อยละ,สำนักงานสถิติแห่งชาติ
2565,"ไตรมาส 3",ภาคใต้,ในเขตเทศบาล,"มัธยมศึกษาตอนปลาย สายวิชาการ",19.74,ร้อยละ,สำนักงานสถิติแห่งชาติ
2565,"ไตรมาส 3",ภาคใต้,ในเขตเทศบาล,"อุดมศึกษา สายวิชาการ",82.40,ร้อยละ,สำนักงานสถิติแห่งชาติ
2565,"ไตรมาส 3",ภาคใต้,ในเขตเทศบาล,"อุดมศึกษา สายวิชาชีพ",85.45,ร้อยละ,สำนักงานสถิติแห่งชาติ
2565,"ไตรมาส 3",ภาคใต้,ในเขตเทศบาล,"อุดมศึกษา สายวิชาการศึกษา",58.47,ร้อยละ,สำนักงานสถิติแห่งชาติ
2565,"ไตรมาส 3",ภาคใต้,ในเขตเทศบาล,การศึกษาอื่นๆ,96.07,ร้อยละ,สำนักงานสถิติแห่งชาติ
2565,"ไตรมาส 3",ภาคใต้,ในเขตเทศบาล,ไม่ทราบ,77.00,ร้อยละ,สำนักงานสถิติแห่งชาติ
2565,"ไตรมาส 3",ภาคใต้,นอกเขตเทศบาล,รวม,68.08,ร้อยละ,สำนักงานสถิติแห่งชาติ
2565,"ไตรมาส 3",ภาคใต้,นอกเขตเทศบาล,ไม่มีการศึกษา,43.52,ร้อยละ,สำนักงานสถิติแห่งชาติ
2565,"ไตรมาส 3",ภาคใต้,นอกเขตเทศบาล,ต่ำกว่าประถมศึกษา,51.79,ร้อยละ,สำนักงานสถิติแห่งชาติ
2565,"ไตรมาส 3",ภาคใต้,นอกเขตเทศบาล,ประถมศึกษา,76.37,ร้อยละ,สำนักงานสถิติแห่งชาติ
2565,"ไตรมาส 3",ภาคใต้,นอกเขตเทศบาล,มัธยมศึกษาตอนต้น,62.92,ร้อยละ,สำนักงานสถิติแห่งชาติ
2565,"ไตรมาส 3",ภาคใต้,นอกเขตเทศบาล,"มัธยมศึกษาตอนปลาย สายสามัญ",72.89,ร้อยละ,สำนักงานสถิติแห่งชาติ
2565,"ไตรมาส 3",ภาคใต้,นอกเขตเทศบาล,"มัธยมศึกษาตอนปลาย สายอาชีวศึกษา",71.80,ร้อยละ,สำนักงานสถิติแห่งชาติ
2565,"ไตรมาส 3",ภาคใต้,นอกเขตเทศบาล,"มัธยมศึกษาตอนปลาย สายวิชาการ",47.53,ร้อยละ,สำนักงานสถิติแห่งชาติ
2565,"ไตรมาส 3",ภาคใต้,นอกเขตเทศบาล,"อุดมศึกษา สายวิชาการ",81.80,ร้อยละ,สำนักงานสถิติแห่งชาติ
2565,"ไตรมาส 3",ภาคใต้,นอกเขตเทศบาล,"อุดมศึกษา สายวิชาชีพ",84.56,ร้อยละ,สำนักงานสถิติแห่งชาติ
2565,"ไตรมาส 3",ภาคใต้,นอกเขตเทศบาล,"อุดมศึกษา สายวิชาการศึกษา",68.94,ร้อยละ,สำนักงานสถิติแห่งชาติ
2565,"ไตรมาส 3",ภาคใต้,นอกเขตเทศบาล,การศึกษาอื่นๆ,31.34,ร้อยละ,สำนักงานสถิติแห่งชาติ
2565,"ไตรมาส 3",ภาคใต้,นอกเขตเทศบาล,ไม่ทราบ,64.30,ร้อยละ,สำนักงานสถิติแห่งชาติ
2565,"ไตรมาส 4",ทั่วประเทศ,รวม,รวม,67.41,ร้อยละ,สำนักงานสถิติแห่งชาติ
2565,"ไตรมาส 4",ทั่วประเทศ,รวม,ไม่มีการศึกษา,53.72,ร้อยละ,สำนักงานสถิติแห่งชาติ
2565,"ไตรมาส 4",ทั่วประเทศ,รวม,ต่ำกว่าประถมศึกษา,48.43,ร้อยละ,สำนักงานสถิติแห่งชาติ
2565,"ไตรมาส 4",ทั่วประเทศ,รวม,ประถมศึกษา,75.04,ร้อยละ,สำนักงานสถิติแห่งชาติ
2565,"ไตรมาส 4",ทั่วประเทศ,รวม,มัธยมศึกษาตอนต้น,63.36,ร้อยละ,สำนักงานสถิติแห่งชาติ
2565,"ไตรมาส 4",ทั่วประเทศ,รวม,"มัธยมศึกษาตอนปลาย สายสามัญ",69.82,ร้อยละ,สำนักงานสถิติแห่งชาติ
2565,"ไตรมาส 4",ทั่วประเทศ,รวม,"มัธยมศึกษาตอนปลาย สายอาชีวศึกษา",71.75,ร้อยละ,สำนักงานสถิติแห่งชาติ
2565,"ไตรมาส 4",ทั่วประเทศ,รวม,"มัธยมศึกษาตอนปลาย สายวิชาการ",69.34,ร้อยละ,สำนักงานสถิติแห่งชาติ
2565,"ไตรมาส 4",ทั่วประเทศ,รวม,"อุดมศึกษา สายวิชาการ",81.97,ร้อยละ,สำนักงานสถิติแห่งชาติ
2565,"ไตรมาส 4",ทั่วประเทศ,รวม,"อุดมศึกษา สายวิชาชีพ",84.00,ร้อยละ,สำนักงานสถิติแห่งชาติ
2565,"ไตรมาส 4",ทั่วประเทศ,รวม,"อุดมศึกษา สายวิชาการศึกษา",65.75,ร้อยละ,สำนักงานสถิติแห่งชาติ
2565,"ไตรมาส 4",ทั่วประเทศ,รวม,การศึกษาอื่นๆ,88.46,ร้อยละ,สำนักงานสถิติแห่งชาติ
2565,"ไตรมาส 4",ทั่วประเทศ,รวม,ไม่ทราบ,74.42,ร้อยละ,สำนักงานสถิติแห่งชาติ
2565,"ไตรมาส 4",ทั่วประเทศ,ในเขตเทศบาล,รวม,67.89,ร้อยละ,สำนักงานสถิติแห่งชาติ
2565,"ไตรมาส 4",ทั่วประเทศ,ในเขตเทศบาล,ไม่มีการศึกษา,57.43,ร้อยละ,สำนักงานสถิติแห่งชาติ
2565,"ไตรมาส 4",ทั่วประเทศ,ในเขตเทศบาล,ต่ำกว่าประถมศึกษา,44.59,ร้อยละ,สำนักงานสถิติแห่งชาติ
2565,"ไตรมาส 4",ทั่วประเทศ,ในเขตเทศบาล,ประถมศึกษา,73.83,ร้อยละ,สำนักงานสถิติแห่งชาติ
2565,"ไตรมาส 4",ทั่วประเทศ,ในเขตเทศบาล,มัธยมศึกษาตอนต้น,63.30,ร้อยละ,สำนักงานสถิติแห่งชาติ
2565,"ไตรมาส 4",ทั่วประเทศ,ในเขตเทศบาล,"มัธยมศึกษาตอนปลาย สายสามัญ",67.48,ร้อยละ,สำนักงานสถิติแห่งชาติ
2565,"ไตรมาส 4",ทั่วประเทศ,ในเขตเทศบาล,"มัธยมศึกษาตอนปลาย สายอาชีวศึกษา",71.81,ร้อยละ,สำนักงานสถิติแห่งชาติ
2565,"ไตรมาส 4",ทั่วประเทศ,ในเขตเทศบาล,"มัธยมศึกษาตอนปลาย สายวิชาการ",80.58,ร้อยละ,สำนักงานสถิติแห่งชาติ
2565,"ไตรมาส 4",ทั่วประเทศ,ในเขตเทศบาล,"อุดมศึกษา สายวิชาการ",81.01,ร้อยละ,สำนักงานสถิติแห่งชาติ
2565,"ไตรมาส 4",ทั่วประเทศ,ในเขตเทศบาล,"อุดมศึกษา สายวิชาชีพ",84.16,ร้อยละ,สำนักงานสถิติแห่งชาติ
2565,"ไตรมาส 4",ทั่วประเทศ,ในเขตเทศบาล,"อุดมศึกษา สายวิชาการศึกษา",59.26,ร้อยละ,สำนักงานสถิติแห่งชาติ
2565,"ไตรมาส 4",ทั่วประเทศ,ในเขตเทศบาล,การศึกษาอื่นๆ,92.59,ร้อยละ,สำนักงานสถิติแห่งชาติ
2565,"ไตรมาส 4",ทั่วประเทศ,ในเขตเทศบาล,ไม่ทราบ,69.91,ร้อยละ,สำนักงานสถิติแห่งชาติ
2565,"ไตรมาส 4",ทั่วประเทศ,นอกเขตเทศบาล,รวม,67.00,ร้อยละ,สำนักงานสถิติแห่งชาติ
2565,"ไตรมาส 4",ทั่วประเทศ,นอกเขตเทศบาล,ไม่มีการศึกษา,51.27,ร้อยละ,สำนักงานสถิติแห่งชาติ
2565,"ไตรมาส 4",ทั่วประเทศ,นอกเขตเทศบาล,ต่ำกว่าประถมศึกษา,50.46,ร้อยละ,สำนักงานสถิติแห่งชาติ
2565,"ไตรมาส 4",ทั่วประเทศ,นอกเขตเทศบาล,ประถมศึกษา,75.78,ร้อยละ,สำนักงานสถิติแห่งชาติ
2565,"ไตรมาส 4",ทั่วประเทศ,นอกเขตเทศบาล,มัธยมศึกษาตอนต้น,63.40,ร้อยละ,สำนักงานสถิติแห่งชาติ
2565,"ไตรมาส 4",ทั่วประเทศ,นอกเขตเทศบาล,"มัธยมศึกษาตอนปลาย สายสามัญ",72.13,ร้อยละ,สำนักงานสถิติแห่งชาติ
2565,"ไตรมาส 4",ทั่วประเทศ,นอกเขตเทศบาล,"มัธยมศึกษาตอนปลาย สายอาชีวศึกษา",71.69,ร้อยละ,สำนักงานสถิติแห่งชาติ
2565,"ไตรมาส 4",ทั่วประเทศ,นอกเขตเทศบาล,"มัธยมศึกษาตอนปลาย สายวิชาการ",49.91,ร้อยละ,สำนักงานสถิติแห่งชาติ
2565,"ไตรมาส 4",ทั่วประเทศ,นอกเขตเทศบาล,"อุดมศึกษา สายวิชาการ",83.84,ร้อยละ,สำนักงานสถิติแห่งชาติ
2565,"ไตรมาส 4",ทั่วประเทศ,นอกเขตเทศบาล,"อุดมศึกษา สายวิชาชีพ",83.81,ร้อยละ,สำนักงานสถิติแห่งชาติ
2565,"ไตรมาส 4",ทั่วประเทศ,นอกเขตเทศบาล,"อุดมศึกษา สายวิชาการศึกษา",73.59,ร้อยละ,สำนักงานสถิติแห่งชาติ
2565,"ไตรมาส 4",ทั่วประเทศ,นอกเขตเทศบาล,การศึกษาอื่นๆ,82.52,ร้อยละ,สำนักงานสถิติแห่งชาติ
2565,"ไตรมาส 4",ทั่วประเทศ,นอกเขตเทศบาล,ไม่ทราบ,89.66,ร้อยละ,สำนักงานสถิติแห่งชาติ
2565,"ไตรมาส 4",กรุงเทพมหานคร,ในเขตเทศบาล,รวม,72.40,ร้อยละ,สำนักงานสถิติแห่งชาติ
2565,"ไตรมาส 4",กรุงเทพมหานคร,ในเขตเทศบาล,ไม่มีการศึกษา,57.27,ร้อยละ,สำนักงานสถิติแห่งชาติ
2565,"ไตรมาส 4",กรุงเทพมหานคร,ในเขตเทศบาล,ต่ำกว่าประถมศึกษา,44.55,ร้อยละ,สำนักงานสถิติแห่งชาติ
2565,"ไตรมาส 4",กรุงเทพมหานคร,ในเขตเทศบาล,ประถมศึกษา,78.06,ร้อยละ,สำนักงานสถิติแห่งชาติ
2565,"ไตรมาส 4",กรุงเทพมหานคร,ในเขตเทศบาล,มัธยมศึกษาตอนต้น,69.07,ร้อยละ,สำนักงานสถิติแห่งชาติ
2565,"ไตรมาส 4",กรุงเทพมหานคร,ในเขตเทศบาล,"มัธยมศึกษาตอนปลาย สายสามัญ",68.93,ร้อยละ,สำนักงานสถิติแห่งชาติ
2565,"ไตรมาส 4",กรุงเทพมหานคร,ในเขตเทศบาล,"มัธยมศึกษาตอนปลาย สายอาชีวศึกษา",74.85,ร้อยละ,สำนักงานสถิติแห่งชาติ
2565,"ไตรมาส 4",กรุงเทพมหานคร,ในเขตเทศบาล,"มัธยมศึกษาตอนปลาย สายวิชาการ",100.00,ร้อยละ,สำนักงานสถิติแห่งชาติ
2565,"ไตรมาส 4",กรุงเทพมหานคร,ในเขตเทศบาล,"อุดมศึกษา สายวิชาการ",81.15,ร้อยละ,สำนักงานสถิติแห่งชาติ
2565,"ไตรมาส 4",กรุงเทพมหานคร,ในเขตเทศบาล,"อุดมศึกษา สายวิชาชีพ",81.71,ร้อยละ,สำนักงานสถิติแห่งชาติ
2565,"ไตรมาส 4",กรุงเทพมหานคร,ในเขตเทศบาล,"อุดมศึกษา สายวิชาการศึกษา",61.77,ร้อยละ,สำนักงานสถิติแห่งชาติ
2565,"ไตรมาส 4",กรุงเทพมหานคร,ในเขตเทศบาล,การศึกษาอื่นๆ,100.00,ร้อยละ,สำนักงานสถิติแห่งชาติ
2565,"ไตรมาส 4",กรุงเทพมหานคร,ในเขตเทศบาล,ไม่ทราบ,58.86,ร้อยละ,สำนักงานสถิติแห่งชาติ
2565,"ไตรมาส 4",ภาคกลาง,รวม,รวม,69.46,ร้อยละ,สำนักงานสถิติแห่งชาติ
2565,"ไตรมาส 4",ภาคกลาง,รวม,ไม่มีการศึกษา,62.12,ร้อยละ,สำนักงานสถิติแห่งชาติ
2565,"ไตรมาส 4",ภาคกลาง,รวม,ต่ำกว่าประถมศึกษา,44.79,ร้อยละ,สำนักงานสถิติแห่งชาติ
2565,"ไตรมาส 4",ภาคกลาง,รวม,ประถมศึกษา,73.69,ร้อยละ,สำนักงานสถิติแห่งชาติ
2565,"ไตรมาส 4",ภาคกลาง,รวม,มัธยมศึกษาตอนต้น,67.80,ร้อยละ,สำนักงานสถิติแห่งชาติ
2565,"ไตรมาส 4",ภาคกลาง,รวม,"มัธยมศึกษาตอนปลาย สายสามัญ",71.35,ร้อยละ,สำนักงานสถิติแห่งชาติ
2565,"ไตรมาส 4",ภาคกลาง,รวม,"มัธยมศึกษาตอนปลาย สายอาชีวศึกษา",74.50,ร้อยละ,สำนักงานสถิติแห่งชาติ
2565,"ไตรมาส 4",ภาคกลาง,รวม,"มัธยมศึกษาตอนปลาย สายวิชาการ",58.81,ร้อยละ,สำนักงานสถิติแห่งชาติ
2565,"ไตรมาส 4",ภาคกลาง,รวม,"อุดมศึกษา สายวิชาการ",81.32,ร้อยละ,สำนักงานสถิติแห่งชาติ
2565,"ไตรมาส 4",ภาคกลาง,รวม,"อุดมศึกษา สายวิชาชีพ",85.79,ร้อยละ,สำนักงานสถิติแห่งชาติ
2565,"ไตรมาส 4",ภาคกลาง,รวม,"อุดมศึกษา สายวิชาการศึกษา",65.87,ร้อยละ,สำนักงานสถิติแห่งชาติ
2565,"ไตรมาส 4",ภาคกลาง,รวม,การศึกษาอื่นๆ,93.58,ร้อยละ,สำนักงานสถิติแห่งชาติ
2565,"ไตรมาส 4",ภาคกลาง,รวม,ไม่ทราบ,79.09,ร้อยละ,สำนักงานสถิติแห่งชาติ
2565,"ไตรมาส 4",ภาคกลาง,ในเขตเทศบาล,รวม,69.46,ร้อยละ,สำนักงานสถิติแห่งชาติ
2565,"ไตรมาส 4",ภาคกลาง,ในเขตเทศบาล,ไม่มีการศึกษา,68.08,ร้อยละ,สำนักงานสถิติแห่งชาติ
2565,"ไตรมาส 4",ภาคกลาง,ในเขตเทศบาล,ต่ำกว่าประถมศึกษา,41.82,ร้อยละ,สำนักงานสถิติแห่งชาติ
2565,"ไตรมาส 4",ภาคกลาง,ในเขตเทศบาล,ประถมศึกษา,72.07,ร้อยละ,สำนักงานสถิติแห่งชาติ
2565,"ไตรมาส 4",ภาคกลาง,ในเขตเทศบาล,มัธยมศึกษาตอนต้น,67.26,ร้อยละ,สำนักงานสถิติแห่งชาติ
2565,"ไตรมาส 4",ภาคกลาง,ในเขตเทศบาล,"มัธยมศึกษาตอนปลาย สายสามัญ",70.15,ร้อยละ,สำนักงานสถิติแห่งชาติ
2565,"ไตรมาส 4",ภาคกลาง,ในเขตเทศบาล,"มัธยมศึกษาตอนปลาย สายอาชีวศึกษา",74.02,ร้อยละ,สำนักงานสถิติแห่งชาติ
2565,"ไตรมาส 4",ภาคกลาง,ในเขตเทศบาล,"มัธยมศึกษาตอนปลาย สายวิชาการ",73.72,ร้อยละ,สำนักงานสถิติแห่งชาติ
2565,"ไตรมาส 4",ภาคกลาง,ในเขตเทศบาล,"อุดมศึกษา สายวิชาการ",79.96,ร้อยละ,สำนักงานสถิติแห่งชาติ
2565,"ไตรมาส 4",ภาคกลาง,ในเขตเทศบาล,"อุดมศึกษา สายวิชาชีพ",86.32,ร้อยละ,สำนักงานสถิติแห่งชาติ
2565,"ไตรมาส 4",ภาคกลาง,ในเขตเทศบาล,"อุดมศึกษา สายวิชาการศึกษา",62.15,ร้อยละ,สำนักงานสถิติแห่งชาติ
2565,"ไตรมาส 4",ภาคกลาง,ในเขตเทศบาล,การศึกษาอื่นๆ,94.56,ร้อยละ,สำนักงานสถิติแห่งชาติ
2565,"ไตรมาส 4",ภาคกลาง,ในเขตเทศบาล,ไม่ทราบ,74.74,ร้อยละ,สำนักงานสถิติแห่งชาติ
2565,"ไตรมาส 4",ภาคกลาง,นอกเขตเทศบาล,รวม,69.47,ร้อยละ,สำนักงานสถิติแห่งชาติ
2565,"ไตรมาส 4",ภาคกลาง,นอกเขตเทศบาล,ไม่มีการศึกษา,55.76,ร้อยละ,สำนักงานสถิติแห่งชาติ
2565,"ไตรมาส 4",ภาคกลาง,นอกเขตเทศบาล,ต่ำกว่าประถมศึกษา,46.71,ร้อยละ,สำนักงานสถิติแห่งชาติ
2565,"ไตรมาส 4",ภาคกลาง,นอกเขตเทศบาล,ประถมศึกษา,74.72,ร้อยละ,สำนักงานสถิติแห่งชาติ
2565,"ไตรมาส 4",ภาคกลาง,นอกเขตเทศบาล,มัธยมศึกษาตอนต้น,68.26,ร้อยละ,สำนักงานสถิติแห่งชาติ
2565,"ไตรมาส 4",ภาคกลาง,นอกเขตเทศบาล,"มัธยมศึกษาตอนปลาย สายสามัญ",72.50,ร้อยละ,สำนักงานสถิติแห่งชาติ
2565,"ไตรมาส 4",ภาคกลาง,นอกเขตเทศบาล,"มัธยมศึกษาตอนปลาย สายอาชีวศึกษา",74.92,ร้อยละ,สำนักงานสถิติแห่งชาติ
2565,"ไตรมาส 4",ภาคกลาง,นอกเขตเทศบาล,"มัธยมศึกษาตอนปลาย สายวิชาการ",16.31,ร้อยละ,สำนักงานสถิติแห่งชาติ
2565,"ไตรมาส 4",ภาคกลาง,นอกเขตเทศบาล,"อุดมศึกษา สายวิชาการ",83.06,ร้อยละ,สำนักงานสถิติแห่งชาติ
2565,"ไตรมาส 4",ภาคกลาง,นอกเขตเทศบาล,"อุดมศึกษา สายวิชาชีพ",85.21,ร้อยละ,สำนักงานสถิติแห่งชาติ
2565,"ไตรมาส 4",ภาคกลาง,นอกเขตเทศบาล,"อุดมศึกษา สายวิชาการศึกษา",70.04,ร้อยละ,สำนักงานสถิติแห่งชาติ
2565,"ไตรมาส 4",ภาคกลาง,นอกเขตเทศบาล,การศึกษาอื่นๆ,92.09,ร้อยละ,สำนักงานสถิติแห่งชาติ
2565,"ไตรมาส 4",ภาคกลาง,นอกเขตเทศบาล,ไม่ทราบ,90.32,ร้อยละ,สำนักงานสถิติแห่งชาติ
2565,"ไตรมาส 4",ภาคเหนือ,รวม,รวม,65.40,ร้อยละ,สำนักงานสถิติแห่งชาติ
2565,"ไตรมาส 4",ภาคเหนือ,รวม,ไม่มีการศึกษา,54.68,ร้อยละ,สำนักงานสถิติแห่งชาติ
2565,"ไตรมาส 4",ภาคเหนือ,รวม,ต่ำกว่าประถมศึกษา,52.69,ร้อยละ,สำนักงานสถิติแห่งชาติ
2565,"ไตรมาส 4",ภาคเหนือ,รวม,ประถมศึกษา,75.21,ร้อยละ,สำนักงานสถิติแห่งชาติ
2565,"ไตรมาส 4",ภาคเหนือ,รวม,มัธยมศึกษาตอนต้น,61.09,ร้อยละ,สำนักงานสถิติแห่งชาติ
2565,"ไตรมาส 4",ภาคเหนือ,รวม,"มัธยมศึกษาตอนปลาย สายสามัญ",70.06,ร้อยละ,สำนักงานสถิติแห่งชาติ
2565,"ไตรมาส 4",ภาคเหนือ,รวม,"มัธยมศึกษาตอนปลาย สายอาชีวศึกษา",69.60,ร้อยละ,สำนักงานสถิติแห่งชาติ
2565,"ไตรมาส 4",ภาคเหนือ,รวม,"มัธยมศึกษาตอนปลาย สายวิชาการ",88.06,ร้อยละ,สำนักงานสถิติแห่งชาติ
2565,"ไตรมาส 4",ภาคเหนือ,รวม,"อุดมศึกษา สายวิชาการ",82.44,ร้อยละ,สำนักงานสถิติแห่งชาติ
2565,"ไตรมาส 4",ภาคเหนือ,รวม,"อุดมศึกษา สายวิชาชีพ",83.45,ร้อยละ,สำนักงานสถิติแห่งชาติ
2565,"ไตรมาส 4",ภาคเหนือ,รวม,"อุดมศึกษา สายวิชาการศึกษา",65.58,ร้อยละ,สำนักงานสถิติแห่งชาติ
2565,"ไตรมาส 4",ภาคเหนือ,รวม,การศึกษาอื่นๆ,72.57,ร้อยละ,สำนักงานสถิติแห่งชาติ
2565,"ไตรมาส 4",ภาคเหนือ,รวม,ไม่ทราบ,57.85,ร้อยละ,สำนักงานสถิติแห่งชาติ
2565,"ไตรมาส 4",ภาคเหนือ,ในเขตเทศบาล,รวม,62.51,ร้อยละ,สำนักงานสถิติแห่งชาติ
2565,"ไตรมาส 4",ภาคเหนือ,ในเขตเทศบาล,ไม่มีการศึกษา,48.28,ร้อยละ,สำนักงานสถิติแห่งชาติ
2565,"ไตรมาส 4",ภาคเหนือ,ในเขตเทศบาล,ต่ำกว่าประถมศึกษา,48.97,ร้อยละ,สำนักงานสถิติแห่งชาติ
2565,"ไตรมาส 4",ภาคเหนือ,ในเขตเทศบาล,ประถมศึกษา,69.47,ร้อยละ,สำนักงานสถิติแห่งชาติ
2565,"ไตรมาส 4",ภาคเหนือ,ในเขตเทศบาล,มัธยมศึกษาตอนต้น,53.19,ร้อยละ,สำนักงานสถิติแห่งชาติ
2565,"ไตรมาส 4",ภาคเหนือ,ในเขตเทศบาล,"มัธยมศึกษาตอนปลาย สายสามัญ",64.59,ร้อยละ,สำนักงานสถิติแห่งชาติ
2565,"ไตรมาส 4",ภาคเหนือ,ในเขตเทศบาล,"มัธยมศึกษาตอนปลาย สายอาชีวศึกษา",67.45,ร้อยละ,สำนักงานสถิติแห่งชาติ
2565,"ไตรมาส 4",ภาคเหนือ,ในเขตเทศบาล,"มัธยมศึกษาตอนปลาย สายวิชาการ",.00,ร้อยละ,สำนักงานสถิติแห่งชาติ
2565,"ไตรมาส 4",ภาคเหนือ,ในเขตเทศบาล,"อุดมศึกษา สายวิชาการ",80.09,ร้อยละ,สำนักงานสถิติแห่งชาติ
2565,"ไตรมาส 4",ภาคเหนือ,ในเขตเทศบาล,"อุดมศึกษา สายวิชาชีพ",83.83,ร้อยละ,สำนักงานสถิติแห่งชาติ
2565,"ไตรมาส 4",ภาคเหนือ,ในเขตเทศบาล,"อุดมศึกษา สายวิชาการศึกษา",59.81,ร้อยละ,สำนักงานสถิติแห่งชาติ
2565,"ไตรมาส 4",ภาคเหนือ,ในเขตเทศบาล,การศึกษาอื่นๆ,75.85,ร้อยละ,สำนักงานสถิติแห่งชาติ
2565,"ไตรมาส 4",ภาคเหนือ,ในเขตเทศบาล,ไม่ทราบ,31.82,ร้อยละ,สำนักงานสถิติแห่งชาติ
2565,"ไตรมาส 4",ภาคเหนือ,นอกเขตเทศบาล,รวม,66.94,ร้อยละ,สำนักงานสถิติแห่งชาติ
2565,"ไตรมาส 4",ภาคเหนือ,นอกเขตเทศบาล,ไม่มีการศึกษา,56.70,ร้อยละ,สำนักงานสถิติแห่งชาติ
2565,"ไตรมาส 4",ภาคเหนือ,นอกเขตเทศบาล,ต่ำกว่าประถมศึกษา,54.33,ร้อยละ,สำนักงานสถิติแห่งชาติ
2565,"ไตรมาส 4",ภาคเหนือ,นอกเขตเทศบาล,ประถมศึกษา,77.45,ร้อยละ,สำนักงานสถิติแห่งชาติ
2565,"ไตรมาส 4",ภาคเหนือ,นอกเขตเทศบาล,มัธยมศึกษาตอนต้น,64.77,ร้อยละ,สำนักงานสถิติแห่งชาติ
2565,"ไตรมาส 4",ภาคเหนือ,นอกเขตเทศบาล,"มัธยมศึกษาตอนปลาย สายสามัญ",73.45,ร้อยละ,สำนักงานสถิติแห่งชาติ
2565,"ไตรมาส 4",ภาคเหนือ,นอกเขตเทศบาล,"มัธยมศึกษาตอนปลาย สายอาชีวศึกษา",71.27,ร้อยละ,สำนักงานสถิติแห่งชาติ
2565,"ไตรมาส 4",ภาคเหนือ,นอกเขตเทศบาล,"มัธยมศึกษาตอนปลาย สายวิชาการ",100.00,ร้อยละ,สำนักงานสถิติแห่งชาติ
2565,"ไตรมาส 4",ภาคเหนือ,นอกเขตเทศบาล,"อุดมศึกษา สายวิชาการ",85.26,ร้อยละ,สำนักงานสถิติแห่งชาติ
2565,"ไตรมาส 4",ภาคเหนือ,นอกเขตเทศบาล,"อุดมศึกษา สายวิชาชีพ",83.19,ร้อยละ,สำนักงานสถิติแห่งชาติ
2565,"ไตรมาส 4",ภาคเหนือ,นอกเขตเทศบาล,"อุดมศึกษา สายวิชาการศึกษา",72.53,ร้อยละ,สำนักงานสถิติแห่งชาติ
2565,"ไตรมาส 4",ภาคเหนือ,นอกเขตเทศบาล,การศึกษาอื่นๆ,65.57,ร้อยละ,สำนักงานสถิติแห่งชาติ
2565,"ไตรมาส 4",ภาคเหนือ,นอกเขตเทศบาล,ไม่ทราบ,87.97,ร้อยละ,สำนักงานสถิติแห่งชาติ
2565,"ไตรมาส 4",ภาคตะวันออกเฉียงเหนือ,รวม,รวม,63.15,ร้อยละ,สำนักงานสถิติแห่งชาติ
2565,"ไตรมาส 4",ภาคตะวันออกเฉียงเหนือ,รวม,ไม่มีการศึกษา,29.56,ร้อยละ,สำนักงานสถิติแห่งชาติ
2565,"ไตรมาส 4",ภาคตะวันออกเฉียงเหนือ,รวม,ต่ำกว่าประถมศึกษา,48.33,ร้อยละ,สำนักงานสถิติแห่งชาติ
2565,"ไตรมาส 4",ภาคตะวันออกเฉียงเหนือ,รวม,ประถมศึกษา,75.81,ร้อยละ,สำนักงานสถิติแห่งชาติ
2565,"ไตรมาส 4",ภาคตะวันออกเฉียงเหนือ,รวม,มัธยมศึกษาตอนต้น,57.16,ร้อยละ,สำนักงานสถิติแห่งชาติ
2565,"ไตรมาส 4",ภาคตะวันออกเฉียงเหนือ,รวม,"มัธยมศึกษาตอนปลาย สายสามัญ",67.31,ร้อยละ,สำนักงานสถิติแห่งชาติ
2565,"ไตรมาส 4",ภาคตะวันออกเฉียงเหนือ,รวม,"มัธยมศึกษาตอนปลาย สายอาชีวศึกษา",60.18,ร้อยละ,สำนักงานสถิติแห่งชาติ
2565,"ไตรมาส 4",ภาคตะวันออกเฉียงเหนือ,รวม,"มัธยมศึกษาตอนปลาย สายวิชาการ",21.93,ร้อยละ,สำนักงานสถิติแห่งชาติ
2565,"ไตรมาส 4",ภาคตะวันออกเฉียงเหนือ,รวม,"อุดมศึกษา สายวิชาการ",83.59,ร้อยละ,สำนักงานสถิติแห่งชาติ
2565,"ไตรมาส 4",ภาคตะวันออกเฉียงเหนือ,รวม,"อุดมศึกษา สายวิชาชีพ",82.22,ร้อยละ,สำนักงานสถิติแห่งชาติ
2565,"ไตรมาส 4",ภาคตะวันออกเฉียงเหนือ,รวม,"อุดมศึกษา สายวิชาการศึกษา",67.54,ร้อยละ,สำนักงานสถิติแห่งชาติ
2565,"ไตรมาส 4",ภาคตะวันออกเฉียงเหนือ,รวม,การศึกษาอื่นๆ,.00,ร้อยละ,สำนักงานสถิติแห่งชาติ
2565,"ไตรมาส 4",ภาคตะวันออกเฉียงเหนือ,รวม,ไม่ทราบ,20.83,ร้อยละ,สำนักงานสถิติแห่งชาติ
2565,"ไตรมาส 4",ภาคตะวันออกเฉียงเหนือ,ในเขตเทศบาล,รวม,61.73,ร้อยละ,สำนักงานสถิติแห่งชาติ
2565,"ไตรมาส 4",ภาคตะวันออกเฉียงเหนือ,ในเขตเทศบาล,ไม่มีการศึกษา,27.48,ร้อยละ,สำนักงานสถิติแห่งชาติ
2565,"ไตรมาส 4",ภาคตะวันออกเฉียงเหนือ,ในเขตเทศบาล,ต่ำกว่าประถมศึกษา,43.44,ร้อยละ,สำนักงานสถิติแห่งชาติ
2565,"ไตรมาส 4",ภาคตะวันออกเฉียงเหนือ,ในเขตเทศบาล,ประถมศึกษา,74.01,ร้อยละ,สำนักงานสถิติแห่งชาติ
2565,"ไตรมาส 4",ภาคตะวันออกเฉียงเหนือ,ในเขตเทศบาล,มัธยมศึกษาตอนต้น,55.09,ร้อยละ,สำนักงานสถิติแห่งชาติ
2565,"ไตรมาส 4",ภาคตะวันออกเฉียงเหนือ,ในเขตเทศบาล,"มัธยมศึกษาตอนปลาย สายสามัญ",62.90,ร้อยละ,สำนักงานสถิติแห่งชาติ
2565,"ไตรมาส 4",ภาคตะวันออกเฉียงเหนือ,ในเขตเทศบาล,"มัธยมศึกษาตอนปลาย สายอาชีวศึกษา",59.31,ร้อยละ,สำนักงานสถิติแห่งชาติ
2565,"ไตรมาส 4",ภาคตะวันออกเฉียงเหนือ,ในเขตเทศบาล,"มัธยมศึกษาตอนปลาย สายวิชาการ",42.76,ร้อยละ,สำนักงานสถิติแห่งชาติ
2565,"ไตรมาส 4",ภาคตะวันออกเฉียงเหนือ,ในเขตเทศบาล,"อุดมศึกษา สายวิชาการ",83.06,ร้อยละ,สำนักงานสถิติแห่งชาติ
2565,"ไตรมาส 4",ภาคตะวันออกเฉียงเหนือ,ในเขตเทศบาล,"อุดมศึกษา สายวิชาชีพ",83.23,ร้อยละ,สำนักงานสถิติแห่งชาติ
2565,"ไตรมาส 4",ภาคตะวันออกเฉียงเหนือ,ในเขตเทศบาล,"อุดมศึกษา สายวิชาการศึกษา",56.93,ร้อยละ,สำนักงานสถิติแห่งชาติ
2565,"ไตรมาส 4",ภาคตะวันออกเฉียงเหนือ,ในเขตเทศบาล,การศึกษาอื่นๆ,.00,ร้อยละ,สำนักงานสถิติแห่งชาติ
2565,"ไตรมาส 4",ภาคตะวันออกเฉียงเหนือ,ในเขตเทศบาล,ไม่ทราบ,20.70,ร้อยละ,สำนักงานสถิติแห่งชาติ
2565,"ไตรมาส 4",ภาคตะวันออกเฉียงเหนือ,นอกเขตเทศบาล,รวม,63.75,ร้อยละ,สำนักงานสถิติแห่งชาติ
2565,"ไตรมาส 4",ภาคตะวันออกเฉียงเหนือ,นอกเขตเทศบาล,ไม่มีการศึกษา,30.15,ร้อยละ,สำนักงานสถิติแห่งชาติ
2565,"ไตรมาส 4",ภาคตะวันออกเฉียงเหนือ,นอกเขตเทศบาล,ต่ำกว่าประถมศึกษา,50.03,ร้อยละ,สำนักงานสถิติแห่งชาติ
2565,"ไตรมาส 4",ภาคตะวันออกเฉียงเหนือ,นอกเขตเทศบาล,ประถมศึกษา,76.40,ร้อยละ,สำนักงานสถิติแห่งชาติ
2565,"ไตรมาส 4",ภาคตะวันออกเฉียงเหนือ,นอกเขตเทศบาล,มัธยมศึกษาตอนต้น,57.94,ร้อยละ,สำนักงานสถิติแห่งชาติ
2565,"ไตรมาส 4",ภาคตะวันออกเฉียงเหนือ,นอกเขตเทศบาล,"มัธยมศึกษาตอนปลาย สายสามัญ",69.55,ร้อยละ,สำนักงานสถิติแห่งชาติ
2565,"ไตรมาส 4",ภาคตะวันออกเฉียงเหนือ,นอกเขตเทศบาล,"มัธยมศึกษาตอนปลาย สายอาชีวศึกษา",60.63,ร้อยละ,สำนักงานสถิติแห่งชาติ
2565,"ไตรมาส 4",ภาคตะวันออกเฉียงเหนือ,นอกเขตเทศบาล,"มัธยมศึกษาตอนปลาย สายวิชาการ",.00,ร้อยละ,สำนักงานสถิติแห่งชาติ
2565,"ไตรมาส 4",ภาคตะวันออกเฉียงเหนือ,นอกเขตเทศบาล,"อุดมศึกษา สายวิชาการ",84.16,ร้อยละ,สำนักงานสถิติแห่งชาติ
2565,"ไตรมาส 4",ภาคตะวันออกเฉียงเหนือ,นอกเขตเทศบาล,"อุดมศึกษา สายวิชาชีพ",81.66,ร้อยละ,สำนักงานสถิติแห่งชาติ
2565,"ไตรมาส 4",ภาคตะวันออกเฉียงเหนือ,นอกเขตเทศบาล,"อุดมศึกษา สายวิชาการศึกษา",75.87,ร้อยละ,สำนักงานสถิติแห่งชาติ
2565,"ไตรมาส 4",ภาคตะวันออกเฉียงเหนือ,นอกเขตเทศบาล,การศึกษาอื่นๆ,.00,ร้อยละ,สำนักงานสถิติแห่งชาติ
2565,"ไตรมาส 4",ภาคตะวันออกเฉียงเหนือ,นอกเขตเทศบาล,ไม่ทราบ,20.99,ร้อยละ,สำนักงานสถิติแห่งชาติ
2565,"ไตรมาส 4",ภาคใต้,รวม,รวม,68.13,ร้อยละ,สำนักงานสถิติแห่งชาติ
2565,"ไตรมาส 4",ภาคใต้,รวม,ไม่มีการศึกษา,50.66,ร้อยละ,สำนักงานสถิติแห่งชาติ
2565,"ไตรมาส 4",ภาคใต้,รวม,ต่ำกว่าประถมศึกษา,50.36,ร้อยละ,สำนักงานสถิติแห่งชาติ
2565,"ไตรมาส 4",ภาคใต้,รวม,ประถมศึกษา,73.51,ร้อยละ,สำนักงานสถิติแห่งชาติ
2565,"ไตรมาส 4",ภาคใต้,รวม,มัธยมศึกษาตอนต้น,61.69,ร้อยละ,สำนักงานสถิติแห่งชาติ
2565,"ไตรมาส 4",ภาคใต้,รวม,"มัธยมศึกษาตอนปลาย สายสามัญ",71.50,ร้อยละ,สำนักงานสถิติแห่งชาติ
2565,"ไตรมาส 4",ภาคใต้,รวม,"มัธยมศึกษาตอนปลาย สายอาชีวศึกษา",73.87,ร้อยละ,สำนักงานสถิติแห่งชาติ
2565,"ไตรมาส 4",ภาคใต้,รวม,"มัธยมศึกษาตอนปลาย สายวิชาการ",83.90,ร้อยละ,สำนักงานสถิติแห่งชาติ
2565,"ไตรมาส 4",ภาคใต้,รวม,"อุดมศึกษา สายวิชาการ",83.44,ร้อยละ,สำนักงานสถิติแห่งชาติ
2565,"ไตรมาส 4",ภาคใต้,รวม,"อุดมศึกษา สายวิชาชีพ",83.95,ร้อยละ,สำนักงานสถิติแห่งชาติ
2565,"ไตรมาส 4",ภาคใต้,รวม,"อุดมศึกษา สายวิชาการศึกษา",65.92,ร้อยละ,สำนักงานสถิติแห่งชาติ
2565,"ไตรมาส 4",ภาคใต้,รวม,การศึกษาอื่นๆ,47.11,ร้อยละ,สำนักงานสถิติแห่งชาติ
2565,"ไตรมาส 4",ภาคใต้,รวม,ไม่ทราบ,89.77,ร้อยละ,สำนักงานสถิติแห่งชาติ
2565,"ไตรมาส 4",ภาคใต้,ในเขตเทศบาล,รวม,66.40,ร้อยละ,สำนักงานสถิติแห่งชาติ
2565,"ไตรมาส 4",ภาคใต้,ในเขตเทศบาล,ไม่มีการศึกษา,55.50,ร้อยละ,สำนักงานสถิติแห่งชาติ
2565,"ไตรมาส 4",ภาคใต้,ในเขตเทศบาล,ต่ำกว่าประถมศึกษา,47.28,ร้อยละ,สำนักงานสถิติแห่งชาติ
2565,"ไตรมาส 4",ภาคใต้,ในเขตเทศบาล,ประถมศึกษา,70.46,ร้อยละ,สำนักงานสถิติแห่งชาติ
2565,"ไตรมาส 4",ภาคใต้,ในเขตเทศบาล,มัธยมศึกษาตอนต้น,57.37,ร้อยละ,สำนักงานสถิติแห่งชาติ
2565,"ไตรมาส 4",ภาคใต้,ในเขตเทศบาล,"มัธยมศึกษาตอนปลาย สายสามัญ",65.01,ร้อยละ,สำนักงานสถิติแห่งชาติ
2565,"ไตรมาส 4",ภาคใต้,ในเขตเทศบาล,"มัธยมศึกษาตอนปลาย สายอาชีวศึกษา",69.70,ร้อยละ,สำนักงานสถิติแห่งชาติ
2565,"ไตรมาส 4",ภาคใต้,ในเขตเทศบาล,"มัธยมศึกษาตอนปลาย สายวิชาการ",.00,ร้อยละ,สำนักงานสถิติแห่งชาติ
2565,"ไตรมาส 4",ภาคใต้,ในเขตเทศบาล,"อุดมศึกษา สายวิชาการ",82.71,ร้อยละ,สำนักงานสถิติแห่งชาติ
2565,"ไตรมาส 4",ภาคใต้,ในเขตเทศบาล,"อุดมศึกษา สายวิชาชีพ",83.70,ร้อยละ,สำนักงานสถิติแห่งชาติ
2565,"ไตรมาส 4",ภาคใต้,ในเขตเทศบาล,"อุดมศึกษา สายวิชาการศึกษา",52.27,ร้อยละ,สำนักงานสถิติแห่งชาติ
2565,"ไตรมาส 4",ภาคใต้,ในเขตเทศบาล,การศึกษาอื่นๆ,80.92,ร้อยละ,สำนักงานสถิติแห่งชาติ
2565,"ไตรมาส 4",ภาคใต้,ในเขตเทศบาล,ไม่ทราบ,88.60,ร้อยละ,สำนักงานสถิติแห่งชาติ
2565,"ไตรมาส 4",ภาคใต้,นอกเขตเทศบาล,รวม,69.03,ร้อยละ,สำนักงานสถิติแห่งชาติ
2565,"ไตรมาส 4",ภาคใต้,นอกเขตเทศบาล,ไม่มีการศึกษา,48.70,ร้อยละ,สำนักงานสถิติแห่งชาติ
2565,"ไตรมาส 4",ภาคใต้,นอกเขตเทศบาล,ต่ำกว่าประถมศึกษา,51.63,ร้อยละ,สำนักงานสถิติแห่งชาติ
2565,"ไตรมาส 4",ภาคใต้,นอกเขตเทศบาล,ประถมศึกษา,74.58,ร้อยละ,สำนักงานสถิติแห่งชาติ
2565,"ไตรมาส 4",ภาคใต้,นอกเขตเทศบาล,มัธยมศึกษาตอนต้น,63.69,ร้อยละ,สำนักงานสถิติแห่งชาติ
2565,"ไตรมาส 4",ภาคใต้,นอกเขตเทศบาล,"มัธยมศึกษาตอนปลาย สายสามัญ",74.98,ร้อยละ,สำนักงานสถิติแห่งชาติ
2565,"ไตรมาส 4",ภาคใต้,นอกเขตเทศบาล,"มัธยมศึกษาตอนปลาย สายอาชีวศึกษา",76.76,ร้อยละ,สำนักงานสถิติแห่งชาติ
2565,"ไตรมาส 4",ภาคใต้,นอกเขตเทศบาล,"มัธยมศึกษาตอนปลาย สายวิชาการ",83.90,ร้อยละ,สำนักงานสถิติแห่งชาติ
2565,"ไตรมาส 4",ภาคใต้,นอกเขตเทศบาล,"อุดมศึกษา สายวิชาการ",84.15,ร้อยละ,สำนักงานสถิติแห่งชาติ
2565,"ไตรมาส 4",ภาคใต้,นอกเขตเทศบาล,"อุดมศึกษา สายวิชาชีพ",84.16,ร้อยละ,สำนักงานสถิติแห่งชาติ
2565,"ไตรมาส 4",ภาคใต้,นอกเขตเทศบาล,"อุดมศึกษา สายวิชาการศึกษา",75.98,ร้อยละ,สำนักงานสถิติแห่งชาติ
2565,"ไตรมาส 4",ภาคใต้,นอกเขตเทศบาล,การศึกษาอื่นๆ,41.54,ร้อยละ,สำนักงานสถิติแห่งชาติ
2565,"ไตรมาส 4",ภาคใต้,นอกเขตเทศบาล,ไม่ทราบ,91.53,ร้อยละ,สำนักงานสถิติแห่งชาติ
2566,"ไตรมาส 1",ทั่วประเทศ,รวม,รวม,67.39,ร้อยละ,สำนักงานสถิติแห่งชาติ
2566,"ไตรมาส 1",ทั่วประเทศ,รวม,ไม่มีการศึกษา,53.41,ร้อยละ,สำนักงานสถิติแห่งชาติ
2566,"ไตรมาส 1",ทั่วประเทศ,รวม,ต่ำกว่าประถมศึกษา,47.61,ร้อยละ,สำนักงานสถิติแห่งชาติ
2566,"ไตรมาส 1",ทั่วประเทศ,รวม,ประถมศึกษา,73.98,ร้อยละ,สำนักงานสถิติแห่งชาติ
2566,"ไตรมาส 1",ทั่วประเทศ,รวม,มัธยมศึกษาตอนต้น,63.69,ร้อยละ,สำนักงานสถิติแห่งชาติ
2566,"ไตรมาส 1",ทั่วประเทศ,รวม,"มัธยมศึกษาตอนปลาย สายสามัญ",69.81,ร้อยละ,สำนักงานสถิติแห่งชาติ
2566,"ไตรมาส 1",ทั่วประเทศ,รวม,"มัธยมศึกษาตอนปลาย สายอาชีวศึกษา",72.04,ร้อยละ,สำนักงานสถิติแห่งชาติ
2566,"ไตรมาส 1",ทั่วประเทศ,รวม,"มัธยมศึกษาตอนปลาย สายวิชาการ",80.70,ร้อยละ,สำนักงานสถิติแห่งชาติ
2566,"ไตรมาส 1",ทั่วประเทศ,รวม,"อุดมศึกษา สายวิชาการ",82.38,ร้อยละ,สำนักงานสถิติแห่งชาติ
2566,"ไตรมาส 1",ทั่วประเทศ,รวม,"อุดมศึกษา สายวิชาชีพ",83.61,ร้อยละ,สำนักงานสถิติแห่งชาติ
2566,"ไตรมาส 1",ทั่วประเทศ,รวม,"อุดมศึกษา สายวิชาการศึกษา",65.25,ร้อยละ,สำนักงานสถิติแห่งชาติ
2566,"ไตรมาส 1",ทั่วประเทศ,รวม,การศึกษาอื่นๆ,90.57,ร้อยละ,สำนักงานสถิติแห่งชาติ
2566,"ไตรมาส 1",ทั่วประเทศ,รวม,ไม่ทราบ,82.03,ร้อยละ,สำนักงานสถิติแห่งชาติ
2566,"ไตรมาส 1",ทั่วประเทศ,ในเขตเทศบาล,รวม,68.32,ร้อยละ,สำนักงานสถิติแห่งชาติ
2566,"ไตรมาส 1",ทั่วประเทศ,ในเขตเทศบาล,ไม่มีการศึกษา,58.27,ร้อยละ,สำนักงานสถิติแห่งชาติ
2566,"ไตรมาส 1",ทั่วประเทศ,ในเขตเทศบาล,ต่ำกว่าประถมศึกษา,45.11,ร้อยละ,สำนักงานสถิติแห่งชาติ
2566,"ไตรมาส 1",ทั่วประเทศ,ในเขตเทศบาล,ประถมศึกษา,72.75,ร้อยละ,สำนักงานสถิติแห่งชาติ
2566,"ไตรมาส 1",ทั่วประเทศ,ในเขตเทศบาล,มัธยมศึกษาตอนต้น,64.80,ร้อยละ,สำนักงานสถิติแห่งชาติ
2566,"ไตรมาส 1",ทั่วประเทศ,ในเขตเทศบาล,"มัธยมศึกษาตอนปลาย สายสามัญ",66.73,ร้อยละ,สำนักงานสถิติแห่งชาติ
2566,"ไตรมาส 1",ทั่วประเทศ,ในเขตเทศบาล,"มัธยมศึกษาตอนปลาย สายอาชีวศึกษา",70.65,ร้อยละ,สำนักงานสถิติแห่งชาติ
2566,"ไตรมาส 1",ทั่วประเทศ,ในเขตเทศบาล,"มัธยมศึกษาตอนปลาย สายวิชาการ",78.54,ร้อยละ,สำนักงานสถิติแห่งชาติ
2566,"ไตรมาส 1",ทั่วประเทศ,ในเขตเทศบาล,"อุดมศึกษา สายวิชาการ",81.89,ร้อยละ,สำนักงานสถิติแห่งชาติ
2566,"ไตรมาส 1",ทั่วประเทศ,ในเขตเทศบาล,"อุดมศึกษา สายวิชาชีพ",82.70,ร้อยละ,สำนักงานสถิติแห่งชาติ
2566,"ไตรมาส 1",ทั่วประเทศ,ในเขตเทศบาล,"อุดมศึกษา สายวิชาการศึกษา",59.72,ร้อยละ,สำนักงานสถิติแห่งชาติ
2566,"ไตรมาส 1",ทั่วประเทศ,ในเขตเทศบาล,การศึกษาอื่นๆ,91.80,ร้อยละ,สำนักงานสถิติแห่งชาติ
2566,"ไตรมาส 1",ทั่วประเทศ,ในเขตเทศบาล,ไม่ทราบ,80.86,ร้อยละ,สำนักงานสถิติแห่งชาติ
2566,"ไตรมาส 1",ทั่วประเทศ,นอกเขตเทศบาล,รวม,66.59,ร้อยละ,สำนักงานสถิติแห่งชาติ
2566,"ไตรมาส 1",ทั่วประเทศ,นอกเขตเทศบาล,ไม่มีการศึกษา,50.46,ร้อยละ,สำนักงานสถิติแห่งชาติ
2566,"ไตรมาส 1",ทั่วประเทศ,นอกเขตเทศบาล,ต่ำกว่าประถมศึกษา,48.91,ร้อยละ,สำนักงานสถิติแห่งชาติ
2566,"ไตรมาส 1",ทั่วประเทศ,นอกเขตเทศบาล,ประถมศึกษา,74.76,ร้อยละ,สำนักงานสถิติแห่งชาติ
2566,"ไตรมาส 1",ทั่วประเทศ,นอกเขตเทศบาล,มัธยมศึกษาตอนต้น,62.84,ร้อยละ,สำนักงานสถิติแห่งชาติ
2566,"ไตรมาส 1",ทั่วประเทศ,นอกเขตเทศบาล,"มัธยมศึกษาตอนปลาย สายสามัญ",72.75,ร้อยละ,สำนักงานสถิติแห่งชาติ
2566,"ไตรมาส 1",ทั่วประเทศ,นอกเขตเทศบาล,"มัธยมศึกษาตอนปลาย สายอาชีวศึกษา",73.78,ร้อยละ,สำนักงานสถิติแห่งชาติ
2566,"ไตรมาส 1",ทั่วประเทศ,นอกเขตเทศบาล,"มัธยมศึกษาตอนปลาย สายวิชาการ",88.99,ร้อยละ,สำนักงานสถิติแห่งชาติ
2566,"ไตรมาส 1",ทั่วประเทศ,นอกเขตเทศบาล,"อุดมศึกษา สายวิชาการ",83.32,ร้อยละ,สำนักงานสถิติแห่งชาติ
2566,"ไตรมาส 1",ทั่วประเทศ,นอกเขตเทศบาล,"อุดมศึกษา สายวิชาชีพ",84.70,ร้อยละ,สำนักงานสถิติแห่งชาติ
2566,"ไตรมาส 1",ทั่วประเทศ,นอกเขตเทศบาล,"อุดมศึกษา สายวิชาการศึกษา",71.55,ร้อยละ,สำนักงานสถิติแห่งชาติ
2566,"ไตรมาส 1",ทั่วประเทศ,นอกเขตเทศบาล,การศึกษาอื่นๆ,88.99,ร้อยละ,สำนักงานสถิติแห่งชาติ
2566,"ไตรมาส 1",ทั่วประเทศ,นอกเขตเทศบาล,ไม่ทราบ,85.86,ร้อยละ,สำนักงานสถิติแห่งชาติ
2566,"ไตรมาส 1",กรุงเทพมหานคร,ในเขตเทศบาล,รวม,73.15,ร้อยละ,สำนักงานสถิติแห่งชาติ
2566,"ไตรมาส 1",กรุงเทพมหานคร,ในเขตเทศบาล,ไม่มีการศึกษา,69.22,ร้อยละ,สำนักงานสถิติแห่งชาติ
2566,"ไตรมาส 1",กรุงเทพมหานคร,ในเขตเทศบาล,ต่ำกว่าประถมศึกษา,48.88,ร้อยละ,สำนักงานสถิติแห่งชาติ
2566,"ไตรมาส 1",กรุงเทพมหานคร,ในเขตเทศบาล,ประถมศึกษา,76.75,ร้อยละ,สำนักงานสถิติแห่งชาติ
2566,"ไตรมาส 1",กรุงเทพมหานคร,ในเขตเทศบาล,มัธยมศึกษาตอนต้น,71.28,ร้อยละ,สำนักงานสถิติแห่งชาติ
2566,"ไตรมาส 1",กรุงเทพมหานคร,ในเขตเทศบาล,"มัธยมศึกษาตอนปลาย สายสามัญ",66.78,ร้อยละ,สำนักงานสถิติแห่งชาติ
2566,"ไตรมาส 1",กรุงเทพมหานคร,ในเขตเทศบาล,"มัธยมศึกษาตอนปลาย สายอาชีวศึกษา",75.69,ร้อยละ,สำนักงานสถิติแห่งชาติ
2566,"ไตรมาส 1",กรุงเทพมหานคร,ในเขตเทศบาล,"มัธยมศึกษาตอนปลาย สายวิชาการ",100.00,ร้อยละ,สำนักงานสถิติแห่งชาติ
2566,"ไตรมาส 1",กรุงเทพมหานคร,ในเขตเทศบาล,"อุดมศึกษา สายวิชาการ",81.70,ร้อยละ,สำนักงานสถิติแห่งชาติ
2566,"ไตรมาส 1",กรุงเทพมหานคร,ในเขตเทศบาล,"อุดมศึกษา สายวิชาชีพ",81.09,ร้อยละ,สำนักงานสถิติแห่งชาติ
2566,"ไตรมาส 1",กรุงเทพมหานคร,ในเขตเทศบาล,"อุดมศึกษา สายวิชาการศึกษา",66.29,ร้อยละ,สำนักงานสถิติแห่งชาติ
2566,"ไตรมาส 1",กรุงเทพมหานคร,ในเขตเทศบาล,การศึกษาอื่นๆ,76.57,ร้อยละ,สำนักงานสถิติแห่งชาติ
2566,"ไตรมาส 1",กรุงเทพมหานคร,ในเขตเทศบาล,ไม่ทราบ,73.35,ร้อยละ,สำนักงานสถิติแห่งชาติ
2566,"ไตรมาส 1",ภาคกลาง,รวม,รวม,70.39,ร้อยละ,สำนักงานสถิติแห่งชาติ
2566,"ไตรมาส 1",ภาคกลาง,รวม,ไม่มีการศึกษา,61.59,ร้อยละ,สำนักงานสถิติแห่งชาติ
2566,"ไตรมาส 1",ภาคกลาง,รวม,ต่ำกว่าประถมศึกษา,47.10,ร้อยละ,สำนักงานสถิติแห่งชาติ
2566,"ไตรมาส 1",ภาคกลาง,รวม,ประถมศึกษา,73.78,ร้อยละ,สำนักงานสถิติแห่งชาติ
2566,"ไตรมาส 1",ภาคกลาง,รวม,มัธยมศึกษาตอนต้น,67.92,ร้อยละ,สำนักงานสถิติแห่งชาติ
2566,"ไตรมาส 1",ภาคกลาง,รวม,"มัธยมศึกษาตอนปลาย สายสามัญ",71.80,ร้อยละ,สำนักงานสถิติแห่งชาติ
2566,"ไตรมาส 1",ภาคกลาง,รวม,"มัธยมศึกษาตอนปลาย สายอาชีวศึกษา",74.11,ร้อยละ,สำนักงานสถิติแห่งชาติ
2566,"ไตรมาส 1",ภาคกลาง,รวม,"มัธยมศึกษาตอนปลาย สายวิชาการ",42.23,ร้อยละ,สำนักงานสถิติแห่งชาติ
2566,"ไตรมาส 1",ภาคกลาง,รวม,"อุดมศึกษา สายวิชาการ",82.61,ร้อยละ,สำนักงานสถิติแห่งชาติ
2566,"ไตรมาส 1",ภาคกลาง,รวม,"อุดมศึกษา สายวิชาชีพ",85.04,ร้อยละ,สำนักงานสถิติแห่งชาติ
2566,"ไตรมาส 1",ภาคกลาง,รวม,"อุดมศึกษา สายวิชาการศึกษา",64.13,ร้อยละ,สำนักงานสถิติแห่งชาติ
2566,"ไตรมาส 1",ภาคกลาง,รวม,การศึกษาอื่นๆ,95.75,ร้อยละ,สำนักงานสถิติแห่งชาติ
2566,"ไตรมาส 1",ภาคกลาง,รวม,ไม่ทราบ,86.91,ร้อยละ,สำนักงานสถิติแห่งชาติ
2566,"ไตรมาส 1",ภาคกลาง,ในเขตเทศบาล,รวม,70.24,ร้อยละ,สำนักงานสถิติแห่งชาติ
2566,"ไตรมาส 1",ภาคกลาง,ในเขตเทศบาล,ไม่มีการศึกษา,62.41,ร้อยละ,สำนักงานสถิติแห่งชาติ
2566,"ไตรมาส 1",ภาคกลาง,ในเขตเทศบาล,ต่ำกว่าประถมศึกษา,42.61,ร้อยละ,สำนักงานสถิติแห่งชาติ
2566,"ไตรมาส 1",ภาคกลาง,ในเขตเทศบาล,ประถมศึกษา,71.99,ร้อยละ,สำนักงานสถิติแห่งชาติ
2566,"ไตรมาส 1",ภาคกลาง,ในเขตเทศบาล,มัธยมศึกษาตอนต้น,68.50,ร้อยละ,สำนักงานสถิติแห่งชาติ
2566,"ไตรมาส 1",ภาคกลาง,ในเขตเทศบาล,"มัธยมศึกษาตอนปลาย สายสามัญ",70.37,ร้อยละ,สำนักงานสถิติแห่งชาติ
2566,"ไตรมาส 1",ภาคกลาง,ในเขตเทศบาล,"มัธยมศึกษาตอนปลาย สายอาชีวศึกษา",70.29,ร้อยละ,สำนักงานสถิติแห่งชาติ
2566,"ไตรมาส 1",ภาคกลาง,ในเขตเทศบาล,"มัธยมศึกษาตอนปลาย สายวิชาการ",46.45,ร้อยละ,สำนักงานสถิติแห่งชาติ
2566,"ไตรมาส 1",ภาคกลาง,ในเขตเทศบาล,"อุดมศึกษา สายวิชาการ",81.92,ร้อยละ,สำนักงานสถิติแห่งชาติ
2566,"ไตรมาส 1",ภาคกลาง,ในเขตเทศบาล,"อุดมศึกษา สายวิชาชีพ",84.39,ร้อยละ,สำนักงานสถิติแห่งชาติ
2566,"ไตรมาส 1",ภาคกลาง,ในเขตเทศบาล,"อุดมศึกษา สายวิชาการศึกษา",58.48,ร้อยละ,สำนักงานสถิติแห่งชาติ
2566,"ไตรมาส 1",ภาคกลาง,ในเขตเทศบาล,การศึกษาอื่นๆ,94.47,ร้อยละ,สำนักงานสถิติแห่งชาติ
2566,"ไตรมาส 1",ภาคกลาง,ในเขตเทศบาล,ไม่ทราบ,84.57,ร้อยละ,สำนักงานสถิติแห่งชาติ
2566,"ไตรมาส 1",ภาคกลาง,นอกเขตเทศบาล,รวม,70.52,ร้อยละ,สำนักงานสถิติแห่งชาติ
2566,"ไตรมาส 1",ภาคกลาง,นอกเขตเทศบาล,ไม่มีการศึกษา,60.77,ร้อยละ,สำนักงานสถิติแห่งชาติ
2566,"ไตรมาส 1",ภาคกลาง,นอกเขตเทศบาล,ต่ำกว่าประถมศึกษา,49.79,ร้อยละ,สำนักงานสถิติแห่งชาติ
2566,"ไตรมาส 1",ภาคกลาง,นอกเขตเทศบาล,ประถมศึกษา,74.96,ร้อยละ,สำนักงานสถิติแห่งชาติ
2566,"ไตรมาส 1",ภาคกลาง,นอกเขตเทศบาล,มัธยมศึกษาตอนต้น,67.44,ร้อยละ,สำนักงานสถิติแห่งชาติ
2566,"ไตรมาส 1",ภาคกลาง,นอกเขตเทศบาล,"มัธยมศึกษาตอนปลาย สายสามัญ",73.20,ร้อยละ,สำนักงานสถิติแห่งชาติ
2566,"ไตรมาส 1",ภาคกลาง,นอกเขตเทศบาล,"มัธยมศึกษาตอนปลาย สายอาชีวศึกษา",77.86,ร้อยละ,สำนักงานสถิติแห่งชาติ
2566,"ไตรมาส 1",ภาคกลาง,นอกเขตเทศบาล,"มัธยมศึกษาตอนปลาย สายวิชาการ",.00,ร้อยละ,สำนักงานสถิติแห่งชาติ
2566,"ไตรมาส 1",ภาคกลาง,นอกเขตเทศบาล,"อุดมศึกษา สายวิชาการ",83.52,ร้อยละ,สำนักงานสถิติแห่งชาติ
2566,"ไตรมาส 1",ภาคกลาง,นอกเขตเทศบาล,"อุดมศึกษา สายวิชาชีพ",85.70,ร้อยละ,สำนักงานสถิติแห่งชาติ
2566,"ไตรมาส 1",ภาคกลาง,นอกเขตเทศบาล,"อุดมศึกษา สายวิชาการศึกษา",69.91,ร้อยละ,สำนักงานสถิติแห่งชาติ
2566,"ไตรมาส 1",ภาคกลาง,นอกเขตเทศบาล,การศึกษาอื่นๆ,97.41,ร้อยละ,สำนักงานสถิติแห่งชาติ
2566,"ไตรมาส 1",ภาคกลาง,นอกเขตเทศบาล,ไม่ทราบ,94.55,ร้อยละ,สำนักงานสถิติแห่งชาติ
2566,"ไตรมาส 1",ภาคเหนือ,รวม,รวม,65.65,ร้อยละ,สำนักงานสถิติแห่งชาติ
2566,"ไตรมาส 1",ภาคเหนือ,รวม,ไม่มีการศึกษา,54.32,ร้อยละ,สำนักงานสถิติแห่งชาติ
2566,"ไตรมาส 1",ภาคเหนือ,รวม,ต่ำกว่าประถมศึกษา,52.83,ร้อยละ,สำนักงานสถิติแห่งชาติ
2566,"ไตรมาส 1",ภาคเหนือ,รวม,ประถมศึกษา,75.04,ร้อยละ,สำนักงานสถิติแห่งชาติ
2566,"ไตรมาส 1",ภาคเหนือ,รวม,มัธยมศึกษาตอนต้น,62.10,ร้อยละ,สำนักงานสถิติแห่งชาติ
2566,"ไตรมาส 1",ภาคเหนือ,รวม,"มัธยมศึกษาตอนปลาย สายสามัญ",70.34,ร้อยละ,สำนักงานสถิติแห่งชาติ
2566,"ไตรมาส 1",ภาคเหนือ,รวม,"มัธยมศึกษาตอนปลาย สายอาชีวศึกษา",66.70,ร้อยละ,สำนักงานสถิติแห่งชาติ
2566,"ไตรมาส 1",ภาคเหนือ,รวม,"มัธยมศึกษาตอนปลาย สายวิชาการ",68.29,ร้อยละ,สำนักงานสถิติแห่งชาติ
2566,"ไตรมาส 1",ภาคเหนือ,รวม,"อุดมศึกษา สายวิชาการ",82.32,ร้อยละ,สำนักงานสถิติแห่งชาติ
2566,"ไตรมาส 1",ภาคเหนือ,รวม,"อุดมศึกษา สายวิชาชีพ",87.01,ร้อยละ,สำนักงานสถิติแห่งชาติ
2566,"ไตรมาส 1",ภาคเหนือ,รวม,"อุดมศึกษา สายวิชาการศึกษา",62.25,ร้อยละ,สำนักงานสถิติแห่งชาติ
2566,"ไตรมาส 1",ภาคเหนือ,รวม,การศึกษาอื่นๆ,71.40,ร้อยละ,สำนักงานสถิติแห่งชาติ
2566,"ไตรมาส 1",ภาคเหนือ,รวม,ไม่ทราบ,77.21,ร้อยละ,สำนักงานสถิติแห่งชาติ
2566,"ไตรมาส 1",ภาคเหนือ,ในเขตเทศบาล,รวม,63.71,ร้อยละ,สำนักงานสถิติแห่งชาติ
2566,"ไตรมาส 1",ภาคเหนือ,ในเขตเทศบาล,ไม่มีการศึกษา,54.80,ร้อยละ,สำนักงานสถิติแห่งชาติ
2566,"ไตรมาส 1",ภาคเหนือ,ในเขตเทศบาล,ต่ำกว่าประถมศึกษา,49.74,ร้อยละ,สำนักงานสถิติแห่งชาติ
2566,"ไตรมาส 1",ภาคเหนือ,ในเขตเทศบาล,ประถมศึกษา,70.17,ร้อยละ,สำนักงานสถิติแห่งชาติ
2566,"ไตรมาส 1",ภาคเหนือ,ในเขตเทศบาล,มัธยมศึกษาตอนต้น,56.97,ร้อยละ,สำนักงานสถิติแห่งชาติ
2566,"ไตรมาส 1",ภาคเหนือ,ในเขตเทศบาล,"มัธยมศึกษาตอนปลาย สายสามัญ",63.02,ร้อยละ,สำนักงานสถิติแห่งชาติ
2566,"ไตรมาส 1",ภาคเหนือ,ในเขตเทศบาล,"มัธยมศึกษาตอนปลาย สายอาชีวศึกษา",66.17,ร้อยละ,สำนักงานสถิติแห่งชาติ
2566,"ไตรมาส 1",ภาคเหนือ,ในเขตเทศบาล,"มัธยมศึกษาตอนปลาย สายวิชาการ",2.97,ร้อยละ,สำนักงานสถิติแห่งชาติ
2566,"ไตรมาส 1",ภาคเหนือ,ในเขตเทศบาล,"อุดมศึกษา สายวิชาการ",81.36,ร้อยละ,สำนักงานสถิติแห่งชาติ
2566,"ไตรมาส 1",ภาคเหนือ,ในเขตเทศบาล,"อุดมศึกษา สายวิชาชีพ",85.21,ร้อยละ,สำนักงานสถิติแห่งชาติ
2566,"ไตรมาส 1",ภาคเหนือ,ในเขตเทศบาล,"อุดมศึกษา สายวิชาการศึกษา",53.53,ร้อยละ,สำนักงานสถิติแห่งชาติ
2566,"ไตรมาส 1",ภาคเหนือ,ในเขตเทศบาล,การศึกษาอื่นๆ,74.70,ร้อยละ,สำนักงานสถิติแห่งชาติ
2566,"ไตรมาส 1",ภาคเหนือ,ในเขตเทศบาล,ไม่ทราบ,54.82,ร้อยละ,สำนักงานสถิติแห่งชาติ
2566,"ไตรมาส 1",ภาคเหนือ,นอกเขตเทศบาล,รวม,66.68,ร้อยละ,สำนักงานสถิติแห่งชาติ
2566,"ไตรมาส 1",ภาคเหนือ,นอกเขตเทศบาล,ไม่มีการศึกษา,54.16,ร้อยละ,สำนักงานสถิติแห่งชาติ
2566,"ไตรมาส 1",ภาคเหนือ,นอกเขตเทศบาล,ต่ำกว่าประถมศึกษา,54.17,ร้อยละ,สำนักงานสถิติแห่งชาติ
2566,"ไตรมาส 1",ภาคเหนือ,นอกเขตเทศบาล,ประถมศึกษา,77.09,ร้อยละ,สำนักงานสถิติแห่งชาติ
2566,"ไตรมาส 1",ภาคเหนือ,นอกเขตเทศบาล,มัธยมศึกษาตอนต้น,64.50,ร้อยละ,สำนักงานสถิติแห่งชาติ
2566,"ไตรมาส 1",ภาคเหนือ,นอกเขตเทศบาล,"มัธยมศึกษาตอนปลาย สายสามัญ",74.68,ร้อยละ,สำนักงานสถิติแห่งชาติ
2566,"ไตรมาส 1",ภาคเหนือ,นอกเขตเทศบาล,"มัธยมศึกษาตอนปลาย สายอาชีวศึกษา",67.14,ร้อยละ,สำนักงานสถิติแห่งชาติ
2566,"ไตรมาส 1",ภาคเหนือ,นอกเขตเทศบาล,"มัธยมศึกษาตอนปลาย สายวิชาการ",100.00,ร้อยละ,สำนักงานสถิติแห่งชาติ
2566,"ไตรมาส 1",ภาคเหนือ,นอกเขตเทศบาล,"อุดมศึกษา สายวิชาการ",83.44,ร้อยละ,สำนักงานสถิติแห่งชาติ
2566,"ไตรมาส 1",ภาคเหนือ,นอกเขตเทศบาล,"อุดมศึกษา สายวิชาชีพ",88.53,ร้อยละ,สำนักงานสถิติแห่งชาติ
2566,"ไตรมาส 1",ภาคเหนือ,นอกเขตเทศบาล,"อุดมศึกษา สายวิชาการศึกษา",73.17,ร้อยละ,สำนักงานสถิติแห่งชาติ
2566,"ไตรมาส 1",ภาคเหนือ,นอกเขตเทศบาล,การศึกษาอื่นๆ,60.04,ร้อยละ,สำนักงานสถิติแห่งชาติ
2566,"ไตรมาส 1",ภาคเหนือ,นอกเขตเทศบาล,ไม่ทราบ,84.87,ร้อยละ,สำนักงานสถิติแห่งชาติ
2566,"ไตรมาส 1",ภาคตะวันออกเฉียงเหนือ,รวม,รวม,60.67,ร้อยละ,สำนักงานสถิติแห่งชาติ
2566,"ไตรมาส 1",ภาคตะวันออกเฉียงเหนือ,รวม,ไม่มีการศึกษา,23.76,ร้อยละ,สำนักงานสถิติแห่งชาติ
2566,"ไตรมาส 1",ภาคตะวันออกเฉียงเหนือ,รวม,ต่ำกว่าประถมศึกษา,42.46,ร้อยละ,สำนักงานสถิติแห่งชาติ
2566,"ไตรมาส 1",ภาคตะวันออกเฉียงเหนือ,รวม,ประถมศึกษา,71.81,ร้อยละ,สำนักงานสถิติแห่งชาติ
2566,"ไตรมาส 1",ภาคตะวันออกเฉียงเหนือ,รวม,มัธยมศึกษาตอนต้น,56.29,ร้อยละ,สำนักงานสถิติแห่งชาติ
2566,"ไตรมาส 1",ภาคตะวันออกเฉียงเหนือ,รวม,"มัธยมศึกษาตอนปลาย สายสามัญ",67.36,ร้อยละ,สำนักงานสถิติแห่งชาติ
2566,"ไตรมาส 1",ภาคตะวันออกเฉียงเหนือ,รวม,"มัธยมศึกษาตอนปลาย สายอาชีวศึกษา",64.80,ร้อยละ,สำนักงานสถิติแห่งชาติ
2566,"ไตรมาส 1",ภาคตะวันออกเฉียงเหนือ,รวม,"มัธยมศึกษาตอนปลาย สายวิชาการ",100.00,ร้อยละ,สำนักงานสถิติแห่งชาติ
2566,"ไตรมาส 1",ภาคตะวันออกเฉียงเหนือ,รวม,"อุดมศึกษา สายวิชาการ",81.92,ร้อยละ,สำนักงานสถิติแห่งชาติ
2566,"ไตรมาส 1",ภาคตะวันออกเฉียงเหนือ,รวม,"อุดมศึกษา สายวิชาชีพ",80.17,ร้อยละ,สำนักงานสถิติแห่งชาติ
2566,"ไตรมาส 1",ภาคตะวันออกเฉียงเหนือ,รวม,"อุดมศึกษา สายวิชาการศึกษา",65.92,ร้อยละ,สำนักงานสถิติแห่งชาติ
2566,"ไตรมาส 1",ภาคตะวันออกเฉียงเหนือ,รวม,การศึกษาอื่นๆ,100.00,ร้อยละ,สำนักงานสถิติแห่งชาติ
2566,"ไตรมาส 1",ภาคตะวันออกเฉียงเหนือ,รวม,ไม่ทราบ,15.32,ร้อยละ,สำนักงานสถิติแห่งชาติ
2566,"ไตรมาส 1",ภาคตะวันออกเฉียงเหนือ,ในเขตเทศบาล,รวม,59.85,ร้อยละ,สำนักงานสถิติแห่งชาติ
2566,"ไตรมาส 1",ภาคตะวันออกเฉียงเหนือ,ในเขตเทศบาล,ไม่มีการศึกษา,22.22,ร้อยละ,สำนักงานสถิติแห่งชาติ
2566,"ไตรมาส 1",ภาคตะวันออกเฉียงเหนือ,ในเขตเทศบาล,ต่ำกว่าประถมศึกษา,39.77,ร้อยละ,สำนักงานสถิติแห่งชาติ
2566,"ไตรมาส 1",ภาคตะวันออกเฉียงเหนือ,ในเขตเทศบาล,ประถมศึกษา,70.44,ร้อยละ,สำนักงานสถิติแห่งชาติ
2566,"ไตรมาส 1",ภาคตะวันออกเฉียงเหนือ,ในเขตเทศบาล,มัธยมศึกษาตอนต้น,54.24,ร้อยละ,สำนักงานสถิติแห่งชาติ
2566,"ไตรมาส 1",ภาคตะวันออกเฉียงเหนือ,ในเขตเทศบาล,"มัธยมศึกษาตอนปลาย สายสามัญ",62.01,ร้อยละ,สำนักงานสถิติแห่งชาติ
2566,"ไตรมาส 1",ภาคตะวันออกเฉียงเหนือ,ในเขตเทศบาล,"มัธยมศึกษาตอนปลาย สายอาชีวศึกษา",60.39,ร้อยละ,สำนักงานสถิติแห่งชาติ
2566,"ไตรมาส 1",ภาคตะวันออกเฉียงเหนือ,ในเขตเทศบาล,"มัธยมศึกษาตอนปลาย สายวิชาการ",100.00,ร้อยละ,สำนักงานสถิติแห่งชาติ
2566,"ไตรมาส 1",ภาคตะวันออกเฉียงเหนือ,ในเขตเทศบาล,"อุดมศึกษา สายวิชาการ",81.23,ร้อยละ,สำนักงานสถิติแห่งชาติ
2566,"ไตรมาส 1",ภาคตะวันออกเฉียงเหนือ,ในเขตเทศบาล,"อุดมศึกษา สายวิชาชีพ",79.00,ร้อยละ,สำนักงานสถิติแห่งชาติ
2566,"ไตรมาส 1",ภาคตะวันออกเฉียงเหนือ,ในเขตเทศบาล,"อุดมศึกษา สายวิชาการศึกษา",57.50,ร้อยละ,สำนักงานสถิติแห่งชาติ
2566,"ไตรมาส 1",ภาคตะวันออกเฉียงเหนือ,ในเขตเทศบาล,การศึกษาอื่นๆ,100.00,ร้อยละ,สำนักงานสถิติแห่งชาติ
2566,"ไตรมาส 1",ภาคตะวันออกเฉียงเหนือ,ในเขตเทศบาล,ไม่ทราบ,57.81,ร้อยละ,สำนักงานสถิติแห่งชาติ
2566,"ไตรมาส 1",ภาคตะวันออกเฉียงเหนือ,นอกเขตเทศบาล,รวม,61.02,ร้อยละ,สำนักงานสถิติแห่งชาติ
2566,"ไตรมาส 1",ภาคตะวันออกเฉียงเหนือ,นอกเขตเทศบาล,ไม่มีการศึกษา,24.28,ร้อยละ,สำนักงานสถิติแห่งชาติ
2566,"ไตรมาส 1",ภาคตะวันออกเฉียงเหนือ,นอกเขตเทศบาล,ต่ำกว่าประถมศึกษา,43.38,ร้อยละ,สำนักงานสถิติแห่งชาติ
2566,"ไตรมาส 1",ภาคตะวันออกเฉียงเหนือ,นอกเขตเทศบาล,ประถมศึกษา,72.31,ร้อยละ,สำนักงานสถิติแห่งชาติ
2566,"ไตรมาส 1",ภาคตะวันออกเฉียงเหนือ,นอกเขตเทศบาล,มัธยมศึกษาตอนต้น,57.05,ร้อยละ,สำนักงานสถิติแห่งชาติ
2566,"ไตรมาส 1",ภาคตะวันออกเฉียงเหนือ,นอกเขตเทศบาล,"มัธยมศึกษาตอนปลาย สายสามัญ",69.94,ร้อยละ,สำนักงานสถิติแห่งชาติ
2566,"ไตรมาส 1",ภาคตะวันออกเฉียงเหนือ,นอกเขตเทศบาล,"มัธยมศึกษาตอนปลาย สายอาชีวศึกษา",66.71,ร้อยละ,สำนักงานสถิติแห่งชาติ
2566,"ไตรมาส 1",ภาคตะวันออกเฉียงเหนือ,นอกเขตเทศบาล,"มัธยมศึกษาตอนปลาย สายวิชาการ",.00,ร้อยละ,สำนักงานสถิติแห่งชาติ
2566,"ไตรมาส 1",ภาคตะวันออกเฉียงเหนือ,นอกเขตเทศบาล,"อุดมศึกษา สายวิชาการ",82.62,ร้อยละ,สำนักงานสถิติแห่งชาติ
2566,"ไตรมาส 1",ภาคตะวันออกเฉียงเหนือ,นอกเขตเทศบาล,"อุดมศึกษา สายวิชาชีพ",80.82,ร้อยละ,สำนักงานสถิติแห่งชาติ
2566,"ไตรมาส 1",ภาคตะวันออกเฉียงเหนือ,นอกเขตเทศบาล,"อุดมศึกษา สายวิชาการศึกษา",71.72,ร้อยละ,สำนักงานสถิติแห่งชาติ
2566,"ไตรมาส 1",ภาคตะวันออกเฉียงเหนือ,นอกเขตเทศบาล,การศึกษาอื่นๆ,.00,ร้อยละ,สำนักงานสถิติแห่งชาติ
2566,"ไตรมาส 1",ภาคตะวันออกเฉียงเหนือ,นอกเขตเทศบาล,ไม่ทราบ,5.36,ร้อยละ,สำนักงานสถิติแห่งชาติ
2566,"ไตรมาส 1",ภาคใต้,รวม,รวม,69.43,ร้อยละ,สำนักงานสถิติแห่งชาติ
2566,"ไตรมาส 1",ภาคใต้,รวม,ไม่มีการศึกษา,45.81,ร้อยละ,สำนักงานสถิติแห่งชาติ
2566,"ไตรมาส 1",ภาคใต้,รวม,ต่ำกว่าประถมศึกษา,54.58,ร้อยละ,สำนักงานสถิติแห่งชาติ
2566,"ไตรมาส 1",ภาคใต้,รวม,ประถมศึกษา,75.71,ร้อยละ,สำนักงานสถิติแห่งชาติ
2566,"ไตรมาส 1",ภาคใต้,รวม,มัธยมศึกษาตอนต้น,62.41,ร้อยละ,สำนักงานสถิติแห่งชาติ
2566,"ไตรมาส 1",ภาคใต้,รวม,"มัธยมศึกษาตอนปลาย สายสามัญ",72.20,ร้อยละ,สำนักงานสถิติแห่งชาติ
2566,"ไตรมาส 1",ภาคใต้,รวม,"มัธยมศึกษาตอนปลาย สายอาชีวศึกษา",74.31,ร้อยละ,สำนักงานสถิติแห่งชาติ
2566,"ไตรมาส 1",ภาคใต้,รวม,"มัธยมศึกษาตอนปลาย สายวิชาการ",38.31,ร้อยละ,สำนักงานสถิติแห่งชาติ
2566,"ไตรมาส 1",ภาคใต้,รวม,"อุดมศึกษา สายวิชาการ",83.68,ร้อยละ,สำนักงานสถิติแห่งชาติ
2566,"ไตรมาส 1",ภาคใต้,รวม,"อุดมศึกษา สายวิชาชีพ",83.25,ร้อยละ,สำนักงานสถิติแห่งชาติ
2566,"ไตรมาส 1",ภาคใต้,รวม,"อุดมศึกษา สายวิชาการศึกษา",68.28,ร้อยละ,สำนักงานสถิติแห่งชาติ
2566,"ไตรมาส 1",ภาคใต้,รวม,การศึกษาอื่นๆ,44.71,ร้อยละ,สำนักงานสถิติแห่งชาติ
2566,"ไตรมาส 1",ภาคใต้,รวม,ไม่ทราบ,78.74,ร้อยละ,สำนักงานสถิติแห่งชาติ
2566,"ไตรมาส 1",ภาคใต้,ในเขตเทศบาล,รวม,67.61,ร้อยละ,สำนักงานสถิติแห่งชาติ
2566,"ไตรมาส 1",ภาคใต้,ในเขตเทศบาล,ไม่มีการศึกษา,49.88,ร้อยละ,สำนักงานสถิติแห่งชาติ
2566,"ไตรมาส 1",ภาคใต้,ในเขตเทศบาล,ต่ำกว่าประถมศึกษา,51.37,ร้อยละ,สำนักงานสถิติแห่งชาติ
2566,"ไตรมาส 1",ภาคใต้,ในเขตเทศบาล,ประถมศึกษา,71.22,ร้อยละ,สำนักงานสถิติแห่งชาติ
2566,"ไตรมาส 1",ภาคใต้,ในเขตเทศบาล,มัธยมศึกษาตอนต้น,59.35,ร้อยละ,สำนักงานสถิติแห่งชาติ
2566,"ไตรมาส 1",ภาคใต้,ในเขตเทศบาล,"มัธยมศึกษาตอนปลาย สายสามัญ",66.19,ร้อยละ,สำนักงานสถิติแห่งชาติ
2566,"ไตรมาส 1",ภาคใต้,ในเขตเทศบาล,"มัธยมศึกษาตอนปลาย สายอาชีวศึกษา",65.65,ร้อยละ,สำนักงานสถิติแห่งชาติ
2566,"ไตรมาส 1",ภาคใต้,ในเขตเทศบาล,"มัธยมศึกษาตอนปลาย สายวิชาการ",.00,ร้อยละ,สำนักงานสถิติแห่งชาติ
2566,"ไตรมาส 1",ภาคใต้,ในเขตเทศบาล,"อุดมศึกษา สายวิชาการ",83.95,ร้อยละ,สำนักงานสถิติแห่งชาติ
2566,"ไตรมาส 1",ภาคใต้,ในเขตเทศบาล,"อุดมศึกษา สายวิชาชีพ",82.22,ร้อยละ,สำนักงานสถิติแห่งชาติ
2566,"ไตรมาส 1",ภาคใต้,ในเขตเทศบาล,"อุดมศึกษา สายวิชาการศึกษา",62.82,ร้อยละ,สำนักงานสถิติแห่งชาติ
2566,"ไตรมาส 1",ภาคใต้,ในเขตเทศบาล,การศึกษาอื่นๆ,76.21,ร้อยละ,สำนักงานสถิติแห่งชาติ
2566,"ไตรมาส 1",ภาคใต้,ในเขตเทศบาล,ไม่ทราบ,80.92,ร้อยละ,สำนักงานสถิติแห่งชาติ
2566,"ไตรมาส 1",ภาคใต้,นอกเขตเทศบาล,รวม,70.36,ร้อยละ,สำนักงานสถิติแห่งชาติ
2566,"ไตรมาส 1",ภาคใต้,นอกเขตเทศบาล,ไม่มีการศึกษา,44.46,ร้อยละ,สำนักงานสถิติแห่งชาติ
2566,"ไตรมาส 1",ภาคใต้,นอกเขตเทศบาล,ต่ำกว่าประถมศึกษา,55.92,ร้อยละ,สำนักงานสถิติแห่งชาติ
2566,"ไตรมาส 1",ภาคใต้,นอกเขตเทศบาล,ประถมศึกษา,77.31,ร้อยละ,สำนักงานสถิติแห่งชาติ
2566,"ไตรมาส 1",ภาคใต้,นอกเขตเทศบาล,มัธยมศึกษาตอนต้น,63.90,ร้อยละ,สำนักงานสถิติแห่งชาติ
2566,"ไตรมาส 1",ภาคใต้,นอกเขตเทศบาล,"มัธยมศึกษาตอนปลาย สายสามัญ",75.63,ร้อยละ,สำนักงานสถิติแห่งชาติ
2566,"ไตรมาส 1",ภาคใต้,นอกเขตเทศบาล,"มัธยมศึกษาตอนปลาย สายอาชีวศึกษา",80.70,ร้อยละ,สำนักงานสถิติแห่งชาติ
2566,"ไตรมาส 1",ภาคใต้,นอกเขตเทศบาล,"มัธยมศึกษาตอนปลาย สายวิชาการ",76.43,ร้อยละ,สำนักงานสถิติแห่งชาติ
2566,"ไตรมาส 1",ภาคใต้,นอกเขตเทศบาล,"อุดมศึกษา สายวิชาการ",83.43,ร้อยละ,สำนักงานสถิติแห่งชาติ
2566,"ไตรมาส 1",ภาคใต้,นอกเขตเทศบาล,"อุดมศึกษา สายวิชาชีพ",84.10,ร้อยละ,สำนักงานสถิติแห่งชาติ
2566,"ไตรมาส 1",ภาคใต้,นอกเขตเทศบาล,"อุดมศึกษา สายวิชาการศึกษา",72.50,ร้อยละ,สำนักงานสถิติแห่งชาติ
2566,"ไตรมาส 1",ภาคใต้,นอกเขตเทศบาล,การศึกษาอื่นๆ,40.36,ร้อยละ,สำนักงานสถิติแห่งชาติ
2566,"ไตรมาส 1",ภาคใต้,นอกเขตเทศบาล,ไม่ทราบ,77.25,ร้อยละ,สำนักงานสถิติแห่งชาติ
2566,"ไตรมาส 2",ทั่วประเทศ,รวม,รวม,67.38,ร้อยละ,สำนักงานสถิติแห่งชาติ
2566,"ไตรมาส 2",ทั่วประเทศ,รวม,ไม่มีการศึกษา,50.49,ร้อยละ,สำนักงานสถิติแห่งชาติ
2566,"ไตรมาส 2",ทั่วประเทศ,รวม,ต่ำกว่าประถมศึกษา,46.31,ร้อยละ,สำนักงานสถิติแห่งชาติ
2566,"ไตรมาส 2",ทั่วประเทศ,รวม,ประถมศึกษา,75.40,ร้อยละ,สำนักงานสถิติแห่งชาติ
2566,"ไตรมาส 2",ทั่วประเทศ,รวม,มัธยมศึกษาตอนต้น,63.70,ร้อยละ,สำนักงานสถิติแห่งชาติ
2566,"ไตรมาส 2",ทั่วประเทศ,รวม,"มัธยมศึกษาตอนปลาย สายสามัญ",70.24,ร้อยละ,สำนักงานสถิติแห่งชาติ
2566,"ไตรมาส 2",ทั่วประเทศ,รวม,"มัธยมศึกษาตอนปลาย สายอาชีวศึกษา",72.95,ร้อยละ,สำนักงานสถิติแห่งชาติ
2566,"ไตรมาส 2",ทั่วประเทศ,รวม,"มัธยมศึกษาตอนปลาย สายวิชาการ",83.14,ร้อยละ,สำนักงานสถิติแห่งชาติ
2566,"ไตรมาส 2",ทั่วประเทศ,รวม,"อุดมศึกษา สายวิชาการ",81.68,ร้อยละ,สำนักงานสถิติแห่งชาติ
2566,"ไตรมาส 2",ทั่วประเทศ,รวม,"อุดมศึกษา สายวิชาชีพ",83.19,ร้อยละ,สำนักงานสถิติแห่งชาติ
2566,"ไตรมาส 2",ทั่วประเทศ,รวม,"อุดมศึกษา สายวิชาการศึกษา",64.33,ร้อยละ,สำนักงานสถิติแห่งชาติ
2566,"ไตรมาส 2",ทั่วประเทศ,รวม,การศึกษาอื่นๆ,93.26,ร้อยละ,สำนักงานสถิติแห่งชาติ
2566,"ไตรมาส 2",ทั่วประเทศ,รวม,ไม่ทราบ,87.88,ร้อยละ,สำนักงานสถิติแห่งชาติ
2566,"ไตรมาส 2",ทั่วประเทศ,ในเขตเทศบาล,รวม,68.33,ร้อยละ,สำนักงานสถิติแห่งชาติ
2566,"ไตรมาส 2",ทั่วประเทศ,ในเขตเทศบาล,ไม่มีการศึกษา,56.34,ร้อยละ,สำนักงานสถิติแห่งชาติ
2566,"ไตรมาส 2",ทั่วประเทศ,ในเขตเทศบาล,ต่ำกว่าประถมศึกษา,43.47,ร้อยละ,สำนักงานสถิติแห่งชาติ
2566,"ไตรมาส 2",ทั่วประเทศ,ในเขตเทศบาล,ประถมศึกษา,73.12,ร้อยละ,สำนักงานสถิติแห่งชาติ
2566,"ไตรมาส 2",ทั่วประเทศ,ในเขตเทศบาล,มัธยมศึกษาตอนต้น,64.91,ร้อยละ,สำนักงานสถิติแห่งชาติ
2566,"ไตรมาส 2",ทั่วประเทศ,ในเขตเทศบาล,"มัธยมศึกษาตอนปลาย สายสามัญ",68.05,ร้อยละ,สำนักงานสถิติแห่งชาติ
2566,"ไตรมาส 2",ทั่วประเทศ,ในเขตเทศบาล,"มัธยมศึกษาตอนปลาย สายอาชีวศึกษา",72.12,ร้อยละ,สำนักงานสถิติแห่งชาติ
2566,"ไตรมาส 2",ทั่วประเทศ,ในเขตเทศบาล,"มัธยมศึกษาตอนปลาย สายวิชาการ",61.02,ร้อยละ,สำนักงานสถิติแห่งชาติ
2566,"ไตรมาส 2",ทั่วประเทศ,ในเขตเทศบาล,"อุดมศึกษา สายวิชาการ",81.29,ร้อยละ,สำนักงานสถิติแห่งชาติ
2566,"ไตรมาส 2",ทั่วประเทศ,ในเขตเทศบาล,"อุดมศึกษา สายวิชาชีพ",82.35,ร้อยละ,สำนักงานสถิติแห่งชาติ
2566,"ไตรมาส 2",ทั่วประเทศ,ในเขตเทศบาล,"อุดมศึกษา สายวิชาการศึกษา",59.73,ร้อยละ,สำนักงานสถิติแห่งชาติ
2566,"ไตรมาส 2",ทั่วประเทศ,ในเขตเทศบาล,การศึกษาอื่นๆ,94.87,ร้อยละ,สำนักงานสถิติแห่งชาติ
2566,"ไตรมาส 2",ทั่วประเทศ,ในเขตเทศบาล,ไม่ทราบ,87.38,ร้อยละ,สำนักงานสถิติแห่งชาติ
2566,"ไตรมาส 2",ทั่วประเทศ,นอกเขตเทศบาล,รวม,66.57,ร้อยละ,สำนักงานสถิติแห่งชาติ
2566,"ไตรมาส 2",ทั่วประเทศ,นอกเขตเทศบาล,ไม่มีการศึกษา,47.01,ร้อยละ,สำนักงานสถิติแห่งชาติ
2566,"ไตรมาส 2",ทั่วประเทศ,นอกเขตเทศบาล,ต่ำกว่าประถมศึกษา,47.78,ร้อยละ,สำนักงานสถิติแห่งชาติ
2566,"ไตรมาส 2",ทั่วประเทศ,นอกเขตเทศบาล,ประถมศึกษา,76.88,ร้อยละ,สำนักงานสถิติแห่งชาติ
2566,"ไตรมาส 2",ทั่วประเทศ,นอกเขตเทศบาล,มัธยมศึกษาตอนต้น,62.74,ร้อยละ,สำนักงานสถิติแห่งชาติ
2566,"ไตรมาส 2",ทั่วประเทศ,นอกเขตเทศบาล,"มัธยมศึกษาตอนปลาย สายสามัญ",72.32,ร้อยละ,สำนักงานสถิติแห่งชาติ
2566,"ไตรมาส 2",ทั่วประเทศ,นอกเขตเทศบาล,"มัธยมศึกษาตอนปลาย สายอาชีวศึกษา",74.02,ร้อยละ,สำนักงานสถิติแห่งชาติ
2566,"ไตรมาส 2",ทั่วประเทศ,นอกเขตเทศบาล,"มัธยมศึกษาตอนปลาย สายวิชาการ",97.39,ร้อยละ,สำนักงานสถิติแห่งชาติ
2566,"ไตรมาส 2",ทั่วประเทศ,นอกเขตเทศบาล,"อุดมศึกษา สายวิชาการ",82.42,ร้อยละ,สำนักงานสถิติแห่งชาติ
2566,"ไตรมาส 2",ทั่วประเทศ,นอกเขตเทศบาล,"อุดมศึกษา สายวิชาชีพ",84.15,ร้อยละ,สำนักงานสถิติแห่งชาติ
2566,"ไตรมาส 2",ทั่วประเทศ,นอกเขตเทศบาล,"อุดมศึกษา สายวิชาการศึกษา",69.14,ร้อยละ,สำนักงานสถิติแห่งชาติ
2566,"ไตรมาส 2",ทั่วประเทศ,นอกเขตเทศบาล,การศึกษาอื่นๆ,91.66,ร้อยละ,สำนักงานสถิติแห่งชาติ
2566,"ไตรมาส 2",ทั่วประเทศ,นอกเขตเทศบาล,ไม่ทราบ,89.27,ร้อยละ,สำนักงานสถิติแห่งชาติ
2566,"ไตรมาส 2",กรุงเทพมหานคร,ในเขตเทศบาล,รวม,72.87,ร้อยละ,สำนักงานสถิติแห่งชาติ
2566,"ไตรมาส 2",กรุงเทพมหานคร,ในเขตเทศบาล,ไม่มีการศึกษา,59.61,ร้อยละ,สำนักงานสถิติแห่งชาติ
2566,"ไตรมาส 2",กรุงเทพมหานคร,ในเขตเทศบาล,ต่ำกว่าประถมศึกษา,45.34,ร้อยละ,สำนักงานสถิติแห่งชาติ
2566,"ไตรมาส 2",กรุงเทพมหานคร,ในเขตเทศบาล,ประถมศึกษา,75.61,ร้อยละ,สำนักงานสถิติแห่งชาติ
2566,"ไตรมาส 2",กรุงเทพมหานคร,ในเขตเทศบาล,มัธยมศึกษาตอนต้น,71.20,ร้อยละ,สำนักงานสถิติแห่งชาติ
2566,"ไตรมาส 2",กรุงเทพมหานคร,ในเขตเทศบาล,"มัธยมศึกษาตอนปลาย สายสามัญ",68.47,ร้อยละ,สำนักงานสถิติแห่งชาติ
2566,"ไตรมาส 2",กรุงเทพมหานคร,ในเขตเทศบาล,"มัธยมศึกษาตอนปลาย สายอาชีวศึกษา",72.55,ร้อยละ,สำนักงานสถิติแห่งชาติ
2566,"ไตรมาส 2",กรุงเทพมหานคร,ในเขตเทศบาล,"มัธยมศึกษาตอนปลาย สายวิชาการ",73.42,ร้อยละ,สำนักงานสถิติแห่งชาติ
2566,"ไตรมาส 2",กรุงเทพมหานคร,ในเขตเทศบาล,"อุดมศึกษา สายวิชาการ",81.96,ร้อยละ,สำนักงานสถิติแห่งชาติ
2566,"ไตรมาส 2",กรุงเทพมหานคร,ในเขตเทศบาล,"อุดมศึกษา สายวิชาชีพ",81.52,ร้อยละ,สำนักงานสถิติแห่งชาติ
2566,"ไตรมาส 2",กรุงเทพมหานคร,ในเขตเทศบาล,"อุดมศึกษา สายวิชาการศึกษา",63.46,ร้อยละ,สำนักงานสถิติแห่งชาติ
2566,"ไตรมาส 2",กรุงเทพมหานคร,ในเขตเทศบาล,การศึกษาอื่นๆ,100.00,ร้อยละ,สำนักงานสถิติแห่งชาติ
2566,"ไตรมาส 2",กรุงเทพมหานคร,ในเขตเทศบาล,ไม่ทราบ,78.53,ร้อยละ,สำนักงานสถิติแห่งชาติ
2566,"ไตรมาส 2",ภาคกลาง,รวม,รวม,70.41,ร้อยละ,สำนักงานสถิติแห่งชาติ
2566,"ไตรมาส 2",ภาคกลาง,รวม,ไม่มีการศึกษา,60.29,ร้อยละ,สำนักงานสถิติแห่งชาติ
2566,"ไตรมาส 2",ภาคกลาง,รวม,ต่ำกว่าประถมศึกษา,44.16,ร้อยละ,สำนักงานสถิติแห่งชาติ
2566,"ไตรมาส 2",ภาคกลาง,รวม,ประถมศึกษา,75.06,ร้อยละ,สำนักงานสถิติแห่งชาติ
2566,"ไตรมาส 2",ภาคกลาง,รวม,มัธยมศึกษาตอนต้น,68.49,ร้อยละ,สำนักงานสถิติแห่งชาติ
2566,"ไตรมาส 2",ภาคกลาง,รวม,"มัธยมศึกษาตอนปลาย สายสามัญ",73.04,ร้อยละ,สำนักงานสถิติแห่งชาติ
2566,"ไตรมาส 2",ภาคกลาง,รวม,"มัธยมศึกษาตอนปลาย สายอาชีวศึกษา",75.54,ร้อยละ,สำนักงานสถิติแห่งชาติ
2566,"ไตรมาส 2",ภาคกลาง,รวม,"มัธยมศึกษาตอนปลาย สายวิชาการ",85.59,ร้อยละ,สำนักงานสถิติแห่งชาติ
2566,"ไตรมาส 2",ภาคกลาง,รวม,"อุดมศึกษา สายวิชาการ",81.44,ร้อยละ,สำนักงานสถิติแห่งชาติ
2566,"ไตรมาส 2",ภาคกลาง,รวม,"อุดมศึกษา สายวิชาชีพ",84.50,ร้อยละ,สำนักงานสถิติแห่งชาติ
2566,"ไตรมาส 2",ภาคกลาง,รวม,"อุดมศึกษา สายวิชาการศึกษา",62.56,ร้อยละ,สำนักงานสถิติแห่งชาติ
2566,"ไตรมาส 2",ภาคกลาง,รวม,การศึกษาอื่นๆ,95.86,ร้อยละ,สำนักงานสถิติแห่งชาติ
2566,"ไตรมาส 2",ภาคกลาง,รวม,ไม่ทราบ,92.63,ร้อยละ,สำนักงานสถิติแห่งชาติ
2566,"ไตรมาส 2",ภาคกลาง,ในเขตเทศบาล,รวม,70.52,ร้อยละ,สำนักงานสถิติแห่งชาติ
2566,"ไตรมาส 2",ภาคกลาง,ในเขตเทศบาล,ไม่มีการศึกษา,61.70,ร้อยละ,สำนักงานสถิติแห่งชาติ
2566,"ไตรมาส 2",ภาคกลาง,ในเขตเทศบาล,ต่ำกว่าประถมศึกษา,40.50,ร้อยละ,สำนักงานสถิติแห่งชาติ
2566,"ไตรมาส 2",ภาคกลาง,ในเขตเทศบาล,ประถมศึกษา,72.06,ร้อยละ,สำนักงานสถิติแห่งชาติ
2566,"ไตรมาส 2",ภาคกลาง,ในเขตเทศบาล,มัธยมศึกษาตอนต้น,69.16,ร้อยละ,สำนักงานสถิติแห่งชาติ
2566,"ไตรมาส 2",ภาคกลาง,ในเขตเทศบาล,"มัธยมศึกษาตอนปลาย สายสามัญ",72.17,ร้อยละ,สำนักงานสถิติแห่งชาติ
2566,"ไตรมาส 2",ภาคกลาง,ในเขตเทศบาล,"มัธยมศึกษาตอนปลาย สายอาชีวศึกษา",74.40,ร้อยละ,สำนักงานสถิติแห่งชาติ
2566,"ไตรมาส 2",ภาคกลาง,ในเขตเทศบาล,"มัธยมศึกษาตอนปลาย สายวิชาการ",86.21,ร้อยละ,สำนักงานสถิติแห่งชาติ
2566,"ไตรมาส 2",ภาคกลาง,ในเขตเทศบาล,"อุดมศึกษา สายวิชาการ",80.69,ร้อยละ,สำนักงานสถิติแห่งชาติ
2566,"ไตรมาส 2",ภาคกลาง,ในเขตเทศบาล,"อุดมศึกษา สายวิชาชีพ",83.53,ร้อยละ,สำนักงานสถิติแห่งชาติ
2566,"ไตรมาส 2",ภาคกลาง,ในเขตเทศบาล,"อุดมศึกษา สายวิชาการศึกษา",61.40,ร้อยละ,สำนักงานสถิติแห่งชาติ
2566,"ไตรมาส 2",ภาคกลาง,ในเขตเทศบาล,การศึกษาอื่นๆ,95.06,ร้อยละ,สำนักงานสถิติแห่งชาติ
2566,"ไตรมาส 2",ภาคกลาง,ในเขตเทศบาล,ไม่ทราบ,92.62,ร้อยละ,สำนักงานสถิติแห่งชาติ
2566,"ไตรมาส 2",ภาคกลาง,นอกเขตเทศบาล,รวม,70.31,ร้อยละ,สำนักงานสถิติแห่งชาติ
2566,"ไตรมาส 2",ภาคกลาง,นอกเขตเทศบาล,ไม่มีการศึกษา,59.11,ร้อยละ,สำนักงานสถิติแห่งชาติ
2566,"ไตรมาส 2",ภาคกลาง,นอกเขตเทศบาล,ต่ำกว่าประถมศึกษา,46.38,ร้อยละ,สำนักงานสถิติแห่งชาติ
2566,"ไตรมาส 2",ภาคกลาง,นอกเขตเทศบาล,ประถมศึกษา,77.22,ร้อยละ,สำนักงานสถิติแห่งชาติ
2566,"ไตรมาส 2",ภาคกลาง,นอกเขตเทศบาล,มัธยมศึกษาตอนต้น,67.93,ร้อยละ,สำนักงานสถิติแห่งชาติ
2566,"ไตรมาส 2",ภาคกลาง,นอกเขตเทศบาล,"มัธยมศึกษาตอนปลาย สายสามัญ",73.89,ร้อยละ,สำนักงานสถิติแห่งชาติ
2566,"ไตรมาส 2",ภาคกลาง,นอกเขตเทศบาล,"มัธยมศึกษาตอนปลาย สายอาชีวศึกษา",76.70,ร้อยละ,สำนักงานสถิติแห่งชาติ
2566,"ไตรมาส 2",ภาคกลาง,นอกเขตเทศบาล,"มัธยมศึกษาตอนปลาย สายวิชาการ",80.20,ร้อยละ,สำนักงานสถิติแห่งชาติ
2566,"ไตรมาส 2",ภาคกลาง,นอกเขตเทศบาล,"อุดมศึกษา สายวิชาการ",82.43,ร้อยละ,สำนักงานสถิติแห่งชาติ
2566,"ไตรมาส 2",ภาคกลาง,นอกเขตเทศบาล,"อุดมศึกษา สายวิชาชีพ",85.49,ร้อยละ,สำนักงานสถิติแห่งชาติ
2566,"ไตรมาส 2",ภาคกลาง,นอกเขตเทศบาล,"อุดมศึกษา สายวิชาการศึกษา",63.57,ร้อยละ,สำนักงานสถิติแห่งชาติ
2566,"ไตรมาส 2",ภาคกลาง,นอกเขตเทศบาล,การศึกษาอื่นๆ,96.70,ร้อยละ,สำนักงานสถิติแห่งชาติ
2566,"ไตรมาส 2",ภาคกลาง,นอกเขตเทศบาล,ไม่ทราบ,92.64,ร้อยละ,สำนักงานสถิติแห่งชาติ
2566,"ไตรมาส 2",ภาคเหนือ,รวม,รวม,64.55,ร้อยละ,สำนักงานสถิติแห่งชาติ
2566,"ไตรมาส 2",ภาคเหนือ,รวม,ไม่มีการศึกษา,53.03,ร้อยละ,สำนักงานสถิติแห่งชาติ
2566,"ไตรมาส 2",ภาคเหนือ,รวม,ต่ำกว่าประถมศึกษา,50.64,ร้อยละ,สำนักงานสถิติแห่งชาติ
2566,"ไตรมาส 2",ภาคเหนือ,รวม,ประถมศึกษา,75.28,ร้อยละ,สำนักงานสถิติแห่งชาติ
2566,"ไตรมาส 2",ภาคเหนือ,รวม,มัธยมศึกษาตอนต้น,59.89,ร้อยละ,สำนักงานสถิติแห่งชาติ
2566,"ไตรมาส 2",ภาคเหนือ,รวม,"มัธยมศึกษาตอนปลาย สายสามัญ",70.94,ร้อยละ,สำนักงานสถิติแห่งชาติ
2566,"ไตรมาส 2",ภาคเหนือ,รวม,"มัธยมศึกษาตอนปลาย สายอาชีวศึกษา",66.62,ร้อยละ,สำนักงานสถิติแห่งชาติ
2566,"ไตรมาส 2",ภาคเหนือ,รวม,"มัธยมศึกษาตอนปลาย สายวิชาการ",.00,ร้อยละ,สำนักงานสถิติแห่งชาติ
2566,"ไตรมาส 2",ภาคเหนือ,รวม,"อุดมศึกษา สายวิชาการ",80.52,ร้อยละ,สำนักงานสถิติแห่งชาติ
2566,"ไตรมาส 2",ภาคเหนือ,รวม,"อุดมศึกษา สายวิชาชีพ",83.21,ร้อยละ,สำนักงานสถิติแห่งชาติ
2566,"ไตรมาส 2",ภาคเหนือ,รวม,"อุดมศึกษา สายวิชาการศึกษา",64.53,ร้อยละ,สำนักงานสถิติแห่งชาติ
2566,"ไตรมาส 2",ภาคเหนือ,รวม,การศึกษาอื่นๆ,97.23,ร้อยละ,สำนักงานสถิติแห่งชาติ
2566,"ไตรมาส 2",ภาคเหนือ,รวม,ไม่ทราบ,60.69,ร้อยละ,สำนักงานสถิติแห่งชาติ
2566,"ไตรมาส 2",ภาคเหนือ,ในเขตเทศบาล,รวม,63.07,ร้อยละ,สำนักงานสถิติแห่งชาติ
2566,"ไตรมาส 2",ภาคเหนือ,ในเขตเทศบาล,ไม่มีการศึกษา,59.80,ร้อยละ,สำนักงานสถิติแห่งชาติ
2566,"ไตรมาส 2",ภาคเหนือ,ในเขตเทศบาล,ต่ำกว่าประถมศึกษา,46.72,ร้อยละ,สำนักงานสถิติแห่งชาติ
2566,"ไตรมาส 2",ภาคเหนือ,ในเขตเทศบาล,ประถมศึกษา,70.25,ร้อยละ,สำนักงานสถิติแห่งชาติ
2566,"ไตรมาส 2",ภาคเหนือ,ในเขตเทศบาล,มัธยมศึกษาตอนต้น,54.78,ร้อยละ,สำนักงานสถิติแห่งชาติ
2566,"ไตรมาส 2",ภาคเหนือ,ในเขตเทศบาล,"มัธยมศึกษาตอนปลาย สายสามัญ",66.42,ร้อยละ,สำนักงานสถิติแห่งชาติ
2566,"ไตรมาส 2",ภาคเหนือ,ในเขตเทศบาล,"มัธยมศึกษาตอนปลาย สายอาชีวศึกษา",69.01,ร้อยละ,สำนักงานสถิติแห่งชาติ
2566,"ไตรมาส 2",ภาคเหนือ,ในเขตเทศบาล,"มัธยมศึกษาตอนปลาย สายวิชาการ",.00,ร้อยละ,สำนักงานสถิติแห่งชาติ
2566,"ไตรมาส 2",ภาคเหนือ,ในเขตเทศบาล,"อุดมศึกษา สายวิชาการ",78.72,ร้อยละ,สำนักงานสถิติแห่งชาติ
2566,"ไตรมาส 2",ภาคเหนือ,ในเขตเทศบาล,"อุดมศึกษา สายวิชาชีพ",80.88,ร้อยละ,สำนักงานสถิติแห่งชาติ
2566,"ไตรมาส 2",ภาคเหนือ,ในเขตเทศบาล,"อุดมศึกษา สายวิชาการศึกษา",60.25,ร้อยละ,สำนักงานสถิติแห่งชาติ
2566,"ไตรมาส 2",ภาคเหนือ,ในเขตเทศบาล,การศึกษาอื่นๆ,94.34,ร้อยละ,สำนักงานสถิติแห่งชาติ
2566,"ไตรมาส 2",ภาคเหนือ,ในเขตเทศบาล,ไม่ทราบ,56.33,ร้อยละ,สำนักงานสถิติแห่งชาติ
2566,"ไตรมาส 2",ภาคเหนือ,นอกเขตเทศบาล,รวม,65.34,ร้อยละ,สำนักงานสถิติแห่งชาติ
2566,"ไตรมาส 2",ภาคเหนือ,นอกเขตเทศบาล,ไม่มีการศึกษา,50.57,ร้อยละ,สำนักงานสถิติแห่งชาติ
2566,"ไตรมาส 2",ภาคเหนือ,นอกเขตเทศบาล,ต่ำกว่าประถมศึกษา,52.30,ร้อยละ,สำนักงานสถิติแห่งชาติ
2566,"ไตรมาส 2",ภาคเหนือ,นอกเขตเทศบาล,ประถมศึกษา,77.44,ร้อยละ,สำนักงานสถิติแห่งชาติ
2566,"ไตรมาส 2",ภาคเหนือ,นอกเขตเทศบาล,มัธยมศึกษาตอนต้น,62.38,ร้อยละ,สำนักงานสถิติแห่งชาติ
2566,"ไตรมาส 2",ภาคเหนือ,นอกเขตเทศบาล,"มัธยมศึกษาตอนปลาย สายสามัญ",73.83,ร้อยละ,สำนักงานสถิติแห่งชาติ
2566,"ไตรมาส 2",ภาคเหนือ,นอกเขตเทศบาล,"มัธยมศึกษาตอนปลาย สายอาชีวศึกษา",64.82,ร้อยละ,สำนักงานสถิติแห่งชาติ
2566,"ไตรมาส 2",ภาคเหนือ,นอกเขตเทศบาล,"มัธยมศึกษาตอนปลาย สายวิชาการ",.00,ร้อยละ,สำนักงานสถิติแห่งชาติ
2566,"ไตรมาส 2",ภาคเหนือ,นอกเขตเทศบาล,"อุดมศึกษา สายวิชาการ",82.45,ร้อยละ,สำนักงานสถิติแห่งชาติ
2566,"ไตรมาส 2",ภาคเหนือ,นอกเขตเทศบาล,"อุดมศึกษา สายวิชาชีพ",84.82,ร้อยละ,สำนักงานสถิติแห่งชาติ
2566,"ไตรมาส 2",ภาคเหนือ,นอกเขตเทศบาล,"อุดมศึกษา สายวิชาการศึกษา",69.39,ร้อยละ,สำนักงานสถิติแห่งชาติ
2566,"ไตรมาส 2",ภาคเหนือ,นอกเขตเทศบาล,การศึกษาอื่นๆ,100.00,ร้อยละ,สำนักงานสถิติแห่งชาติ
2566,"ไตรมาส 2",ภาคเหนือ,นอกเขตเทศบาล,ไม่ทราบ,62.12,ร้อยละ,สำนักงานสถิติแห่งชาติ
2566,"ไตรมาส 2",ภาคตะวันออกเฉียงเหนือ,รวม,รวม,62.10,ร้อยละ,สำนักงานสถิติแห่งชาติ
2566,"ไตรมาส 2",ภาคตะวันออกเฉียงเหนือ,รวม,ไม่มีการศึกษา,20.80,ร้อยละ,สำนักงานสถิติแห่งชาติ
2566,"ไตรมาส 2",ภาคตะวันออกเฉียงเหนือ,รวม,ต่ำกว่าประถมศึกษา,43.74,ร้อยละ,สำนักงานสถิติแห่งชาติ
2566,"ไตรมาส 2",ภาคตะวันออกเฉียงเหนือ,รวม,ประถมศึกษา,75.41,ร้อยละ,สำนักงานสถิติแห่งชาติ
2566,"ไตรมาส 2",ภาคตะวันออกเฉียงเหนือ,รวม,มัธยมศึกษาตอนต้น,56.72,ร้อยละ,สำนักงานสถิติแห่งชาติ
2566,"ไตรมาส 2",ภาคตะวันออกเฉียงเหนือ,รวม,"มัธยมศึกษาตอนปลาย สายสามัญ",67.15,ร้อยละ,สำนักงานสถิติแห่งชาติ
2566,"ไตรมาส 2",ภาคตะวันออกเฉียงเหนือ,รวม,"มัธยมศึกษาตอนปลาย สายอาชีวศึกษา",69.39,ร้อยละ,สำนักงานสถิติแห่งชาติ
2566,"ไตรมาส 2",ภาคตะวันออกเฉียงเหนือ,รวม,"มัธยมศึกษาตอนปลาย สายวิชาการ",100.00,ร้อยละ,สำนักงานสถิติแห่งชาติ
2566,"ไตรมาส 2",ภาคตะวันออกเฉียงเหนือ,รวม,"อุดมศึกษา สายวิชาการ",81.57,ร้อยละ,สำนักงานสถิติแห่งชาติ
2566,"ไตรมาส 2",ภาคตะวันออกเฉียงเหนือ,รวม,"อุดมศึกษา สายวิชาชีพ",81.06,ร้อยละ,สำนักงานสถิติแห่งชาติ
2566,"ไตรมาส 2",ภาคตะวันออกเฉียงเหนือ,รวม,"อุดมศึกษา สายวิชาการศึกษา",65.73,ร้อยละ,สำนักงานสถิติแห่งชาติ
2566,"ไตรมาส 2",ภาคตะวันออกเฉียงเหนือ,รวม,การศึกษาอื่นๆ,.00,ร้อยละ,สำนักงานสถิติแห่งชาติ
2566,"ไตรมาส 2",ภาคตะวันออกเฉียงเหนือ,รวม,ไม่ทราบ,12.08,ร้อยละ,สำนักงานสถิติแห่งชาติ
2566,"ไตรมาส 2",ภาคตะวันออกเฉียงเหนือ,ในเขตเทศบาล,รวม,60.81,ร้อยละ,สำนักงานสถิติแห่งชาติ
2566,"ไตรมาส 2",ภาคตะวันออกเฉียงเหนือ,ในเขตเทศบาล,ไม่มีการศึกษา,21.79,ร้อยละ,สำนักงานสถิติแห่งชาติ
2566,"ไตรมาส 2",ภาคตะวันออกเฉียงเหนือ,ในเขตเทศบาล,ต่ำกว่าประถมศึกษา,41.46,ร้อยละ,สำนักงานสถิติแห่งชาติ
2566,"ไตรมาส 2",ภาคตะวันออกเฉียงเหนือ,ในเขตเทศบาล,ประถมศึกษา,72.05,ร้อยละ,สำนักงานสถิติแห่งชาติ
2566,"ไตรมาส 2",ภาคตะวันออกเฉียงเหนือ,ในเขตเทศบาล,มัธยมศึกษาตอนต้น,54.90,ร้อยละ,สำนักงานสถิติแห่งชาติ
2566,"ไตรมาส 2",ภาคตะวันออกเฉียงเหนือ,ในเขตเทศบาล,"มัธยมศึกษาตอนปลาย สายสามัญ",62.37,ร้อยละ,สำนักงานสถิติแห่งชาติ
2566,"ไตรมาส 2",ภาคตะวันออกเฉียงเหนือ,ในเขตเทศบาล,"มัธยมศึกษาตอนปลาย สายอาชีวศึกษา",61.87,ร้อยละ,สำนักงานสถิติแห่งชาติ
2566,"ไตรมาส 2",ภาคตะวันออกเฉียงเหนือ,ในเขตเทศบาล,"มัธยมศึกษาตอนปลาย สายวิชาการ",.00,ร้อยละ,สำนักงานสถิติแห่งชาติ
2566,"ไตรมาส 2",ภาคตะวันออกเฉียงเหนือ,ในเขตเทศบาล,"อุดมศึกษา สายวิชาการ",82.31,ร้อยละ,สำนักงานสถิติแห่งชาติ
2566,"ไตรมาส 2",ภาคตะวันออกเฉียงเหนือ,ในเขตเทศบาล,"อุดมศึกษา สายวิชาชีพ",81.59,ร้อยละ,สำนักงานสถิติแห่งชาติ
2566,"ไตรมาส 2",ภาคตะวันออกเฉียงเหนือ,ในเขตเทศบาล,"อุดมศึกษา สายวิชาการศึกษา",57.40,ร้อยละ,สำนักงานสถิติแห่งชาติ
2566,"ไตรมาส 2",ภาคตะวันออกเฉียงเหนือ,ในเขตเทศบาล,การศึกษาอื่นๆ,.00,ร้อยละ,สำนักงานสถิติแห่งชาติ
2566,"ไตรมาส 2",ภาคตะวันออกเฉียงเหนือ,ในเขตเทศบาล,ไม่ทราบ,14.67,ร้อยละ,สำนักงานสถิติแห่งชาติ
2566,"ไตรมาส 2",ภาคตะวันออกเฉียงเหนือ,นอกเขตเทศบาล,รวม,62.64,ร้อยละ,สำนักงานสถิติแห่งชาติ
2566,"ไตรมาส 2",ภาคตะวันออกเฉียงเหนือ,นอกเขตเทศบาล,ไม่มีการศึกษา,20.46,ร้อยละ,สำนักงานสถิติแห่งชาติ
2566,"ไตรมาส 2",ภาคตะวันออกเฉียงเหนือ,นอกเขตเทศบาล,ต่ำกว่าประถมศึกษา,44.55,ร้อยละ,สำนักงานสถิติแห่งชาติ
2566,"ไตรมาส 2",ภาคตะวันออกเฉียงเหนือ,นอกเขตเทศบาล,ประถมศึกษา,76.53,ร้อยละ,สำนักงานสถิติแห่งชาติ
2566,"ไตรมาส 2",ภาคตะวันออกเฉียงเหนือ,นอกเขตเทศบาล,มัธยมศึกษาตอนต้น,57.40,ร้อยละ,สำนักงานสถิติแห่งชาติ
2566,"ไตรมาส 2",ภาคตะวันออกเฉียงเหนือ,นอกเขตเทศบาล,"มัธยมศึกษาตอนปลาย สายสามัญ",69.51,ร้อยละ,สำนักงานสถิติแห่งชาติ
2566,"ไตรมาส 2",ภาคตะวันออกเฉียงเหนือ,นอกเขตเทศบาล,"มัธยมศึกษาตอนปลาย สายอาชีวศึกษา",72.80,ร้อยละ,สำนักงานสถิติแห่งชาติ
2566,"ไตรมาส 2",ภาคตะวันออกเฉียงเหนือ,นอกเขตเทศบาล,"มัธยมศึกษาตอนปลาย สายวิชาการ",100.00,ร้อยละ,สำนักงานสถิติแห่งชาติ
2566,"ไตรมาส 2",ภาคตะวันออกเฉียงเหนือ,นอกเขตเทศบาล,"อุดมศึกษา สายวิชาการ",80.82,ร้อยละ,สำนักงานสถิติแห่งชาติ
2566,"ไตรมาส 2",ภาคตะวันออกเฉียงเหนือ,นอกเขตเทศบาล,"อุดมศึกษา สายวิชาชีพ",80.74,ร้อยละ,สำนักงานสถิติแห่งชาติ
2566,"ไตรมาส 2",ภาคตะวันออกเฉียงเหนือ,นอกเขตเทศบาล,"อุดมศึกษา สายวิชาการศึกษา",71.12,ร้อยละ,สำนักงานสถิติแห่งชาติ
2566,"ไตรมาส 2",ภาคตะวันออกเฉียงเหนือ,นอกเขตเทศบาล,การศึกษาอื่นๆ,.00,ร้อยละ,สำนักงานสถิติแห่งชาติ
2566,"ไตรมาส 2",ภาคตะวันออกเฉียงเหนือ,นอกเขตเทศบาล,ไม่ทราบ,.00,ร้อยละ,สำนักงานสถิติแห่งชาติ
2566,"ไตรมาส 2",ภาคใต้,รวม,รวม,68.17,ร้อยละ,สำนักงานสถิติแห่งชาติ
2566,"ไตรมาส 2",ภาคใต้,รวม,ไม่มีการศึกษา,41.93,ร้อยละ,สำนักงานสถิติแห่งชาติ
2566,"ไตรมาส 2",ภาคใต้,รวม,ต่ำกว่าประถมศึกษา,51.21,ร้อยละ,สำนักงานสถิติแห่งชาติ
2566,"ไตรมาส 2",ภาคใต้,รวม,ประถมศึกษา,75.96,ร้อยละ,สำนักงานสถิติแห่งชาติ
2566,"ไตรมาส 2",ภาคใต้,รวม,มัธยมศึกษาตอนต้น,61.73,ร้อยละ,สำนักงานสถิติแห่งชาติ
2566,"ไตรมาส 2",ภาคใต้,รวม,"มัธยมศึกษาตอนปลาย สายสามัญ",70.49,ร้อยละ,สำนักงานสถิติแห่งชาติ
2566,"ไตรมาส 2",ภาคใต้,รวม,"มัธยมศึกษาตอนปลาย สายอาชีวศึกษา",75.87,ร้อยละ,สำนักงานสถิติแห่งชาติ
2566,"ไตรมาส 2",ภาคใต้,รวม,"มัธยมศึกษาตอนปลาย สายวิชาการ",46.74,ร้อยละ,สำนักงานสถิติแห่งชาติ
2566,"ไตรมาส 2",ภาคใต้,รวม,"อุดมศึกษา สายวิชาการ",82.94,ร้อยละ,สำนักงานสถิติแห่งชาติ
2566,"ไตรมาส 2",ภาคใต้,รวม,"อุดมศึกษา สายวิชาชีพ",84.02,ร้อยละ,สำนักงานสถิติแห่งชาติ
2566,"ไตรมาส 2",ภาคใต้,รวม,"อุดมศึกษา สายวิชาการศึกษา",65.23,ร้อยละ,สำนักงานสถิติแห่งชาติ
2566,"ไตรมาส 2",ภาคใต้,รวม,การศึกษาอื่นๆ,58.77,ร้อยละ,สำนักงานสถิติแห่งชาติ
2566,"ไตรมาส 2",ภาคใต้,รวม,ไม่ทราบ,88.90,ร้อยละ,สำนักงานสถิติแห่งชาติ
2566,"ไตรมาส 2",ภาคใต้,ในเขตเทศบาล,รวม,66.81,ร้อยละ,สำนักงานสถิติแห่งชาติ
2566,"ไตรมาส 2",ภาคใต้,ในเขตเทศบาล,ไม่มีการศึกษา,45.84,ร้อยละ,สำนักงานสถิติแห่งชาติ
2566,"ไตรมาส 2",ภาคใต้,ในเขตเทศบาล,ต่ำกว่าประถมศึกษา,48.21,ร้อยละ,สำนักงานสถิติแห่งชาติ
2566,"ไตรมาส 2",ภาคใต้,ในเขตเทศบาล,ประถมศึกษา,74.24,ร้อยละ,สำนักงานสถิติแห่งชาติ
2566,"ไตรมาส 2",ภาคใต้,ในเขตเทศบาล,มัธยมศึกษาตอนต้น,58.47,ร้อยละ,สำนักงานสถิติแห่งชาติ
2566,"ไตรมาส 2",ภาคใต้,ในเขตเทศบาล,"มัธยมศึกษาตอนปลาย สายสามัญ",65.25,ร้อยละ,สำนักงานสถิติแห่งชาติ
2566,"ไตรมาส 2",ภาคใต้,ในเขตเทศบาล,"มัธยมศึกษาตอนปลาย สายอาชีวศึกษา",73.60,ร้อยละ,สำนักงานสถิติแห่งชาติ
2566,"ไตรมาส 2",ภาคใต้,ในเขตเทศบาล,"มัธยมศึกษาตอนปลาย สายวิชาการ",.00,ร้อยละ,สำนักงานสถิติแห่งชาติ
2566,"ไตรมาส 2",ภาคใต้,ในเขตเทศบาล,"อุดมศึกษา สายวิชาการ",81.82,ร้อยละ,สำนักงานสถิติแห่งชาติ
2566,"ไตรมาส 2",ภาคใต้,ในเขตเทศบาล,"อุดมศึกษา สายวิชาชีพ",82.76,ร้อยละ,สำนักงานสถิติแห่งชาติ
2566,"ไตรมาส 2",ภาคใต้,ในเขตเทศบาล,"อุดมศึกษา สายวิชาการศึกษา",53.59,ร้อยละ,สำนักงานสถิติแห่งชาติ
2566,"ไตรมาส 2",ภาคใต้,ในเขตเทศบาล,การศึกษาอื่นๆ,88.93,ร้อยละ,สำนักงานสถิติแห่งชาติ
2566,"ไตรมาส 2",ภาคใต้,ในเขตเทศบาล,ไม่ทราบ,86.82,ร้อยละ,สำนักงานสถิติแห่งชาติ
2566,"ไตรมาส 2",ภาคใต้,นอกเขตเทศบาล,รวม,68.87,ร้อยละ,สำนักงานสถิติแห่งชาติ
2566,"ไตรมาส 2",ภาคใต้,นอกเขตเทศบาล,ไม่มีการศึกษา,40.60,ร้อยละ,สำนักงานสถิติแห่งชาติ
2566,"ไตรมาส 2",ภาคใต้,นอกเขตเทศบาล,ต่ำกว่าประถมศึกษา,52.43,ร้อยละ,สำนักงานสถิติแห่งชาติ
2566,"ไตรมาส 2",ภาคใต้,นอกเขตเทศบาล,ประถมศึกษา,76.61,ร้อยละ,สำนักงานสถิติแห่งชาติ
2566,"ไตรมาส 2",ภาคใต้,นอกเขตเทศบาล,มัธยมศึกษาตอนต้น,63.28,ร้อยละ,สำนักงานสถิติแห่งชาติ
2566,"ไตรมาส 2",ภาคใต้,นอกเขตเทศบาล,"มัธยมศึกษาตอนปลาย สายสามัญ",73.45,ร้อยละ,สำนักงานสถิติแห่งชาติ
2566,"ไตรมาส 2",ภาคใต้,นอกเขตเทศบาล,"มัธยมศึกษาตอนปลาย สายอาชีวศึกษา",77.41,ร้อยละ,สำนักงานสถิติแห่งชาติ
2566,"ไตรมาส 2",ภาคใต้,นอกเขตเทศบาล,"มัธยมศึกษาตอนปลาย สายวิชาการ",100.00,ร้อยละ,สำนักงานสถิติแห่งชาติ
2566,"ไตรมาส 2",ภาคใต้,นอกเขตเทศบาล,"อุดมศึกษา สายวิชาการ",83.97,ร้อยละ,สำนักงานสถิติแห่งชาติ
2566,"ไตรมาส 2",ภาคใต้,นอกเขตเทศบาล,"อุดมศึกษา สายวิชาชีพ",84.96,ร้อยละ,สำนักงานสถิติแห่งชาติ
2566,"ไตรมาส 2",ภาคใต้,นอกเขตเทศบาล,"อุดมศึกษา สายวิชาการศึกษา",73.65,ร้อยละ,สำนักงานสถิติแห่งชาติ
2566,"ไตรมาส 2",ภาคใต้,นอกเขตเทศบาล,การศึกษาอื่นๆ,48.05,ร้อยละ,สำนักงานสถิติแห่งชาติ
2566,"ไตรมาส 2",ภาคใต้,นอกเขตเทศบาล,ไม่ทราบ,90.97,ร้อยละ,สำนักงานสถิติแห่งชาติ
2566,"ไตรมาส 3",ทั่วประเทศ,รวม,รวม,68.00,ร้อยละ,สำนักงานสถิติแห่งชาติ
2566,"ไตรมาส 3",ทั่วประเทศ,รวม,ไม่มีการศึกษา,48.82,ร้อยละ,สำนักงานสถิติแห่งชาติ
2566,"ไตรมาส 3",ทั่วประเทศ,รวม,ต่ำกว่าประถมศึกษา,47.45,ร้อยละ,สำนักงานสถิติแห่งชาติ
2566,"ไตรมาส 3",ทั่วประเทศ,รวม,ประถมศึกษา,76.04,ร้อยละ,สำนักงานสถิติแห่งชาติ
2566,"ไตรมาส 3",ทั่วประเทศ,รวม,มัธยมศึกษาตอนต้น,64.46,ร้อยละ,สำนักงานสถิติแห่งชาติ
2566,"ไตรมาส 3",ทั่วประเทศ,รวม,"มัธยมศึกษาตอนปลาย สายสามัญ",71.13,ร้อยละ,สำนักงานสถิติแห่งชาติ
2566,"ไตรมาส 3",ทั่วประเทศ,รวม,"มัธยมศึกษาตอนปลาย สายอาชีวศึกษา",72.00,ร้อยละ,สำนักงานสถิติแห่งชาติ
2566,"ไตรมาส 3",ทั่วประเทศ,รวม,"มัธยมศึกษาตอนปลาย สายวิชาการ",60.36,ร้อยละ,สำนักงานสถิติแห่งชาติ
2566,"ไตรมาส 3",ทั่วประเทศ,รวม,"อุดมศึกษา สายวิชาการ",82.54,ร้อยละ,สำนักงานสถิติแห่งชาติ
2566,"ไตรมาส 3",ทั่วประเทศ,รวม,"อุดมศึกษา สายวิชาชีพ",84.00,ร้อยละ,สำนักงานสถิติแห่งชาติ
2566,"ไตรมาส 3",ทั่วประเทศ,รวม,"อุดมศึกษา สายวิชาการศึกษา",64.95,ร้อยละ,สำนักงานสถิติแห่งชาติ
2566,"ไตรมาส 3",ทั่วประเทศ,รวม,การศึกษาอื่นๆ,92.11,ร้อยละ,สำนักงานสถิติแห่งชาติ
2566,"ไตรมาส 3",ทั่วประเทศ,รวม,ไม่ทราบ,82.63,ร้อยละ,สำนักงานสถิติแห่งชาติ
2566,"ไตรมาส 3",ทั่วประเทศ,ในเขตเทศบาล,รวม,68.14,ร้อยละ,สำนักงานสถิติแห่งชาติ
2566,"ไตรมาส 3",ทั่วประเทศ,ในเขตเทศบาล,ไม่มีการศึกษา,53.08,ร้อยละ,สำนักงานสถิติแห่งชาติ
2566,"ไตรมาส 3",ทั่วประเทศ,ในเขตเทศบาล,ต่ำกว่าประถมศึกษา,43.54,ร้อยละ,สำนักงานสถิติแห่งชาติ
2566,"ไตรมาส 3",ทั่วประเทศ,ในเขตเทศบาล,ประถมศึกษา,73.77,ร้อยละ,สำนักงานสถิติแห่งชาติ
2566,"ไตรมาส 3",ทั่วประเทศ,ในเขตเทศบาล,มัธยมศึกษาตอนต้น,65.64,ร้อยละ,สำนักงานสถิติแห่งชาติ
2566,"ไตรมาส 3",ทั่วประเทศ,ในเขตเทศบาล,"มัธยมศึกษาตอนปลาย สายสามัญ",66.94,ร้อยละ,สำนักงานสถิติแห่งชาติ
2566,"ไตรมาส 3",ทั่วประเทศ,ในเขตเทศบาล,"มัธยมศึกษาตอนปลาย สายอาชีวศึกษา",70.25,ร้อยละ,สำนักงานสถิติแห่งชาติ
2566,"ไตรมาส 3",ทั่วประเทศ,ในเขตเทศบาล,"มัธยมศึกษาตอนปลาย สายวิชาการ",80.34,ร้อยละ,สำนักงานสถิติแห่งชาติ
2566,"ไตรมาส 3",ทั่วประเทศ,ในเขตเทศบาล,"อุดมศึกษา สายวิชาการ",81.69,ร้อยละ,สำนักงานสถิติแห่งชาติ
2566,"ไตรมาส 3",ทั่วประเทศ,ในเขตเทศบาล,"อุดมศึกษา สายวิชาชีพ",83.15,ร้อยละ,สำนักงานสถิติแห่งชาติ
2566,"ไตรมาส 3",ทั่วประเทศ,ในเขตเทศบาล,"อุดมศึกษา สายวิชาการศึกษา",59.00,ร้อยละ,สำนักงานสถิติแห่งชาติ
2566,"ไตรมาส 3",ทั่วประเทศ,ในเขตเทศบาล,การศึกษาอื่นๆ,91.22,ร้อยละ,สำนักงานสถิติแห่งชาติ
2566,"ไตรมาส 3",ทั่วประเทศ,ในเขตเทศบาล,ไม่ทราบ,78.90,ร้อยละ,สำนักงานสถิติแห่งชาติ
2566,"ไตรมาส 3",ทั่วประเทศ,นอกเขตเทศบาล,รวม,67.87,ร้อยละ,สำนักงานสถิติแห่งชาติ
2566,"ไตรมาส 3",ทั่วประเทศ,นอกเขตเทศบาล,ไม่มีการศึกษา,46.19,ร้อยละ,สำนักงานสถิติแห่งชาติ
2566,"ไตรมาส 3",ทั่วประเทศ,นอกเขตเทศบาล,ต่ำกว่าประถมศึกษา,49.49,ร้อยละ,สำนักงานสถิติแห่งชาติ
2566,"ไตรมาส 3",ทั่วประเทศ,นอกเขตเทศบาล,ประถมศึกษา,77.50,ร้อยละ,สำนักงานสถิติแห่งชาติ
2566,"ไตรมาส 3",ทั่วประเทศ,นอกเขตเทศบาล,มัธยมศึกษาตอนต้น,63.54,ร้อยละ,สำนักงานสถิติแห่งชาติ
2566,"ไตรมาส 3",ทั่วประเทศ,นอกเขตเทศบาล,"มัธยมศึกษาตอนปลาย สายสามัญ",75.27,ร้อยละ,สำนักงานสถิติแห่งชาติ
2566,"ไตรมาส 3",ทั่วประเทศ,นอกเขตเทศบาล,"มัธยมศึกษาตอนปลาย สายอาชีวศึกษา",74.15,ร้อยละ,สำนักงานสถิติแห่งชาติ
2566,"ไตรมาส 3",ทั่วประเทศ,นอกเขตเทศบาล,"มัธยมศึกษาตอนปลาย สายวิชาการ",38.91,ร้อยละ,สำนักงานสถิติแห่งชาติ
2566,"ไตรมาส 3",ทั่วประเทศ,นอกเขตเทศบาล,"อุดมศึกษา สายวิชาการ",84.14,ร้อยละ,สำนักงานสถิติแห่งชาติ
2566,"ไตรมาส 3",ทั่วประเทศ,นอกเขตเทศบาล,"อุดมศึกษา สายวิชาชีพ",84.99,ร้อยละ,สำนักงานสถิติแห่งชาติ
2566,"ไตรมาส 3",ทั่วประเทศ,นอกเขตเทศบาล,"อุดมศึกษา สายวิชาการศึกษา",71.38,ร้อยละ,สำนักงานสถิติแห่งชาติ
2566,"ไตรมาส 3",ทั่วประเทศ,นอกเขตเทศบาล,การศึกษาอื่นๆ,93.32,ร้อยละ,สำนักงานสถิติแห่งชาติ
2566,"ไตรมาส 3",ทั่วประเทศ,นอกเขตเทศบาล,ไม่ทราบ,92.70,ร้อยละ,สำนักงานสถิติแห่งชาติ
2566,"ไตรมาส 3",กรุงเทพมหานคร,ในเขตเทศบาล,รวม,71.74,ร้อยละ,สำนักงานสถิติแห่งชาติ
2566,"ไตรมาส 3",กรุงเทพมหานคร,ในเขตเทศบาล,ไม่มีการศึกษา,51.01,ร้อยละ,สำนักงานสถิติแห่งชาติ
2566,"ไตรมาส 3",กรุงเทพมหานคร,ในเขตเทศบาล,ต่ำกว่าประถมศึกษา,41.31,ร้อยละ,สำนักงานสถิติแห่งชาติ
2566,"ไตรมาส 3",กรุงเทพมหานคร,ในเขตเทศบาล,ประถมศึกษา,75.99,ร้อยละ,สำนักงานสถิติแห่งชาติ
2566,"ไตรมาส 3",กรุงเทพมหานคร,ในเขตเทศบาล,มัธยมศึกษาตอนต้น,72.40,ร้อยละ,สำนักงานสถิติแห่งชาติ
2566,"ไตรมาส 3",กรุงเทพมหานคร,ในเขตเทศบาล,"มัธยมศึกษาตอนปลาย สายสามัญ",65.78,ร้อยละ,สำนักงานสถิติแห่งชาติ
2566,"ไตรมาส 3",กรุงเทพมหานคร,ในเขตเทศบาล,"มัธยมศึกษาตอนปลาย สายอาชีวศึกษา",69.05,ร้อยละ,สำนักงานสถิติแห่งชาติ
2566,"ไตรมาส 3",กรุงเทพมหานคร,ในเขตเทศบาล,"มัธยมศึกษาตอนปลาย สายวิชาการ",100.00,ร้อยละ,สำนักงานสถิติแห่งชาติ
2566,"ไตรมาส 3",กรุงเทพมหานคร,ในเขตเทศบาล,"อุดมศึกษา สายวิชาการ",81.80,ร้อยละ,สำนักงานสถิติแห่งชาติ
2566,"ไตรมาส 3",กรุงเทพมหานคร,ในเขตเทศบาล,"อุดมศึกษา สายวิชาชีพ",78.39,ร้อยละ,สำนักงานสถิติแห่งชาติ
2566,"ไตรมาส 3",กรุงเทพมหานคร,ในเขตเทศบาล,"อุดมศึกษา สายวิชาการศึกษา",62.97,ร้อยละ,สำนักงานสถิติแห่งชาติ
2566,"ไตรมาส 3",กรุงเทพมหานคร,ในเขตเทศบาล,การศึกษาอื่นๆ,.00,ร้อยละ,สำนักงานสถิติแห่งชาติ
2566,"ไตรมาส 3",กรุงเทพมหานคร,ในเขตเทศบาล,ไม่ทราบ,73.40,ร้อยละ,สำนักงานสถิติแห่งชาติ
2566,"ไตรมาส 3",ภาคกลาง,รวม,รวม,70.30,ร้อยละ,สำนักงานสถิติแห่งชาติ
2566,"ไตรมาส 3",ภาคกลาง,รวม,ไม่มีการศึกษา,57.35,ร้อยละ,สำนักงานสถิติแห่งชาติ
2566,"ไตรมาส 3",ภาคกลาง,รวม,ต่ำกว่าประถมศึกษา,43.26,ร้อยละ,สำนักงานสถิติแห่งชาติ
2566,"ไตรมาส 3",ภาคกลาง,รวม,ประถมศึกษา,74.66,ร้อยละ,สำนักงานสถิติแห่งชาติ
2566,"ไตรมาส 3",ภาคกลาง,รวม,มัธยมศึกษาตอนต้น,68.86,ร้อยละ,สำนักงานสถิติแห่งชาติ
2566,"ไตรมาส 3",ภาคกลาง,รวม,"มัธยมศึกษาตอนปลาย สายสามัญ",73.05,ร้อยละ,สำนักงานสถิติแห่งชาติ
2566,"ไตรมาส 3",ภาคกลาง,รวม,"มัธยมศึกษาตอนปลาย สายอาชีวศึกษา",75.93,ร้อยละ,สำนักงานสถิติแห่งชาติ
2566,"ไตรมาส 3",ภาคกลาง,รวม,"มัธยมศึกษาตอนปลาย สายวิชาการ",92.50,ร้อยละ,สำนักงานสถิติแห่งชาติ
2566,"ไตรมาส 3",ภาคกลาง,รวม,"อุดมศึกษา สายวิชาการ",82.43,ร้อยละ,สำนักงานสถิติแห่งชาติ
2566,"ไตรมาส 3",ภาคกลาง,รวม,"อุดมศึกษา สายวิชาชีพ",86.35,ร้อยละ,สำนักงานสถิติแห่งชาติ
2566,"ไตรมาส 3",ภาคกลาง,รวม,"อุดมศึกษา สายวิชาการศึกษา",65.01,ร้อยละ,สำนักงานสถิติแห่งชาติ
2566,"ไตรมาส 3",ภาคกลาง,รวม,การศึกษาอื่นๆ,93.95,ร้อยละ,สำนักงานสถิติแห่งชาติ
2566,"ไตรมาส 3",ภาคกลาง,รวม,ไม่ทราบ,87.71,ร้อยละ,สำนักงานสถิติแห่งชาติ
2566,"ไตรมาส 3",ภาคกลาง,ในเขตเทศบาล,รวม,70.38,ร้อยละ,สำนักงานสถิติแห่งชาติ
2566,"ไตรมาส 3",ภาคกลาง,ในเขตเทศบาล,ไม่มีการศึกษา,62.28,ร้อยละ,สำนักงานสถิติแห่งชาติ
2566,"ไตรมาส 3",ภาคกลาง,ในเขตเทศบาล,ต่ำกว่าประถมศึกษา,40.55,ร้อยละ,สำนักงานสถิติแห่งชาติ
2566,"ไตรมาส 3",ภาคกลาง,ในเขตเทศบาล,ประถมศึกษา,72.04,ร้อยละ,สำนักงานสถิติแห่งชาติ
2566,"ไตรมาส 3",ภาคกลาง,ในเขตเทศบาล,มัธยมศึกษาตอนต้น,69.45,ร้อยละ,สำนักงานสถิติแห่งชาติ
2566,"ไตรมาส 3",ภาคกลาง,ในเขตเทศบาล,"มัธยมศึกษาตอนปลาย สายสามัญ",72.33,ร้อยละ,สำนักงานสถิติแห่งชาติ
2566,"ไตรมาส 3",ภาคกลาง,ในเขตเทศบาล,"มัธยมศึกษาตอนปลาย สายอาชีวศึกษา",73.42,ร้อยละ,สำนักงานสถิติแห่งชาติ
2566,"ไตรมาส 3",ภาคกลาง,ในเขตเทศบาล,"มัธยมศึกษาตอนปลาย สายวิชาการ",90.74,ร้อยละ,สำนักงานสถิติแห่งชาติ
2566,"ไตรมาส 3",ภาคกลาง,ในเขตเทศบาล,"อุดมศึกษา สายวิชาการ",81.22,ร้อยละ,สำนักงานสถิติแห่งชาติ
2566,"ไตรมาส 3",ภาคกลาง,ในเขตเทศบาล,"อุดมศึกษา สายวิชาชีพ",86.40,ร้อยละ,สำนักงานสถิติแห่งชาติ
2566,"ไตรมาส 3",ภาคกลาง,ในเขตเทศบาล,"อุดมศึกษา สายวิชาการศึกษา",59.22,ร้อยละ,สำนักงานสถิติแห่งชาติ
2566,"ไตรมาส 3",ภาคกลาง,ในเขตเทศบาล,การศึกษาอื่นๆ,91.54,ร้อยละ,สำนักงานสถิติแห่งชาติ
2566,"ไตรมาส 3",ภาคกลาง,ในเขตเทศบาล,ไม่ทราบ,84.83,ร้อยละ,สำนักงานสถิติแห่งชาติ
2566,"ไตรมาส 3",ภาคกลาง,นอกเขตเทศบาล,รวม,70.24,ร้อยละ,สำนักงานสถิติแห่งชาติ
2566,"ไตรมาส 3",ภาคกลาง,นอกเขตเทศบาล,ไม่มีการศึกษา,52.34,ร้อยละ,สำนักงานสถิติแห่งชาติ
2566,"ไตรมาส 3",ภาคกลาง,นอกเขตเทศบาล,ต่ำกว่าประถมศึกษา,44.97,ร้อยละ,สำนักงานสถิติแห่งชาติ
2566,"ไตรมาส 3",ภาคกลาง,นอกเขตเทศบาล,ประถมศึกษา,76.57,ร้อยละ,สำนักงานสถิติแห่งชาติ
2566,"ไตรมาส 3",ภาคกลาง,นอกเขตเทศบาล,มัธยมศึกษาตอนต้น,68.37,ร้อยละ,สำนักงานสถิติแห่งชาติ
2566,"ไตรมาส 3",ภาคกลาง,นอกเขตเทศบาล,"มัธยมศึกษาตอนปลาย สายสามัญ",73.79,ร้อยละ,สำนักงานสถิติแห่งชาติ
2566,"ไตรมาส 3",ภาคกลาง,นอกเขตเทศบาล,"มัธยมศึกษาตอนปลาย สายอาชีวศึกษา",78.42,ร้อยละ,สำนักงานสถิติแห่งชาติ
2566,"ไตรมาส 3",ภาคกลาง,นอกเขตเทศบาล,"มัธยมศึกษาตอนปลาย สายวิชาการ",100.00,ร้อยละ,สำนักงานสถิติแห่งชาติ
2566,"ไตรมาส 3",ภาคกลาง,นอกเขตเทศบาล,"อุดมศึกษา สายวิชาการ",83.91,ร้อยละ,สำนักงานสถิติแห่งชาติ
2566,"ไตรมาส 3",ภาคกลาง,นอกเขตเทศบาล,"อุดมศึกษา สายวิชาชีพ",86.30,ร้อยละ,สำนักงานสถิติแห่งชาติ
2566,"ไตรมาส 3",ภาคกลาง,นอกเขตเทศบาล,"อุดมศึกษา สายวิชาการศึกษา",70.11,ร้อยละ,สำนักงานสถิติแห่งชาติ
2566,"ไตรมาส 3",ภาคกลาง,นอกเขตเทศบาล,การศึกษาอื่นๆ,97.44,ร้อยละ,สำนักงานสถิติแห่งชาติ
2566,"ไตรมาส 3",ภาคกลาง,นอกเขตเทศบาล,ไม่ทราบ,92.91,ร้อยละ,สำนักงานสถิติแห่งชาติ
2566,"ไตรมาส 3",ภาคเหนือ,รวม,รวม,65.47,ร้อยละ,สำนักงานสถิติแห่งชาติ
2566,"ไตรมาส 3",ภาคเหนือ,รวม,ไม่มีการศึกษา,52.21,ร้อยละ,สำนักงานสถิติแห่งชาติ
2566,"ไตรมาส 3",ภาคเหนือ,รวม,ต่ำกว่าประถมศึกษา,52.09,ร้อยละ,สำนักงานสถิติแห่งชาติ
2566,"ไตรมาส 3",ภาคเหนือ,รวม,ประถมศึกษา,76.84,ร้อยละ,สำนักงานสถิติแห่งชาติ
2566,"ไตรมาส 3",ภาคเหนือ,รวม,มัธยมศึกษาตอนต้น,60.42,ร้อยละ,สำนักงานสถิติแห่งชาติ
2566,"ไตรมาส 3",ภาคเหนือ,รวม,"มัธยมศึกษาตอนปลาย สายสามัญ",71.06,ร้อยละ,สำนักงานสถิติแห่งชาติ
2566,"ไตรมาส 3",ภาคเหนือ,รวม,"มัธยมศึกษาตอนปลาย สายอาชีวศึกษา",67.77,ร้อยละ,สำนักงานสถิติแห่งชาติ
2566,"ไตรมาส 3",ภาคเหนือ,รวม,"มัธยมศึกษาตอนปลาย สายวิชาการ",68.49,ร้อยละ,สำนักงานสถิติแห่งชาติ
2566,"ไตรมาส 3",ภาคเหนือ,รวม,"อุดมศึกษา สายวิชาการ",83.27,ร้อยละ,สำนักงานสถิติแห่งชาติ
2566,"ไตรมาส 3",ภาคเหนือ,รวม,"อุดมศึกษา สายวิชาชีพ",82.70,ร้อยละ,สำนักงานสถิติแห่งชาติ
2566,"ไตรมาส 3",ภาคเหนือ,รวม,"อุดมศึกษา สายวิชาการศึกษา",62.43,ร้อยละ,สำนักงานสถิติแห่งชาติ
2566,"ไตรมาส 3",ภาคเหนือ,รวม,การศึกษาอื่นๆ,90.42,ร้อยละ,สำนักงานสถิติแห่งชาติ
2566,"ไตรมาส 3",ภาคเหนือ,รวม,ไม่ทราบ,76.78,ร้อยละ,สำนักงานสถิติแห่งชาติ
2566,"ไตรมาส 3",ภาคเหนือ,ในเขตเทศบาล,รวม,62.54,ร้อยละ,สำนักงานสถิติแห่งชาติ
2566,"ไตรมาส 3",ภาคเหนือ,ในเขตเทศบาล,ไม่มีการศึกษา,51.25,ร้อยละ,สำนักงานสถิติแห่งชาติ
2566,"ไตรมาส 3",ภาคเหนือ,ในเขตเทศบาล,ต่ำกว่าประถมศึกษา,47.53,ร้อยละ,สำนักงานสถิติแห่งชาติ
2566,"ไตรมาส 3",ภาคเหนือ,ในเขตเทศบาล,ประถมศึกษา,72.13,ร้อยละ,สำนักงานสถิติแห่งชาติ
2566,"ไตรมาส 3",ภาคเหนือ,ในเขตเทศบาล,มัธยมศึกษาตอนต้น,52.71,ร้อยละ,สำนักงานสถิติแห่งชาติ
2566,"ไตรมาส 3",ภาคเหนือ,ในเขตเทศบาล,"มัธยมศึกษาตอนปลาย สายสามัญ",64.19,ร้อยละ,สำนักงานสถิติแห่งชาติ
2566,"ไตรมาส 3",ภาคเหนือ,ในเขตเทศบาล,"มัธยมศึกษาตอนปลาย สายอาชีวศึกษา",65.66,ร้อยละ,สำนักงานสถิติแห่งชาติ
2566,"ไตรมาส 3",ภาคเหนือ,ในเขตเทศบาล,"มัธยมศึกษาตอนปลาย สายวิชาการ",33.59,ร้อยละ,สำนักงานสถิติแห่งชาติ
2566,"ไตรมาส 3",ภาคเหนือ,ในเขตเทศบาล,"อุดมศึกษา สายวิชาการ",80.98,ร้อยละ,สำนักงานสถิติแห่งชาติ
2566,"ไตรมาส 3",ภาคเหนือ,ในเขตเทศบาล,"อุดมศึกษา สายวิชาชีพ",81.01,ร้อยละ,สำนักงานสถิติแห่งชาติ
2566,"ไตรมาส 3",ภาคเหนือ,ในเขตเทศบาล,"อุดมศึกษา สายวิชาการศึกษา",58.68,ร้อยละ,สำนักงานสถิติแห่งชาติ
2566,"ไตรมาส 3",ภาคเหนือ,ในเขตเทศบาล,การศึกษาอื่นๆ,90.42,ร้อยละ,สำนักงานสถิติแห่งชาติ
2566,"ไตรมาส 3",ภาคเหนือ,ในเขตเทศบาล,ไม่ทราบ,68.29,ร้อยละ,สำนักงานสถิติแห่งชาติ
2566,"ไตรมาส 3",ภาคเหนือ,นอกเขตเทศบาล,รวม,67.05,ร้อยละ,สำนักงานสถิติแห่งชาติ
2566,"ไตรมาส 3",ภาคเหนือ,นอกเขตเทศบาล,ไม่มีการศึกษา,52.52,ร้อยละ,สำนักงานสถิติแห่งชาติ
2566,"ไตรมาส 3",ภาคเหนือ,นอกเขตเทศบาล,ต่ำกว่าประถมศึกษา,54.09,ร้อยละ,สำนักงานสถิติแห่งชาติ
2566,"ไตรมาส 3",ภาคเหนือ,นอกเขตเทศบาล,ประถมศึกษา,78.81,ร้อยละ,สำนักงานสถิติแห่งชาติ
2566,"ไตรมาส 3",ภาคเหนือ,นอกเขตเทศบาล,มัธยมศึกษาตอนต้น,63.98,ร้อยละ,สำนักงานสถิติแห่งชาติ
2566,"ไตรมาส 3",ภาคเหนือ,นอกเขตเทศบาล,"มัธยมศึกษาตอนปลาย สายสามัญ",75.78,ร้อยละ,สำนักงานสถิติแห่งชาติ
2566,"ไตรมาส 3",ภาคเหนือ,นอกเขตเทศบาล,"มัธยมศึกษาตอนปลาย สายอาชีวศึกษา",69.03,ร้อยละ,สำนักงานสถิติแห่งชาติ
2566,"ไตรมาส 3",ภาคเหนือ,นอกเขตเทศบาล,"มัธยมศึกษาตอนปลาย สายวิชาการ",77.90,ร้อยละ,สำนักงานสถิติแห่งชาติ
2566,"ไตรมาส 3",ภาคเหนือ,นอกเขตเทศบาล,"อุดมศึกษา สายวิชาการ",85.78,ร้อยละ,สำนักงานสถิติแห่งชาติ
2566,"ไตรมาส 3",ภาคเหนือ,นอกเขตเทศบาล,"อุดมศึกษา สายวิชาชีพ",83.95,ร้อยละ,สำนักงานสถิติแห่งชาติ
2566,"ไตรมาส 3",ภาคเหนือ,นอกเขตเทศบาล,"อุดมศึกษา สายวิชาการศึกษา",66.61,ร้อยละ,สำนักงานสถิติแห่งชาติ
2566,"ไตรมาส 3",ภาคเหนือ,นอกเขตเทศบาล,การศึกษาอื่นๆ,.00,ร้อยละ,สำนักงานสถิติแห่งชาติ
2566,"ไตรมาส 3",ภาคเหนือ,นอกเขตเทศบาล,ไม่ทราบ,92.95,ร้อยละ,สำนักงานสถิติแห่งชาติ
2566,"ไตรมาส 3",ภาคตะวันออกเฉียงเหนือ,รวม,รวม,64.80,ร้อยละ,สำนักงานสถิติแห่งชาติ
2566,"ไตรมาส 3",ภาคตะวันออกเฉียงเหนือ,รวม,ไม่มีการศึกษา,23.60,ร้อยละ,สำนักงานสถิติแห่งชาติ
2566,"ไตรมาส 3",ภาคตะวันออกเฉียงเหนือ,รวม,ต่ำกว่าประถมศึกษา,47.94,ร้อยละ,สำนักงานสถิติแห่งชาติ
2566,"ไตรมาส 3",ภาคตะวันออกเฉียงเหนือ,รวม,ประถมศึกษา,77.90,ร้อยละ,สำนักงานสถิติแห่งชาติ
2566,"ไตรมาส 3",ภาคตะวันออกเฉียงเหนือ,รวม,มัธยมศึกษาตอนต้น,58.24,ร้อยละ,สำนักงานสถิติแห่งชาติ
2566,"ไตรมาส 3",ภาคตะวันออกเฉียงเหนือ,รวม,"มัธยมศึกษาตอนปลาย สายสามัญ",71.23,ร้อยละ,สำนักงานสถิติแห่งชาติ
2566,"ไตรมาส 3",ภาคตะวันออกเฉียงเหนือ,รวม,"มัธยมศึกษาตอนปลาย สายอาชีวศึกษา",66.33,ร้อยละ,สำนักงานสถิติแห่งชาติ
2566,"ไตรมาส 3",ภาคตะวันออกเฉียงเหนือ,รวม,"มัธยมศึกษาตอนปลาย สายวิชาการ",78.57,ร้อยละ,สำนักงานสถิติแห่งชาติ
2566,"ไตรมาส 3",ภาคตะวันออกเฉียงเหนือ,รวม,"อุดมศึกษา สายวิชาการ",82.68,ร้อยละ,สำนักงานสถิติแห่งชาติ
2566,"ไตรมาส 3",ภาคตะวันออกเฉียงเหนือ,รวม,"อุดมศึกษา สายวิชาชีพ",84.17,ร้อยละ,สำนักงานสถิติแห่งชาติ
2566,"ไตรมาส 3",ภาคตะวันออกเฉียงเหนือ,รวม,"อุดมศึกษา สายวิชาการศึกษา",66.48,ร้อยละ,สำนักงานสถิติแห่งชาติ
2566,"ไตรมาส 3",ภาคตะวันออกเฉียงเหนือ,รวม,การศึกษาอื่นๆ,.00,ร้อยละ,สำนักงานสถิติแห่งชาติ
2566,"ไตรมาส 3",ภาคตะวันออกเฉียงเหนือ,รวม,ไม่ทราบ,14.50,ร้อยละ,สำนักงานสถิติแห่งชาติ
2566,"ไตรมาส 3",ภาคตะวันออกเฉียงเหนือ,ในเขตเทศบาล,รวม,62.23,ร้อยละ,สำนักงานสถิติแห่งชาติ
2566,"ไตรมาส 3",ภาคตะวันออกเฉียงเหนือ,ในเขตเทศบาล,ไม่มีการศึกษา,26.25,ร้อยละ,สำนักงานสถิติแห่งชาติ
2566,"ไตรมาส 3",ภาคตะวันออกเฉียงเหนือ,ในเขตเทศบาล,ต่ำกว่าประถมศึกษา,44.02,ร้อยละ,สำนักงานสถิติแห่งชาติ
2566,"ไตรมาส 3",ภาคตะวันออกเฉียงเหนือ,ในเขตเทศบาล,ประถมศึกษา,74.42,ร้อยละ,สำนักงานสถิติแห่งชาติ
2566,"ไตรมาส 3",ภาคตะวันออกเฉียงเหนือ,ในเขตเทศบาล,มัธยมศึกษาตอนต้น,56.13,ร้อยละ,สำนักงานสถิติแห่งชาติ
2566,"ไตรมาส 3",ภาคตะวันออกเฉียงเหนือ,ในเขตเทศบาล,"มัธยมศึกษาตอนปลาย สายสามัญ",61.87,ร้อยละ,สำนักงานสถิติแห่งชาติ
2566,"ไตรมาส 3",ภาคตะวันออกเฉียงเหนือ,ในเขตเทศบาล,"มัธยมศึกษาตอนปลาย สายอาชีวศึกษา",64.79,ร้อยละ,สำนักงานสถิติแห่งชาติ
2566,"ไตรมาส 3",ภาคตะวันออกเฉียงเหนือ,ในเขตเทศบาล,"มัธยมศึกษาตอนปลาย สายวิชาการ",.00,ร้อยละ,สำนักงานสถิติแห่งชาติ
2566,"ไตรมาส 3",ภาคตะวันออกเฉียงเหนือ,ในเขตเทศบาล,"อุดมศึกษา สายวิชาการ",82.90,ร้อยละ,สำนักงานสถิติแห่งชาติ
2566,"ไตรมาส 3",ภาคตะวันออกเฉียงเหนือ,ในเขตเทศบาล,"อุดมศึกษา สายวิชาชีพ",85.89,ร้อยละ,สำนักงานสถิติแห่งชาติ
2566,"ไตรมาส 3",ภาคตะวันออกเฉียงเหนือ,ในเขตเทศบาล,"อุดมศึกษา สายวิชาการศึกษา",54.63,ร้อยละ,สำนักงานสถิติแห่งชาติ
2566,"ไตรมาส 3",ภาคตะวันออกเฉียงเหนือ,ในเขตเทศบาล,การศึกษาอื่นๆ,.00,ร้อยละ,สำนักงานสถิติแห่งชาติ
2566,"ไตรมาส 3",ภาคตะวันออกเฉียงเหนือ,ในเขตเทศบาล,ไม่ทราบ,18.09,ร้อยละ,สำนักงานสถิติแห่งชาติ
2566,"ไตรมาส 3",ภาคตะวันออกเฉียงเหนือ,นอกเขตเทศบาล,รวม,65.89,ร้อยละ,สำนักงานสถิติแห่งชาติ
2566,"ไตรมาส 3",ภาคตะวันออกเฉียงเหนือ,นอกเขตเทศบาล,ไม่มีการศึกษา,22.76,ร้อยละ,สำนักงานสถิติแห่งชาติ
2566,"ไตรมาส 3",ภาคตะวันออกเฉียงเหนือ,นอกเขตเทศบาล,ต่ำกว่าประถมศึกษา,49.33,ร้อยละ,สำนักงานสถิติแห่งชาติ
2566,"ไตรมาส 3",ภาคตะวันออกเฉียงเหนือ,นอกเขตเทศบาล,ประถมศึกษา,79.07,ร้อยละ,สำนักงานสถิติแห่งชาติ
2566,"ไตรมาส 3",ภาคตะวันออกเฉียงเหนือ,นอกเขตเทศบาล,มัธยมศึกษาตอนต้น,59.05,ร้อยละ,สำนักงานสถิติแห่งชาติ
2566,"ไตรมาส 3",ภาคตะวันออกเฉียงเหนือ,นอกเขตเทศบาล,"มัธยมศึกษาตอนปลาย สายสามัญ",75.82,ร้อยละ,สำนักงานสถิติแห่งชาติ
2566,"ไตรมาส 3",ภาคตะวันออกเฉียงเหนือ,นอกเขตเทศบาล,"มัธยมศึกษาตอนปลาย สายอาชีวศึกษา",67.00,ร้อยละ,สำนักงานสถิติแห่งชาติ
2566,"ไตรมาส 3",ภาคตะวันออกเฉียงเหนือ,นอกเขตเทศบาล,"มัธยมศึกษาตอนปลาย สายวิชาการ",100.00,ร้อยละ,สำนักงานสถิติแห่งชาติ
2566,"ไตรมาส 3",ภาคตะวันออกเฉียงเหนือ,นอกเขตเทศบาล,"อุดมศึกษา สายวิชาการ",82.45,ร้อยละ,สำนักงานสถิติแห่งชาติ
2566,"ไตรมาส 3",ภาคตะวันออกเฉียงเหนือ,นอกเขตเทศบาล,"อุดมศึกษา สายวิชาชีพ",83.09,ร้อยละ,สำนักงานสถิติแห่งชาติ
2566,"ไตรมาส 3",ภาคตะวันออกเฉียงเหนือ,นอกเขตเทศบาล,"อุดมศึกษา สายวิชาการศึกษา",74.54,ร้อยละ,สำนักงานสถิติแห่งชาติ
2566,"ไตรมาส 3",ภาคตะวันออกเฉียงเหนือ,นอกเขตเทศบาล,การศึกษาอื่นๆ,.00,ร้อยละ,สำนักงานสถิติแห่งชาติ
2566,"ไตรมาส 3",ภาคตะวันออกเฉียงเหนือ,นอกเขตเทศบาล,ไม่ทราบ,.00,ร้อยละ,สำนักงานสถิติแห่งชาติ
2566,"ไตรมาส 3",ภาคใต้,รวม,รวม,67.86,ร้อยละ,สำนักงานสถิติแห่งชาติ
2566,"ไตรมาส 3",ภาคใต้,รวม,ไม่มีการศึกษา,41.49,ร้อยละ,สำนักงานสถิติแห่งชาติ
2566,"ไตรมาส 3",ภาคใต้,รวม,ต่ำกว่าประถมศึกษา,48.94,ร้อยละ,สำนักงานสถิติแห่งชาติ
2566,"ไตรมาส 3",ภาคใต้,รวม,ประถมศึกษา,74.06,ร้อยละ,สำนักงานสถิติแห่งชาติ
2566,"ไตรมาส 3",ภาคใต้,รวม,มัธยมศึกษาตอนต้น,61.68,ร้อยละ,สำนักงานสถิติแห่งชาติ
2566,"ไตรมาส 3",ภาคใต้,รวม,"มัธยมศึกษาตอนปลาย สายสามัญ",72.02,ร้อยละ,สำนักงานสถิติแห่งชาติ
2566,"ไตรมาส 3",ภาคใต้,รวม,"มัธยมศึกษาตอนปลาย สายอาชีวศึกษา",74.74,ร้อยละ,สำนักงานสถิติแห่งชาติ
2566,"ไตรมาส 3",ภาคใต้,รวม,"มัธยมศึกษาตอนปลาย สายวิชาการ",.00,ร้อยละ,สำนักงานสถิติแห่งชาติ
2566,"ไตรมาส 3",ภาคใต้,รวม,"อุดมศึกษา สายวิชาการ",83.51,ร้อยละ,สำนักงานสถิติแห่งชาติ
2566,"ไตรมาส 3",ภาคใต้,รวม,"อุดมศึกษา สายวิชาชีพ",83.73,ร้อยละ,สำนักงานสถิติแห่งชาติ
2566,"ไตรมาส 3",ภาคใต้,รวม,"อุดมศึกษา สายวิชาการศึกษา",66.33,ร้อยละ,สำนักงานสถิติแห่งชาติ
2566,"ไตรมาส 3",ภาคใต้,รวม,การศึกษาอื่นๆ,48.80,ร้อยละ,สำนักงานสถิติแห่งชาติ
2566,"ไตรมาส 3",ภาคใต้,รวม,ไม่ทราบ,86.47,ร้อยละ,สำนักงานสถิติแห่งชาติ
2566,"ไตรมาส 3",ภาคใต้,ในเขตเทศบาล,รวม,66.88,ร้อยละ,สำนักงานสถิติแห่งชาติ
2566,"ไตรมาส 3",ภาคใต้,ในเขตเทศบาล,ไม่มีการศึกษา,50.98,ร้อยละ,สำนักงานสถิติแห่งชาติ
2566,"ไตรมาส 3",ภาคใต้,ในเขตเทศบาล,ต่ำกว่าประถมศึกษา,46.39,ร้อยละ,สำนักงานสถิติแห่งชาติ
2566,"ไตรมาส 3",ภาคใต้,ในเขตเทศบาล,ประถมศึกษา,73.23,ร้อยละ,สำนักงานสถิติแห่งชาติ
2566,"ไตรมาส 3",ภาคใต้,ในเขตเทศบาล,มัธยมศึกษาตอนต้น,61.38,ร้อยละ,สำนักงานสถิติแห่งชาติ
2566,"ไตรมาส 3",ภาคใต้,ในเขตเทศบาล,"มัธยมศึกษาตอนปลาย สายสามัญ",64.23,ร้อยละ,สำนักงานสถิติแห่งชาติ
2566,"ไตรมาส 3",ภาคใต้,ในเขตเทศบาล,"มัธยมศึกษาตอนปลาย สายอาชีวศึกษา",71.02,ร้อยละ,สำนักงานสถิติแห่งชาติ
2566,"ไตรมาส 3",ภาคใต้,ในเขตเทศบาล,"มัธยมศึกษาตอนปลาย สายวิชาการ",.00,ร้อยละ,สำนักงานสถิติแห่งชาติ
2566,"ไตรมาส 3",ภาคใต้,ในเขตเทศบาล,"อุดมศึกษา สายวิชาการ",82.19,ร้อยละ,สำนักงานสถิติแห่งชาติ
2566,"ไตรมาส 3",ภาคใต้,ในเขตเทศบาล,"อุดมศึกษา สายวิชาชีพ",81.91,ร้อยละ,สำนักงานสถิติแห่งชาติ
2566,"ไตรมาส 3",ภาคใต้,ในเขตเทศบาล,"อุดมศึกษา สายวิชาการศึกษา",58.88,ร้อยละ,สำนักงานสถิติแห่งชาติ
2566,"ไตรมาส 3",ภาคใต้,ในเขตเทศบาล,การศึกษาอื่นๆ,60.26,ร้อยละ,สำนักงานสถิติแห่งชาติ
2566,"ไตรมาส 3",ภาคใต้,ในเขตเทศบาล,ไม่ทราบ,75.44,ร้อยละ,สำนักงานสถิติแห่งชาติ
2566,"ไตรมาส 3",ภาคใต้,นอกเขตเทศบาล,รวม,68.37,ร้อยละ,สำนักงานสถิติแห่งชาติ
2566,"ไตรมาส 3",ภาคใต้,นอกเขตเทศบาล,ไม่มีการศึกษา,37.89,ร้อยละ,สำนักงานสถิติแห่งชาติ
2566,"ไตรมาส 3",ภาคใต้,นอกเขตเทศบาล,ต่ำกว่าประถมศึกษา,49.99,ร้อยละ,สำนักงานสถิติแห่งชาติ
2566,"ไตรมาส 3",ภาคใต้,นอกเขตเทศบาล,ประถมศึกษา,74.37,ร้อยละ,สำนักงานสถิติแห่งชาติ
2566,"ไตรมาส 3",ภาคใต้,นอกเขตเทศบาล,มัธยมศึกษาตอนต้น,61.82,ร้อยละ,สำนักงานสถิติแห่งชาติ
2566,"ไตรมาส 3",ภาคใต้,นอกเขตเทศบาล,"มัธยมศึกษาตอนปลาย สายสามัญ",76.45,ร้อยละ,สำนักงานสถิติแห่งชาติ
2566,"ไตรมาส 3",ภาคใต้,นอกเขตเทศบาล,"มัธยมศึกษาตอนปลาย สายอาชีวศึกษา",77.64,ร้อยละ,สำนักงานสถิติแห่งชาติ
2566,"ไตรมาส 3",ภาคใต้,นอกเขตเทศบาล,"มัธยมศึกษาตอนปลาย สายวิชาการ",.00,ร้อยละ,สำนักงานสถิติแห่งชาติ
2566,"ไตรมาส 3",ภาคใต้,นอกเขตเทศบาล,"อุดมศึกษา สายวิชาการ",84.67,ร้อยละ,สำนักงานสถิติแห่งชาติ
2566,"ไตรมาส 3",ภาคใต้,นอกเขตเทศบาล,"อุดมศึกษา สายวิชาชีพ",85.03,ร้อยละ,สำนักงานสถิติแห่งชาติ
2566,"ไตรมาส 3",ภาคใต้,นอกเขตเทศบาล,"อุดมศึกษา สายวิชาการศึกษา",72.08,ร้อยละ,สำนักงานสถิติแห่งชาติ
2566,"ไตรมาส 3",ภาคใต้,นอกเขตเทศบาล,การศึกษาอื่นๆ,46.94,ร้อยละ,สำนักงานสถิติแห่งชาติ
2566,"ไตรมาส 3",ภาคใต้,นอกเขตเทศบาล,ไม่ทราบ,94.07,ร้อยละ,สำนักงานสถิติแห่งชาติ
2566,"ไตรมาส 4",ทั่วประเทศ,รวม,รวม,68.19,ร้อยละ,สำนักงานสถิติแห่งชาติ
2566,"ไตรมาส 4",ทั่วประเทศ,รวม,ไม่มีการศึกษา,50.21,ร้อยละ,สำนักงานสถิติแห่งชาติ
2566,"ไตรมาส 4",ทั่วประเทศ,รวม,ต่ำกว่าประถมศึกษา,47.10,ร้อยละ,สำนักงานสถิติแห่งชาติ
2566,"ไตรมาส 4",ทั่วประเทศ,รวม,ประถมศึกษา,75.71,ร้อยละ,สำนักงานสถิติแห่งชาติ
2566,"ไตรมาส 4",ทั่วประเทศ,รวม,มัธยมศึกษาตอนต้น,64.59,ร้อยละ,สำนักงานสถิติแห่งชาติ
2566,"ไตรมาส 4",ทั่วประเทศ,รวม,"มัธยมศึกษาตอนปลาย สายสามัญ",72.02,ร้อยละ,สำนักงานสถิติแห่งชาติ
2566,"ไตรมาส 4",ทั่วประเทศ,รวม,"มัธยมศึกษาตอนปลาย สายอาชีวศึกษา",73.62,ร้อยละ,สำนักงานสถิติแห่งชาติ
2566,"ไตรมาส 4",ทั่วประเทศ,รวม,"มัธยมศึกษาตอนปลาย สายวิชาการ",90.66,ร้อยละ,สำนักงานสถิติแห่งชาติ
2566,"ไตรมาส 4",ทั่วประเทศ,รวม,"อุดมศึกษา สายวิชาการ",81.77,ร้อยละ,สำนักงานสถิติแห่งชาติ
2566,"ไตรมาส 4",ทั่วประเทศ,รวม,"อุดมศึกษา สายวิชาชีพ",84.09,ร้อยละ,สำนักงานสถิติแห่งชาติ
2566,"ไตรมาส 4",ทั่วประเทศ,รวม,"อุดมศึกษา สายวิชาการศึกษา",66.58,ร้อยละ,สำนักงานสถิติแห่งชาติ
2566,"ไตรมาส 4",ทั่วประเทศ,รวม,การศึกษาอื่นๆ,94.19,ร้อยละ,สำนักงานสถิติแห่งชาติ
2566,"ไตรมาส 4",ทั่วประเทศ,รวม,ไม่ทราบ,82.42,ร้อยละ,สำนักงานสถิติแห่งชาติ
2566,"ไตรมาส 4",ทั่วประเทศ,ในเขตเทศบาล,รวม,68.57,ร้อยละ,สำนักงานสถิติแห่งชาติ
2566,"ไตรมาส 4",ทั่วประเทศ,ในเขตเทศบาล,ไม่มีการศึกษา,53.98,ร้อยละ,สำนักงานสถิติแห่งชาติ
2566,"ไตรมาส 4",ทั่วประเทศ,ในเขตเทศบาล,ต่ำกว่าประถมศึกษา,43.74,ร้อยละ,สำนักงานสถิติแห่งชาติ
2566,"ไตรมาส 4",ทั่วประเทศ,ในเขตเทศบาล,ประถมศึกษา,73.75,ร้อยละ,สำนักงานสถิติแห่งชาติ
2566,"ไตรมาส 4",ทั่วประเทศ,ในเขตเทศบาล,มัธยมศึกษาตอนต้น,65.77,ร้อยละ,สำนักงานสถิติแห่งชาติ
2566,"ไตรมาส 4",ทั่วประเทศ,ในเขตเทศบาล,"มัธยมศึกษาตอนปลาย สายสามัญ",67.48,ร้อยละ,สำนักงานสถิติแห่งชาติ
2566,"ไตรมาส 4",ทั่วประเทศ,ในเขตเทศบาล,"มัธยมศึกษาตอนปลาย สายอาชีวศึกษา",72.84,ร้อยละ,สำนักงานสถิติแห่งชาติ
2566,"ไตรมาส 4",ทั่วประเทศ,ในเขตเทศบาล,"มัธยมศึกษาตอนปลาย สายวิชาการ",91.28,ร้อยละ,สำนักงานสถิติแห่งชาติ
2566,"ไตรมาส 4",ทั่วประเทศ,ในเขตเทศบาล,"อุดมศึกษา สายวิชาการ",81.19,ร้อยละ,สำนักงานสถิติแห่งชาติ
2566,"ไตรมาส 4",ทั่วประเทศ,ในเขตเทศบาล,"อุดมศึกษา สายวิชาชีพ",83.90,ร้อยละ,สำนักงานสถิติแห่งชาติ
2566,"ไตรมาส 4",ทั่วประเทศ,ในเขตเทศบาล,"อุดมศึกษา สายวิชาการศึกษา",60.37,ร้อยละ,สำนักงานสถิติแห่งชาติ
2566,"ไตรมาส 4",ทั่วประเทศ,ในเขตเทศบาล,การศึกษาอื่นๆ,94.40,ร้อยละ,สำนักงานสถิติแห่งชาติ
2566,"ไตรมาส 4",ทั่วประเทศ,ในเขตเทศบาล,ไม่ทราบ,79.48,ร้อยละ,สำนักงานสถิติแห่งชาติ
2566,"ไตรมาส 4",ทั่วประเทศ,นอกเขตเทศบาล,รวม,67.86,ร้อยละ,สำนักงานสถิติแห่งชาติ
2566,"ไตรมาส 4",ทั่วประเทศ,นอกเขตเทศบาล,ไม่มีการศึกษา,48.13,ร้อยละ,สำนักงานสถิติแห่งชาติ
2566,"ไตรมาส 4",ทั่วประเทศ,นอกเขตเทศบาล,ต่ำกว่าประถมศึกษา,48.87,ร้อยละ,สำนักงานสถิติแห่งชาติ
2566,"ไตรมาส 4",ทั่วประเทศ,นอกเขตเทศบาล,ประถมศึกษา,76.93,ร้อยละ,สำนักงานสถิติแห่งชาติ
2566,"ไตรมาส 4",ทั่วประเทศ,นอกเขตเทศบาล,มัธยมศึกษาตอนต้น,63.65,ร้อยละ,สำนักงานสถิติแห่งชาติ
2566,"ไตรมาส 4",ทั่วประเทศ,นอกเขตเทศบาล,"มัธยมศึกษาตอนปลาย สายสามัญ",76.48,ร้อยละ,สำนักงานสถิติแห่งชาติ
2566,"ไตรมาส 4",ทั่วประเทศ,นอกเขตเทศบาล,"มัธยมศึกษาตอนปลาย สายอาชีวศึกษา",74.59,ร้อยละ,สำนักงานสถิติแห่งชาติ
2566,"ไตรมาส 4",ทั่วประเทศ,นอกเขตเทศบาล,"มัธยมศึกษาตอนปลาย สายวิชาการ",87.74,ร้อยละ,สำนักงานสถิติแห่งชาติ
2566,"ไตรมาส 4",ทั่วประเทศ,นอกเขตเทศบาล,"อุดมศึกษา สายวิชาการ",82.89,ร้อยละ,สำนักงานสถิติแห่งชาติ
2566,"ไตรมาส 4",ทั่วประเทศ,นอกเขตเทศบาล,"อุดมศึกษา สายวิชาชีพ",84.32,ร้อยละ,สำนักงานสถิติแห่งชาติ
2566,"ไตรมาส 4",ทั่วประเทศ,นอกเขตเทศบาล,"อุดมศึกษา สายวิชาการศึกษา",73.35,ร้อยละ,สำนักงานสถิติแห่งชาติ
2566,"ไตรมาส 4",ทั่วประเทศ,นอกเขตเทศบาล,การศึกษาอื่นๆ,93.90,ร้อยละ,สำนักงานสถิติแห่งชาติ
2566,"ไตรมาส 4",ทั่วประเทศ,นอกเขตเทศบาล,ไม่ทราบ,91.45,ร้อยละ,สำนักงานสถิติแห่งชาติ
2566,"ไตรมาส 4",กรุงเทพมหานคร,ในเขตเทศบาล,รวม,72.59,ร้อยละ,สำนักงานสถิติแห่งชาติ
2566,"ไตรมาส 4",กรุงเทพมหานคร,ในเขตเทศบาล,ไม่มีการศึกษา,56.06,ร้อยละ,สำนักงานสถิติแห่งชาติ
2566,"ไตรมาส 4",กรุงเทพมหานคร,ในเขตเทศบาล,ต่ำกว่าประถมศึกษา,45.26,ร้อยละ,สำนักงานสถิติแห่งชาติ
2566,"ไตรมาส 4",กรุงเทพมหานคร,ในเขตเทศบาล,ประถมศึกษา,78.34,ร้อยละ,สำนักงานสถิติแห่งชาติ
2566,"ไตรมาส 4",กรุงเทพมหานคร,ในเขตเทศบาล,มัธยมศึกษาตอนต้น,72.08,ร้อยละ,สำนักงานสถิติแห่งชาติ
2566,"ไตรมาส 4",กรุงเทพมหานคร,ในเขตเทศบาล,"มัธยมศึกษาตอนปลาย สายสามัญ",65.67,ร้อยละ,สำนักงานสถิติแห่งชาติ
2566,"ไตรมาส 4",กรุงเทพมหานคร,ในเขตเทศบาล,"มัธยมศึกษาตอนปลาย สายอาชีวศึกษา",75.07,ร้อยละ,สำนักงานสถิติแห่งชาติ
2566,"ไตรมาส 4",กรุงเทพมหานคร,ในเขตเทศบาล,"มัธยมศึกษาตอนปลาย สายวิชาการ",100.00,ร้อยละ,สำนักงานสถิติแห่งชาติ
2566,"ไตรมาส 4",กรุงเทพมหานคร,ในเขตเทศบาล,"อุดมศึกษา สายวิชาการ",80.77,ร้อยละ,สำนักงานสถิติแห่งชาติ
2566,"ไตรมาส 4",กรุงเทพมหานคร,ในเขตเทศบาล,"อุดมศึกษา สายวิชาชีพ",78.43,ร้อยละ,สำนักงานสถิติแห่งชาติ
2566,"ไตรมาส 4",กรุงเทพมหานคร,ในเขตเทศบาล,"อุดมศึกษา สายวิชาการศึกษา",70.11,ร้อยละ,สำนักงานสถิติแห่งชาติ
2566,"ไตรมาส 4",กรุงเทพมหานคร,ในเขตเทศบาล,การศึกษาอื่นๆ,100.00,ร้อยละ,สำนักงานสถิติแห่งชาติ
2566,"ไตรมาส 4",กรุงเทพมหานคร,ในเขตเทศบาล,ไม่ทราบ,70.74,ร้อยละ,สำนักงานสถิติแห่งชาติ
2566,"ไตรมาส 4",ภาคกลาง,รวม,รวม,70.72,ร้อยละ,สำนักงานสถิติแห่งชาติ
2566,"ไตรมาส 4",ภาคกลาง,รวม,ไม่มีการศึกษา,60.10,ร้อยละ,สำนักงานสถิติแห่งชาติ
2566,"ไตรมาส 4",ภาคกลาง,รวม,ต่ำกว่าประถมศึกษา,44.53,ร้อยละ,สำนักงานสถิติแห่งชาติ
2566,"ไตรมาส 4",ภาคกลาง,รวม,ประถมศึกษา,73.99,ร้อยละ,สำนักงานสถิติแห่งชาติ
2566,"ไตรมาส 4",ภาคกลาง,รวม,มัธยมศึกษาตอนต้น,68.61,ร้อยละ,สำนักงานสถิติแห่งชาติ
2566,"ไตรมาส 4",ภาคกลาง,รวม,"มัธยมศึกษาตอนปลาย สายสามัญ",73.65,ร้อยละ,สำนักงานสถิติแห่งชาติ
2566,"ไตรมาส 4",ภาคกลาง,รวม,"มัธยมศึกษาตอนปลาย สายอาชีวศึกษา",77.39,ร้อยละ,สำนักงานสถิติแห่งชาติ
2566,"ไตรมาส 4",ภาคกลาง,รวม,"มัธยมศึกษาตอนปลาย สายวิชาการ",100.00,ร้อยละ,สำนักงานสถิติแห่งชาติ
2566,"ไตรมาส 4",ภาคกลาง,รวม,"อุดมศึกษา สายวิชาการ",82.16,ร้อยละ,สำนักงานสถิติแห่งชาติ
2566,"ไตรมาส 4",ภาคกลาง,รวม,"อุดมศึกษา สายวิชาชีพ",87.00,ร้อยละ,สำนักงานสถิติแห่งชาติ
2566,"ไตรมาส 4",ภาคกลาง,รวม,"อุดมศึกษา สายวิชาการศึกษา",66.44,ร้อยละ,สำนักงานสถิติแห่งชาติ
2566,"ไตรมาส 4",ภาคกลาง,รวม,การศึกษาอื่นๆ,95.89,ร้อยละ,สำนักงานสถิติแห่งชาติ
2566,"ไตรมาส 4",ภาคกลาง,รวม,ไม่ทราบ,88.65,ร้อยละ,สำนักงานสถิติแห่งชาติ
2566,"ไตรมาส 4",ภาคกลาง,ในเขตเทศบาล,รวม,70.83,ร้อยละ,สำนักงานสถิติแห่งชาติ
2566,"ไตรมาส 4",ภาคกลาง,ในเขตเทศบาล,ไม่มีการศึกษา,64.33,ร้อยละ,สำนักงานสถิติแห่งชาติ
2566,"ไตรมาส 4",ภาคกลาง,ในเขตเทศบาล,ต่ำกว่าประถมศึกษา,41.83,ร้อยละ,สำนักงานสถิติแห่งชาติ
2566,"ไตรมาส 4",ภาคกลาง,ในเขตเทศบาล,ประถมศึกษา,72.20,ร้อยละ,สำนักงานสถิติแห่งชาติ
2566,"ไตรมาส 4",ภาคกลาง,ในเขตเทศบาล,มัธยมศึกษาตอนต้น,69.28,ร้อยละ,สำนักงานสถิติแห่งชาติ
2566,"ไตรมาส 4",ภาคกลาง,ในเขตเทศบาล,"มัธยมศึกษาตอนปลาย สายสามัญ",72.41,ร้อยละ,สำนักงานสถิติแห่งชาติ
2566,"ไตรมาส 4",ภาคกลาง,ในเขตเทศบาล,"มัธยมศึกษาตอนปลาย สายอาชีวศึกษา",75.87,ร้อยละ,สำนักงานสถิติแห่งชาติ
2566,"ไตรมาส 4",ภาคกลาง,ในเขตเทศบาล,"มัธยมศึกษาตอนปลาย สายวิชาการ",100.00,ร้อยละ,สำนักงานสถิติแห่งชาติ
2566,"ไตรมาส 4",ภาคกลาง,ในเขตเทศบาล,"อุดมศึกษา สายวิชาการ",80.36,ร้อยละ,สำนักงานสถิติแห่งชาติ
2566,"ไตรมาส 4",ภาคกลาง,ในเขตเทศบาล,"อุดมศึกษา สายวิชาชีพ",87.31,ร้อยละ,สำนักงานสถิติแห่งชาติ
2566,"ไตรมาส 4",ภาคกลาง,ในเขตเทศบาล,"อุดมศึกษา สายวิชาการศึกษา",59.88,ร้อยละ,สำนักงานสถิติแห่งชาติ
2566,"ไตรมาส 4",ภาคกลาง,ในเขตเทศบาล,การศึกษาอื่นๆ,94.70,ร้อยละ,สำนักงานสถิติแห่งชาติ
2566,"ไตรมาส 4",ภาคกลาง,ในเขตเทศบาล,ไม่ทราบ,86.56,ร้อยละ,สำนักงานสถิติแห่งชาติ
2566,"ไตรมาส 4",ภาคกลาง,นอกเขตเทศบาล,รวม,70.62,ร้อยละ,สำนักงานสถิติแห่งชาติ
2566,"ไตรมาส 4",ภาคกลาง,นอกเขตเทศบาล,ไม่มีการศึกษา,56.16,ร้อยละ,สำนักงานสถิติแห่งชาติ
2566,"ไตรมาส 4",ภาคกลาง,นอกเขตเทศบาล,ต่ำกว่าประถมศึกษา,46.21,ร้อยละ,สำนักงานสถิติแห่งชาติ
2566,"ไตรมาส 4",ภาคกลาง,นอกเขตเทศบาล,ประถมศึกษา,75.23,ร้อยละ,สำนักงานสถิติแห่งชาติ
2566,"ไตรมาส 4",ภาคกลาง,นอกเขตเทศบาล,มัธยมศึกษาตอนต้น,68.05,ร้อยละ,สำนักงานสถิติแห่งชาติ
2566,"ไตรมาส 4",ภาคกลาง,นอกเขตเทศบาล,"มัธยมศึกษาตอนปลาย สายสามัญ",74.93,ร้อยละ,สำนักงานสถิติแห่งชาติ
2566,"ไตรมาส 4",ภาคกลาง,นอกเขตเทศบาล,"มัธยมศึกษาตอนปลาย สายอาชีวศึกษา",78.85,ร้อยละ,สำนักงานสถิติแห่งชาติ
2566,"ไตรมาส 4",ภาคกลาง,นอกเขตเทศบาล,"มัธยมศึกษาตอนปลาย สายวิชาการ",.00,ร้อยละ,สำนักงานสถิติแห่งชาติ
2566,"ไตรมาส 4",ภาคกลาง,นอกเขตเทศบาล,"อุดมศึกษา สายวิชาการ",84.43,ร้อยละ,สำนักงานสถิติแห่งชาติ
2566,"ไตรมาส 4",ภาคกลาง,นอกเขตเทศบาล,"อุดมศึกษา สายวิชาชีพ",86.68,ร้อยละ,สำนักงานสถิติแห่งชาติ
2566,"ไตรมาส 4",ภาคกลาง,นอกเขตเทศบาล,"อุดมศึกษา สายวิชาการศึกษา",72.89,ร้อยละ,สำนักงานสถิติแห่งชาติ
2566,"ไตรมาส 4",ภาคกลาง,นอกเขตเทศบาล,การศึกษาอื่นๆ,97.66,ร้อยละ,สำนักงานสถิติแห่งชาติ
2566,"ไตรมาส 4",ภาคกลาง,นอกเขตเทศบาล,ไม่ทราบ,93.25,ร้อยละ,สำนักงานสถิติแห่งชาติ
2566,"ไตรมาส 4",ภาคเหนือ,รวม,รวม,65.37,ร้อยละ,สำนักงานสถิติแห่งชาติ
2566,"ไตรมาส 4",ภาคเหนือ,รวม,ไม่มีการศึกษา,52.21,ร้อยละ,สำนักงานสถิติแห่งชาติ
2566,"ไตรมาส 4",ภาคเหนือ,รวม,ต่ำกว่าประถมศึกษา,51.58,ร้อยละ,สำนักงานสถิติแห่งชาติ
2566,"ไตรมาส 4",ภาคเหนือ,รวม,ประถมศึกษา,75.86,ร้อยละ,สำนักงานสถิติแห่งชาติ
2566,"ไตรมาส 4",ภาคเหนือ,รวม,มัธยมศึกษาตอนต้น,61.26,ร้อยละ,สำนักงานสถิติแห่งชาติ
2566,"ไตรมาส 4",ภาคเหนือ,รวม,"มัธยมศึกษาตอนปลาย สายสามัญ",71.23,ร้อยละ,สำนักงานสถิติแห่งชาติ
2566,"ไตรมาส 4",ภาคเหนือ,รวม,"มัธยมศึกษาตอนปลาย สายอาชีวศึกษา",68.04,ร้อยละ,สำนักงานสถิติแห่งชาติ
2566,"ไตรมาส 4",ภาคเหนือ,รวม,"มัธยมศึกษาตอนปลาย สายวิชาการ",17.28,ร้อยละ,สำนักงานสถิติแห่งชาติ
2566,"ไตรมาส 4",ภาคเหนือ,รวม,"อุดมศึกษา สายวิชาการ",81.07,ร้อยละ,สำนักงานสถิติแห่งชาติ
2566,"ไตรมาส 4",ภาคเหนือ,รวม,"อุดมศึกษา สายวิชาชีพ",84.73,ร้อยละ,สำนักงานสถิติแห่งชาติ
2566,"ไตรมาส 4",ภาคเหนือ,รวม,"อุดมศึกษา สายวิชาการศึกษา",67.86,ร้อยละ,สำนักงานสถิติแห่งชาติ
2566,"ไตรมาส 4",ภาคเหนือ,รวม,การศึกษาอื่นๆ,100.00,ร้อยละ,สำนักงานสถิติแห่งชาติ
2566,"ไตรมาส 4",ภาคเหนือ,รวม,ไม่ทราบ,55.16,ร้อยละ,สำนักงานสถิติแห่งชาติ
2566,"ไตรมาส 4",ภาคเหนือ,ในเขตเทศบาล,รวม,62.61,ร้อยละ,สำนักงานสถิติแห่งชาติ
2566,"ไตรมาส 4",ภาคเหนือ,ในเขตเทศบาล,ไม่มีการศึกษา,48.53,ร้อยละ,สำนักงานสถิติแห่งชาติ
2566,"ไตรมาส 4",ภาคเหนือ,ในเขตเทศบาล,ต่ำกว่าประถมศึกษา,46.66,ร้อยละ,สำนักงานสถิติแห่งชาติ
2566,"ไตรมาส 4",ภาคเหนือ,ในเขตเทศบาล,ประถมศึกษา,68.91,ร้อยละ,สำนักงานสถิติแห่งชาติ
2566,"ไตรมาส 4",ภาคเหนือ,ในเขตเทศบาล,มัธยมศึกษาตอนต้น,55.97,ร้อยละ,สำนักงานสถิติแห่งชาติ
2566,"ไตรมาส 4",ภาคเหนือ,ในเขตเทศบาล,"มัธยมศึกษาตอนปลาย สายสามัญ",64.11,ร้อยละ,สำนักงานสถิติแห่งชาติ
2566,"ไตรมาส 4",ภาคเหนือ,ในเขตเทศบาล,"มัธยมศึกษาตอนปลาย สายอาชีวศึกษา",66.31,ร้อยละ,สำนักงานสถิติแห่งชาติ
2566,"ไตรมาส 4",ภาคเหนือ,ในเขตเทศบาล,"มัธยมศึกษาตอนปลาย สายวิชาการ",19.53,ร้อยละ,สำนักงานสถิติแห่งชาติ
2566,"ไตรมาส 4",ภาคเหนือ,ในเขตเทศบาล,"อุดมศึกษา สายวิชาการ",80.15,ร้อยละ,สำนักงานสถิติแห่งชาติ
2566,"ไตรมาส 4",ภาคเหนือ,ในเขตเทศบาล,"อุดมศึกษา สายวิชาชีพ",84.08,ร้อยละ,สำนักงานสถิติแห่งชาติ
2566,"ไตรมาส 4",ภาคเหนือ,ในเขตเทศบาล,"อุดมศึกษา สายวิชาการศึกษา",59.91,ร้อยละ,สำนักงานสถิติแห่งชาติ
2566,"ไตรมาส 4",ภาคเหนือ,ในเขตเทศบาล,การศึกษาอื่นๆ,100.00,ร้อยละ,สำนักงานสถิติแห่งชาติ
2566,"ไตรมาส 4",ภาคเหนือ,ในเขตเทศบาล,ไม่ทราบ,57.55,ร้อยละ,สำนักงานสถิติแห่งชาติ
2566,"ไตรมาส 4",ภาคเหนือ,นอกเขตเทศบาล,รวม,66.84,ร้อยละ,สำนักงานสถิติแห่งชาติ
2566,"ไตรมาส 4",ภาคเหนือ,นอกเขตเทศบาล,ไม่มีการศึกษา,53.21,ร้อยละ,สำนักงานสถิติแห่งชาติ
2566,"ไตรมาส 4",ภาคเหนือ,นอกเขตเทศบาล,ต่ำกว่าประถมศึกษา,53.73,ร้อยละ,สำนักงานสถิติแห่งชาติ
2566,"ไตรมาส 4",ภาคเหนือ,นอกเขตเทศบาล,ประถมศึกษา,78.79,ร้อยละ,สำนักงานสถิติแห่งชาติ
2566,"ไตรมาส 4",ภาคเหนือ,นอกเขตเทศบาล,มัธยมศึกษาตอนต้น,63.79,ร้อยละ,สำนักงานสถิติแห่งชาติ
2566,"ไตรมาส 4",ภาคเหนือ,นอกเขตเทศบาล,"มัธยมศึกษาตอนปลาย สายสามัญ",75.62,ร้อยละ,สำนักงานสถิติแห่งชาติ
2566,"ไตรมาส 4",ภาคเหนือ,นอกเขตเทศบาล,"มัธยมศึกษาตอนปลาย สายอาชีวศึกษา",69.24,ร้อยละ,สำนักงานสถิติแห่งชาติ
2566,"ไตรมาส 4",ภาคเหนือ,นอกเขตเทศบาล,"มัธยมศึกษาตอนปลาย สายวิชาการ",.00,ร้อยละ,สำนักงานสถิติแห่งชาติ
2566,"ไตรมาส 4",ภาคเหนือ,นอกเขตเทศบาล,"อุดมศึกษา สายวิชาการ",82.15,ร้อยละ,สำนักงานสถิติแห่งชาติ
2566,"ไตรมาส 4",ภาคเหนือ,นอกเขตเทศบาล,"อุดมศึกษา สายวิชาชีพ",85.25,ร้อยละ,สำนักงานสถิติแห่งชาติ
2566,"ไตรมาส 4",ภาคเหนือ,นอกเขตเทศบาล,"อุดมศึกษา สายวิชาการศึกษา",75.60,ร้อยละ,สำนักงานสถิติแห่งชาติ
2566,"ไตรมาส 4",ภาคเหนือ,นอกเขตเทศบาล,การศึกษาอื่นๆ,.00,ร้อยละ,สำนักงานสถิติแห่งชาติ
2566,"ไตรมาส 4",ภาคเหนือ,นอกเขตเทศบาล,ไม่ทราบ,22.85,ร้อยละ,สำนักงานสถิติแห่งชาติ
2566,"ไตรมาส 4",ภาคตะวันออกเฉียงเหนือ,รวม,รวม,64.39,ร้อยละ,สำนักงานสถิติแห่งชาติ
2566,"ไตรมาส 4",ภาคตะวันออกเฉียงเหนือ,รวม,ไม่มีการศึกษา,26.95,ร้อยละ,สำนักงานสถิติแห่งชาติ
2566,"ไตรมาส 4",ภาคตะวันออกเฉียงเหนือ,รวม,ต่ำกว่าประถมศึกษา,46.10,ร้อยละ,สำนักงานสถิติแห่งชาติ
2566,"ไตรมาส 4",ภาคตะวันออกเฉียงเหนือ,รวม,ประถมศึกษา,76.71,ร้อยละ,สำนักงานสถิติแห่งชาติ
2566,"ไตรมาส 4",ภาคตะวันออกเฉียงเหนือ,รวม,มัธยมศึกษาตอนต้น,58.77,ร้อยละ,สำนักงานสถิติแห่งชาติ
2566,"ไตรมาส 4",ภาคตะวันออกเฉียงเหนือ,รวม,"มัธยมศึกษาตอนปลาย สายสามัญ",73.16,ร้อยละ,สำนักงานสถิติแห่งชาติ
2566,"ไตรมาส 4",ภาคตะวันออกเฉียงเหนือ,รวม,"มัธยมศึกษาตอนปลาย สายอาชีวศึกษา",66.03,ร้อยละ,สำนักงานสถิติแห่งชาติ
2566,"ไตรมาส 4",ภาคตะวันออกเฉียงเหนือ,รวม,"มัธยมศึกษาตอนปลาย สายวิชาการ",84.03,ร้อยละ,สำนักงานสถิติแห่งชาติ
2566,"ไตรมาส 4",ภาคตะวันออกเฉียงเหนือ,รวม,"อุดมศึกษา สายวิชาการ",82.51,ร้อยละ,สำนักงานสถิติแห่งชาติ
2566,"ไตรมาส 4",ภาคตะวันออกเฉียงเหนือ,รวม,"อุดมศึกษา สายวิชาชีพ",82.61,ร้อยละ,สำนักงานสถิติแห่งชาติ
2566,"ไตรมาส 4",ภาคตะวันออกเฉียงเหนือ,รวม,"อุดมศึกษา สายวิชาการศึกษา",66.16,ร้อยละ,สำนักงานสถิติแห่งชาติ
2566,"ไตรมาส 4",ภาคตะวันออกเฉียงเหนือ,รวม,การศึกษาอื่นๆ,100.00,ร้อยละ,สำนักงานสถิติแห่งชาติ
2566,"ไตรมาส 4",ภาคตะวันออกเฉียงเหนือ,รวม,ไม่ทราบ,16.66,ร้อยละ,สำนักงานสถิติแห่งชาติ
2566,"ไตรมาส 4",ภาคตะวันออกเฉียงเหนือ,ในเขตเทศบาล,รวม,61.90,ร้อยละ,สำนักงานสถิติแห่งชาติ
2566,"ไตรมาส 4",ภาคตะวันออกเฉียงเหนือ,ในเขตเทศบาล,ไม่มีการศึกษา,25.94,ร้อยละ,สำนักงานสถิติแห่งชาติ
2566,"ไตรมาส 4",ภาคตะวันออกเฉียงเหนือ,ในเขตเทศบาล,ต่ำกว่าประถมศึกษา,41.96,ร้อยละ,สำนักงานสถิติแห่งชาติ
2566,"ไตรมาส 4",ภาคตะวันออกเฉียงเหนือ,ในเขตเทศบาล,ประถมศึกษา,73.85,ร้อยละ,สำนักงานสถิติแห่งชาติ
2566,"ไตรมาส 4",ภาคตะวันออกเฉียงเหนือ,ในเขตเทศบาล,มัธยมศึกษาตอนต้น,55.95,ร้อยละ,สำนักงานสถิติแห่งชาติ
2566,"ไตรมาส 4",ภาคตะวันออกเฉียงเหนือ,ในเขตเทศบาล,"มัธยมศึกษาตอนปลาย สายสามัญ",63.20,ร้อยละ,สำนักงานสถิติแห่งชาติ
2566,"ไตรมาส 4",ภาคตะวันออกเฉียงเหนือ,ในเขตเทศบาล,"มัธยมศึกษาตอนปลาย สายอาชีวศึกษา",62.45,ร้อยละ,สำนักงานสถิติแห่งชาติ
2566,"ไตรมาส 4",ภาคตะวันออกเฉียงเหนือ,ในเขตเทศบาล,"มัธยมศึกษาตอนปลาย สายวิชาการ",64.15,ร้อยละ,สำนักงานสถิติแห่งชาติ
2566,"ไตรมาส 4",ภาคตะวันออกเฉียงเหนือ,ในเขตเทศบาล,"อุดมศึกษา สายวิชาการ",83.85,ร้อยละ,สำนักงานสถิติแห่งชาติ
2566,"ไตรมาส 4",ภาคตะวันออกเฉียงเหนือ,ในเขตเทศบาล,"อุดมศึกษา สายวิชาชีพ",84.16,ร้อยละ,สำนักงานสถิติแห่งชาติ
2566,"ไตรมาส 4",ภาคตะวันออกเฉียงเหนือ,ในเขตเทศบาล,"อุดมศึกษา สายวิชาการศึกษา",55.19,ร้อยละ,สำนักงานสถิติแห่งชาติ
2566,"ไตรมาส 4",ภาคตะวันออกเฉียงเหนือ,ในเขตเทศบาล,การศึกษาอื่นๆ,100.00,ร้อยละ,สำนักงานสถิติแห่งชาติ
2566,"ไตรมาส 4",ภาคตะวันออกเฉียงเหนือ,ในเขตเทศบาล,ไม่ทราบ,12.04,ร้อยละ,สำนักงานสถิติแห่งชาติ
2566,"ไตรมาส 4",ภาคตะวันออกเฉียงเหนือ,นอกเขตเทศบาล,รวม,65.44,ร้อยละ,สำนักงานสถิติแห่งชาติ
2566,"ไตรมาส 4",ภาคตะวันออกเฉียงเหนือ,นอกเขตเทศบาล,ไม่มีการศึกษา,27.26,ร้อยละ,สำนักงานสถิติแห่งชาติ
2566,"ไตรมาส 4",ภาคตะวันออกเฉียงเหนือ,นอกเขตเทศบาล,ต่ำกว่าประถมศึกษา,47.53,ร้อยละ,สำนักงานสถิติแห่งชาติ
2566,"ไตรมาส 4",ภาคตะวันออกเฉียงเหนือ,นอกเขตเทศบาล,ประถมศึกษา,77.69,ร้อยละ,สำนักงานสถิติแห่งชาติ
2566,"ไตรมาส 4",ภาคตะวันออกเฉียงเหนือ,นอกเขตเทศบาล,มัธยมศึกษาตอนต้น,59.85,ร้อยละ,สำนักงานสถิติแห่งชาติ
2566,"ไตรมาส 4",ภาคตะวันออกเฉียงเหนือ,นอกเขตเทศบาล,"มัธยมศึกษาตอนปลาย สายสามัญ",78.13,ร้อยละ,สำนักงานสถิติแห่งชาติ
2566,"ไตรมาส 4",ภาคตะวันออกเฉียงเหนือ,นอกเขตเทศบาล,"มัธยมศึกษาตอนปลาย สายอาชีวศึกษา",67.68,ร้อยละ,สำนักงานสถิติแห่งชาติ
2566,"ไตรมาส 4",ภาคตะวันออกเฉียงเหนือ,นอกเขตเทศบาล,"มัธยมศึกษาตอนปลาย สายวิชาการ",100.00,ร้อยละ,สำนักงานสถิติแห่งชาติ
2566,"ไตรมาส 4",ภาคตะวันออกเฉียงเหนือ,นอกเขตเทศบาล,"อุดมศึกษา สายวิชาการ",81.16,ร้อยละ,สำนักงานสถิติแห่งชาติ
2566,"ไตรมาส 4",ภาคตะวันออกเฉียงเหนือ,นอกเขตเทศบาล,"อุดมศึกษา สายวิชาชีพ",81.73,ร้อยละ,สำนักงานสถิติแห่งชาติ
2566,"ไตรมาส 4",ภาคตะวันออกเฉียงเหนือ,นอกเขตเทศบาล,"อุดมศึกษา สายวิชาการศึกษา",74.17,ร้อยละ,สำนักงานสถิติแห่งชาติ
2566,"ไตรมาส 4",ภาคตะวันออกเฉียงเหนือ,นอกเขตเทศบาล,การศึกษาอื่นๆ,.00,ร้อยละ,สำนักงานสถิติแห่งชาติ
2566,"ไตรมาส 4",ภาคตะวันออกเฉียงเหนือ,นอกเขตเทศบาล,ไม่ทราบ,32.07,ร้อยละ,สำนักงานสถิติแห่งชาติ
2566,"ไตรมาส 4",ภาคใต้,รวม,รวม,68.37,ร้อยละ,สำนักงานสถิติแห่งชาติ
2566,"ไตรมาส 4",ภาคใต้,รวม,ไม่มีการศึกษา,41.48,ร้อยละ,สำนักงานสถิติแห่งชาติ
2566,"ไตรมาส 4",ภาคใต้,รวม,ต่ำกว่าประถมศึกษา,48.19,ร้อยละ,สำนักงานสถิติแห่งชาติ
2566,"ไตรมาส 4",ภาคใต้,รวม,ประถมศึกษา,74.92,ร้อยละ,สำนักงานสถิติแห่งชาติ
2566,"ไตรมาส 4",ภาคใต้,รวม,มัธยมศึกษาตอนต้น,62.21,ร้อยละ,สำนักงานสถิติแห่งชาติ
2566,"ไตรมาส 4",ภาคใต้,รวม,"มัธยมศึกษาตอนปลาย สายสามัญ",73.47,ร้อยละ,สำนักงานสถิติแห่งชาติ
2566,"ไตรมาส 4",ภาคใต้,รวม,"มัธยมศึกษาตอนปลาย สายอาชีวศึกษา",72.73,ร้อยละ,สำนักงานสถิติแห่งชาติ
2566,"ไตรมาส 4",ภาคใต้,รวม,"มัธยมศึกษาตอนปลาย สายวิชาการ",70.37,ร้อยละ,สำนักงานสถิติแห่งชาติ
2566,"ไตรมาส 4",ภาคใต้,รวม,"อุดมศึกษา สายวิชาการ",82.85,ร้อยละ,สำนักงานสถิติแห่งชาติ
2566,"ไตรมาส 4",ภาคใต้,รวม,"อุดมศึกษา สายวิชาชีพ",82.31,ร้อยละ,สำนักงานสถิติแห่งชาติ
2566,"ไตรมาส 4",ภาคใต้,รวม,"อุดมศึกษา สายวิชาการศึกษา",63.87,ร้อยละ,สำนักงานสถิติแห่งชาติ
2566,"ไตรมาส 4",ภาคใต้,รวม,การศึกษาอื่นๆ,64.65,ร้อยละ,สำนักงานสถิติแห่งชาติ
2566,"ไตรมาส 4",ภาคใต้,รวม,ไม่ทราบ,83.78,ร้อยละ,สำนักงานสถิติแห่งชาติ
2566,"ไตรมาส 4",ภาคใต้,ในเขตเทศบาล,รวม,67.68,ร้อยละ,สำนักงานสถิติแห่งชาติ
2566,"ไตรมาส 4",ภาคใต้,ในเขตเทศบาล,ไม่มีการศึกษา,47.96,ร้อยละ,สำนักงานสถิติแห่งชาติ
2566,"ไตรมาส 4",ภาคใต้,ในเขตเทศบาล,ต่ำกว่าประถมศึกษา,45.99,ร้อยละ,สำนักงานสถิติแห่งชาติ
2566,"ไตรมาส 4",ภาคใต้,ในเขตเทศบาล,ประถมศึกษา,71.03,ร้อยละ,สำนักงานสถิติแห่งชาติ
2566,"ไตรมาส 4",ภาคใต้,ในเขตเทศบาล,มัธยมศึกษาตอนต้น,61.78,ร้อยละ,สำนักงานสถิติแห่งชาติ
2566,"ไตรมาส 4",ภาคใต้,ในเขตเทศบาล,"มัธยมศึกษาตอนปลาย สายสามัญ",66.84,ร้อยละ,สำนักงานสถิติแห่งชาติ
2566,"ไตรมาส 4",ภาคใต้,ในเขตเทศบาล,"มัธยมศึกษาตอนปลาย สายอาชีวศึกษา",67.70,ร้อยละ,สำนักงานสถิติแห่งชาติ
2566,"ไตรมาส 4",ภาคใต้,ในเขตเทศบาล,"มัธยมศึกษาตอนปลาย สายวิชาการ",30.91,ร้อยละ,สำนักงานสถิติแห่งชาติ
2566,"ไตรมาส 4",ภาคใต้,ในเขตเทศบาล,"อุดมศึกษา สายวิชาการ",84.19,ร้อยละ,สำนักงานสถิติแห่งชาติ
2566,"ไตรมาส 4",ภาคใต้,ในเขตเทศบาล,"อุดมศึกษา สายวิชาชีพ",84.25,ร้อยละ,สำนักงานสถิติแห่งชาติ
2566,"ไตรมาส 4",ภาคใต้,ในเขตเทศบาล,"อุดมศึกษา สายวิชาการศึกษา",54.69,ร้อยละ,สำนักงานสถิติแห่งชาติ
2566,"ไตรมาส 4",ภาคใต้,ในเขตเทศบาล,การศึกษาอื่นๆ,67.82,ร้อยละ,สำนักงานสถิติแห่งชาติ
2566,"ไตรมาส 4",ภาคใต้,ในเขตเทศบาล,ไม่ทราบ,79.77,ร้อยละ,สำนักงานสถิติแห่งชาติ
2566,"ไตรมาส 4",ภาคใต้,นอกเขตเทศบาล,รวม,68.73,ร้อยละ,สำนักงานสถิติแห่งชาติ
2566,"ไตรมาส 4",ภาคใต้,นอกเขตเทศบาล,ไม่มีการศึกษา,39.26,ร้อยละ,สำนักงานสถิติแห่งชาติ
2566,"ไตรมาส 4",ภาคใต้,นอกเขตเทศบาล,ต่ำกว่าประถมศึกษา,49.09,ร้อยละ,สำนักงานสถิติแห่งชาติ
2566,"ไตรมาส 4",ภาคใต้,นอกเขตเทศบาล,ประถมศึกษา,76.33,ร้อยละ,สำนักงานสถิติแห่งชาติ
2566,"ไตรมาส 4",ภาคใต้,นอกเขตเทศบาล,มัธยมศึกษาตอนต้น,62.41,ร้อยละ,สำนักงานสถิติแห่งชาติ
2566,"ไตรมาส 4",ภาคใต้,นอกเขตเทศบาล,"มัธยมศึกษาตอนปลาย สายสามัญ",77.03,ร้อยละ,สำนักงานสถิติแห่งชาติ
2566,"ไตรมาส 4",ภาคใต้,นอกเขตเทศบาล,"มัธยมศึกษาตอนปลาย สายอาชีวศึกษา",76.75,ร้อยละ,สำนักงานสถิติแห่งชาติ
2566,"ไตรมาส 4",ภาคใต้,นอกเขตเทศบาล,"มัธยมศึกษาตอนปลาย สายวิชาการ",79.57,ร้อยละ,สำนักงานสถิติแห่งชาติ
2566,"ไตรมาส 4",ภาคใต้,นอกเขตเทศบาล,"อุดมศึกษา สายวิชาการ",81.65,ร้อยละ,สำนักงานสถิติแห่งชาติ
2566,"ไตรมาส 4",ภาคใต้,นอกเขตเทศบาล,"อุดมศึกษา สายวิชาชีพ",80.59,ร้อยละ,สำนักงานสถิติแห่งชาติ
2566,"ไตรมาส 4",ภาคใต้,นอกเขตเทศบาล,"อุดมศึกษา สายวิชาการศึกษา",70.75,ร้อยละ,สำนักงานสถิติแห่งชาติ
2566,"ไตรมาส 4",ภาคใต้,นอกเขตเทศบาล,การศึกษาอื่นๆ,64.04,ร้อยละ,สำนักงานสถิติแห่งชาติ
2566,"ไตรมาส 4",ภาคใต้,นอกเขตเทศบาล,ไม่ทราบ,89.76,ร้อยละ,สำนักงานสถิติแห่งชาติ
2567,"ไตรมาส 1",ทั่วราชอาณาจักร,"2) นอกเขตเทศบาล","10. อุดมศึกษา สายวิชาการศึกษา",69.78,ร้อยละ,สำนักงานสถิติแห่งชาติ
2567,"ไตรมาส 1",ทั่วราชอาณาจักร,"2) นอกเขตเทศบาล","11. อื่น ๆ",91.44,ร้อยละ,สำนักงานสถิติแห่งชาติ
2567,"ไตรมาส 1",ทั่วราชอาณาจักร,"2) นอกเขตเทศบาล","12. ไม่ทราบ",90.16,ร้อยละ,สำนักงานสถิติแห่งชาติ
2567,"ไตรมาส 1","1) กรุงเทพมหานคร",รวม,รวม,73.24,ร้อยละ,สำนักงานสถิติแห่งชาติ
2567,"ไตรมาส 1","1) กรุงเทพมหานคร",รวม,"01. ไม่มีการศึกษา",63.16,ร้อยละ,สำนักงานสถิติแห่งชาติ
2567,"ไตรมาส 1","1) กรุงเทพมหานคร",รวม,"02. ต่ำกว่าประถมศึกษา",47.42,ร้อยละ,สำนักงานสถิติแห่งชาติ
2567,"ไตรมาส 1","1) กรุงเทพมหานคร",รวม,"03. ประถมศึกษา",78.13,ร้อยละ,สำนักงานสถิติแห่งชาติ
2567,"ไตรมาส 1","1) กรุงเทพมหานคร",รวม,"04. มัธยมศึกษาตอนต้น",71.27,ร้อยละ,สำนักงานสถิติแห่งชาติ
2567,"ไตรมาส 1","1) กรุงเทพมหานคร",รวม,"05. มัธยมศึกษาตอนปลาย สายสามัญ",66.20,ร้อยละ,สำนักงานสถิติแห่งชาติ
2567,"ไตรมาส 1","1) กรุงเทพมหานคร",รวม,"06. มัธยมศึกษาตอนปลาย สายอาชีวศึกษา",75.59,ร้อยละ,สำนักงานสถิติแห่งชาติ
2567,"ไตรมาส 1","1) กรุงเทพมหานคร",รวม,"07. มัธยมศึกษาตอนปลาย สายวิชาการศึกษา",72.41,ร้อยละ,สำนักงานสถิติแห่งชาติ
2567,"ไตรมาส 1","1) กรุงเทพมหานคร",รวม,"08. อุดมศึกษา สายวิชาการ",81.91,ร้อยละ,สำนักงานสถิติแห่งชาติ
2567,"ไตรมาส 1","1) กรุงเทพมหานคร",รวม,"09. อุดมศึกษา สายวิชาชีพ",77.45,ร้อยละ,สำนักงานสถิติแห่งชาติ
2567,"ไตรมาส 1","1) กรุงเทพมหานคร",รวม,"10. อุดมศึกษา สายวิชาการศึกษา",72.21,ร้อยละ,สำนักงานสถิติแห่งชาติ
2567,"ไตรมาส 1","1) กรุงเทพมหานคร",รวม,"11. อื่น ๆ",100.00,ร้อยละ,สำนักงานสถิติแห่งชาติ
2567,"ไตรมาส 1","1) กรุงเทพมหานคร",รวม,"12. ไม่ทราบ",74.12,ร้อยละ,สำนักงานสถิติแห่งชาติ
2567,"ไตรมาส 1","1) กรุงเทพมหานคร","1) ในเขตเทศบาล",รวม,73.24,ร้อยละ,สำนักงานสถิติแห่งชาติ
2567,"ไตรมาส 1","1) กรุงเทพมหานคร","1) ในเขตเทศบาล","01. ไม่มีการศึกษา",63.16,ร้อยละ,สำนักงานสถิติแห่งชาติ
2567,"ไตรมาส 1","1) กรุงเทพมหานคร","1) ในเขตเทศบาล","02. ต่ำกว่าประถมศึกษา",47.42,ร้อยละ,สำนักงานสถิติแห่งชาติ
2567,"ไตรมาส 1","1) กรุงเทพมหานคร","1) ในเขตเทศบาล","03. ประถมศึกษา",78.13,ร้อยละ,สำนักงานสถิติแห่งชาติ
2567,"ไตรมาส 1","1) กรุงเทพมหานคร","1) ในเขตเทศบาล","04. มัธยมศึกษาตอนต้น",71.27,ร้อยละ,สำนักงานสถิติแห่งชาติ
2567,"ไตรมาส 1","1) กรุงเทพมหานคร","1) ในเขตเทศบาล","05. มัธยมศึกษาตอนปลาย สายสามัญ",66.20,ร้อยละ,สำนักงานสถิติแห่งชาติ
2567,"ไตรมาส 1","1) กรุงเทพมหานคร","1) ในเขตเทศบาล","06. มัธยมศึกษาตอนปลาย สายอาชีวศึกษา",75.59,ร้อยละ,สำนักงานสถิติแห่งชาติ
2567,"ไตรมาส 1","1) กรุงเทพมหานคร","1) ในเขตเทศบาล","07. มัธยมศึกษาตอนปลาย สายวิชาการศึกษา",72.41,ร้อยละ,สำนักงานสถิติแห่งชาติ
2567,"ไตรมาส 1","1) กรุงเทพมหานคร","1) ในเขตเทศบาล","08. อุดมศึกษา สายวิชาการ",81.91,ร้อยละ,สำนักงานสถิติแห่งชาติ
2567,"ไตรมาส 1","1) กรุงเทพมหานคร","1) ในเขตเทศบาล","09. อุดมศึกษา สายวิชาชีพ",77.45,ร้อยละ,สำนักงานสถิติแห่งชาติ
2567,"ไตรมาส 1","1) กรุงเทพมหานคร","1) ในเขตเทศบาล","10. อุดมศึกษา สายวิชาการศึกษา",72.21,ร้อยละ,สำนักงานสถิติแห่งชาติ
2567,"ไตรมาส 1","1) กรุงเทพมหานคร","1) ในเขตเทศบาล","11. อื่น ๆ",100.00,ร้อยละ,สำนักงานสถิติแห่งชาติ
2567,"ไตรมาส 1","1) กรุงเทพมหานคร","1) ในเขตเทศบาล","12. ไม่ทราบ",74.12,ร้อยละ,สำนักงานสถิติแห่งชาติ
2567,"ไตรมาส 1","2) ภาคกลาง",รวม,รวม,70.63,ร้อยละ,สำนักงานสถิติแห่งชาติ
2567,"ไตรมาส 1","2) ภาคกลาง",รวม,"01. ไม่มีการศึกษา",56.53,ร้อยละ,สำนักงานสถิติแห่งชาติ
2567,"ไตรมาส 1","2) ภาคกลาง",รวม,"02. ต่ำกว่าประถมศึกษา",44.03,ร้อยละ,สำนักงานสถิติแห่งชาติ
2567,"ไตรมาส 1","2) ภาคกลาง",รวม,"03. ประถมศึกษา",75.59,ร้อยละ,สำนักงานสถิติแห่งชาติ
2567,"ไตรมาส 1","2) ภาคกลาง",รวม,"04. มัธยมศึกษาตอนต้น",69.00,ร้อยละ,สำนักงานสถิติแห่งชาติ
2567,"ไตรมาส 1","2) ภาคกลาง",รวม,"05. มัธยมศึกษาตอนปลาย สายสามัญ",74.60,ร้อยละ,สำนักงานสถิติแห่งชาติ
2567,"ไตรมาส 2","3) ภาคเหนือ",รวม,"04. มัธยมศึกษาตอนต้น",59.90,ร้อยละ,สำนักงานสถิติแห่งชาติ
2567,"ไตรมาส 2","3) ภาคเหนือ",รวม,"05. มัธยมศึกษาตอนปลาย สายสามัญ",68.80,ร้อยละ,สำนักงานสถิติแห่งชาติ
2567,"ไตรมาส 2","3) ภาคเหนือ",รวม,"06. มัธยมศึกษาตอนปลาย สายอาชีวศึกษา",64.50,ร้อยละ,สำนักงานสถิติแห่งชาติ
2567,"ไตรมาส 2","3) ภาคเหนือ",รวม,"07. มัธยมศึกษาตอนปลาย สายวิชาการศึกษา",89.80,ร้อยละ,สำนักงานสถิติแห่งชาติ
2567,"ไตรมาส 2","3) ภาคเหนือ",รวม,"08. อุดมศึกษา สายวิชาการ",79.90,ร้อยละ,สำนักงานสถิติแห่งชาติ
2567,"ไตรมาส 2","3) ภาคเหนือ",รวม,"09. อุดมศึกษา สายวิชาชีพ",82.50,ร้อยละ,สำนักงานสถิติแห่งชาติ
2567,"ไตรมาส 2","3) ภาคเหนือ",รวม,"10. อุดมศึกษา สายวิชาการศึกษา",63.80,ร้อยละ,สำนักงานสถิติแห่งชาติ
2567,"ไตรมาส 2","3) ภาคเหนือ",รวม,"11. อื่น ๆ",60.00,ร้อยละ,สำนักงานสถิติแห่งชาติ
2567,"ไตรมาส 2","3) ภาคเหนือ",รวม,"12. ไม่ทราบ",84.10,ร้อยละ,สำนักงานสถิติแห่งชาติ
2567,"ไตรมาส 2","3) ภาคเหนือ","1) ในเขตเทศบาล",รวม,62.20,ร้อยละ,สำนักงานสถิติแห่งชาติ
2567,"ไตรมาส 2","3) ภาคเหนือ","1) ในเขตเทศบาล","01. ไม่มีการศึกษา",58.00,ร้อยละ,สำนักงานสถิติแห่งชาติ
2567,"ไตรมาส 2","3) ภาคเหนือ","1) ในเขตเทศบาล","02. ต่ำกว่าประถมศึกษา",44.00,ร้อยละ,สำนักงานสถิติแห่งชาติ
2567,"ไตรมาส 2","3) ภาคเหนือ","1) ในเขตเทศบาล","03. ประถมศึกษา",72.40,ร้อยละ,สำนักงานสถิติแห่งชาติ
2567,"ไตรมาส 2","3) ภาคเหนือ","1) ในเขตเทศบาล","04. มัธยมศึกษาตอนต้น",57.00,ร้อยละ,สำนักงานสถิติแห่งชาติ
2567,"ไตรมาส 2","3) ภาคเหนือ","1) ในเขตเทศบาล","05. มัธยมศึกษาตอนปลาย สายสามัญ",62.10,ร้อยละ,สำนักงานสถิติแห่งชาติ
2567,"ไตรมาส 2","3) ภาคเหนือ","1) ในเขตเทศบาล","06. มัธยมศึกษาตอนปลาย สายอาชีวศึกษา",63.20,ร้อยละ,สำนักงานสถิติแห่งชาติ
2567,"ไตรมาส 2","3) ภาคเหนือ","1) ในเขตเทศบาล","07. มัธยมศึกษาตอนปลาย สายวิชาการศึกษา",89.80,ร้อยละ,สำนักงานสถิติแห่งชาติ
2567,"ไตรมาส 2","3) ภาคเหนือ","1) ในเขตเทศบาล","08. อุดมศึกษา สายวิชาการ",78.20,ร้อยละ,สำนักงานสถิติแห่งชาติ
2567,"ไตรมาส 2","3) ภาคเหนือ","1) ในเขตเทศบาล","09. อุดมศึกษา สายวิชาชีพ",85.40,ร้อยละ,สำนักงานสถิติแห่งชาติ
2567,"ไตรมาส 2","3) ภาคเหนือ","1) ในเขตเทศบาล","10. อุดมศึกษา สายวิชาการศึกษา",58.10,ร้อยละ,สำนักงานสถิติแห่งชาติ
2567,"ไตรมาส 2","3) ภาคเหนือ","1) ในเขตเทศบาล","11. อื่น ๆ",60.00,ร้อยละ,สำนักงานสถิติแห่งชาติ
2567,"ไตรมาส 2","3) ภาคเหนือ","1) ในเขตเทศบาล","12. ไม่ทราบ",76.20,ร้อยละ,สำนักงานสถิติแห่งชาติ
2567,"ไตรมาส 2","3) ภาคเหนือ","2) นอกเขตเทศบาล",รวม,63.80,ร้อยละ,สำนักงานสถิติแห่งชาติ
2567,"ไตรมาส 2","3) ภาคเหนือ","2) นอกเขตเทศบาล","01. ไม่มีการศึกษา",49.10,ร้อยละ,สำนักงานสถิติแห่งชาติ
2567,"ไตรมาส 2","3) ภาคเหนือ","2) นอกเขตเทศบาล","02. ต่ำกว่าประถมศึกษา",48.50,ร้อยละ,สำนักงานสถิติแห่งชาติ
2567,"ไตรมาส 2","3) ภาคเหนือ","2) นอกเขตเทศบาล","03. ประถมศึกษา",77.30,ร้อยละ,สำนักงานสถิติแห่งชาติ
2567,"ไตรมาส 2","3) ภาคเหนือ","2) นอกเขตเทศบาล","04. มัธยมศึกษาตอนต้น",61.20,ร้อยละ,สำนักงานสถิติแห่งชาติ
2567,"ไตรมาส 2","3) ภาคเหนือ","2) นอกเขตเทศบาล","05. มัธยมศึกษาตอนปลาย สายสามัญ",73.10,ร้อยละ,สำนักงานสถิติแห่งชาติ
2567,"ไตรมาส 2","3) ภาคเหนือ","2) นอกเขตเทศบาล","06. มัธยมศึกษาตอนปลาย สายอาชีวศึกษา",65.60,ร้อยละ,สำนักงานสถิติแห่งชาติ
2567,"ไตรมาส 2","3) ภาคเหนือ","2) นอกเขตเทศบาล","08. อุดมศึกษา สายวิชาการ",81.70,ร้อยละ,สำนักงานสถิติแห่งชาติ
2567,"ไตรมาส 2","3) ภาคเหนือ","2) นอกเขตเทศบาล","09. อุดมศึกษา สายวิชาชีพ",80.40,ร้อยละ,สำนักงานสถิติแห่งชาติ
2567,"ไตรมาส 2","3) ภาคเหนือ","2) นอกเขตเทศบาล","10. อุดมศึกษา สายวิชาการศึกษา",69.70,ร้อยละ,สำนักงานสถิติแห่งชาติ
2567,"ไตรมาส 2","3) ภาคเหนือ","2) นอกเขตเทศบาล","12. ไม่ทราบ",87.50,ร้อยละ,สำนักงานสถิติแห่งชาติ
2567,"ไตรมาส 2","4) ภาคตะวันออกเฉียงเหนือ",รวม,รวม,60.50,ร้อยละ,สำนักงานสถิติแห่งชาติ
2567,"ไตรมาส 2","4) ภาคตะวันออกเฉียงเหนือ",รวม,"01. ไม่มีการศึกษา",22.10,ร้อยละ,สำนักงานสถิติแห่งชาติ
2567,"ไตรมาส 2","4) ภาคตะวันออกเฉียงเหนือ",รวม,"02. ต่ำกว่าประถมศึกษา",38.90,ร้อยละ,สำนักงานสถิติแห่งชาติ
2567,"ไตรมาส 2","4) ภาคตะวันออกเฉียงเหนือ",รวม,"03. ประถมศึกษา",72.80,ร้อยละ,สำนักงานสถิติแห่งชาติ
2567,"ไตรมาส 2","4) ภาคตะวันออกเฉียงเหนือ",รวม,"04. มัธยมศึกษาตอนต้น",55.90,ร้อยละ,สำนักงานสถิติแห่งชาติ
2567,"ไตรมาส 2","4) ภาคตะวันออกเฉียงเหนือ",รวม,"05. มัธยมศึกษาตอนปลาย สายสามัญ",69.50,ร้อยละ,สำนักงานสถิติแห่งชาติ
2567,"ไตรมาส 2","4) ภาคตะวันออกเฉียงเหนือ",รวม,"06. มัธยมศึกษาตอนปลาย สายอาชีวศึกษา",62.70,ร้อยละ,สำนักงานสถิติแห่งชาติ
2567,"ไตรมาส 2","4) ภาคตะวันออกเฉียงเหนือ",รวม,"07. มัธยมศึกษาตอนปลาย สายวิชาการศึกษา",68.80,ร้อยละ,สำนักงานสถิติแห่งชาติ
2567,"ไตรมาส 2","4) ภาคตะวันออกเฉียงเหนือ",รวม,"08. อุดมศึกษา สายวิชาการ",82.30,ร้อยละ,สำนักงานสถิติแห่งชาติ
2567,"ไตรมาส 2","4) ภาคตะวันออกเฉียงเหนือ",รวม,"09. อุดมศึกษา สายวิชาชีพ",79.70,ร้อยละ,สำนักงานสถิติแห่งชาติ
2567,"ไตรมาส 2","4) ภาคตะวันออกเฉียงเหนือ",รวม,"10. อุดมศึกษา สายวิชาการศึกษา",65.20,ร้อยละ,สำนักงานสถิติแห่งชาติ
2567,"ไตรมาส 2","4) ภาคตะวันออกเฉียงเหนือ",รวม,"12. ไม่ทราบ",22.20,ร้อยละ,สำนักงานสถิติแห่งชาติ
2567,"ไตรมาส 2","4) ภาคตะวันออกเฉียงเหนือ","1) ในเขตเทศบาล",รวม,59.30,ร้อยละ,สำนักงานสถิติแห่งชาติ
2567,"ไตรมาส 2","4) ภาคตะวันออกเฉียงเหนือ","1) ในเขตเทศบาล","01. ไม่มีการศึกษา",24.40,ร้อยละ,สำนักงานสถิติแห่งชาติ
2567,"ไตรมาส 2","4) ภาคตะวันออกเฉียงเหนือ","1) ในเขตเทศบาล","02. ต่ำกว่าประถมศึกษา",36.60,ร้อยละ,สำนักงานสถิติแห่งชาติ
2567,"ไตรมาส 2","4) ภาคตะวันออกเฉียงเหนือ","1) ในเขตเทศบาล","03. ประถมศึกษา",70.20,ร้อยละ,สำนักงานสถิติแห่งชาติ
2567,"ไตรมาส 2","4) ภาคตะวันออกเฉียงเหนือ","1) ในเขตเทศบาล","04. มัธยมศึกษาตอนต้น",55.70,ร้อยละ,สำนักงานสถิติแห่งชาติ
2567,"ไตรมาส 2","4) ภาคตะวันออกเฉียงเหนือ","1) ในเขตเทศบาล","05. มัธยมศึกษาตอนปลาย สายสามัญ",62.10,ร้อยละ,สำนักงานสถิติแห่งชาติ
2567,"ไตรมาส 2","4) ภาคตะวันออกเฉียงเหนือ","1) ในเขตเทศบาล","06. มัธยมศึกษาตอนปลาย สายอาชีวศึกษา",62.00,ร้อยละ,สำนักงานสถิติแห่งชาติ
2567,"ไตรมาส 2","4) ภาคตะวันออกเฉียงเหนือ","1) ในเขตเทศบาล","07. มัธยมศึกษาตอนปลาย สายวิชาการศึกษา",16.70,ร้อยละ,สำนักงานสถิติแห่งชาติ
2567,"ไตรมาส 2","4) ภาคตะวันออกเฉียงเหนือ","1) ในเขตเทศบาล","08. อุดมศึกษา สายวิชาการ",81.90,ร้อยละ,สำนักงานสถิติแห่งชาติ
2567,"ไตรมาส 2","4) ภาคตะวันออกเฉียงเหนือ","1) ในเขตเทศบาล","09. อุดมศึกษา สายวิชาชีพ",80.60,ร้อยละ,สำนักงานสถิติแห่งชาติ
2567,"ไตรมาส 2","4) ภาคตะวันออกเฉียงเหนือ","1) ในเขตเทศบาล","10. อุดมศึกษา สายวิชาการศึกษา",56.70,ร้อยละ,สำนักงานสถิติแห่งชาติ
2567,"ไตรมาส 2","4) ภาคตะวันออกเฉียงเหนือ","1) ในเขตเทศบาล","12. ไม่ทราบ",20.00,ร้อยละ,สำนักงานสถิติแห่งชาติ
2567,"ไตรมาส 2","4) ภาคตะวันออกเฉียงเหนือ","2) นอกเขตเทศบาล",รวม,60.90,ร้อยละ,สำนักงานสถิติแห่งชาติ
2567,"ไตรมาส 2","4) ภาคตะวันออกเฉียงเหนือ","2) นอกเขตเทศบาล","01. ไม่มีการศึกษา",21.40,ร้อยละ,สำนักงานสถิติแห่งชาติ
2567,"ไตรมาส 2","4) ภาคตะวันออกเฉียงเหนือ","2) นอกเขตเทศบาล","02. ต่ำกว่าประถมศึกษา",39.70,ร้อยละ,สำนักงานสถิติแห่งชาติ
2567,"ไตรมาส 2","4) ภาคตะวันออกเฉียงเหนือ","2) นอกเขตเทศบาล","03. ประถมศึกษา",73.70,ร้อยละ,สำนักงานสถิติแห่งชาติ
2567,"ไตรมาส 2","4) ภาคตะวันออกเฉียงเหนือ","2) นอกเขตเทศบาล","04. มัธยมศึกษาตอนต้น",55.90,ร้อยละ,สำนักงานสถิติแห่งชาติ
2567,"ไตรมาส 2","4) ภาคตะวันออกเฉียงเหนือ","2) นอกเขตเทศบาล","05. มัธยมศึกษาตอนปลาย สายสามัญ",73.00,ร้อยละ,สำนักงานสถิติแห่งชาติ
2567,"ไตรมาส 2","4) ภาคตะวันออกเฉียงเหนือ","2) นอกเขตเทศบาล","06. มัธยมศึกษาตอนปลาย สายอาชีวศึกษา",62.90,ร้อยละ,สำนักงานสถิติแห่งชาติ
2567,"ไตรมาส 2","4) ภาคตะวันออกเฉียงเหนือ","2) นอกเขตเทศบาล","07. มัธยมศึกษาตอนปลาย สายวิชาการศึกษา",100.00,ร้อยละ,สำนักงานสถิติแห่งชาติ
2567,"ไตรมาส 2","4) ภาคตะวันออกเฉียงเหนือ","2) นอกเขตเทศบาล","08. อุดมศึกษา สายวิชาการ",82.70,ร้อยละ,สำนักงานสถิติแห่งชาติ
2567,"ไตรมาส 2","4) ภาคตะวันออกเฉียงเหนือ","2) นอกเขตเทศบาล","09. อุดมศึกษา สายวิชาชีพ",79.30,ร้อยละ,สำนักงานสถิติแห่งชาติ
2567,"ไตรมาส 2","4) ภาคตะวันออกเฉียงเหนือ","2) นอกเขตเทศบาล","10. อุดมศึกษา สายวิชาการศึกษา",71.00,ร้อยละ,สำนักงานสถิติแห่งชาติ
2567,"ไตรมาส 2","4) ภาคตะวันออกเฉียงเหนือ","2) นอกเขตเทศบาล","12. ไม่ทราบ",50.00,ร้อยละ,สำนักงานสถิติแห่งชาติ
2567,"ไตรมาส 2","5) ภาคใต้",รวม,รวม,67.70,ร้อยละ,สำนักงานสถิติแห่งชาติ
2567,"ไตรมาส 2","5) ภาคใต้",รวม,"01. ไม่มีการศึกษา",40.80,ร้อยละ,สำนักงานสถิติแห่งชาติ
2567,"ไตรมาส 2","5) ภาคใต้",รวม,"02. ต่ำกว่าประถมศึกษา",48.40,ร้อยละ,สำนักงานสถิติแห่งชาติ
2567,"ไตรมาส 2","5) ภาคใต้",รวม,"03. ประถมศึกษา",75.40,ร้อยละ,สำนักงานสถิติแห่งชาติ
2567,"ไตรมาส 2","5) ภาคใต้",รวม,"04. มัธยมศึกษาตอนต้น",60.90,ร้อยละ,สำนักงานสถิติแห่งชาติ
2567,"ไตรมาส 2","5) ภาคใต้",รวม,"05. มัธยมศึกษาตอนปลาย สายสามัญ",71.90,ร้อยละ,สำนักงานสถิติแห่งชาติ
2567,"ไตรมาส 2","5) ภาคใต้",รวม,"06. มัธยมศึกษาตอนปลาย สายอาชีวศึกษา",75.70,ร้อยละ,สำนักงานสถิติแห่งชาติ
2567,"ไตรมาส 2","5) ภาคใต้",รวม,"07. มัธยมศึกษาตอนปลาย สายวิชาการศึกษา",66.70,ร้อยละ,สำนักงานสถิติแห่งชาติ
2567,"ไตรมาส 2","5) ภาคใต้",รวม,"08. อุดมศึกษา สายวิชาการ",82.50,ร้อยละ,สำนักงานสถิติแห่งชาติ
2567,"ไตรมาส 2","5) ภาคใต้",รวม,"09. อุดมศึกษา สายวิชาชีพ",79.60,ร้อยละ,สำนักงานสถิติแห่งชาติ
2567,"ไตรมาส 2","5) ภาคใต้",รวม,"10. อุดมศึกษา สายวิชาการศึกษา",68.90,ร้อยละ,สำนักงานสถิติแห่งชาติ
2567,"ไตรมาส 2","5) ภาคใต้",รวม,"11. อื่น ๆ",40.00,ร้อยละ,สำนักงานสถิติแห่งชาติ
2567,"ไตรมาส 2","5) ภาคใต้",รวม,"12. ไม่ทราบ",86.60,ร้อยละ,สำนักงานสถิติแห่งชาติ
2567,"ไตรมาส 2","5) ภาคใต้","1) ในเขตเทศบาล",รวม,66.60,ร้อยละ,สำนักงานสถิติแห่งชาติ
2567,"ไตรมาส 2","5) ภาคใต้","1) ในเขตเทศบาล","01. ไม่มีการศึกษา",46.00,ร้อยละ,สำนักงานสถิติแห่งชาติ
2567,"ไตรมาส 2","5) ภาคใต้","1) ในเขตเทศบาล","02. ต่ำกว่าประถมศึกษา",44.40,ร้อยละ,สำนักงานสถิติแห่งชาติ
2567,"ไตรมาส 2","5) ภาคใต้","1) ในเขตเทศบาล","03. ประถมศึกษา",73.40,ร้อยละ,สำนักงานสถิติแห่งชาติ
2567,"ไตรมาส 2","5) ภาคใต้","1) ในเขตเทศบาล","04. มัธยมศึกษาตอนต้น",58.40,ร้อยละ,สำนักงานสถิติแห่งชาติ
2567,"ไตรมาส 2","5) ภาคใต้","1) ในเขตเทศบาล","05. มัธยมศึกษาตอนปลาย สายสามัญ",65.80,ร้อยละ,สำนักงานสถิติแห่งชาติ
2567,"ไตรมาส 2","5) ภาคใต้","1) ในเขตเทศบาล","06. มัธยมศึกษาตอนปลาย สายอาชีวศึกษา",69.70,ร้อยละ,สำนักงานสถิติแห่งชาติ
2567,"ไตรมาส 2","5) ภาคใต้","1) ในเขตเทศบาล","07. มัธยมศึกษาตอนปลาย สายวิชาการศึกษา",66.70,ร้อยละ,สำนักงานสถิติแห่งชาติ
2567,"ไตรมาส 2","5) ภาคใต้","1) ในเขตเทศบาล","08. อุดมศึกษา สายวิชาการ",83.20,ร้อยละ,สำนักงานสถิติแห่งชาติ
2567,"ไตรมาส 2","5) ภาคใต้","1) ในเขตเทศบาล","09. อุดมศึกษา สายวิชาชีพ",78.60,ร้อยละ,สำนักงานสถิติแห่งชาติ
2567,"ไตรมาส 2","5) ภาคใต้","1) ในเขตเทศบาล","10. อุดมศึกษา สายวิชาการศึกษา",65.40,ร้อยละ,สำนักงานสถิติแห่งชาติ
2567,"ไตรมาส 2","5) ภาคใต้","1) ในเขตเทศบาล","11. อื่น ๆ",53.30,ร้อยละ,สำนักงานสถิติแห่งชาติ
2567,"ไตรมาส 2","5) ภาคใต้","1) ในเขตเทศบาล","12. ไม่ทราบ",81.60,ร้อยละ,สำนักงานสถิติแห่งชาติ
2567,"ไตรมาส 2","5) ภาคใต้","2) นอกเขตเทศบาล",รวม,68.20,ร้อยละ,สำนักงานสถิติแห่งชาติ
2567,"ไตรมาส 2","5) ภาคใต้","2) นอกเขตเทศบาล","01. ไม่มีการศึกษา",39.10,ร้อยละ,สำนักงานสถิติแห่งชาติ
2567,"ไตรมาส 2","5) ภาคใต้","2) นอกเขตเทศบาล","02. ต่ำกว่าประถมศึกษา",50.10,ร้อยละ,สำนักงานสถิติแห่งชาติ
2567,"ไตรมาส 2","5) ภาคใต้","2) นอกเขตเทศบาล","03. ประถมศึกษา",76.10,ร้อยละ,สำนักงานสถิติแห่งชาติ
2567,"ไตรมาส 2","5) ภาคใต้","2) นอกเขตเทศบาล","04. มัธยมศึกษาตอนต้น",62.10,ร้อยละ,สำนักงานสถิติแห่งชาติ
2567,"ไตรมาส 2","5) ภาคใต้","2) นอกเขตเทศบาล","05. มัธยมศึกษาตอนปลาย สายสามัญ",75.60,ร้อยละ,สำนักงานสถิติแห่งชาติ
2567,"ไตรมาส 2","5) ภาคใต้","2) นอกเขตเทศบาล","06. มัธยมศึกษาตอนปลาย สายอาชีวศึกษา",80.00,ร้อยละ,สำนักงานสถิติแห่งชาติ
2567,"ไตรมาส 2","5) ภาคใต้","2) นอกเขตเทศบาล","08. อุดมศึกษา สายวิชาการ",81.80,ร้อยละ,สำนักงานสถิติแห่งชาติ
2567,"ไตรมาส 2","5) ภาคใต้","2) นอกเขตเทศบาล","09. อุดมศึกษา สายวิชาชีพ",80.40,ร้อยละ,สำนักงานสถิติแห่งชาติ
2567,"ไตรมาส 2","5) ภาคใต้","2) นอกเขตเทศบาล","10. อุดมศึกษา สายวิชาการศึกษา",71.40,ร้อยละ,สำนักงานสถิติแห่งชาติ
2567,"ไตรมาส 2","5) ภาคใต้","2) นอกเขตเทศบาล","11. อื่น ๆ",38.50,ร้อยละ,สำนักงานสถิติแห่งชาติ
2567,"ไตรมาส 2","5) ภาคใต้","2) นอกเขตเทศบาล","12. ไม่ทราบ",92.20,ร้อยละ,สำนักงานสถิติแห่งชาติ
2567,"ไตรมาส 3",ทั่วราชอาณาจักร,"2) นอกเขตเทศบาล","10. อุดมศึกษา สายวิชาการศึกษา",70.70,ร้อยละ,สำนักงานสถิติแห่งชาติ
2567,"ไตรมาส 3",ทั่วราชอาณาจักร,"2) นอกเขตเทศบาล","11. อื่น ๆ",93.30,ร้อยละ,สำนักงานสถิติแห่งชาติ
2567,"ไตรมาส 3",ทั่วราชอาณาจักร,"2) นอกเขตเทศบาล","12. ไม่ทราบ",89.90,ร้อยละ,สำนักงานสถิติแห่งชาติ
2567,"ไตรมาส 3","1) กรุงเทพมหานคร",รวม,รวม,72.10,ร้อยละ,สำนักงานสถิติแห่งชาติ
2567,"ไตรมาส 3","1) กรุงเทพมหานคร",รวม,"01. ไม่มีการศึกษา",61.60,ร้อยละ,สำนักงานสถิติแห่งชาติ
2567,"ไตรมาส 3","1) กรุงเทพมหานคร",รวม,"02. ต่ำกว่าประถมศึกษา",43.60,ร้อยละ,สำนักงานสถิติแห่งชาติ
2567,"ไตรมาส 3","1) กรุงเทพมหานคร",รวม,"03. ประถมศึกษา",73.20,ร้อยละ,สำนักงานสถิติแห่งชาติ
2567,"ไตรมาส 3","1) กรุงเทพมหานคร",รวม,"04. มัธยมศึกษาตอนต้น",72.20,ร้อยละ,สำนักงานสถิติแห่งชาติ
2567,"ไตรมาส 3","1) กรุงเทพมหานคร",รวม,"05. มัธยมศึกษาตอนปลาย สายสามัญ",67.70,ร้อยละ,สำนักงานสถิติแห่งชาติ
2567,"ไตรมาส 3","1) กรุงเทพมหานคร",รวม,"06. มัธยมศึกษาตอนปลาย สายอาชีวศึกษา",66.80,ร้อยละ,สำนักงานสถิติแห่งชาติ
2567,"ไตรมาส 3","1) กรุงเทพมหานคร",รวม,"07. มัธยมศึกษาตอนปลาย สายวิชาการศึกษา",47.10,ร้อยละ,สำนักงานสถิติแห่งชาติ
2567,"ไตรมาส 3","1) กรุงเทพมหานคร",รวม,"08. อุดมศึกษา สายวิชาการ",81.90,ร้อยละ,สำนักงานสถิติแห่งชาติ
2567,"ไตรมาส 3","1) กรุงเทพมหานคร",รวม,"09. อุดมศึกษา สายวิชาชีพ",81.00,ร้อยละ,สำนักงานสถิติแห่งชาติ
2567,"ไตรมาส 3","1) กรุงเทพมหานคร",รวม,"10. อุดมศึกษา สายวิชาการศึกษา",67.40,ร้อยละ,สำนักงานสถิติแห่งชาติ
2567,"ไตรมาส 3","1) กรุงเทพมหานคร",รวม,"11. อื่น ๆ",.00,ร้อยละ,สำนักงานสถิติแห่งชาติ
2567,"ไตรมาส 3","1) กรุงเทพมหานคร",รวม,"12. ไม่ทราบ",72.40,ร้อยละ,สำนักงานสถิติแห่งชาติ
2567,"ไตรมาส 3","1) กรุงเทพมหานคร","1) ในเขตเทศบาล",รวม,72.10,ร้อยละ,สำนักงานสถิติแห่งชาติ
2567,"ไตรมาส 3","1) กรุงเทพมหานคร","1) ในเขตเทศบาล","01. ไม่มีการศึกษา",61.60,ร้อยละ,สำนักงานสถิติแห่งชาติ
2567,"ไตรมาส 3","1) กรุงเทพมหานคร","1) ในเขตเทศบาล","02. ต่ำกว่าประถมศึกษา",43.60,ร้อยละ,สำนักงานสถิติแห่งชาติ
2567,"ไตรมาส 3","1) กรุงเทพมหานคร","1) ในเขตเทศบาล","03. ประถมศึกษา",73.20,ร้อยละ,สำนักงานสถิติแห่งชาติ
2567,"ไตรมาส 3","1) กรุงเทพมหานคร","1) ในเขตเทศบาล","04. มัธยมศึกษาตอนต้น",72.20,ร้อยละ,สำนักงานสถิติแห่งชาติ
2567,"ไตรมาส 3","1) กรุงเทพมหานคร","1) ในเขตเทศบาล","05. มัธยมศึกษาตอนปลาย สายสามัญ",67.70,ร้อยละ,สำนักงานสถิติแห่งชาติ
2567,"ไตรมาส 3","1) กรุงเทพมหานคร","1) ในเขตเทศบาล","06. มัธยมศึกษาตอนปลาย สายอาชีวศึกษา",66.80,ร้อยละ,สำนักงานสถิติแห่งชาติ
2567,"ไตรมาส 3","1) กรุงเทพมหานคร","1) ในเขตเทศบาล","07. มัธยมศึกษาตอนปลาย สายวิชาการศึกษา",47.10,ร้อยละ,สำนักงานสถิติแห่งชาติ
2567,"ไตรมาส 3","1) กรุงเทพมหานคร","1) ในเขตเทศบาล","08. อุดมศึกษา สายวิชาการ",81.90,ร้อยละ,สำนักงานสถิติแห่งชาติ
2567,"ไตรมาส 3","1) กรุงเทพมหานคร","1) ในเขตเทศบาล","09. อุดมศึกษา สายวิชาชีพ",81.00,ร้อยละ,สำนักงานสถิติแห่งชาติ
2567,"ไตรมาส 3","1) กรุงเทพมหานคร","1) ในเขตเทศบาล","10. อุดมศึกษา สายวิชาการศึกษา",67.40,ร้อยละ,สำนักงานสถิติแห่งชาติ
2567,"ไตรมาส 3","1) กรุงเทพมหานคร","1) ในเขตเทศบาล","11. อื่น ๆ",.00,ร้อยละ,สำนักงานสถิติแห่งชาติ
2567,"ไตรมาส 3","1) กรุงเทพมหานคร","1) ในเขตเทศบาล","12. ไม่ทราบ",72.40,ร้อยละ,สำนักงานสถิติแห่งชาติ
2567,"ไตรมาส 3","2) ภาคกลาง",รวม,รวม,70.20,ร้อยละ,สำนักงานสถิติแห่งชาติ
2567,"ไตรมาส 3","2) ภาคกลาง",รวม,"01. ไม่มีการศึกษา",55.00,ร้อยละ,สำนักงานสถิติแห่งชาติ
2567,"ไตรมาส 3","2) ภาคกลาง",รวม,"02. ต่ำกว่าประถมศึกษา",42.80,ร้อยละ,สำนักงานสถิติแห่งชาติ
2567,"ไตรมาส 3","2) ภาคกลาง",รวม,"03. ประถมศึกษา",74.20,ร้อยละ,สำนักงานสถิติแห่งชาติ
2567,"ไตรมาส 3","2) ภาคกลาง",รวม,"04. มัธยมศึกษาตอนต้น",69.30,ร้อยละ,สำนักงานสถิติแห่งชาติ
2567,"ไตรมาส 3","2) ภาคกลาง",รวม,"05. มัธยมศึกษาตอนปลาย สายสามัญ",72.40,ร้อยละ,สำนักงานสถิติแห่งชาติ
2567,"ไตรมาส 3","2) ภาคกลาง",รวม,"06. มัธยมศึกษาตอนปลาย สายอาชีวศึกษา",75.80,ร้อยละ,สำนักงานสถิติแห่งชาติ
2567,"ไตรมาส 3","2) ภาคกลาง",รวม,"07. มัธยมศึกษาตอนปลาย สายวิชาการศึกษา",89.80,ร้อยละ,สำนักงานสถิติแห่งชาติ
2567,"ไตรมาส 3",ทั่วราชอาณาจักร,รวม,รวม,67.60,ร้อยละ,สำนักงานสถิติแห่งชาติ
2567,"ไตรมาส 3",ทั่วราชอาณาจักร,รวม,"01. ไม่มีการศึกษา",49.40,ร้อยละ,สำนักงานสถิติแห่งชาติ
2567,"ไตรมาส 3",ทั่วราชอาณาจักร,รวม,"02. ต่ำกว่าประถมศึกษา",45.30,ร้อยละ,สำนักงานสถิติแห่งชาติ
2567,"ไตรมาส 3",ทั่วราชอาณาจักร,รวม,"03. ประถมศึกษา",75.30,ร้อยละ,สำนักงานสถิติแห่งชาติ
2567,"ไตรมาส 3",ทั่วราชอาณาจักร,รวม,"04. มัธยมศึกษาตอนต้น",64.90,ร้อยละ,สำนักงานสถิติแห่งชาติ
2567,"ไตรมาส 3",ทั่วราชอาณาจักร,รวม,"05. มัธยมศึกษาตอนปลาย สายสามัญ",71.20,ร้อยละ,สำนักงานสถิติแห่งชาติ
2567,"ไตรมาส 3",ทั่วราชอาณาจักร,รวม,"06. มัธยมศึกษาตอนปลาย สายอาชีวศึกษา",70.00,ร้อยละ,สำนักงานสถิติแห่งชาติ
2567,"ไตรมาส 3",ทั่วราชอาณาจักร,รวม,"07. มัธยมศึกษาตอนปลาย สายวิชาการศึกษา",61.00,ร้อยละ,สำนักงานสถิติแห่งชาติ
2567,"ไตรมาส 3",ทั่วราชอาณาจักร,รวม,"08. อุดมศึกษา สายวิชาการ",81.80,ร้อยละ,สำนักงานสถิติแห่งชาติ
2567,"ไตรมาส 3",ทั่วราชอาณาจักร,รวม,"09. อุดมศึกษา สายวิชาชีพ",84.00,ร้อยละ,สำนักงานสถิติแห่งชาติ
2567,"ไตรมาส 3",ทั่วราชอาณาจักร,รวม,"10. อุดมศึกษา สายวิชาการศึกษา",65.60,ร้อยละ,สำนักงานสถิติแห่งชาติ
2567,"ไตรมาส 3",ทั่วราชอาณาจักร,รวม,"11. อื่น ๆ",95.30,ร้อยละ,สำนักงานสถิติแห่งชาติ
2567,"ไตรมาส 3",ทั่วราชอาณาจักร,รวม,"12. ไม่ทราบ",85.80,ร้อยละ,สำนักงานสถิติแห่งชาติ
2567,"ไตรมาส 3",ทั่วราชอาณาจักร,"1) ในเขตเทศบาล",รวม,67.70,ร้อยละ,สำนักงานสถิติแห่งชาติ
2567,"ไตรมาส 3",ทั่วราชอาณาจักร,"1) ในเขตเทศบาล","01. ไม่มีการศึกษา",54.50,ร้อยละ,สำนักงานสถิติแห่งชาติ
2567,"ไตรมาส 3",ทั่วราชอาณาจักร,"1) ในเขตเทศบาล","02. ต่ำกว่าประถมศึกษา",41.60,ร้อยละ,สำนักงานสถิติแห่งชาติ
2567,"ไตรมาส 3",ทั่วราชอาณาจักร,"1) ในเขตเทศบาล","03. ประถมศึกษา",73.00,ร้อยละ,สำนักงานสถิติแห่งชาติ
2567,"ไตรมาส 3",ทั่วราชอาณาจักร,"1) ในเขตเทศบาล","04. มัธยมศึกษาตอนต้น",65.60,ร้อยละ,สำนักงานสถิติแห่งชาติ
2567,"ไตรมาส 3",ทั่วราชอาณาจักร,"1) ในเขตเทศบาล","05. มัธยมศึกษาตอนปลาย สายสามัญ",67.20,ร้อยละ,สำนักงานสถิติแห่งชาติ
2567,"ไตรมาส 3",ทั่วราชอาณาจักร,"1) ในเขตเทศบาล","06. มัธยมศึกษาตอนปลาย สายอาชีวศึกษา",67.80,ร้อยละ,สำนักงานสถิติแห่งชาติ
2567,"ไตรมาส 3",ทั่วราชอาณาจักร,"1) ในเขตเทศบาล","07. มัธยมศึกษาตอนปลาย สายวิชาการศึกษา",69.00,ร้อยละ,สำนักงานสถิติแห่งชาติ
2567,"ไตรมาส 3",ทั่วราชอาณาจักร,"1) ในเขตเทศบาล","08. อุดมศึกษา สายวิชาการ",80.50,ร้อยละ,สำนักงานสถิติแห่งชาติ
2567,"ไตรมาส 3",ทั่วราชอาณาจักร,"1) ในเขตเทศบาล","09. อุดมศึกษา สายวิชาชีพ",83.40,ร้อยละ,สำนักงานสถิติแห่งชาติ
2567,"ไตรมาส 3",ทั่วราชอาณาจักร,"1) ในเขตเทศบาล","10. อุดมศึกษา สายวิชาการศึกษา",61.00,ร้อยละ,สำนักงานสถิติแห่งชาติ
2567,"ไตรมาส 3",ทั่วราชอาณาจักร,"1) ในเขตเทศบาล","11. อื่น ๆ",97.30,ร้อยละ,สำนักงานสถิติแห่งชาติ
2567,"ไตรมาส 3",ทั่วราชอาณาจักร,"1) ในเขตเทศบาล","12. ไม่ทราบ",84.10,ร้อยละ,สำนักงานสถิติแห่งชาติ
2567,"ไตรมาส 3",ทั่วราชอาณาจักร,"2) นอกเขตเทศบาล",รวม,67.50,ร้อยละ,สำนักงานสถิติแห่งชาติ
2567,"ไตรมาส 3",ทั่วราชอาณาจักร,"2) นอกเขตเทศบาล","01. ไม่มีการศึกษา",46.40,ร้อยละ,สำนักงานสถิติแห่งชาติ
2567,"ไตรมาส 3",ทั่วราชอาณาจักร,"2) นอกเขตเทศบาล","02. ต่ำกว่าประถมศึกษา",47.30,ร้อยละ,สำนักงานสถิติแห่งชาติ
2567,"ไตรมาส 3",ทั่วราชอาณาจักร,"2) นอกเขตเทศบาล","03. ประถมศึกษา",76.80,ร้อยละ,สำนักงานสถิติแห่งชาติ
2567,"ไตรมาส 3",ทั่วราชอาณาจักร,"2) นอกเขตเทศบาล","04. มัธยมศึกษาตอนต้น",64.30,ร้อยละ,สำนักงานสถิติแห่งชาติ
2567,"ไตรมาส 3",ทั่วราชอาณาจักร,"2) นอกเขตเทศบาล","05. มัธยมศึกษาตอนปลาย สายสามัญ",75.00,ร้อยละ,สำนักงานสถิติแห่งชาติ
2567,"ไตรมาส 3",ทั่วราชอาณาจักร,"2) นอกเขตเทศบาล","06. มัธยมศึกษาตอนปลาย สายอาชีวศึกษา",72.80,ร้อยละ,สำนักงานสถิติแห่งชาติ
2567,"ไตรมาส 3",ทั่วราชอาณาจักร,"2) นอกเขตเทศบาล","07. มัธยมศึกษาตอนปลาย สายวิชาการศึกษา",18.80,ร้อยละ,สำนักงานสถิติแห่งชาติ
2567,"ไตรมาส 3",ทั่วราชอาณาจักร,"2) นอกเขตเทศบาล","08. อุดมศึกษา สายวิชาการ",84.20,ร้อยละ,สำนักงานสถิติแห่งชาติ
2567,"ไตรมาส 3",ทั่วราชอาณาจักร,"2) นอกเขตเทศบาล","09. อุดมศึกษา สายวิชาชีพ",84.80,ร้อยละ,สำนักงานสถิติแห่งชาติ
2567,"ไตรมาส 3","2) ภาคกลาง",รวม,"08. อุดมศึกษา สายวิชาการ",81.40,ร้อยละ,สำนักงานสถิติแห่งชาติ
2567,"ไตรมาส 3","2) ภาคกลาง",รวม,"09. อุดมศึกษา สายวิชาชีพ",84.50,ร้อยละ,สำนักงานสถิติแห่งชาติ
2567,"ไตรมาส 3","2) ภาคกลาง",รวม,"10. อุดมศึกษา สายวิชาการศึกษา",63.70,ร้อยละ,สำนักงานสถิติแห่งชาติ
2567,"ไตรมาส 3","2) ภาคกลาง",รวม,"11. อื่น ๆ",98.20,ร้อยละ,สำนักงานสถิติแห่งชาติ
2567,"ไตรมาส 3","2) ภาคกลาง",รวม,"12. ไม่ทราบ",89.50,ร้อยละ,สำนักงานสถิติแห่งชาติ
2567,"ไตรมาส 3","2) ภาคกลาง","1) ในเขตเทศบาล",รวม,69.50,ร้อยละ,สำนักงานสถิติแห่งชาติ
2567,"ไตรมาส 3","2) ภาคกลาง","1) ในเขตเทศบาล","01. ไม่มีการศึกษา",58.80,ร้อยละ,สำนักงานสถิติแห่งชาติ
2567,"ไตรมาส 3","2) ภาคกลาง","1) ในเขตเทศบาล","02. ต่ำกว่าประถมศึกษา",39.90,ร้อยละ,สำนักงานสถิติแห่งชาติ
2567,"ไตรมาส 3","2) ภาคกลาง","1) ในเขตเทศบาล","03. ประถมศึกษา",72.20,ร้อยละ,สำนักงานสถิติแห่งชาติ
2567,"ไตรมาส 3","2) ภาคกลาง","1) ในเขตเทศบาล","04. มัธยมศึกษาตอนต้น",68.50,ร้อยละ,สำนักงานสถิติแห่งชาติ
2567,"ไตรมาส 3","2) ภาคกลาง","1) ในเขตเทศบาล","05. มัธยมศึกษาตอนปลาย สายสามัญ",71.60,ร้อยละ,สำนักงานสถิติแห่งชาติ
2567,"ไตรมาส 3","2) ภาคกลาง","1) ในเขตเทศบาล","06. มัธยมศึกษาตอนปลาย สายอาชีวศึกษา",73.60,ร้อยละ,สำนักงานสถิติแห่งชาติ
2567,"ไตรมาส 3","2) ภาคกลาง","1) ในเขตเทศบาล","07. มัธยมศึกษาตอนปลาย สายวิชาการศึกษา",91.10,ร้อยละ,สำนักงานสถิติแห่งชาติ
2567,"ไตรมาส 3","2) ภาคกลาง","1) ในเขตเทศบาล","08. อุดมศึกษา สายวิชาการ",77.60,ร้อยละ,สำนักงานสถิติแห่งชาติ
2567,"ไตรมาส 3","2) ภาคกลาง","1) ในเขตเทศบาล","09. อุดมศึกษา สายวิชาชีพ",84.20,ร้อยละ,สำนักงานสถิติแห่งชาติ
2567,"ไตรมาส 3","2) ภาคกลาง","1) ในเขตเทศบาล","10. อุดมศึกษา สายวิชาการศึกษา",58.50,ร้อยละ,สำนักงานสถิติแห่งชาติ
2567,"ไตรมาส 3","2) ภาคกลาง","1) ในเขตเทศบาล","11. อื่น ๆ",98.00,ร้อยละ,สำนักงานสถิติแห่งชาติ
2567,"ไตรมาส 3","2) ภาคกลาง","1) ในเขตเทศบาล","12. ไม่ทราบ",88.20,ร้อยละ,สำนักงานสถิติแห่งชาติ
2567,"ไตรมาส 3","2) ภาคกลาง","2) นอกเขตเทศบาล",รวม,70.80,ร้อยละ,สำนักงานสถิติแห่งชาติ
2567,"ไตรมาส 3","2) ภาคกลาง","2) นอกเขตเทศบาล","01. ไม่มีการศึกษา",51.60,ร้อยละ,สำนักงานสถิติแห่งชาติ
2567,"ไตรมาส 3","2) ภาคกลาง","2) นอกเขตเทศบาล","02. ต่ำกว่าประถมศึกษา",44.70,ร้อยละ,สำนักงานสถิติแห่งชาติ
2567,"ไตรมาส 3","2) ภาคกลาง","2) นอกเขตเทศบาล","03. ประถมศึกษา",75.70,ร้อยละ,สำนักงานสถิติแห่งชาติ
2567,"ไตรมาส 3","2) ภาคกลาง","2) นอกเขตเทศบาล","04. มัธยมศึกษาตอนต้น",70.00,ร้อยละ,สำนักงานสถิติแห่งชาติ
2567,"ไตรมาส 3","2) ภาคกลาง","2) นอกเขตเทศบาล","05. มัธยมศึกษาตอนปลาย สายสามัญ",73.20,ร้อยละ,สำนักงานสถิติแห่งชาติ
2567,"ไตรมาส 3","2) ภาคกลาง","2) นอกเขตเทศบาล","06. มัธยมศึกษาตอนปลาย สายอาชีวศึกษา",77.90,ร้อยละ,สำนักงานสถิติแห่งชาติ
2567,"ไตรมาส 3","2) ภาคกลาง","2) นอกเขตเทศบาล","07. มัธยมศึกษาตอนปลาย สายวิชาการศึกษา",75.00,ร้อยละ,สำนักงานสถิติแห่งชาติ
2567,"ไตรมาส 3","2) ภาคกลาง","2) นอกเขตเทศบาล","08. อุดมศึกษา สายวิชาการ",85.80,ร้อยละ,สำนักงานสถิติแห่งชาติ
2567,"ไตรมาส 3","2) ภาคกลาง","2) นอกเขตเทศบาล","09. อุดมศึกษา สายวิชาชีพ",84.90,ร้อยละ,สำนักงานสถิติแห่งชาติ
2567,"ไตรมาส 3","2) ภาคกลาง","2) นอกเขตเทศบาล","10. อุดมศึกษา สายวิชาการศึกษา",68.60,ร้อยละ,สำนักงานสถิติแห่งชาติ
2567,"ไตรมาส 3","2) ภาคกลาง","2) นอกเขตเทศบาล","11. อื่น ๆ",98.40,ร้อยละ,สำนักงานสถิติแห่งชาติ
2567,"ไตรมาส 3","2) ภาคกลาง","2) นอกเขตเทศบาล","12. ไม่ทราบ",92.20,ร้อยละ,สำนักงานสถิติแห่งชาติ
2567,"ไตรมาส 3","3) ภาคเหนือ",รวม,รวม,64.40,ร้อยละ,สำนักงานสถิติแห่งชาติ
2567,"ไตรมาส 3","3) ภาคเหนือ",รวม,"01. ไม่มีการศึกษา",51.90,ร้อยละ,สำนักงานสถิติแห่งชาติ
2567,"ไตรมาส 3","3) ภาคเหนือ",รวม,"02. ต่ำกว่าประถมศึกษา",49.50,ร้อยละ,สำนักงานสถิติแห่งชาติ
2567,"ไตรมาส 3","3) ภาคเหนือ",รวม,"03. ประถมศึกษา",76.30,ร้อยละ,สำนักงานสถิติแห่งชาติ
2567,"ไตรมาส 3","3) ภาคเหนือ",รวม,"04. มัธยมศึกษาตอนต้น",61.20,ร้อยละ,สำนักงานสถิติแห่งชาติ
2567,"ไตรมาส 3","3) ภาคเหนือ",รวม,"05. มัธยมศึกษาตอนปลาย สายสามัญ",69.00,ร้อยละ,สำนักงานสถิติแห่งชาติ
2567,"ไตรมาส 3","3) ภาคเหนือ",รวม,"06. มัธยมศึกษาตอนปลาย สายอาชีวศึกษา",65.50,ร้อยละ,สำนักงานสถิติแห่งชาติ
2567,"ไตรมาส 3","3) ภาคเหนือ",รวม,"07. มัธยมศึกษาตอนปลาย สายวิชาการศึกษา",9.10,ร้อยละ,สำนักงานสถิติแห่งชาติ
2567,"ไตรมาส 3","3) ภาคเหนือ",รวม,"08. อุดมศึกษา สายวิชาการ",82.20,ร้อยละ,สำนักงานสถิติแห่งชาติ
2567,"ไตรมาส 3","3) ภาคเหนือ",รวม,"09. อุดมศึกษา สายวิชาชีพ",83.50,ร้อยละ,สำนักงานสถิติแห่งชาติ
2567,"ไตรมาส 3","3) ภาคเหนือ",รวม,"10. อุดมศึกษา สายวิชาการศึกษา",59.00,ร้อยละ,สำนักงานสถิติแห่งชาติ
2567,"ไตรมาส 3","3) ภาคเหนือ",รวม,"11. อื่น ๆ",40.00,ร้อยละ,สำนักงานสถิติแห่งชาติ
2567,"ไตรมาส 3","3) ภาคเหนือ",รวม,"12. ไม่ทราบ",77.60,ร้อยละ,สำนักงานสถิติแห่งชาติ
2567,"ไตรมาส 3","3) ภาคเหนือ","1) ในเขตเทศบาล",รวม,62.30,ร้อยละ,สำนักงานสถิติแห่งชาติ
2567,"ไตรมาส 3","3) ภาคเหนือ","1) ในเขตเทศบาล","01. ไม่มีการศึกษา",51.70,ร้อยละ,สำนักงานสถิติแห่งชาติ
2567,"ไตรมาส 3","3) ภาคเหนือ","1) ในเขตเทศบาล","02. ต่ำกว่าประถมศึกษา",44.10,ร้อยละ,สำนักงานสถิติแห่งชาติ
2567,"ไตรมาส 3","3) ภาคเหนือ","1) ในเขตเทศบาล","03. ประถมศึกษา",73.20,ร้อยละ,สำนักงานสถิติแห่งชาติ
2567,"ไตรมาส 3","3) ภาคเหนือ","1) ในเขตเทศบาล","04. มัธยมศึกษาตอนต้น",57.40,ร้อยละ,สำนักงานสถิติแห่งชาติ
2567,"ไตรมาส 3","3) ภาคเหนือ","1) ในเขตเทศบาล","05. มัธยมศึกษาตอนปลาย สายสามัญ",61.40,ร้อยละ,สำนักงานสถิติแห่งชาติ
2567,"ไตรมาส 3","3) ภาคเหนือ","1) ในเขตเทศบาล","06. มัธยมศึกษาตอนปลาย สายอาชีวศึกษา",65.10,ร้อยละ,สำนักงานสถิติแห่งชาติ
2567,"ไตรมาส 3","3) ภาคเหนือ","1) ในเขตเทศบาล","07. มัธยมศึกษาตอนปลาย สายวิชาการศึกษา",9.10,ร้อยละ,สำนักงานสถิติแห่งชาติ
2567,"ไตรมาส 3","3) ภาคเหนือ","1) ในเขตเทศบาล","08. อุดมศึกษา สายวิชาการ",82.30,ร้อยละ,สำนักงานสถิติแห่งชาติ
2567,"ไตรมาส 3","3) ภาคเหนือ","1) ในเขตเทศบาล","09. อุดมศึกษา สายวิชาชีพ",84.40,ร้อยละ,สำนักงานสถิติแห่งชาติ
2567,"ไตรมาส 3","3) ภาคเหนือ","1) ในเขตเทศบาล","10. อุดมศึกษา สายวิชาการศึกษา",53.60,ร้อยละ,สำนักงานสถิติแห่งชาติ
2567,"ไตรมาส 3","3) ภาคเหนือ","1) ในเขตเทศบาล","11. อื่น ๆ",25.00,ร้อยละ,สำนักงานสถิติแห่งชาติ
2567,"ไตรมาส 3","3) ภาคเหนือ","1) ในเขตเทศบาล","12. ไม่ทราบ",68.00,ร้อยละ,สำนักงานสถิติแห่งชาติ
2567,"ไตรมาส 3","3) ภาคเหนือ","2) นอกเขตเทศบาล",รวม,65.50,ร้อยละ,สำนักงานสถิติแห่งชาติ
2567,"ไตรมาส 3","3) ภาคเหนือ","2) นอกเขตเทศบาล","01. ไม่มีการศึกษา",52.00,ร้อยละ,สำนักงานสถิติแห่งชาติ
2567,"ไตรมาส 3","3) ภาคเหนือ","2) นอกเขตเทศบาล","02. ต่ำกว่าประถมศึกษา",52.00,ร้อยละ,สำนักงานสถิติแห่งชาติ
2567,"ไตรมาส 3","3) ภาคเหนือ","2) นอกเขตเทศบาล","03. ประถมศึกษา",77.50,ร้อยละ,สำนักงานสถิติแห่งชาติ
2567,"ไตรมาส 3","3) ภาคเหนือ","2) นอกเขตเทศบาล","04. มัธยมศึกษาตอนต้น",62.90,ร้อยละ,สำนักงานสถิติแห่งชาติ
2567,"ไตรมาส 3","3) ภาคเหนือ","2) นอกเขตเทศบาล","05. มัธยมศึกษาตอนปลาย สายสามัญ",74.20,ร้อยละ,สำนักงานสถิติแห่งชาติ
2567,"ไตรมาส 3","3) ภาคเหนือ","2) นอกเขตเทศบาล","06. มัธยมศึกษาตอนปลาย สายอาชีวศึกษา",65.80,ร้อยละ,สำนักงานสถิติแห่งชาติ
2567,"ไตรมาส 3","3) ภาคเหนือ","2) นอกเขตเทศบาล","08. อุดมศึกษา สายวิชาการ",82.00,ร้อยละ,สำนักงานสถิติแห่งชาติ
2567,"ไตรมาส 3","3) ภาคเหนือ","2) นอกเขตเทศบาล","09. อุดมศึกษา สายวิชาชีพ",82.80,ร้อยละ,สำนักงานสถิติแห่งชาติ
2567,"ไตรมาส 3","3) ภาคเหนือ","2) นอกเขตเทศบาล","10. อุดมศึกษา สายวิชาการศึกษา",64.20,ร้อยละ,สำนักงานสถิติแห่งชาติ
2567,"ไตรมาส 3","3) ภาคเหนือ","2) นอกเขตเทศบาล","11. อื่น ๆ",42.90,ร้อยละ,สำนักงานสถิติแห่งชาติ
2567,"ไตรมาส 3","3) ภาคเหนือ","2) นอกเขตเทศบาล","12. ไม่ทราบ",87.50,ร้อยละ,สำนักงานสถิติแห่งชาติ
2567,"ไตรมาส 3","4) ภาคตะวันออกเฉียงเหนือ",รวม,รวม,63.90,ร้อยละ,สำนักงานสถิติแห่งชาติ
2567,"ไตรมาส 3","4) ภาคตะวันออกเฉียงเหนือ",รวม,"01. ไม่มีการศึกษา",24.20,ร้อยละ,สำนักงานสถิติแห่งชาติ
2567,"ไตรมาส 3","4) ภาคตะวันออกเฉียงเหนือ",รวม,"02. ต่ำกว่าประถมศึกษา",43.60,ร้อยละ,สำนักงานสถิติแห่งชาติ
2567,"ไตรมาส 3","4) ภาคตะวันออกเฉียงเหนือ",รวม,"03. ประถมศึกษา",77.20,ร้อยละ,สำนักงานสถิติแห่งชาติ
2567,"ไตรมาส 3","4) ภาคตะวันออกเฉียงเหนือ",รวม,"04. มัธยมศึกษาตอนต้น",59.50,ร้อยละ,สำนักงานสถิติแห่งชาติ
2567,"ไตรมาส 3","4) ภาคตะวันออกเฉียงเหนือ",รวม,"05. มัธยมศึกษาตอนปลาย สายสามัญ",71.90,ร้อยละ,สำนักงานสถิติแห่งชาติ
2567,"ไตรมาส 3","4) ภาคตะวันออกเฉียงเหนือ",รวม,"06. มัธยมศึกษาตอนปลาย สายอาชีวศึกษา",60.80,ร้อยละ,สำนักงานสถิติแห่งชาติ
2567,"ไตรมาส 3","4) ภาคตะวันออกเฉียงเหนือ",รวม,"07. มัธยมศึกษาตอนปลาย สายวิชาการศึกษา",5.90,ร้อยละ,สำนักงานสถิติแห่งชาติ
2567,"ไตรมาส 3","4) ภาคตะวันออกเฉียงเหนือ",รวม,"08. อุดมศึกษา สายวิชาการ",82.80,ร้อยละ,สำนักงานสถิติแห่งชาติ
2567,"ไตรมาส 3","4) ภาคตะวันออกเฉียงเหนือ",รวม,"09. อุดมศึกษา สายวิชาชีพ",85.90,ร้อยละ,สำนักงานสถิติแห่งชาติ
2567,"ไตรมาส 3","4) ภาคตะวันออกเฉียงเหนือ",รวม,"10. อุดมศึกษา สายวิชาการศึกษา",65.70,ร้อยละ,สำนักงานสถิติแห่งชาติ
2567,"ไตรมาส 3","4) ภาคตะวันออกเฉียงเหนือ",รวม,"12. ไม่ทราบ",66.70,ร้อยละ,สำนักงานสถิติแห่งชาติ
2567,"ไตรมาส 3","4) ภาคตะวันออกเฉียงเหนือ","1) ในเขตเทศบาล",รวม,61.20,ร้อยละ,สำนักงานสถิติแห่งชาติ
2567,"ไตรมาส 3","4) ภาคตะวันออกเฉียงเหนือ","1) ในเขตเทศบาล","01. ไม่มีการศึกษา",28.70,ร้อยละ,สำนักงานสถิติแห่งชาติ
2567,"ไตรมาส 3","4) ภาคตะวันออกเฉียงเหนือ","1) ในเขตเทศบาล","02. ต่ำกว่าประถมศึกษา",39.50,ร้อยละ,สำนักงานสถิติแห่งชาติ
2567,"ไตรมาส 3","4) ภาคตะวันออกเฉียงเหนือ","1) ในเขตเทศบาล","03. ประถมศึกษา",74.20,ร้อยละ,สำนักงานสถิติแห่งชาติ
2567,"ไตรมาส 3","4) ภาคตะวันออกเฉียงเหนือ","1) ในเขตเทศบาล","04. มัธยมศึกษาตอนต้น",57.30,ร้อยละ,สำนักงานสถิติแห่งชาติ
2567,"ไตรมาส 3","4) ภาคตะวันออกเฉียงเหนือ","1) ในเขตเทศบาล","05. มัธยมศึกษาตอนปลาย สายสามัญ",63.60,ร้อยละ,สำนักงานสถิติแห่งชาติ
2567,"ไตรมาส 3","4) ภาคตะวันออกเฉียงเหนือ","1) ในเขตเทศบาล","06. มัธยมศึกษาตอนปลาย สายอาชีวศึกษา",56.50,ร้อยละ,สำนักงานสถิติแห่งชาติ
2567,"ไตรมาส 3","4) ภาคตะวันออกเฉียงเหนือ","1) ในเขตเทศบาล","07. มัธยมศึกษาตอนปลาย สายวิชาการศึกษา",25.00,ร้อยละ,สำนักงานสถิติแห่งชาติ
2567,"ไตรมาส 3","4) ภาคตะวันออกเฉียงเหนือ","1) ในเขตเทศบาล","08. อุดมศึกษา สายวิชาการ",80.40,ร้อยละ,สำนักงานสถิติแห่งชาติ
2567,"ไตรมาส 3","4) ภาคตะวันออกเฉียงเหนือ","1) ในเขตเทศบาล","09. อุดมศึกษา สายวิชาชีพ",87.50,ร้อยละ,สำนักงานสถิติแห่งชาติ
2567,"ไตรมาส 3","4) ภาคตะวันออกเฉียงเหนือ","1) ในเขตเทศบาล","10. อุดมศึกษา สายวิชาการศึกษา",56.20,ร้อยละ,สำนักงานสถิติแห่งชาติ
2567,"ไตรมาส 3","4) ภาคตะวันออกเฉียงเหนือ","1) ในเขตเทศบาล","12. ไม่ทราบ",66.70,ร้อยละ,สำนักงานสถิติแห่งชาติ
2567,"ไตรมาส 3","4) ภาคตะวันออกเฉียงเหนือ","2) นอกเขตเทศบาล",รวม,65.00,ร้อยละ,สำนักงานสถิติแห่งชาติ
2567,"ไตรมาส 3","4) ภาคตะวันออกเฉียงเหนือ","2) นอกเขตเทศบาล","01. ไม่มีการศึกษา",22.70,ร้อยละ,สำนักงานสถิติแห่งชาติ
2567,"ไตรมาส 3","4) ภาคตะวันออกเฉียงเหนือ","2) นอกเขตเทศบาล","02. ต่ำกว่าประถมศึกษา",45.10,ร้อยละ,สำนักงานสถิติแห่งชาติ
2567,"ไตรมาส 3","4) ภาคตะวันออกเฉียงเหนือ","2) นอกเขตเทศบาล","03. ประถมศึกษา",78.30,ร้อยละ,สำนักงานสถิติแห่งชาติ
2567,"ไตรมาส 3","4) ภาคตะวันออกเฉียงเหนือ","2) นอกเขตเทศบาล","04. มัธยมศึกษาตอนต้น",60.40,ร้อยละ,สำนักงานสถิติแห่งชาติ
2567,"ไตรมาส 3","4) ภาคตะวันออกเฉียงเหนือ","2) นอกเขตเทศบาล","05. มัธยมศึกษาตอนปลาย สายสามัญ",75.80,ร้อยละ,สำนักงานสถิติแห่งชาติ
2567,"ไตรมาส 3","4) ภาคตะวันออกเฉียงเหนือ","2) นอกเขตเทศบาล","06. มัธยมศึกษาตอนปลาย สายอาชีวศึกษา",63.00,ร้อยละ,สำนักงานสถิติแห่งชาติ
2567,"ไตรมาส 3","4) ภาคตะวันออกเฉียงเหนือ","2) นอกเขตเทศบาล","07. มัธยมศึกษาตอนปลาย สายวิชาการศึกษา",.00,ร้อยละ,สำนักงานสถิติแห่งชาติ
2567,"ไตรมาส 3","4) ภาคตะวันออกเฉียงเหนือ","2) นอกเขตเทศบาล","08. อุดมศึกษา สายวิชาการ",84.90,ร้อยละ,สำนักงานสถิติแห่งชาติ
2567,"ไตรมาส 3","4) ภาคตะวันออกเฉียงเหนือ","2) นอกเขตเทศบาล","09. อุดมศึกษา สายวิชาชีพ",84.90,ร้อยละ,สำนักงานสถิติแห่งชาติ
2567,"ไตรมาส 3","4) ภาคตะวันออกเฉียงเหนือ","2) นอกเขตเทศบาล","10. อุดมศึกษา สายวิชาการศึกษา",71.90,ร้อยละ,สำนักงานสถิติแห่งชาติ
2567,"ไตรมาส 3","4) ภาคตะวันออกเฉียงเหนือ","2) นอกเขตเทศบาล","12. ไม่ทราบ",66.70,ร้อยละ,สำนักงานสถิติแห่งชาติ
2567,"ไตรมาส 3","5) ภาคใต้",รวม,รวม,67.70,ร้อยละ,สำนักงานสถิติแห่งชาติ
2567,"ไตรมาส 3","5) ภาคใต้",รวม,"01. ไม่มีการศึกษา",42.00,ร้อยละ,สำนักงานสถิติแห่งชาติ
2567,"ไตรมาส 3","5) ภาคใต้",รวม,"02. ต่ำกว่าประถมศึกษา",48.70,ร้อยละ,สำนักงานสถิติแห่งชาติ
2567,"ไตรมาส 3","5) ภาคใต้",รวม,"03. ประถมศึกษา",74.20,ร้อยละ,สำนักงานสถิติแห่งชาติ
2567,"ไตรมาส 3","5) ภาคใต้",รวม,"04. มัธยมศึกษาตอนต้น",61.20,ร้อยละ,สำนักงานสถิติแห่งชาติ
2567,"ไตรมาส 3","5) ภาคใต้",รวม,"05. มัธยมศึกษาตอนปลาย สายสามัญ",72.60,ร้อยละ,สำนักงานสถิติแห่งชาติ
2567,"ไตรมาส 3","5) ภาคใต้",รวม,"06. มัธยมศึกษาตอนปลาย สายอาชีวศึกษา",71.40,ร้อยละ,สำนักงานสถิติแห่งชาติ
2567,"ไตรมาส 3","5) ภาคใต้",รวม,"07. มัธยมศึกษาตอนปลาย สายวิชาการศึกษา",100.00,ร้อยละ,สำนักงานสถิติแห่งชาติ
2567,"ไตรมาส 3","5) ภาคใต้",รวม,"08. อุดมศึกษา สายวิชาการ",81.40,ร้อยละ,สำนักงานสถิติแห่งชาติ
2567,"ไตรมาส 3","5) ภาคใต้",รวม,"09. อุดมศึกษา สายวิชาชีพ",83.70,ร้อยละ,สำนักงานสถิติแห่งชาติ
2567,"ไตรมาส 3","5) ภาคใต้",รวม,"10. อุดมศึกษา สายวิชาการศึกษา",74.20,ร้อยละ,สำนักงานสถิติแห่งชาติ
2567,"ไตรมาส 3","5) ภาคใต้",รวม,"11. อื่น ๆ",44.50,ร้อยละ,สำนักงานสถิติแห่งชาติ
2567,"ไตรมาส 3","5) ภาคใต้",รวม,"12. ไม่ทราบ",81.50,ร้อยละ,สำนักงานสถิติแห่งชาติ
2567,"ไตรมาส 3","5) ภาคใต้","1) ในเขตเทศบาล",รวม,66.20,ร้อยละ,สำนักงานสถิติแห่งชาติ
2567,"ไตรมาส 3","5) ภาคใต้","1) ในเขตเทศบาล","01. ไม่มีการศึกษา",46.60,ร้อยละ,สำนักงานสถิติแห่งชาติ
2567,"ไตรมาส 3","5) ภาคใต้","1) ในเขตเทศบาล","02. ต่ำกว่าประถมศึกษา",44.70,ร้อยละ,สำนักงานสถิติแห่งชาติ
2567,"ไตรมาส 3","5) ภาคใต้","1) ในเขตเทศบาล","03. ประถมศึกษา",72.50,ร้อยละ,สำนักงานสถิติแห่งชาติ
2567,"ไตรมาส 3","5) ภาคใต้","1) ในเขตเทศบาล","04. มัธยมศึกษาตอนต้น",60.10,ร้อยละ,สำนักงานสถิติแห่งชาติ
2567,"ไตรมาส 3","5) ภาคใต้","1) ในเขตเทศบาล","05. มัธยมศึกษาตอนปลาย สายสามัญ",64.20,ร้อยละ,สำนักงานสถิติแห่งชาติ
2567,"ไตรมาส 3","5) ภาคใต้","1) ในเขตเทศบาล","06. มัธยมศึกษาตอนปลาย สายอาชีวศึกษา",62.90,ร้อยละ,สำนักงานสถิติแห่งชาติ
2567,"ไตรมาส 3","5) ภาคใต้","1) ในเขตเทศบาล","07. มัธยมศึกษาตอนปลาย สายวิชาการศึกษา",100.00,ร้อยละ,สำนักงานสถิติแห่งชาติ
2567,"ไตรมาส 3","5) ภาคใต้","1) ในเขตเทศบาล","08. อุดมศึกษา สายวิชาการ",81.10,ร้อยละ,สำนักงานสถิติแห่งชาติ
2567,"ไตรมาส 3","5) ภาคใต้","1) ในเขตเทศบาล","09. อุดมศึกษา สายวิชาชีพ",80.10,ร้อยละ,สำนักงานสถิติแห่งชาติ
2567,"ไตรมาส 3","5) ภาคใต้","1) ในเขตเทศบาล","10. อุดมศึกษา สายวิชาการศึกษา",69.40,ร้อยละ,สำนักงานสถิติแห่งชาติ
2567,"ไตรมาส 3","5) ภาคใต้","1) ในเขตเทศบาล","11. อื่น ๆ",46.70,ร้อยละ,สำนักงานสถิติแห่งชาติ
2567,"ไตรมาส 3","5) ภาคใต้","1) ในเขตเทศบาล","12. ไม่ทราบ",85.60,ร้อยละ,สำนักงานสถิติแห่งชาติ
2567,"ไตรมาส 3","5) ภาคใต้","2) นอกเขตเทศบาล",รวม,68.50,ร้อยละ,สำนักงานสถิติแห่งชาติ
2567,"ไตรมาส 3","5) ภาคใต้","2) นอกเขตเทศบาล","01. ไม่มีการศึกษา",40.30,ร้อยละ,สำนักงานสถิติแห่งชาติ
2567,"ไตรมาส 3","5) ภาคใต้","2) นอกเขตเทศบาล","02. ต่ำกว่าประถมศึกษา",50.30,ร้อยละ,สำนักงานสถิติแห่งชาติ
2567,"ไตรมาส 3","5) ภาคใต้","2) นอกเขตเทศบาล","03. ประถมศึกษา",74.80,ร้อยละ,สำนักงานสถิติแห่งชาติ
2567,"ไตรมาส 3","5) ภาคใต้","2) นอกเขตเทศบาล","04. มัธยมศึกษาตอนต้น",61.70,ร้อยละ,สำนักงานสถิติแห่งชาติ
2567,"ไตรมาส 3","5) ภาคใต้","2) นอกเขตเทศบาล","05. มัธยมศึกษาตอนปลาย สายสามัญ",77.70,ร้อยละ,สำนักงานสถิติแห่งชาติ
2567,"ไตรมาส 3","5) ภาคใต้","2) นอกเขตเทศบาล","06. มัธยมศึกษาตอนปลาย สายอาชีวศึกษา",78.60,ร้อยละ,สำนักงานสถิติแห่งชาติ
2567,"ไตรมาส 3","5) ภาคใต้","2) นอกเขตเทศบาล","08. อุดมศึกษา สายวิชาการ",81.80,ร้อยละ,สำนักงานสถิติแห่งชาติ
2567,"ไตรมาส 3","5) ภาคใต้","2) นอกเขตเทศบาล","09. อุดมศึกษา สายวิชาชีพ",86.30,ร้อยละ,สำนักงานสถิติแห่งชาติ
2567,"ไตรมาส 3","5) ภาคใต้","2) นอกเขตเทศบาล","10. อุดมศึกษา สายวิชาการศึกษา",77.20,ร้อยละ,สำนักงานสถิติแห่งชาติ
2567,"ไตรมาส 3","5) ภาคใต้","2) นอกเขตเทศบาล","11. อื่น ๆ",43.50,ร้อยละ,สำนักงานสถิติแห่งชาติ
2567,"ไตรมาส 3","5) ภาคใต้","2) นอกเขตเทศบาล","12. ไม่ทราบ",78.00,ร้อยละ,สำนักงานสถิติแห่งชาติ
2567,"ไตรมาส 4",ทั่วราชอาณาจักร,รวม,รวม,67.60,ร้อยละ,สำนักงานสถิติแห่งชาติ
2567,"ไตรมาส 4",ทั่วราชอาณาจักร,รวม,"01. ไม่มีการศึกษา",51.20,ร้อยละ,สำนักงานสถิติแห่งชาติ
2567,"ไตรมาส 4",ทั่วราชอาณาจักร,รวม,"02. ต่ำกว่าประถมศึกษา",45.20,ร้อยละ,สำนักงานสถิติแห่งชาติ
2567,"ไตรมาส 4",ทั่วราชอาณาจักร,รวม,"03. ประถมศึกษา",74.10,ร้อยละ,สำนักงานสถิติแห่งชาติ
2567,"ไตรมาส 4",ทั่วราชอาณาจักร,รวม,"04. มัธยมศึกษาตอนต้น",65.30,ร้อยละ,สำนักงานสถิติแห่งชาติ
2567,"ไตรมาส 4",ทั่วราชอาณาจักร,รวม,"05. มัธยมศึกษาตอนปลาย สายสามัญ",71.60,ร้อยละ,สำนักงานสถิติแห่งชาติ
2567,"ไตรมาส 4",ทั่วราชอาณาจักร,รวม,"06. มัธยมศึกษาตอนปลาย สายอาชีวศึกษา",71.50,ร้อยละ,สำนักงานสถิติแห่งชาติ
2567,"ไตรมาส 4",ทั่วราชอาณาจักร,รวม,"07. มัธยมศึกษาตอนปลาย สายวิชาการศึกษา",63.30,ร้อยละ,สำนักงานสถิติแห่งชาติ
2567,"ไตรมาส 4",ทั่วราชอาณาจักร,รวม,"08. อุดมศึกษา สายวิชาการ",82.00,ร้อยละ,สำนักงานสถิติแห่งชาติ
2567,"ไตรมาส 4",ทั่วราชอาณาจักร,รวม,"09. อุดมศึกษา สายวิชาชีพ",83.50,ร้อยละ,สำนักงานสถิติแห่งชาติ
2567,"ไตรมาส 4",ทั่วราชอาณาจักร,รวม,"10. อุดมศึกษา สายวิชาการศึกษา",65.10,ร้อยละ,สำนักงานสถิติแห่งชาติ
2567,"ไตรมาส 4",ทั่วราชอาณาจักร,รวม,"11. อื่น ๆ",94.50,ร้อยละ,สำนักงานสถิติแห่งชาติ
2567,"ไตรมาส 4",ทั่วราชอาณาจักร,รวม,"12. ไม่ทราบ",84.60,ร้อยละ,สำนักงานสถิติแห่งชาติ
2567,"ไตรมาส 4",ทั่วราชอาณาจักร,"1) ในเขตเทศบาล",รวม,68.10,ร้อยละ,สำนักงานสถิติแห่งชาติ
2567,"ไตรมาส 4",ทั่วราชอาณาจักร,"1) ในเขตเทศบาล","01. ไม่มีการศึกษา",58.30,ร้อยละ,สำนักงานสถิติแห่งชาติ
2567,"ไตรมาส 4",ทั่วราชอาณาจักร,"1) ในเขตเทศบาล","02. ต่ำกว่าประถมศึกษา",42.10,ร้อยละ,สำนักงานสถิติแห่งชาติ
2567,"ไตรมาส 4",ทั่วราชอาณาจักร,"1) ในเขตเทศบาล","03. ประถมศึกษา",72.30,ร้อยละ,สำนักงานสถิติแห่งชาติ
2567,"ไตรมาส 4",ทั่วราชอาณาจักร,"1) ในเขตเทศบาล","04. มัธยมศึกษาตอนต้น",66.50,ร้อยละ,สำนักงานสถิติแห่งชาติ
2567,"ไตรมาส 4",ทั่วราชอาณาจักร,"1) ในเขตเทศบาล","05. มัธยมศึกษาตอนปลาย สายสามัญ",68.10,ร้อยละ,สำนักงานสถิติแห่งชาติ
2567,"ไตรมาส 4",ทั่วราชอาณาจักร,"1) ในเขตเทศบาล","06. มัธยมศึกษาตอนปลาย สายอาชีวศึกษา",69.30,ร้อยละ,สำนักงานสถิติแห่งชาติ
2567,"ไตรมาส 4",ทั่วราชอาณาจักร,"1) ในเขตเทศบาล","07. มัธยมศึกษาตอนปลาย สายวิชาการศึกษา",65.00,ร้อยละ,สำนักงานสถิติแห่งชาติ
2567,"ไตรมาส 4",ทั่วราชอาณาจักร,"1) ในเขตเทศบาล","08. อุดมศึกษา สายวิชาการ",81.20,ร้อยละ,สำนักงานสถิติแห่งชาติ
2567,"ไตรมาส 4",ทั่วราชอาณาจักร,"1) ในเขตเทศบาล","09. อุดมศึกษา สายวิชาชีพ",82.30,ร้อยละ,สำนักงานสถิติแห่งชาติ
2567,"ไตรมาส 4",ทั่วราชอาณาจักร,"1) ในเขตเทศบาล","10. อุดมศึกษา สายวิชาการศึกษา",58.50,ร้อยละ,สำนักงานสถิติแห่งชาติ
2567,"ไตรมาส 4",ทั่วราชอาณาจักร,"1) ในเขตเทศบาล","11. อื่น ๆ",95.00,ร้อยละ,สำนักงานสถิติแห่งชาติ
2567,"ไตรมาส 4",ทั่วราชอาณาจักร,"1) ในเขตเทศบาล","12. ไม่ทราบ",81.80,ร้อยละ,สำนักงานสถิติแห่งชาติ
2567,"ไตรมาส 4",ทั่วราชอาณาจักร,"2) นอกเขตเทศบาล",รวม,67.20,ร้อยละ,สำนักงานสถิติแห่งชาติ
2567,"ไตรมาส 4",ทั่วราชอาณาจักร,"2) นอกเขตเทศบาล","01. ไม่มีการศึกษา",46.70,ร้อยละ,สำนักงานสถิติแห่งชาติ
2567,"ไตรมาส 4",ทั่วราชอาณาจักร,"2) นอกเขตเทศบาล","02. ต่ำกว่าประถมศึกษา",46.90,ร้อยละ,สำนักงานสถิติแห่งชาติ
2567,"ไตรมาส 4",ทั่วราชอาณาจักร,"2) นอกเขตเทศบาล","03. ประถมศึกษา",75.20,ร้อยละ,สำนักงานสถิติแห่งชาติ
2567,"ไตรมาส 4",ทั่วราชอาณาจักร,"2) นอกเขตเทศบาล","04. มัธยมศึกษาตอนต้น",64.50,ร้อยละ,สำนักงานสถิติแห่งชาติ
2567,"ไตรมาส 4",ทั่วราชอาณาจักร,"2) นอกเขตเทศบาล","05. มัธยมศึกษาตอนปลาย สายสามัญ",75.00,ร้อยละ,สำนักงานสถิติแห่งชาติ
2567,"ไตรมาส 4",ทั่วราชอาณาจักร,"2) นอกเขตเทศบาล","06. มัธยมศึกษาตอนปลาย สายอาชีวศึกษา",74.20,ร้อยละ,สำนักงานสถิติแห่งชาติ
2567,"ไตรมาส 4",ทั่วราชอาณาจักร,"2) นอกเขตเทศบาล","07. มัธยมศึกษาตอนปลาย สายวิชาการศึกษา",57.90,ร้อยละ,สำนักงานสถิติแห่งชาติ
2567,"ไตรมาส 4",ทั่วราชอาณาจักร,"2) นอกเขตเทศบาล","08. อุดมศึกษา สายวิชาการ",83.30,ร้อยละ,สำนักงานสถิติแห่งชาติ
2567,"ไตรมาส 4",ทั่วราชอาณาจักร,"2) นอกเขตเทศบาล","09. อุดมศึกษา สายวิชาชีพ",84.80,ร้อยละ,สำนักงานสถิติแห่งชาติ
2567,"ไตรมาส 4",ทั่วราชอาณาจักร,"2) นอกเขตเทศบาล","10. อุดมศึกษา สายวิชาการศึกษา",72.10,ร้อยละ,สำนักงานสถิติแห่งชาติ
2567,"ไตรมาส 4",ทั่วราชอาณาจักร,"2) นอกเขตเทศบาล","11. อื่น ๆ",94.00,ร้อยละ,สำนักงานสถิติแห่งชาติ
2567,"ไตรมาส 4",ทั่วราชอาณาจักร,"2) นอกเขตเทศบาล","12. ไม่ทราบ",91.00,ร้อยละ,สำนักงานสถิติแห่งชาติ
2567,"ไตรมาส 4","1) กรุงเทพมหานคร",รวม,รวม,72.40,ร้อยละ,สำนักงานสถิติแห่งชาติ
2567,"ไตรมาส 4","1) กรุงเทพมหานคร",รวม,"01. ไม่มีการศึกษา",61.70,ร้อยละ,สำนักงานสถิติแห่งชาติ
2567,"ไตรมาส 4","1) กรุงเทพมหานคร",รวม,"02. ต่ำกว่าประถมศึกษา",46.30,ร้อยละ,สำนักงานสถิติแห่งชาติ
2567,"ไตรมาส 4","1) กรุงเทพมหานคร",รวม,"03. ประถมศึกษา",74.70,ร้อยละ,สำนักงานสถิติแห่งชาติ
2567,"ไตรมาส 4","1) กรุงเทพมหานคร",รวม,"04. มัธยมศึกษาตอนต้น",73.20,ร้อยละ,สำนักงานสถิติแห่งชาติ
2567,"ไตรมาส 4","1) กรุงเทพมหานคร",รวม,"05. มัธยมศึกษาตอนปลาย สายสามัญ",66.00,ร้อยละ,สำนักงานสถิติแห่งชาติ
2567,"ไตรมาส 4","1) กรุงเทพมหานคร",รวม,"06. มัธยมศึกษาตอนปลาย สายอาชีวศึกษา",72.20,ร้อยละ,สำนักงานสถิติแห่งชาติ
2567,"ไตรมาส 4","1) กรุงเทพมหานคร",รวม,"07. มัธยมศึกษาตอนปลาย สายวิชาการศึกษา",84.00,ร้อยละ,สำนักงานสถิติแห่งชาติ
2567,"ไตรมาส 4","1) กรุงเทพมหานคร",รวม,"08. อุดมศึกษา สายวิชาการ",81.70,ร้อยละ,สำนักงานสถิติแห่งชาติ
2567,"ไตรมาส 4","1) กรุงเทพมหานคร",รวม,"09. อุดมศึกษา สายวิชาชีพ",77.10,ร้อยละ,สำนักงานสถิติแห่งชาติ
2567,"ไตรมาส 4","1) กรุงเทพมหานคร",รวม,"10. อุดมศึกษา สายวิชาการศึกษา",67.80,ร้อยละ,สำนักงานสถิติแห่งชาติ
2567,"ไตรมาส 4","1) กรุงเทพมหานคร",รวม,"12. ไม่ทราบ",75.20,ร้อยละ,สำนักงานสถิติแห่งชาติ
2567,"ไตรมาส 4","1) กรุงเทพมหานคร","1) ในเขตเทศบาล",รวม,72.40,ร้อยละ,สำนักงานสถิติแห่งชาติ
2567,"ไตรมาส 4","1) กรุงเทพมหานคร","1) ในเขตเทศบาล","01. ไม่มีการศึกษา",61.70,ร้อยละ,สำนักงานสถิติแห่งชาติ
2567,"ไตรมาส 4","1) กรุงเทพมหานคร","1) ในเขตเทศบาล","02. ต่ำกว่าประถมศึกษา",46.30,ร้อยละ,สำนักงานสถิติแห่งชาติ
2567,"ไตรมาส 4","1) กรุงเทพมหานคร","1) ในเขตเทศบาล","03. ประถมศึกษา",74.70,ร้อยละ,สำนักงานสถิติแห่งชาติ
2567,"ไตรมาส 4","1) กรุงเทพมหานคร","1) ในเขตเทศบาล","04. มัธยมศึกษาตอนต้น",73.20,ร้อยละ,สำนักงานสถิติแห่งชาติ
2567,"ไตรมาส 4","1) กรุงเทพมหานคร","1) ในเขตเทศบาล","05. มัธยมศึกษาตอนปลาย สายสามัญ",66.00,ร้อยละ,สำนักงานสถิติแห่งชาติ
2567,"ไตรมาส 4","1) กรุงเทพมหานคร","1) ในเขตเทศบาล","06. มัธยมศึกษาตอนปลาย สายอาชีวศึกษา",72.20,ร้อยละ,สำนักงานสถิติแห่งชาติ
2567,"ไตรมาส 4","1) กรุงเทพมหานคร","1) ในเขตเทศบาล","07. มัธยมศึกษาตอนปลาย สายวิชาการศึกษา",84.00,ร้อยละ,สำนักงานสถิติแห่งชาติ
2567,"ไตรมาส 4","1) กรุงเทพมหานคร","1) ในเขตเทศบาล","08. อุดมศึกษา สายวิชาการ",81.70,ร้อยละ,สำนักงานสถิติแห่งชาติ
2567,"ไตรมาส 4","1) กรุงเทพมหานคร","1) ในเขตเทศบาล","09. อุดมศึกษา สายวิชาชีพ",77.10,ร้อยละ,สำนักงานสถิติแห่งชาติ
2567,"ไตรมาส 4","1) กรุงเทพมหานคร","1) ในเขตเทศบาล","10. อุดมศึกษา สายวิชาการศึกษา",67.80,ร้อยละ,สำนักงานสถิติแห่งชาติ
2567,"ไตรมาส 4","1) กรุงเทพมหานคร","1) ในเขตเทศบาล","12. ไม่ทราบ",75.20,ร้อยละ,สำนักงานสถิติแห่งชาติ
2567,"ไตรมาส 4","2) ภาคกลาง",รวม,รวม,70.40,ร้อยละ,สำนักงานสถิติแห่งชาติ
2567,"ไตรมาส 4","2) ภาคกลาง",รวม,"01. ไม่มีการศึกษา",57.00,ร้อยละ,สำนักงานสถิติแห่งชาติ
2567,"ไตรมาส 4","2) ภาคกลาง",รวม,"02. ต่ำกว่าประถมศึกษา",42.40,ร้อยละ,สำนักงานสถิติแห่งชาติ
2567,"ไตรมาส 4","2) ภาคกลาง",รวม,"03. ประถมศึกษา",73.20,ร้อยละ,สำนักงานสถิติแห่งชาติ
2567,"ไตรมาส 4","2) ภาคกลาง",รวม,"04. มัธยมศึกษาตอนต้น",70.10,ร้อยละ,สำนักงานสถิติแห่งชาติ
2567,"ไตรมาส 4","2) ภาคกลาง",รวม,"05. มัธยมศึกษาตอนปลาย สายสามัญ",73.60,ร้อยละ,สำนักงานสถิติแห่งชาติ
2567,"ไตรมาส 4","2) ภาคกลาง",รวม,"06. มัธยมศึกษาตอนปลาย สายอาชีวศึกษา",74.90,ร้อยละ,สำนักงานสถิติแห่งชาติ
2567,"ไตรมาส 4","2) ภาคกลาง",รวม,"07. มัธยมศึกษาตอนปลาย สายวิชาการศึกษา",67.30,ร้อยละ,สำนักงานสถิติแห่งชาติ
2567,"ไตรมาส 4","2) ภาคกลาง",รวม,"08. อุดมศึกษา สายวิชาการ",82.20,ร้อยละ,สำนักงานสถิติแห่งชาติ
2567,"ไตรมาส 4","2) ภาคกลาง",รวม,"09. อุดมศึกษา สายวิชาชีพ",84.70,ร้อยละ,สำนักงานสถิติแห่งชาติ
2567,"ไตรมาส 4","2) ภาคกลาง",รวม,"10. อุดมศึกษา สายวิชาการศึกษา",62.30,ร้อยละ,สำนักงานสถิติแห่งชาติ
2567,"ไตรมาส 4","2) ภาคกลาง",รวม,"11. อื่น ๆ",97.00,ร้อยละ,สำนักงานสถิติแห่งชาติ
2567,"ไตรมาส 4","2) ภาคกลาง",รวม,"12. ไม่ทราบ",86.30,ร้อยละ,สำนักงานสถิติแห่งชาติ
2567,"ไตรมาส 4","2) ภาคกลาง","1) ในเขตเทศบาล",รวม,70.20,ร้อยละ,สำนักงานสถิติแห่งชาติ
2567,"ไตรมาส 4","2) ภาคกลาง","1) ในเขตเทศบาล","01. ไม่มีการศึกษา",65.90,ร้อยละ,สำนักงานสถิติแห่งชาติ
2567,"ไตรมาส 4","2) ภาคกลาง","1) ในเขตเทศบาล","02. ต่ำกว่าประถมศึกษา",40.70,ร้อยละ,สำนักงานสถิติแห่งชาติ
2567,"ไตรมาส 4","2) ภาคกลาง","1) ในเขตเทศบาล","03. ประถมศึกษา",71.60,ร้อยละ,สำนักงานสถิติแห่งชาติ
2567,"ไตรมาส 4","2) ภาคกลาง","1) ในเขตเทศบาล","04. มัธยมศึกษาตอนต้น",69.50,ร้อยละ,สำนักงานสถิติแห่งชาติ
2567,"ไตรมาส 4","2) ภาคกลาง","1) ในเขตเทศบาล","05. มัธยมศึกษาตอนปลาย สายสามัญ",72.40,ร้อยละ,สำนักงานสถิติแห่งชาติ
2567,"ไตรมาส 4","2) ภาคกลาง","1) ในเขตเทศบาล","06. มัธยมศึกษาตอนปลาย สายอาชีวศึกษา",69.60,ร้อยละ,สำนักงานสถิติแห่งชาติ
2567,"ไตรมาส 4","2) ภาคกลาง","1) ในเขตเทศบาล","07. มัธยมศึกษาตอนปลาย สายวิชาการศึกษา",77.80,ร้อยละ,สำนักงานสถิติแห่งชาติ
2567,"ไตรมาส 4","2) ภาคกลาง","1) ในเขตเทศบาล","08. อุดมศึกษา สายวิชาการ",81.30,ร้อยละ,สำนักงานสถิติแห่งชาติ
2567,"ไตรมาส 4","2) ภาคกลาง","1) ในเขตเทศบาล","09. อุดมศึกษา สายวิชาชีพ",83.90,ร้อยละ,สำนักงานสถิติแห่งชาติ
2567,"ไตรมาส 4","2) ภาคกลาง","1) ในเขตเทศบาล","10. อุดมศึกษา สายวิชาการศึกษา",53.50,ร้อยละ,สำนักงานสถิติแห่งชาติ
2567,"ไตรมาส 4","2) ภาคกลาง","1) ในเขตเทศบาล","11. อื่น ๆ",95.80,ร้อยละ,สำนักงานสถิติแห่งชาติ
2567,"ไตรมาส 4","2) ภาคกลาง","1) ในเขตเทศบาล","12. ไม่ทราบ",84.20,ร้อยละ,สำนักงานสถิติแห่งชาติ
2567,"ไตรมาส 4","2) ภาคกลาง","2) นอกเขตเทศบาล",รวม,70.60,ร้อยละ,สำนักงานสถิติแห่งชาติ
2567,"ไตรมาส 4","2) ภาคกลาง","2) นอกเขตเทศบาล","01. ไม่มีการศึกษา",48.90,ร้อยละ,สำนักงานสถิติแห่งชาติ
2567,"ไตรมาส 4","2) ภาคกลาง","2) นอกเขตเทศบาล","02. ต่ำกว่าประถมศึกษา",43.50,ร้อยละ,สำนักงานสถิติแห่งชาติ
2567,"ไตรมาส 4","2) ภาคกลาง","2) นอกเขตเทศบาล","03. ประถมศึกษา",74.50,ร้อยละ,สำนักงานสถิติแห่งชาติ
2567,"ไตรมาส 4","2) ภาคกลาง","2) นอกเขตเทศบาล","04. มัธยมศึกษาตอนต้น",70.60,ร้อยละ,สำนักงานสถิติแห่งชาติ
2567,"ไตรมาส 4","2) ภาคกลาง","2) นอกเขตเทศบาล","05. มัธยมศึกษาตอนปลาย สายสามัญ",74.80,ร้อยละ,สำนักงานสถิติแห่งชาติ
2567,"ไตรมาส 4","2) ภาคกลาง","2) นอกเขตเทศบาล","06. มัธยมศึกษาตอนปลาย สายอาชีวศึกษา",80.30,ร้อยละ,สำนักงานสถิติแห่งชาติ
2567,"ไตรมาส 4","2) ภาคกลาง","2) นอกเขตเทศบาล","07. มัธยมศึกษาตอนปลาย สายวิชาการศึกษา",54.50,ร้อยละ,สำนักงานสถิติแห่งชาติ
2567,"ไตรมาส 4","2) ภาคกลาง","2) นอกเขตเทศบาล","08. อุดมศึกษา สายวิชาการ",83.30,ร้อยละ,สำนักงานสถิติแห่งชาติ
2567,"ไตรมาส 4","2) ภาคกลาง","2) นอกเขตเทศบาล","09. อุดมศึกษา สายวิชาชีพ",85.50,ร้อยละ,สำนักงานสถิติแห่งชาติ
2567,"ไตรมาส 4","2) ภาคกลาง","2) นอกเขตเทศบาล","10. อุดมศึกษา สายวิชาการศึกษา",70.10,ร้อยละ,สำนักงานสถิติแห่งชาติ
2567,"ไตรมาส 4","2) ภาคกลาง","2) นอกเขตเทศบาล","11. อื่น ๆ",98.30,ร้อยละ,สำนักงานสถิติแห่งชาติ
2567,"ไตรมาส 4","2) ภาคกลาง","2) นอกเขตเทศบาล","12. ไม่ทราบ",90.50,ร้อยละ,สำนักงานสถิติแห่งชาติ
2567,"ไตรมาส 4","3) ภาคเหนือ",รวม,รวม,65.30,ร้อยละ,สำนักงานสถิติแห่งชาติ
2567,"ไตรมาส 4","3) ภาคเหนือ",รวม,"01. ไม่มีการศึกษา",53.70,ร้อยละ,สำนักงานสถิติแห่งชาติ
2567,"ไตรมาส 4","3) ภาคเหนือ",รวม,"02. ต่ำกว่าประถมศึกษา",49.60,ร้อยละ,สำนักงานสถิติแห่งชาติ
2567,"ไตรมาส 4","3) ภาคเหนือ",รวม,"03. ประถมศึกษา",74.50,ร้อยละ,สำนักงานสถิติแห่งชาติ
2567,"ไตรมาส 4","3) ภาคเหนือ",รวม,"04. มัธยมศึกษาตอนต้น",62.60,ร้อยละ,สำนักงานสถิติแห่งชาติ
2567,"ไตรมาส 4","3) ภาคเหนือ",รวม,"05. มัธยมศึกษาตอนปลาย สายสามัญ",73.00,ร้อยละ,สำนักงานสถิติแห่งชาติ
2567,"ไตรมาส 4","3) ภาคเหนือ",รวม,"06. มัธยมศึกษาตอนปลาย สายอาชีวศึกษา",69.40,ร้อยละ,สำนักงานสถิติแห่งชาติ
2567,"ไตรมาส 4","3) ภาคเหนือ",รวม,"07. มัธยมศึกษาตอนปลาย สายวิชาการศึกษา",6.90,ร้อยละ,สำนักงานสถิติแห่งชาติ
2567,"ไตรมาส 4","3) ภาคเหนือ",รวม,"08. อุดมศึกษา สายวิชาการ",81.10,ร้อยละ,สำนักงานสถิติแห่งชาติ
2567,"ไตรมาส 4","3) ภาคเหนือ",รวม,"09. อุดมศึกษา สายวิชาชีพ",84.90,ร้อยละ,สำนักงานสถิติแห่งชาติ
2567,"ไตรมาส 4","3) ภาคเหนือ",รวม,"10. อุดมศึกษา สายวิชาการศึกษา",65.30,ร้อยละ,สำนักงานสถิติแห่งชาติ
2567,"ไตรมาส 4","3) ภาคเหนือ",รวม,"11. อื่น ๆ",.00,ร้อยละ,สำนักงานสถิติแห่งชาติ
2567,"ไตรมาส 4","3) ภาคเหนือ",รวม,"12. ไม่ทราบ",91.50,ร้อยละ,สำนักงานสถิติแห่งชาติ
2567,"ไตรมาส 4","3) ภาคเหนือ","1) ในเขตเทศบาล",รวม,63.50,ร้อยละ,สำนักงานสถิติแห่งชาติ
2567,"ไตรมาส 4","3) ภาคเหนือ","1) ในเขตเทศบาล","01. ไม่มีการศึกษา",55.80,ร้อยละ,สำนักงานสถิติแห่งชาติ
2567,"ไตรมาส 4","3) ภาคเหนือ","1) ในเขตเทศบาล","02. ต่ำกว่าประถมศึกษา",46.00,ร้อยละ,สำนักงานสถิติแห่งชาติ
2567,"ไตรมาส 4","3) ภาคเหนือ","1) ในเขตเทศบาล","03. ประถมศึกษา",68.90,ร้อยละ,สำนักงานสถิติแห่งชาติ
2567,"ไตรมาส 4","3) ภาคเหนือ","1) ในเขตเทศบาล","04. มัธยมศึกษาตอนต้น",58.80,ร้อยละ,สำนักงานสถิติแห่งชาติ
2567,"ไตรมาส 4","3) ภาคเหนือ","1) ในเขตเทศบาล","05. มัธยมศึกษาตอนปลาย สายสามัญ",68.30,ร้อยละ,สำนักงานสถิติแห่งชาติ
2567,"ไตรมาส 4","3) ภาคเหนือ","1) ในเขตเทศบาล","06. มัธยมศึกษาตอนปลาย สายอาชีวศึกษา",70.90,ร้อยละ,สำนักงานสถิติแห่งชาติ
2567,"ไตรมาส 4","3) ภาคเหนือ","1) ในเขตเทศบาล","07. มัธยมศึกษาตอนปลาย สายวิชาการศึกษา",3.60,ร้อยละ,สำนักงานสถิติแห่งชาติ
2567,"ไตรมาส 4","3) ภาคเหนือ","1) ในเขตเทศบาล","08. อุดมศึกษา สายวิชาการ",78.60,ร้อยละ,สำนักงานสถิติแห่งชาติ
2567,"ไตรมาส 4","3) ภาคเหนือ","1) ในเขตเทศบาล","09. อุดมศึกษา สายวิชาชีพ",84.90,ร้อยละ,สำนักงานสถิติแห่งชาติ
2567,"ไตรมาส 4","3) ภาคเหนือ","1) ในเขตเทศบาล","10. อุดมศึกษา สายวิชาการศึกษา",58.40,ร้อยละ,สำนักงานสถิติแห่งชาติ
2567,"ไตรมาส 4","3) ภาคเหนือ","1) ในเขตเทศบาล","11. อื่น ๆ",.00,ร้อยละ,สำนักงานสถิติแห่งชาติ
2567,"ไตรมาส 4","3) ภาคเหนือ","1) ในเขตเทศบาล","12. ไม่ทราบ",87.00,ร้อยละ,สำนักงานสถิติแห่งชาติ
2567,"ไตรมาส 4","3) ภาคเหนือ","2) นอกเขตเทศบาล",รวม,66.20,ร้อยละ,สำนักงานสถิติแห่งชาติ
2567,"ไตรมาส 4","3) ภาคเหนือ","2) นอกเขตเทศบาล","01. ไม่มีการศึกษา",53.00,ร้อยละ,สำนักงานสถิติแห่งชาติ
2567,"ไตรมาส 4","3) ภาคเหนือ","2) นอกเขตเทศบาล","02. ต่ำกว่าประถมศึกษา",51.20,ร้อยละ,สำนักงานสถิติแห่งชาติ
2567,"ไตรมาส 4","3) ภาคเหนือ","2) นอกเขตเทศบาล","03. ประถมศึกษา",76.70,ร้อยละ,สำนักงานสถิติแห่งชาติ
2567,"ไตรมาส 4","3) ภาคเหนือ","2) นอกเขตเทศบาล","04. มัธยมศึกษาตอนต้น",64.50,ร้อยละ,สำนักงานสถิติแห่งชาติ
2567,"ไตรมาส 4","3) ภาคเหนือ","2) นอกเขตเทศบาล","05. มัธยมศึกษาตอนปลาย สายสามัญ",75.90,ร้อยละ,สำนักงานสถิติแห่งชาติ
2567,"ไตรมาส 4","3) ภาคเหนือ","2) นอกเขตเทศบาล","06. มัธยมศึกษาตอนปลาย สายอาชีวศึกษา",68.30,ร้อยละ,สำนักงานสถิติแห่งชาติ
2567,"ไตรมาส 4","3) ภาคเหนือ","2) นอกเขตเทศบาล","07. มัธยมศึกษาตอนปลาย สายวิชาการศึกษา",100.00,ร้อยละ,สำนักงานสถิติแห่งชาติ
2567,"ไตรมาส 4","3) ภาคเหนือ","2) นอกเขตเทศบาล","08. อุดมศึกษา สายวิชาการ",84.10,ร้อยละ,สำนักงานสถิติแห่งชาติ
2567,"ไตรมาส 4","3) ภาคเหนือ","2) นอกเขตเทศบาล","09. อุดมศึกษา สายวิชาชีพ",84.90,ร้อยละ,สำนักงานสถิติแห่งชาติ
2567,"ไตรมาส 4","3) ภาคเหนือ","2) นอกเขตเทศบาล","10. อุดมศึกษา สายวิชาการศึกษา",72.00,ร้อยละ,สำนักงานสถิติแห่งชาติ
2567,"ไตรมาส 4","3) ภาคเหนือ","2) นอกเขตเทศบาล","11. อื่น ๆ",.00,ร้อยละ,สำนักงานสถิติแห่งชาติ
2567,"ไตรมาส 4","3) ภาคเหนือ","2) นอกเขตเทศบาล","12. ไม่ทราบ",100.00,ร้อยละ,สำนักงานสถิติแห่งชาติ
2567,"ไตรมาส 4","4) ภาคตะวันออกเฉียงเหนือ",รวม,รวม,63.30,ร้อยละ,สำนักงานสถิติแห่งชาติ
2567,"ไตรมาส 4","4) ภาคตะวันออกเฉียงเหนือ",รวม,"01. ไม่มีการศึกษา",28.10,ร้อยละ,สำนักงานสถิติแห่งชาติ
2567,"ไตรมาส 4","4) ภาคตะวันออกเฉียงเหนือ",รวม,"02. ต่ำกว่าประถมศึกษา",43.40,ร้อยละ,สำนักงานสถิติแห่งชาติ
2567,"ไตรมาส 4","4) ภาคตะวันออกเฉียงเหนือ",รวม,"03. ประถมศึกษา",74.50,ร้อยละ,สำนักงานสถิติแห่งชาติ
2567,"ไตรมาส 4","4) ภาคตะวันออกเฉียงเหนือ",รวม,"04. มัธยมศึกษาตอนต้น",59.20,ร้อยละ,สำนักงานสถิติแห่งชาติ
2567,"ไตรมาส 4","4) ภาคตะวันออกเฉียงเหนือ",รวม,"05. มัธยมศึกษาตอนปลาย สายสามัญ",71.70,ร้อยละ,สำนักงานสถิติแห่งชาติ
2567,"ไตรมาส 4","4) ภาคตะวันออกเฉียงเหนือ",รวม,"06. มัธยมศึกษาตอนปลาย สายอาชีวศึกษา",62.70,ร้อยละ,สำนักงานสถิติแห่งชาติ
2567,"ไตรมาส 4","4) ภาคตะวันออกเฉียงเหนือ",รวม,"07. มัธยมศึกษาตอนปลาย สายวิชาการศึกษา",71.40,ร้อยละ,สำนักงานสถิติแห่งชาติ
2567,"ไตรมาส 4","4) ภาคตะวันออกเฉียงเหนือ",รวม,"08. อุดมศึกษา สายวิชาการ",83.00,ร้อยละ,สำนักงานสถิติแห่งชาติ
2567,"ไตรมาส 4","4) ภาคตะวันออกเฉียงเหนือ",รวม,"09. อุดมศึกษา สายวิชาชีพ",85.30,ร้อยละ,สำนักงานสถิติแห่งชาติ
2567,"ไตรมาส 4","4) ภาคตะวันออกเฉียงเหนือ",รวม,"10. อุดมศึกษา สายวิชาการศึกษา",64.60,ร้อยละ,สำนักงานสถิติแห่งชาติ
2567,"ไตรมาส 4","4) ภาคตะวันออกเฉียงเหนือ",รวม,"12. ไม่ทราบ",75.00,ร้อยละ,สำนักงานสถิติแห่งชาติ
2567,"ไตรมาส 4","4) ภาคตะวันออกเฉียงเหนือ","1) ในเขตเทศบาล",รวม,61.00,ร้อยละ,สำนักงานสถิติแห่งชาติ
2567,"ไตรมาส 4","4) ภาคตะวันออกเฉียงเหนือ","1) ในเขตเทศบาล","01. ไม่มีการศึกษา",26.60,ร้อยละ,สำนักงานสถิติแห่งชาติ
2567,"ไตรมาส 4","4) ภาคตะวันออกเฉียงเหนือ","1) ในเขตเทศบาล","02. ต่ำกว่าประถมศึกษา",37.60,ร้อยละ,สำนักงานสถิติแห่งชาติ
2567,"ไตรมาส 4","4) ภาคตะวันออกเฉียงเหนือ","1) ในเขตเทศบาล","03. ประถมศึกษา",72.40,ร้อยละ,สำนักงานสถิติแห่งชาติ
2567,"ไตรมาส 4","4) ภาคตะวันออกเฉียงเหนือ","1) ในเขตเทศบาล","04. มัธยมศึกษาตอนต้น",57.80,ร้อยละ,สำนักงานสถิติแห่งชาติ
2567,"ไตรมาส 4","4) ภาคตะวันออกเฉียงเหนือ","1) ในเขตเทศบาล","05. มัธยมศึกษาตอนปลาย สายสามัญ",66.30,ร้อยละ,สำนักงานสถิติแห่งชาติ
2567,"ไตรมาส 4","4) ภาคตะวันออกเฉียงเหนือ","1) ในเขตเทศบาล","06. มัธยมศึกษาตอนปลาย สายอาชีวศึกษา",60.30,ร้อยละ,สำนักงานสถิติแห่งชาติ
2567,"ไตรมาส 4","4) ภาคตะวันออกเฉียงเหนือ","1) ในเขตเทศบาล","07. มัธยมศึกษาตอนปลาย สายวิชาการศึกษา",100.00,ร้อยละ,สำนักงานสถิติแห่งชาติ
2567,"ไตรมาส 4","4) ภาคตะวันออกเฉียงเหนือ","1) ในเขตเทศบาล","08. อุดมศึกษา สายวิชาการ",81.50,ร้อยละ,สำนักงานสถิติแห่งชาติ
2567,"ไตรมาส 4","4) ภาคตะวันออกเฉียงเหนือ","1) ในเขตเทศบาล","09. อุดมศึกษา สายวิชาชีพ",85.50,ร้อยละ,สำนักงานสถิติแห่งชาติ
2567,"ไตรมาส 4","4) ภาคตะวันออกเฉียงเหนือ","1) ในเขตเทศบาล","10. อุดมศึกษา สายวิชาการศึกษา",51.30,ร้อยละ,สำนักงานสถิติแห่งชาติ
2567,"ไตรมาส 4","4) ภาคตะวันออกเฉียงเหนือ","1) ในเขตเทศบาล","12. ไม่ทราบ",100.00,ร้อยละ,สำนักงานสถิติแห่งชาติ
2567,"ไตรมาส 4","4) ภาคตะวันออกเฉียงเหนือ","2) นอกเขตเทศบาล",รวม,64.30,ร้อยละ,สำนักงานสถิติแห่งชาติ
2567,"ไตรมาส 4","4) ภาคตะวันออกเฉียงเหนือ","2) นอกเขตเทศบาล","01. ไม่มีการศึกษา",28.60,ร้อยละ,สำนักงานสถิติแห่งชาติ
2567,"ไตรมาส 4","4) ภาคตะวันออกเฉียงเหนือ","2) นอกเขตเทศบาล","02. ต่ำกว่าประถมศึกษา",45.50,ร้อยละ,สำนักงานสถิติแห่งชาติ
2567,"ไตรมาส 4","4) ภาคตะวันออกเฉียงเหนือ","2) นอกเขตเทศบาล","03. ประถมศึกษา",75.20,ร้อยละ,สำนักงานสถิติแห่งชาติ
2567,"ไตรมาส 4","4) ภาคตะวันออกเฉียงเหนือ","2) นอกเขตเทศบาล","04. มัธยมศึกษาตอนต้น",59.80,ร้อยละ,สำนักงานสถิติแห่งชาติ
2567,"ไตรมาส 4","4) ภาคตะวันออกเฉียงเหนือ","2) นอกเขตเทศบาล","05. มัธยมศึกษาตอนปลาย สายสามัญ",74.40,ร้อยละ,สำนักงานสถิติแห่งชาติ
2567,"ไตรมาส 4","4) ภาคตะวันออกเฉียงเหนือ","2) นอกเขตเทศบาล","06. มัธยมศึกษาตอนปลาย สายอาชีวศึกษา",64.00,ร้อยละ,สำนักงานสถิติแห่งชาติ
2567,"ไตรมาส 4","4) ภาคตะวันออกเฉียงเหนือ","2) นอกเขตเทศบาล","07. มัธยมศึกษาตอนปลาย สายวิชาการศึกษา",.00,ร้อยละ,สำนักงานสถิติแห่งชาติ
2567,"ไตรมาส 4","4) ภาคตะวันออกเฉียงเหนือ","2) นอกเขตเทศบาล","08. อุดมศึกษา สายวิชาการ",84.20,ร้อยละ,สำนักงานสถิติแห่งชาติ
2567,"ไตรมาส 4","4) ภาคตะวันออกเฉียงเหนือ","2) นอกเขตเทศบาล","09. อุดมศึกษา สายวิชาชีพ",85.20,ร้อยละ,สำนักงานสถิติแห่งชาติ
2567,"ไตรมาส 4","4) ภาคตะวันออกเฉียงเหนือ","2) นอกเขตเทศบาล","10. อุดมศึกษา สายวิชาการศึกษา",73.90,ร้อยละ,สำนักงานสถิติแห่งชาติ
2567,"ไตรมาส 4","4) ภาคตะวันออกเฉียงเหนือ","2) นอกเขตเทศบาล","12. ไม่ทราบ",50.00,ร้อยละ,สำนักงานสถิติแห่งชาติ
2567,"ไตรมาส 4","5) ภาคใต้",รวม,รวม,67.20,ร้อยละ,สำนักงานสถิติแห่งชาติ
2567,"ไตรมาส 4","5) ภาคใต้",รวม,"01. ไม่มีการศึกษา",40.30,ร้อยละ,สำนักงานสถิติแห่งชาติ
2567,"ไตรมาส 4","5) ภาคใต้",รวม,"02. ต่ำกว่าประถมศึกษา",48.10,ร้อยละ,สำนักงานสถิติแห่งชาติ
2567,"ไตรมาส 4","5) ภาคใต้",รวม,"03. ประถมศึกษา",74.20,ร้อยละ,สำนักงานสถิติแห่งชาติ
2567,"ไตรมาส 4","5) ภาคใต้",รวม,"04. มัธยมศึกษาตอนต้น",60.70,ร้อยละ,สำนักงานสถิติแห่งชาติ
2567,"ไตรมาส 4","5) ภาคใต้",รวม,"05. มัธยมศึกษาตอนปลาย สายสามัญ",70.60,ร้อยละ,สำนักงานสถิติแห่งชาติ
2567,"ไตรมาส 4","5) ภาคใต้",รวม,"06. มัธยมศึกษาตอนปลาย สายอาชีวศึกษา",71.30,ร้อยละ,สำนักงานสถิติแห่งชาติ
2567,"ไตรมาส 4","5) ภาคใต้",รวม,"07. มัธยมศึกษาตอนปลาย สายวิชาการศึกษา",78.30,ร้อยละ,สำนักงานสถิติแห่งชาติ
2567,"ไตรมาส 4","5) ภาคใต้",รวม,"08. อุดมศึกษา สายวิชาการ",81.90,ร้อยละ,สำนักงานสถิติแห่งชาติ
2567,"ไตรมาส 4","5) ภาคใต้",รวม,"09. อุดมศึกษา สายวิชาชีพ",82.40,ร้อยละ,สำนักงานสถิติแห่งชาติ
2567,"ไตรมาส 4","5) ภาคใต้",รวม,"10. อุดมศึกษา สายวิชาการศึกษา",67.60,ร้อยละ,สำนักงานสถิติแห่งชาติ
2567,"ไตรมาส 4","5) ภาคใต้",รวม,"11. อื่น ๆ",42.10,ร้อยละ,สำนักงานสถิติแห่งชาติ
2567,"ไตรมาส 4","5) ภาคใต้",รวม,"12. ไม่ทราบ",82.30,ร้อยละ,สำนักงานสถิติแห่งชาติ
2567,"ไตรมาส 4","5) ภาคใต้","1) ในเขตเทศบาล",รวม,65.70,ร้อยละ,สำนักงานสถิติแห่งชาติ
2567,"ไตรมาส 4","5) ภาคใต้","1) ในเขตเทศบาล","01. ไม่มีการศึกษา",49.70,ร้อยละ,สำนักงานสถิติแห่งชาติ
2567,"ไตรมาส 4","5) ภาคใต้","1) ในเขตเทศบาล","02. ต่ำกว่าประถมศึกษา",44.30,ร้อยละ,สำนักงานสถิติแห่งชาติ
2567,"ไตรมาส 4","5) ภาคใต้","1) ในเขตเทศบาล","03. ประถมศึกษา",72.00,ร้อยละ,สำนักงานสถิติแห่งชาติ
2567,"ไตรมาส 4","5) ภาคใต้","1) ในเขตเทศบาล","04. มัธยมศึกษาตอนต้น",59.90,ร้อยละ,สำนักงานสถิติแห่งชาติ
2567,"ไตรมาส 4","5) ภาคใต้","1) ในเขตเทศบาล","05. มัธยมศึกษาตอนปลาย สายสามัญ",62.20,ร้อยละ,สำนักงานสถิติแห่งชาติ
2567,"ไตรมาส 4","5) ภาคใต้","1) ในเขตเทศบาล","06. มัธยมศึกษาตอนปลาย สายอาชีวศึกษา",65.30,ร้อยละ,สำนักงานสถิติแห่งชาติ
2567,"ไตรมาส 4","5) ภาคใต้","1) ในเขตเทศบาล","07. มัธยมศึกษาตอนปลาย สายวิชาการศึกษา",100.00,ร้อยละ,สำนักงานสถิติแห่งชาติ
2567,"ไตรมาส 4","5) ภาคใต้","1) ในเขตเทศบาล","08. อุดมศึกษา สายวิชาการ",81.70,ร้อยละ,สำนักงานสถิติแห่งชาติ
2567,"ไตรมาส 4","5) ภาคใต้","1) ในเขตเทศบาล","09. อุดมศึกษา สายวิชาชีพ",82.80,ร้อยละ,สำนักงานสถิติแห่งชาติ
2567,"ไตรมาส 4","5) ภาคใต้","1) ในเขตเทศบาล","10. อุดมศึกษา สายวิชาการศึกษา",60.80,ร้อยละ,สำนักงานสถิติแห่งชาติ
2567,"ไตรมาส 4","5) ภาคใต้","1) ในเขตเทศบาล","11. อื่น ๆ",50.00,ร้อยละ,สำนักงานสถิติแห่งชาติ
2567,"ไตรมาส 4","5) ภาคใต้","1) ในเขตเทศบาล","12. ไม่ทราบ",72.40,ร้อยละ,สำนักงานสถิติแห่งชาติ
2567,"ไตรมาส 4","5) ภาคใต้","2) นอกเขตเทศบาล",รวม,67.90,ร้อยละ,สำนักงานสถิติแห่งชาติ
2567,"ไตรมาส 4","5) ภาคใต้","2) นอกเขตเทศบาล","01. ไม่มีการศึกษา",36.50,ร้อยละ,สำนักงานสถิติแห่งชาติ
2567,"ไตรมาส 4","5) ภาคใต้","2) นอกเขตเทศบาล","02. ต่ำกว่าประถมศึกษา",49.80,ร้อยละ,สำนักงานสถิติแห่งชาติ
2567,"ไตรมาส 4","5) ภาคใต้","2) นอกเขตเทศบาล","03. ประถมศึกษา",75.10,ร้อยละ,สำนักงานสถิติแห่งชาติ
2567,"ไตรมาส 4","5) ภาคใต้","2) นอกเขตเทศบาล","04. มัธยมศึกษาตอนต้น",61.00,ร้อยละ,สำนักงานสถิติแห่งชาติ
2567,"ไตรมาส 4","5) ภาคใต้","2) นอกเขตเทศบาล","05. มัธยมศึกษาตอนปลาย สายสามัญ",75.50,ร้อยละ,สำนักงานสถิติแห่งชาติ
2567,"ไตรมาส 4","5) ภาคใต้","2) นอกเขตเทศบาล","06. มัธยมศึกษาตอนปลาย สายอาชีวศึกษา",75.70,ร้อยละ,สำนักงานสถิติแห่งชาติ
2567,"ไตรมาส 4","5) ภาคใต้","2) นอกเขตเทศบาล","07. มัธยมศึกษาตอนปลาย สายวิชาการศึกษา",66.70,ร้อยละ,สำนักงานสถิติแห่งชาติ
2567,"ไตรมาส 4","5) ภาคใต้","2) นอกเขตเทศบาล","08. อุดมศึกษา สายวิชาการ",82.00,ร้อยละ,สำนักงานสถิติแห่งชาติ
2567,"ไตรมาส 4","5) ภาคใต้","2) นอกเขตเทศบาล","09. อุดมศึกษา สายวิชาชีพ",82.10,ร้อยละ,สำนักงานสถิติแห่งชาติ
2567,"ไตรมาส 4","5) ภาคใต้","2) นอกเขตเทศบาล","10. อุดมศึกษา สายวิชาการศึกษา",72.10,ร้อยละ,สำนักงานสถิติแห่งชาติ
2567,"ไตรมาส 4","5) ภาคใต้","2) นอกเขตเทศบาล","11. อื่น ๆ",40.60,ร้อยละ,สำนักงานสถิติแห่งชาติ
2567,"ไตรมาส 4","5) ภาคใต้","2) นอกเขตเทศบาล","12. ไม่ทราบ",94.80,ร้อยละ,สำนักงานสถิติแห่งชาติ
2568,"ไตรมาส 1",ทั่วราชอาณาจักร,รวม,รวม,66.30,ร้อยละ,สำนักงานสถิติแห่งชาติ
2568,"ไตรมาส 1",ทั่วราชอาณาจักร,รวม,"01. ไม่มีการศึกษา",50.00,ร้อยละ,สำนักงานสถิติแห่งชาติ
2568,"ไตรมาส 1",ทั่วราชอาณาจักร,รวม,"02. ต่ำกว่าประถมศึกษา",42.40,ร้อยละ,สำนักงานสถิติแห่งชาติ
2568,"ไตรมาส 1",ทั่วราชอาณาจักร,รวม,"03. ประถมศึกษา",72.30,ร้อยละ,สำนักงานสถิติแห่งชาติ
2568,"ไตรมาส 1",ทั่วราชอาณาจักร,รวม,"04. มัธยมศึกษาตอนต้น",64.00,ร้อยละ,สำนักงานสถิติแห่งชาติ
2568,"ไตรมาส 1",ทั่วราชอาณาจักร,รวม,"05. มัธยมศึกษาตอนปลาย สายสามัญ",70.60,ร้อยละ,สำนักงานสถิติแห่งชาติ
2568,"ไตรมาส 1",ทั่วราชอาณาจักร,รวม,"06. มัธยมศึกษาตอนปลาย สายอาชีวศึกษา",71.20,ร้อยละ,สำนักงานสถิติแห่งชาติ
2568,"ไตรมาส 1",ทั่วราชอาณาจักร,รวม,"07. มัธยมศึกษาตอนปลาย สายวิชาการศึกษา",64.20,ร้อยละ,สำนักงานสถิติแห่งชาติ
2568,"ไตรมาส 1",ทั่วราชอาณาจักร,รวม,"08. อุดมศึกษา สายวิชาการ",81.70,ร้อยละ,สำนักงานสถิติแห่งชาติ
2568,"ไตรมาส 1",ทั่วราชอาณาจักร,รวม,"09. อุดมศึกษา สายวิชาชีพ",83.70,ร้อยละ,สำนักงานสถิติแห่งชาติ
2568,"ไตรมาส 1",ทั่วราชอาณาจักร,รวม,"10. อุดมศึกษา สายวิชาการศึกษา",64.10,ร้อยละ,สำนักงานสถิติแห่งชาติ
2568,"ไตรมาส 1",ทั่วราชอาณาจักร,รวม,"11. อื่น ๆ",93.40,ร้อยละ,สำนักงานสถิติแห่งชาติ
2568,"ไตรมาส 1",ทั่วราชอาณาจักร,รวม,"12. ไม่ทราบ",81.80,ร้อยละ,สำนักงานสถิติแห่งชาติ
2568,"ไตรมาส 1",ทั่วราชอาณาจักร,"1) ในเขตเทศบาล",รวม,67.80,ร้อยละ,สำนักงานสถิติแห่งชาติ
2568,"ไตรมาส 1",ทั่วราชอาณาจักร,"1) ในเขตเทศบาล","01. ไม่มีการศึกษา",59.60,ร้อยละ,สำนักงานสถิติแห่งชาติ
2568,"ไตรมาส 1",ทั่วราชอาณาจักร,"1) ในเขตเทศบาล","02. ต่ำกว่าประถมศึกษา",41.20,ร้อยละ,สำนักงานสถิติแห่งชาติ
2568,"ไตรมาส 1",ทั่วราชอาณาจักร,"1) ในเขตเทศบาล","03. ประถมศึกษา",72.50,ร้อยละ,สำนักงานสถิติแห่งชาติ
2568,"ไตรมาส 1",ทั่วราชอาณาจักร,"1) ในเขตเทศบาล","04. มัธยมศึกษาตอนต้น",65.70,ร้อยละ,สำนักงานสถิติแห่งชาติ
2568,"ไตรมาส 1",ทั่วราชอาณาจักร,"1) ในเขตเทศบาล","05. มัธยมศึกษาตอนปลาย สายสามัญ",67.20,ร้อยละ,สำนักงานสถิติแห่งชาติ
2568,"ไตรมาส 1",ทั่วราชอาณาจักร,"1) ในเขตเทศบาล","06. มัธยมศึกษาตอนปลาย สายอาชีวศึกษา",70.00,ร้อยละ,สำนักงานสถิติแห่งชาติ
2568,"ไตรมาส 1",ทั่วราชอาณาจักร,"1) ในเขตเทศบาล","07. มัธยมศึกษาตอนปลาย สายวิชาการศึกษา",62.90,ร้อยละ,สำนักงานสถิติแห่งชาติ
2568,"ไตรมาส 1",ทั่วราชอาณาจักร,"1) ในเขตเทศบาล","08. อุดมศึกษา สายวิชาการ",80.80,ร้อยละ,สำนักงานสถิติแห่งชาติ
2568,"ไตรมาส 1",ทั่วราชอาณาจักร,"1) ในเขตเทศบาล","09. อุดมศึกษา สายวิชาชีพ",81.70,ร้อยละ,สำนักงานสถิติแห่งชาติ
2568,"ไตรมาส 1",ทั่วราชอาณาจักร,"1) ในเขตเทศบาล","10. อุดมศึกษา สายวิชาการศึกษา",59.60,ร้อยละ,สำนักงานสถิติแห่งชาติ
2568,"ไตรมาส 1",ทั่วราชอาณาจักร,"1) ในเขตเทศบาล","11. อื่น ๆ",95.70,ร้อยละ,สำนักงานสถิติแห่งชาติ
2568,"ไตรมาส 1",ทั่วราชอาณาจักร,"1) ในเขตเทศบาล","12. ไม่ทราบ",82.50,ร้อยละ,สำนักงานสถิติแห่งชาติ
2568,"ไตรมาส 1",ทั่วราชอาณาจักร,"2) นอกเขตเทศบาล",รวม,65.10,ร้อยละ,สำนักงานสถิติแห่งชาติ
2568,"ไตรมาส 1",ทั่วราชอาณาจักร,"2) นอกเขตเทศบาล","01. ไม่มีการศึกษา",42.90,ร้อยละ,สำนักงานสถิติแห่งชาติ
2568,"ไตรมาส 1",ทั่วราชอาณาจักร,"2) นอกเขตเทศบาล","02. ต่ำกว่าประถมศึกษา",43.00,ร้อยละ,สำนักงานสถิติแห่งชาติ
2568,"ไตรมาส 1",ทั่วราชอาณาจักร,"2) นอกเขตเทศบาล","03. ประถมศึกษา",72.20,ร้อยละ,สำนักงานสถิติแห่งชาติ
2568,"ไตรมาส 1",ทั่วราชอาณาจักร,"2) นอกเขตเทศบาล","04. มัธยมศึกษาตอนต้น",62.70,ร้อยละ,สำนักงานสถิติแห่งชาติ
2568,"ไตรมาส 1",ทั่วราชอาณาจักร,"2) นอกเขตเทศบาล","05. มัธยมศึกษาตอนปลาย สายสามัญ",73.70,ร้อยละ,สำนักงานสถิติแห่งชาติ
2568,"ไตรมาส 1",ทั่วราชอาณาจักร,"2) นอกเขตเทศบาล","06. มัธยมศึกษาตอนปลาย สายอาชีวศึกษา",72.80,ร้อยละ,สำนักงานสถิติแห่งชาติ
2568,"ไตรมาส 1",ทั่วราชอาณาจักร,"2) นอกเขตเทศบาล","07. มัธยมศึกษาตอนปลาย สายวิชาการศึกษา",73.70,ร้อยละ,สำนักงานสถิติแห่งชาติ
2568,"ไตรมาส 1",ทั่วราชอาณาจักร,"2) นอกเขตเทศบาล","08. อุดมศึกษา สายวิชาการ",83.20,ร้อยละ,สำนักงานสถิติแห่งชาติ
2568,"ไตรมาส 1",ทั่วราชอาณาจักร,"2) นอกเขตเทศบาล","09. อุดมศึกษา สายวิชาชีพ",85.80,ร้อยละ,สำนักงานสถิติแห่งชาติ
2568,"ไตรมาส 1",ทั่วราชอาณาจักร,"2) นอกเขตเทศบาล","10. อุดมศึกษา สายวิชาการศึกษา",69.00,ร้อยละ,สำนักงานสถิติแห่งชาติ
2568,"ไตรมาส 1",ทั่วราชอาณาจักร,"2) นอกเขตเทศบาล","11. อื่น ๆ",90.60,ร้อยละ,สำนักงานสถิติแห่งชาติ
2568,"ไตรมาส 1",ทั่วราชอาณาจักร,"2) นอกเขตเทศบาล","12. ไม่ทราบ",79.60,ร้อยละ,สำนักงานสถิติแห่งชาติ
2568,"ไตรมาส 1","1) กรุงเทพมหานคร",รวม,รวม,72.70,ร้อยละ,สำนักงานสถิติแห่งชาติ
2568,"ไตรมาส 1","1) กรุงเทพมหานคร",รวม,"01. ไม่มีการศึกษา",61.90,ร้อยละ,สำนักงานสถิติแห่งชาติ
2568,"ไตรมาส 1","1) กรุงเทพมหานคร",รวม,"02. ต่ำกว่าประถมศึกษา",43.80,ร้อยละ,สำนักงานสถิติแห่งชาติ
2568,"ไตรมาส 1","1) กรุงเทพมหานคร",รวม,"03. ประถมศึกษา",77.30,ร้อยละ,สำนักงานสถิติแห่งชาติ
2568,"ไตรมาส 1","1) กรุงเทพมหานคร",รวม,"04. มัธยมศึกษาตอนต้น",72.60,ร้อยละ,สำนักงานสถิติแห่งชาติ
2568,"ไตรมาส 1","1) กรุงเทพมหานคร",รวม,"05. มัธยมศึกษาตอนปลาย สายสามัญ",67.10,ร้อยละ,สำนักงานสถิติแห่งชาติ
2568,"ไตรมาส 1","1) กรุงเทพมหานคร",รวม,"06. มัธยมศึกษาตอนปลาย สายอาชีวศึกษา",73.70,ร้อยละ,สำนักงานสถิติแห่งชาติ
2568,"ไตรมาส 1","1) กรุงเทพมหานคร",รวม,"07. มัธยมศึกษาตอนปลาย สายวิชาการศึกษา",61.30,ร้อยละ,สำนักงานสถิติแห่งชาติ
2568,"ไตรมาส 1","1) กรุงเทพมหานคร",รวม,"08. อุดมศึกษา สายวิชาการ",81.20,ร้อยละ,สำนักงานสถิติแห่งชาติ
2568,"ไตรมาส 1","1) กรุงเทพมหานคร",รวม,"09. อุดมศึกษา สายวิชาชีพ",77.30,ร้อยละ,สำนักงานสถิติแห่งชาติ
2568,"ไตรมาส 1","1) กรุงเทพมหานคร",รวม,"10. อุดมศึกษา สายวิชาการศึกษา",59.40,ร้อยละ,สำนักงานสถิติแห่งชาติ
2568,"ไตรมาส 1","1) กรุงเทพมหานคร",รวม,"12. ไม่ทราบ",77.70,ร้อยละ,สำนักงานสถิติแห่งชาติ
2568,"ไตรมาส 1","1) กรุงเทพมหานคร","1) ในเขตเทศบาล",รวม,72.70,ร้อยละ,สำนักงานสถิติแห่งชาติ
2568,"ไตรมาส 1","1) กรุงเทพมหานคร","1) ในเขตเทศบาล","01. ไม่มีการศึกษา",61.90,ร้อยละ,สำนักงานสถิติแห่งชาติ
2568,"ไตรมาส 1","1) กรุงเทพมหานคร","1) ในเขตเทศบาล","02. ต่ำกว่าประถมศึกษา",43.80,ร้อยละ,สำนักงานสถิติแห่งชาติ
2568,"ไตรมาส 1","1) กรุงเทพมหานคร","1) ในเขตเทศบาล","03. ประถมศึกษา",77.30,ร้อยละ,สำนักงานสถิติแห่งชาติ
2568,"ไตรมาส 1","1) กรุงเทพมหานคร","1) ในเขตเทศบาล","04. มัธยมศึกษาตอนต้น",72.60,ร้อยละ,สำนักงานสถิติแห่งชาติ
2568,"ไตรมาส 1","1) กรุงเทพมหานคร","1) ในเขตเทศบาล","05. มัธยมศึกษาตอนปลาย สายสามัญ",67.10,ร้อยละ,สำนักงานสถิติแห่งชาติ
2568,"ไตรมาส 1","1) กรุงเทพมหานคร","1) ในเขตเทศบาล","06. มัธยมศึกษาตอนปลาย สายอาชีวศึกษา",73.70,ร้อยละ,สำนักงานสถิติแห่งชาติ
2568,"ไตรมาส 1","1) กรุงเทพมหานคร","1) ในเขตเทศบาล","07. มัธยมศึกษาตอนปลาย สายวิชาการศึกษา",61.30,ร้อยละ,สำนักงานสถิติแห่งชาติ
2568,"ไตรมาส 1","1) กรุงเทพมหานคร","1) ในเขตเทศบาล","08. อุดมศึกษา สายวิชาการ",81.20,ร้อยละ,สำนักงานสถิติแห่งชาติ
2568,"ไตรมาส 1","1) กรุงเทพมหานคร","1) ในเขตเทศบาล","09. อุดมศึกษา สายวิชาชีพ",77.30,ร้อยละ,สำนักงานสถิติแห่งชาติ
2568,"ไตรมาส 1","1) กรุงเทพมหานคร","1) ในเขตเทศบาล","10. อุดมศึกษา สายวิชาการศึกษา",59.40,ร้อยละ,สำนักงานสถิติแห่งชาติ
2568,"ไตรมาส 1","1) กรุงเทพมหานคร","1) ในเขตเทศบาล","12. ไม่ทราบ",77.70,ร้อยละ,สำนักงานสถิติแห่งชาติ
2568,"ไตรมาส 1","2) กลาง",รวม,รวม,69.90,ร้อยละ,สำนักงานสถิติแห่งชาติ
2568,"ไตรมาส 1","2) กลาง",รวม,"01. ไม่มีการศึกษา",61.00,ร้อยละ,สำนักงานสถิติแห่งชาติ
2568,"ไตรมาส 1","2) กลาง",รวม,"02. ต่ำกว่าประถมศึกษา",40.70,ร้อยละ,สำนักงานสถิติแห่งชาติ
2568,"ไตรมาส 1","2) กลาง",รวม,"03. ประถมศึกษา",73.60,ร้อยละ,สำนักงานสถิติแห่งชาติ
2568,"ไตรมาส 1","2) กลาง",รวม,"04. มัธยมศึกษาตอนต้น",69.00,ร้อยละ,สำนักงานสถิติแห่งชาติ
2568,"ไตรมาส 1","2) กลาง",รวม,"05. มัธยมศึกษาตอนปลาย สายสามัญ",71.90,ร้อยละ,สำนักงานสถิติแห่งชาติ
2568,"ไตรมาส 1","2) กลาง",รวม,"06. มัธยมศึกษาตอนปลาย สายอาชีวศึกษา",74.60,ร้อยละ,สำนักงานสถิติแห่งชาติ
2568,"ไตรมาส 1","2) กลาง",รวม,"07. มัธยมศึกษาตอนปลาย สายวิชาการศึกษา",69.00,ร้อยละ,สำนักงานสถิติแห่งชาติ
2568,"ไตรมาส 1","2) กลาง",รวม,"08. อุดมศึกษา สายวิชาการ",81.70,ร้อยละ,สำนักงานสถิติแห่งชาติ
2568,"ไตรมาส 1","2) กลาง",รวม,"09. อุดมศึกษา สายวิชาชีพ",85.90,ร้อยละ,สำนักงานสถิติแห่งชาติ
2568,"ไตรมาส 1","2) กลาง",รวม,"10. อุดมศึกษา สายวิชาการศึกษา",62.60,ร้อยละ,สำนักงานสถิติแห่งชาติ
2568,"ไตรมาส 1","2) กลาง",รวม,"11. อื่น ๆ",94.90,ร้อยละ,สำนักงานสถิติแห่งชาติ
2568,"ไตรมาส 1","2) กลาง",รวม,"12. ไม่ทราบ",82.90,ร้อยละ,สำนักงานสถิติแห่งชาติ
2568,"ไตรมาส 1","2) กลาง","1) ในเขตเทศบาล",รวม,69.50,ร้อยละ,สำนักงานสถิติแห่งชาติ
2568,"ไตรมาส 1","2) กลาง","1) ในเขตเทศบาล","01. ไม่มีการศึกษา",70.60,ร้อยละ,สำนักงานสถิติแห่งชาติ
2568,"ไตรมาส 1","2) กลาง","1) ในเขตเทศบาล","02. ต่ำกว่าประถมศึกษา",38.80,ร้อยละ,สำนักงานสถิติแห่งชาติ
2568,"ไตรมาส 1","2) กลาง","1) ในเขตเทศบาล","03. ประถมศึกษา",71.70,ร้อยละ,สำนักงานสถิติแห่งชาติ
2568,"ไตรมาส 1","2) กลาง","1) ในเขตเทศบาล","04. มัธยมศึกษาตอนต้น",68.50,ร้อยละ,สำนักงานสถิติแห่งชาติ
2568,"ไตรมาส 1","2) กลาง","1) ในเขตเทศบาล","05. มัธยมศึกษาตอนปลาย สายสามัญ",69.30,ร้อยละ,สำนักงานสถิติแห่งชาติ
2568,"ไตรมาส 1","2) กลาง","1) ในเขตเทศบาล","06. มัธยมศึกษาตอนปลาย สายอาชีวศึกษา",71.30,ร้อยละ,สำนักงานสถิติแห่งชาติ
2568,"ไตรมาส 1","2) กลาง","1) ในเขตเทศบาล","07. มัธยมศึกษาตอนปลาย สายวิชาการศึกษา",73.70,ร้อยละ,สำนักงานสถิติแห่งชาติ
2568,"ไตรมาส 1","2) กลาง","1) ในเขตเทศบาล","08. อุดมศึกษา สายวิชาการ",79.80,ร้อยละ,สำนักงานสถิติแห่งชาติ
2568,"ไตรมาส 1","2) กลาง","1) ในเขตเทศบาล","09. อุดมศึกษา สายวิชาชีพ",83.80,ร้อยละ,สำนักงานสถิติแห่งชาติ
2568,"ไตรมาส 1","2) กลาง","1) ในเขตเทศบาล","10. อุดมศึกษา สายวิชาการศึกษา",57.90,ร้อยละ,สำนักงานสถิติแห่งชาติ
2568,"ไตรมาส 1","2) กลาง","1) ในเขตเทศบาล","11. อื่น ๆ",96.30,ร้อยละ,สำนักงานสถิติแห่งชาติ
2568,"ไตรมาส 1","2) กลาง","1) ในเขตเทศบาล","12. ไม่ทราบ",85.10,ร้อยละ,สำนักงานสถิติแห่งชาติ
2568,"ไตรมาส 1","2) กลาง","2) นอกเขตเทศบาล",รวม,70.30,ร้อยละ,สำนักงานสถิติแห่งชาติ
2568,"ไตรมาส 1","2) กลาง","2) นอกเขตเทศบาล","01. ไม่มีการศึกษา",49.40,ร้อยละ,สำนักงานสถิติแห่งชาติ
2568,"ไตรมาส 1","2) กลาง","2) นอกเขตเทศบาล","02. ต่ำกว่าประถมศึกษา",42.00,ร้อยละ,สำนักงานสถิติแห่งชาติ
2568,"ไตรมาส 1","2) กลาง","2) นอกเขตเทศบาล","03. ประถมศึกษา",75.10,ร้อยละ,สำนักงานสถิติแห่งชาติ
2568,"ไตรมาส 1","2) กลาง","2) นอกเขตเทศบาล","04. มัธยมศึกษาตอนต้น",69.40,ร้อยละ,สำนักงานสถิติแห่งชาติ
2568,"ไตรมาส 1","2) กลาง","2) นอกเขตเทศบาล","05. มัธยมศึกษาตอนปลาย สายสามัญ",74.30,ร้อยละ,สำนักงานสถิติแห่งชาติ
2568,"ไตรมาส 1","2) กลาง","2) นอกเขตเทศบาล","06. มัธยมศึกษาตอนปลาย สายอาชีวศึกษา",78.10,ร้อยละ,สำนักงานสถิติแห่งชาติ
2568,"ไตรมาส 1","2) กลาง","2) นอกเขตเทศบาล","07. มัธยมศึกษาตอนปลาย สายวิชาการศึกษา",60.00,ร้อยละ,สำนักงานสถิติแห่งชาติ
2568,"ไตรมาส 1","2) กลาง","2) นอกเขตเทศบาล","08. อุดมศึกษา สายวิชาการ",83.80,ร้อยละ,สำนักงานสถิติแห่งชาติ
2568,"ไตรมาส 1","2) กลาง","2) นอกเขตเทศบาล","09. อุดมศึกษา สายวิชาชีพ",87.80,ร้อยละ,สำนักงานสถิติแห่งชาติ
2568,"ไตรมาส 1","2) กลาง","2) นอกเขตเทศบาล","10. อุดมศึกษา สายวิชาการศึกษา",67.20,ร้อยละ,สำนักงานสถิติแห่งชาติ
2568,"ไตรมาส 1","2) กลาง","2) นอกเขตเทศบาล","11. อื่น ๆ",93.10,ร้อยละ,สำนักงานสถิติแห่งชาติ
2568,"ไตรมาส 1","2) กลาง","2) นอกเขตเทศบาล","12. ไม่ทราบ",78.60,ร้อยละ,สำนักงานสถิติแห่งชาติ
2568,"ไตรมาส 1","3) ใต้",รวม,รวม,68.70,ร้อยละ,สำนักงานสถิติแห่งชาติ
2568,"ไตรมาส 1","3) ใต้",รวม,"01. ไม่มีการศึกษา",48.20,ร้อยละ,สำนักงานสถิติแห่งชาติ
2568,"ไตรมาส 1","3) ใต้",รวม,"02. ต่ำกว่าประถมศึกษา",49.50,ร้อยละ,สำนักงานสถิติแห่งชาติ
2568,"ไตรมาส 1","3) ใต้",รวม,"03. ประถมศึกษา",74.50,ร้อยละ,สำนักงานสถิติแห่งชาติ
2568,"ไตรมาส 1","3) ใต้",รวม,"04. มัธยมศึกษาตอนต้น",62.90,ร้อยละ,สำนักงานสถิติแห่งชาติ
2568,"ไตรมาส 1","3) ใต้",รวม,"05. มัธยมศึกษาตอนปลาย สายสามัญ",70.80,ร้อยละ,สำนักงานสถิติแห่งชาติ
2568,"ไตรมาส 1","3) ใต้",รวม,"06. มัธยมศึกษาตอนปลาย สายอาชีวศึกษา",74.70,ร้อยละ,สำนักงานสถิติแห่งชาติ
2568,"ไตรมาส 1","3) ใต้",รวม,"07. มัธยมศึกษาตอนปลาย สายวิชาการศึกษา",88.90,ร้อยละ,สำนักงานสถิติแห่งชาติ
2568,"ไตรมาส 1","3) ใต้",รวม,"08. อุดมศึกษา สายวิชาการ",84.00,ร้อยละ,สำนักงานสถิติแห่งชาติ
2568,"ไตรมาส 1","3) ใต้",รวม,"09. อุดมศึกษา สายวิชาชีพ",83.20,ร้อยละ,สำนักงานสถิติแห่งชาติ
2568,"ไตรมาส 1","3) ใต้",รวม,"10. อุดมศึกษา สายวิชาการศึกษา",63.60,ร้อยละ,สำนักงานสถิติแห่งชาติ
2568,"ไตรมาส 1","3) ใต้",รวม,"11. อื่น ๆ",87.80,ร้อยละ,สำนักงานสถิติแห่งชาติ
2568,"ไตรมาส 1","3) ใต้",รวม,"12. ไม่ทราบ",79.30,ร้อยละ,สำนักงานสถิติแห่งชาติ
2568,"ไตรมาส 1","3) ใต้","1) ในเขตเทศบาล",รวม,67.60,ร้อยละ,สำนักงานสถิติแห่งชาติ
2568,"ไตรมาส 1","3) ใต้","1) ในเขตเทศบาล","01. ไม่มีการศึกษา",61.10,ร้อยละ,สำนักงานสถิติแห่งชาติ
2568,"ไตรมาส 1","3) ใต้","1) ในเขตเทศบาล","02. ต่ำกว่าประถมศึกษา",45.90,ร้อยละ,สำนักงานสถิติแห่งชาติ
2568,"ไตรมาส 1","3) ใต้","1) ในเขตเทศบาล","03. ประถมศึกษา",73.60,ร้อยละ,สำนักงานสถิติแห่งชาติ
2568,"ไตรมาส 1","3) ใต้","1) ในเขตเทศบาล","04. มัธยมศึกษาตอนต้น",61.80,ร้อยละ,สำนักงานสถิติแห่งชาติ
2568,"ไตรมาส 1","3) ใต้","1) ในเขตเทศบาล","05. มัธยมศึกษาตอนปลาย สายสามัญ",64.50,ร้อยละ,สำนักงานสถิติแห่งชาติ
2568,"ไตรมาส 1","3) ใต้","1) ในเขตเทศบาล","06. มัธยมศึกษาตอนปลาย สายอาชีวศึกษา",69.50,ร้อยละ,สำนักงานสถิติแห่งชาติ
2568,"ไตรมาส 1","3) ใต้","1) ในเขตเทศบาล","07. มัธยมศึกษาตอนปลาย สายวิชาการศึกษา",33.30,ร้อยละ,สำนักงานสถิติแห่งชาติ
2568,"ไตรมาส 1","3) ใต้","1) ในเขตเทศบาล","08. อุดมศึกษา สายวิชาการ",83.40,ร้อยละ,สำนักงานสถิติแห่งชาติ
2568,"ไตรมาส 1","3) ใต้","1) ในเขตเทศบาล","09. อุดมศึกษา สายวิชาชีพ",80.90,ร้อยละ,สำนักงานสถิติแห่งชาติ
2568,"ไตรมาส 1","3) ใต้","1) ในเขตเทศบาล","10. อุดมศึกษา สายวิชาการศึกษา",66.10,ร้อยละ,สำนักงานสถิติแห่งชาติ
2568,"ไตรมาส 1","3) ใต้","1) ในเขตเทศบาล","11. อื่น ๆ",88.90,ร้อยละ,สำนักงานสถิติแห่งชาติ
2568,"ไตรมาส 1","3) ใต้","1) ในเขตเทศบาล","12. ไม่ทราบ",83.30,ร้อยละ,สำนักงานสถิติแห่งชาติ
2568,"ไตรมาส 1","3) ใต้","2) นอกเขตเทศบาล",รวม,69.40,ร้อยละ,สำนักงานสถิติแห่งชาติ
2568,"ไตรมาส 1","3) ใต้","2) นอกเขตเทศบาล","01. ไม่มีการศึกษา",38.20,ร้อยละ,สำนักงานสถิติแห่งชาติ
2568,"ไตรมาส 1","3) ใต้","2) นอกเขตเทศบาล","02. ต่ำกว่าประถมศึกษา",51.20,ร้อยละ,สำนักงานสถิติแห่งชาติ
2568,"ไตรมาส 1","3) ใต้","2) นอกเขตเทศบาล","03. ประถมศึกษา",74.90,ร้อยละ,สำนักงานสถิติแห่งชาติ
2568,"ไตรมาส 1","3) ใต้","2) นอกเขตเทศบาล","04. มัธยมศึกษาตอนต้น",63.50,ร้อยละ,สำนักงานสถิติแห่งชาติ
2568,"ไตรมาส 1","3) ใต้","2) นอกเขตเทศบาล","05. มัธยมศึกษาตอนปลาย สายสามัญ",75.50,ร้อยละ,สำนักงานสถิติแห่งชาติ
2568,"ไตรมาส 1","3) ใต้","2) นอกเขตเทศบาล","06. มัธยมศึกษาตอนปลาย สายอาชีวศึกษา",78.60,ร้อยละ,สำนักงานสถิติแห่งชาติ
2568,"ไตรมาส 1","3) ใต้","2) นอกเขตเทศบาล","07. มัธยมศึกษาตอนปลาย สายวิชาการศึกษา",100.00,ร้อยละ,สำนักงานสถิติแห่งชาติ
2568,"ไตรมาส 1","3) ใต้","2) นอกเขตเทศบาล","08. อุดมศึกษา สายวิชาการ",84.50,ร้อยละ,สำนักงานสถิติแห่งชาติ
2568,"ไตรมาส 1","3) ใต้","2) นอกเขตเทศบาล","09. อุดมศึกษา สายวิชาชีพ",85.10,ร้อยละ,สำนักงานสถิติแห่งชาติ
2568,"ไตรมาส 1","3) ใต้","2) นอกเขตเทศบาล","10. อุดมศึกษา สายวิชาการศึกษา",61.90,ร้อยละ,สำนักงานสถิติแห่งชาติ
2568,"ไตรมาส 1","3) ใต้","2) นอกเขตเทศบาล","11. อื่น ๆ",87.50,ร้อยละ,สำนักงานสถิติแห่งชาติ
2568,"ไตรมาส 1","3) ใต้","2) นอกเขตเทศบาล","12. ไม่ทราบ",75.80,ร้อยละ,สำนักงานสถิติแห่งชาติ
2568,"ไตรมาส 1","4) ใต้ชายแดน",รวม,รวม,64.90,ร้อยละ,สำนักงานสถิติแห่งชาติ
2568,"ไตรมาส 1","4) ใต้ชายแดน",รวม,"01. ไม่มีการศึกษา",33.40,ร้อยละ,สำนักงานสถิติแห่งชาติ
2568,"ไตรมาส 1","4) ใต้ชายแดน",รวม,"02. ต่ำกว่าประถมศึกษา",48.80,ร้อยละ,สำนักงานสถิติแห่งชาติ
2568,"ไตรมาส 1","4) ใต้ชายแดน",รวม,"03. ประถมศึกษา",72.90,ร้อยละ,สำนักงานสถิติแห่งชาติ
2568,"ไตรมาส 1","4) ใต้ชายแดน",รวม,"04. มัธยมศึกษาตอนต้น",56.60,ร้อยละ,สำนักงานสถิติแห่งชาติ
2568,"ไตรมาส 1","4) ใต้ชายแดน",รวม,"05. มัธยมศึกษาตอนปลาย สายสามัญ",69.80,ร้อยละ,สำนักงานสถิติแห่งชาติ
2568,"ไตรมาส 1","4) ใต้ชายแดน",รวม,"06. มัธยมศึกษาตอนปลาย สายอาชีวศึกษา",66.50,ร้อยละ,สำนักงานสถิติแห่งชาติ
2568,"ไตรมาส 1","4) ใต้ชายแดน",รวม,"07. มัธยมศึกษาตอนปลาย สายวิชาการศึกษา",.00,ร้อยละ,สำนักงานสถิติแห่งชาติ
2568,"ไตรมาส 1","4) ใต้ชายแดน",รวม,"08. อุดมศึกษา สายวิชาการ",81.50,ร้อยละ,สำนักงานสถิติแห่งชาติ
2568,"ไตรมาส 1","4) ใต้ชายแดน",รวม,"09. อุดมศึกษา สายวิชาชีพ",81.20,ร้อยละ,สำนักงานสถิติแห่งชาติ
2568,"ไตรมาส 1","4) ใต้ชายแดน",รวม,"10. อุดมศึกษา สายวิชาการศึกษา",73.80,ร้อยละ,สำนักงานสถิติแห่งชาติ
2568,"ไตรมาส 1","4) ใต้ชายแดน",รวม,"11. อื่น ๆ",33.80,ร้อยละ,สำนักงานสถิติแห่งชาติ
2568,"ไตรมาส 1","4) ใต้ชายแดน",รวม,"12. ไม่ทราบ",.00,ร้อยละ,สำนักงานสถิติแห่งชาติ
2568,"ไตรมาส 1","4) ใต้ชายแดน","1) ในเขตเทศบาล",รวม,61.30,ร้อยละ,สำนักงานสถิติแห่งชาติ
2568,"ไตรมาส 1","4) ใต้ชายแดน","1) ในเขตเทศบาล","01. ไม่มีการศึกษา",23.60,ร้อยละ,สำนักงานสถิติแห่งชาติ
2568,"ไตรมาส 1","4) ใต้ชายแดน","1) ในเขตเทศบาล","02. ต่ำกว่าประถมศึกษา",39.40,ร้อยละ,สำนักงานสถิติแห่งชาติ
2568,"ไตรมาส 1","4) ใต้ชายแดน","1) ในเขตเทศบาล","03. ประถมศึกษา",64.80,ร้อยละ,สำนักงานสถิติแห่งชาติ
2568,"ไตรมาส 1","4) ใต้ชายแดน","1) ในเขตเทศบาล","04. มัธยมศึกษาตอนต้น",54.90,ร้อยละ,สำนักงานสถิติแห่งชาติ
2568,"ไตรมาส 1","4) ใต้ชายแดน","1) ในเขตเทศบาล","05. มัธยมศึกษาตอนปลาย สายสามัญ",61.50,ร้อยละ,สำนักงานสถิติแห่งชาติ
2568,"ไตรมาส 1","4) ใต้ชายแดน","1) ในเขตเทศบาล","06. มัธยมศึกษาตอนปลาย สายอาชีวศึกษา",59.30,ร้อยละ,สำนักงานสถิติแห่งชาติ
2568,"ไตรมาส 1","4) ใต้ชายแดน","1) ในเขตเทศบาล","07. มัธยมศึกษาตอนปลาย สายวิชาการศึกษา",.00,ร้อยละ,สำนักงานสถิติแห่งชาติ
2568,"ไตรมาส 1","4) ใต้ชายแดน","1) ในเขตเทศบาล","08. อุดมศึกษา สายวิชาการ",82.00,ร้อยละ,สำนักงานสถิติแห่งชาติ
2568,"ไตรมาส 1","4) ใต้ชายแดน","1) ในเขตเทศบาล","09. อุดมศึกษา สายวิชาชีพ",78.40,ร้อยละ,สำนักงานสถิติแห่งชาติ
2568,"ไตรมาส 1","4) ใต้ชายแดน","1) ในเขตเทศบาล","10. อุดมศึกษา สายวิชาการศึกษา",65.60,ร้อยละ,สำนักงานสถิติแห่งชาติ
2568,"ไตรมาส 1","4) ใต้ชายแดน","1) ในเขตเทศบาล","11. อื่น ๆ",38.50,ร้อยละ,สำนักงานสถิติแห่งชาติ
2568,"ไตรมาส 1","4) ใต้ชายแดน","1) ในเขตเทศบาล","12. ไม่ทราบ",.00,ร้อยละ,สำนักงานสถิติแห่งชาติ
2568,"ไตรมาส 1","4) ใต้ชายแดน","2) นอกเขตเทศบาล",รวม,65.90,ร้อยละ,สำนักงานสถิติแห่งชาติ
2568,"ไตรมาส 1","4) ใต้ชายแดน","2) นอกเขตเทศบาล","01. ไม่มีการศึกษา",35.10,ร้อยละ,สำนักงานสถิติแห่งชาติ
2568,"ไตรมาส 1","4) ใต้ชายแดน","2) นอกเขตเทศบาล","02. ต่ำกว่าประถมศึกษา",51.00,ร้อยละ,สำนักงานสถิติแห่งชาติ
2568,"ไตรมาส 1","4) ใต้ชายแดน","2) นอกเขตเทศบาล","03. ประถมศึกษา",74.30,ร้อยละ,สำนักงานสถิติแห่งชาติ
2568,"ไตรมาส 1","4) ใต้ชายแดน","2) นอกเขตเทศบาล","04. มัธยมศึกษาตอนต้น",57.00,ร้อยละ,สำนักงานสถิติแห่งชาติ
2568,"ไตรมาส 1","4) ใต้ชายแดน","2) นอกเขตเทศบาล","05. มัธยมศึกษาตอนปลาย สายสามัญ",72.30,ร้อยละ,สำนักงานสถิติแห่งชาติ
2568,"ไตรมาส 1","4) ใต้ชายแดน","2) นอกเขตเทศบาล","06. มัธยมศึกษาตอนปลาย สายอาชีวศึกษา",69.50,ร้อยละ,สำนักงานสถิติแห่งชาติ
2568,"ไตรมาส 1","4) ใต้ชายแดน","2) นอกเขตเทศบาล","08. อุดมศึกษา สายวิชาการ",81.20,ร้อยละ,สำนักงานสถิติแห่งชาติ
2568,"ไตรมาส 1","4) ใต้ชายแดน","2) นอกเขตเทศบาล","09. อุดมศึกษา สายวิชาชีพ",83.00,ร้อยละ,สำนักงานสถิติแห่งชาติ
2568,"ไตรมาส 1","4) ใต้ชายแดน","2) นอกเขตเทศบาล","10. อุดมศึกษา สายวิชาการศึกษา",78.20,ร้อยละ,สำนักงานสถิติแห่งชาติ
2568,"ไตรมาส 1","4) ใต้ชายแดน","2) นอกเขตเทศบาล","11. อื่น ๆ",34.50,ร้อยละ,สำนักงานสถิติแห่งชาติ
2568,"ไตรมาส 1","5) ตะวันออก",รวม,รวม,71.20,ร้อยละ,สำนักงานสถิติแห่งชาติ
2568,"ไตรมาส 1","5) ตะวันออก",รวม,"01. ไม่มีการศึกษา",51.90,ร้อยละ,สำนักงานสถิติแห่งชาติ
2568,"ไตรมาส 1","5) ตะวันออก",รวม,"02. ต่ำกว่าประถมศึกษา",45.80,ร้อยละ,สำนักงานสถิติแห่งชาติ
2568,"ไตรมาส 1","5) ตะวันออก",รวม,"03. ประถมศึกษา",72.20,ร้อยละ,สำนักงานสถิติแห่งชาติ
2568,"ไตรมาส 1","5) ตะวันออก",รวม,"04. มัธยมศึกษาตอนต้น",69.10,ร้อยละ,สำนักงานสถิติแห่งชาติ
2568,"ไตรมาส 1","5) ตะวันออก",รวม,"05. มัธยมศึกษาตอนปลาย สายสามัญ",80.20,ร้อยละ,สำนักงานสถิติแห่งชาติ
2568,"ไตรมาส 1","5) ตะวันออก",รวม,"06. มัธยมศึกษาตอนปลาย สายอาชีวศึกษา",70.80,ร้อยละ,สำนักงานสถิติแห่งชาติ
2568,"ไตรมาส 1","5) ตะวันออก",รวม,"07. มัธยมศึกษาตอนปลาย สายวิชาการศึกษา",.00,ร้อยละ,สำนักงานสถิติแห่งชาติ
2568,"ไตรมาส 1","5) ตะวันออก",รวม,"08. อุดมศึกษา สายวิชาการ",80.90,ร้อยละ,สำนักงานสถิติแห่งชาติ
2568,"ไตรมาส 1","5) ตะวันออก",รวม,"09. อุดมศึกษา สายวิชาชีพ",87.60,ร้อยละ,สำนักงานสถิติแห่งชาติ
2568,"ไตรมาส 1","5) ตะวันออก",รวม,"10. อุดมศึกษา สายวิชาการศึกษา",67.00,ร้อยละ,สำนักงานสถิติแห่งชาติ
2568,"ไตรมาส 1","5) ตะวันออก",รวม,"12. ไม่ทราบ",84.10,ร้อยละ,สำนักงานสถิติแห่งชาติ
2568,"ไตรมาส 1","5) ตะวันออก","1) ในเขตเทศบาล",รวม,72.00,ร้อยละ,สำนักงานสถิติแห่งชาติ
2568,"ไตรมาส 1","5) ตะวันออก","1) ในเขตเทศบาล","01. ไม่มีการศึกษา",55.70,ร้อยละ,สำนักงานสถิติแห่งชาติ
2568,"ไตรมาส 1","5) ตะวันออก","1) ในเขตเทศบาล","02. ต่ำกว่าประถมศึกษา",46.80,ร้อยละ,สำนักงานสถิติแห่งชาติ
2568,"ไตรมาส 1","5) ตะวันออก","1) ในเขตเทศบาล","03. ประถมศึกษา",70.60,ร้อยละ,สำนักงานสถิติแห่งชาติ
2568,"ไตรมาส 1","5) ตะวันออก","1) ในเขตเทศบาล","04. มัธยมศึกษาตอนต้น",70.20,ร้อยละ,สำนักงานสถิติแห่งชาติ
2568,"ไตรมาส 1","5) ตะวันออก","1) ในเขตเทศบาล","05. มัธยมศึกษาตอนปลาย สายสามัญ",83.70,ร้อยละ,สำนักงานสถิติแห่งชาติ
2568,"ไตรมาส 1","5) ตะวันออก","1) ในเขตเทศบาล","06. มัธยมศึกษาตอนปลาย สายอาชีวศึกษา",65.40,ร้อยละ,สำนักงานสถิติแห่งชาติ
2568,"ไตรมาส 1","5) ตะวันออก","1) ในเขตเทศบาล","07. มัธยมศึกษาตอนปลาย สายวิชาการศึกษา",.00,ร้อยละ,สำนักงานสถิติแห่งชาติ
2568,"ไตรมาส 1","5) ตะวันออก","1) ในเขตเทศบาล","08. อุดมศึกษา สายวิชาการ",76.10,ร้อยละ,สำนักงานสถิติแห่งชาติ
2568,"ไตรมาส 1","5) ตะวันออก","1) ในเขตเทศบาล","09. อุดมศึกษา สายวิชาชีพ",86.70,ร้อยละ,สำนักงานสถิติแห่งชาติ
2568,"ไตรมาส 1","5) ตะวันออก","1) ในเขตเทศบาล","10. อุดมศึกษา สายวิชาการศึกษา",61.60,ร้อยละ,สำนักงานสถิติแห่งชาติ
2568,"ไตรมาส 1","5) ตะวันออก","1) ในเขตเทศบาล","12. ไม่ทราบ",84.40,ร้อยละ,สำนักงานสถิติแห่งชาติ
2568,"ไตรมาส 1","5) ตะวันออก","2) นอกเขตเทศบาล",รวม,70.50,ร้อยละ,สำนักงานสถิติแห่งชาติ
2568,"ไตรมาส 1","5) ตะวันออก","2) นอกเขตเทศบาล","01. ไม่มีการศึกษา",47.80,ร้อยละ,สำนักงานสถิติแห่งชาติ
2568,"ไตรมาส 1","5) ตะวันออก","2) นอกเขตเทศบาล","02. ต่ำกว่าประถมศึกษา",45.20,ร้อยละ,สำนักงานสถิติแห่งชาติ
2568,"ไตรมาส 1","5) ตะวันออก","2) นอกเขตเทศบาล","03. ประถมศึกษา",73.60,ร้อยละ,สำนักงานสถิติแห่งชาติ
2568,"ไตรมาส 1","5) ตะวันออก","2) นอกเขตเทศบาล","04. มัธยมศึกษาตอนต้น",68.30,ร้อยละ,สำนักงานสถิติแห่งชาติ
2568,"ไตรมาส 1","5) ตะวันออก","2) นอกเขตเทศบาล","05. มัธยมศึกษาตอนปลาย สายสามัญ",76.90,ร้อยละ,สำนักงานสถิติแห่งชาติ
2568,"ไตรมาส 1","5) ตะวันออก","2) นอกเขตเทศบาล","06. มัธยมศึกษาตอนปลาย สายอาชีวศึกษา",77.10,ร้อยละ,สำนักงานสถิติแห่งชาติ
2568,"ไตรมาส 1","5) ตะวันออก","2) นอกเขตเทศบาล","08. อุดมศึกษา สายวิชาการ",86.10,ร้อยละ,สำนักงานสถิติแห่งชาติ
2568,"ไตรมาส 1","5) ตะวันออก","2) นอกเขตเทศบาล","09. อุดมศึกษา สายวิชาชีพ",88.30,ร้อยละ,สำนักงานสถิติแห่งชาติ
2568,"ไตรมาส 1","5) ตะวันออก","2) นอกเขตเทศบาล","10. อุดมศึกษา สายวิชาการศึกษา",73.30,ร้อยละ,สำนักงานสถิติแห่งชาติ
2568,"ไตรมาส 1","5) ตะวันออก","2) นอกเขตเทศบาล","12. ไม่ทราบ",82.90,ร้อยละ,สำนักงานสถิติแห่งชาติ
2568,"ไตรมาส 1","6) ตะวันออกเฉียงเหนือ",รวม,รวม,58.80,ร้อยละ,สำนักงานสถิติแห่งชาติ
2568,"ไตรมาส 1","6) ตะวันออกเฉียงเหนือ",รวม,"01. ไม่มีการศึกษา",25.60,ร้อยละ,สำนักงานสถิติแห่งชาติ
2568,"ไตรมาส 1","6) ตะวันออกเฉียงเหนือ",รวม,"02. ต่ำกว่าประถมศึกษา",36.30,ร้อยละ,สำนักงานสถิติแห่งชาติ
2568,"ไตรมาส 1","6) ตะวันออกเฉียงเหนือ",รวม,"03. ประถมศึกษา",68.41,ร้อยละ,สำนักงานสถิติแห่งชาติ
2568,"ไตรมาส 1","6) ตะวันออกเฉียงเหนือ",รวม,"04. มัธยมศึกษาตอนต้น",56.65,ร้อยละ,สำนักงานสถิติแห่งชาติ
2568,"ไตรมาส 1","6) ตะวันออกเฉียงเหนือ",รวม,"05. มัธยมศึกษาตอนปลาย สายสามัญ",67.83,ร้อยละ,สำนักงานสถิติแห่งชาติ
2568,"ไตรมาส 1","6) ตะวันออกเฉียงเหนือ",รวม,"06. มัธยมศึกษาตอนปลาย สายอาชีวศึกษา",63.65,ร้อยละ,สำนักงานสถิติแห่งชาติ
2568,"ไตรมาส 1","6) ตะวันออกเฉียงเหนือ",รวม,"08. อุดมศึกษา สายวิชาการ",82.10,ร้อยละ,สำนักงานสถิติแห่งชาติ
2568,"ไตรมาส 1","6) ตะวันออกเฉียงเหนือ",รวม,"09. อุดมศึกษา สายวิชาชีพ",84.16,ร้อยละ,สำนักงานสถิติแห่งชาติ
2568,"ไตรมาส 1","6) ตะวันออกเฉียงเหนือ",รวม,"10. อุดมศึกษา สายวิชาการศึกษา",61.24,ร้อยละ,สำนักงานสถิติแห่งชาติ
2568,"ไตรมาส 1","6) ตะวันออกเฉียงเหนือ",รวม,"12. ไม่ทราบ",62.50,ร้อยละ,สำนักงานสถิติแห่งชาติ
2568,"ไตรมาส 1","6) ตะวันออกเฉียงเหนือ","1) ในเขตเทศบาล",รวม,58.09,ร้อยละ,สำนักงานสถิติแห่งชาติ
2568,"ไตรมาส 1","6) ตะวันออกเฉียงเหนือ","1) ในเขตเทศบาล","01. ไม่มีการศึกษา",21.96,ร้อยละ,สำนักงานสถิติแห่งชาติ
2568,"ไตรมาส 1","6) ตะวันออกเฉียงเหนือ","1) ในเขตเทศบาล","02. ต่ำกว่าประถมศึกษา",33.85,ร้อยละ,สำนักงานสถิติแห่งชาติ
2568,"ไตรมาส 1","6) ตะวันออกเฉียงเหนือ","1) ในเขตเทศบาล","03. ประถมศึกษา",67.57,ร้อยละ,สำนักงานสถิติแห่งชาติ
2568,"ไตรมาส 1","6) ตะวันออกเฉียงเหนือ","1) ในเขตเทศบาล","04. มัธยมศึกษาตอนต้น",55.79,ร้อยละ,สำนักงานสถิติแห่งชาติ
2568,"ไตรมาส 1","6) ตะวันออกเฉียงเหนือ","1) ในเขตเทศบาล","05. มัธยมศึกษาตอนปลาย สายสามัญ",62.08,ร้อยละ,สำนักงานสถิติแห่งชาติ
2568,"ไตรมาส 1","6) ตะวันออกเฉียงเหนือ","1) ในเขตเทศบาล","06. มัธยมศึกษาตอนปลาย สายอาชีวศึกษา",61.62,ร้อยละ,สำนักงานสถิติแห่งชาติ
2568,"ไตรมาส 1","6) ตะวันออกเฉียงเหนือ","1) ในเขตเทศบาล","08. อุดมศึกษา สายวิชาการ",81.51,ร้อยละ,สำนักงานสถิติแห่งชาติ
2568,"ไตรมาส 1","6) ตะวันออกเฉียงเหนือ","1) ในเขตเทศบาล","09. อุดมศึกษา สายวิชาชีพ",84.63,ร้อยละ,สำนักงานสถิติแห่งชาติ
2568,"ไตรมาส 1","6) ตะวันออกเฉียงเหนือ","1) ในเขตเทศบาล","10. อุดมศึกษา สายวิชาการศึกษา",49.97,ร้อยละ,สำนักงานสถิติแห่งชาติ
2568,"ไตรมาส 1","6) ตะวันออกเฉียงเหนือ","1) ในเขตเทศบาล","12. ไม่ทราบ",40.00,ร้อยละ,สำนักงานสถิติแห่งชาติ
2568,"ไตรมาส 1","6) ตะวันออกเฉียงเหนือ","2) นอกเขตเทศบาล",รวม,59.10,ร้อยละ,สำนักงานสถิติแห่งชาติ
2568,"ไตรมาส 1","6) ตะวันออกเฉียงเหนือ","2) นอกเขตเทศบาล","01. ไม่มีการศึกษา",27.03,ร้อยละ,สำนักงานสถิติแห่งชาติ
2568,"ไตรมาส 1","6) ตะวันออกเฉียงเหนือ","2) นอกเขตเทศบาล","02. ต่ำกว่าประถมศึกษา",37.17,ร้อยละ,สำนักงานสถิติแห่งชาติ
2568,"ไตรมาส 1","6) ตะวันออกเฉียงเหนือ","2) นอกเขตเทศบาล","03. ประถมศึกษา",68.70,ร้อยละ,สำนักงานสถิติแห่งชาติ
2568,"ไตรมาส 1","6) ตะวันออกเฉียงเหนือ","2) นอกเขตเทศบาล","04. มัธยมศึกษาตอนต้น",56.98,ร้อยละ,สำนักงานสถิติแห่งชาติ
2568,"ไตรมาส 1","6) ตะวันออกเฉียงเหนือ","2) นอกเขตเทศบาล","05. มัธยมศึกษาตอนปลาย สายสามัญ",70.69,ร้อยละ,สำนักงานสถิติแห่งชาติ
2568,"ไตรมาส 1","6) ตะวันออกเฉียงเหนือ","2) นอกเขตเทศบาล","06. มัธยมศึกษาตอนปลาย สายอาชีวศึกษา",64.60,ร้อยละ,สำนักงานสถิติแห่งชาติ
2568,"ไตรมาส 1","6) ตะวันออกเฉียงเหนือ","2) นอกเขตเทศบาล","08. อุดมศึกษา สายวิชาการ",82.61,ร้อยละ,สำนักงานสถิติแห่งชาติ
2568,"ไตรมาส 1","6) ตะวันออกเฉียงเหนือ","2) นอกเขตเทศบาล","09. อุดมศึกษา สายวิชาชีพ",83.86,ร้อยละ,สำนักงานสถิติแห่งชาติ
2568,"ไตรมาส 1","6) ตะวันออกเฉียงเหนือ","2) นอกเขตเทศบาล","10. อุดมศึกษา สายวิชาการศึกษา",69.15,ร้อยละ,สำนักงานสถิติแห่งชาติ
2568,"ไตรมาส 1","6) ตะวันออกเฉียงเหนือ","2) นอกเขตเทศบาล","12. ไม่ทราบ",100.00,ร้อยละ,สำนักงานสถิติแห่งชาติ
2568,"ไตรมาส 1","7) เหนือ",รวม,รวม,63.63,ร้อยละ,สำนักงานสถิติแห่งชาติ
2568,"ไตรมาส 1","7) เหนือ",รวม,"01. ไม่มีการศึกษา",48.90,ร้อยละ,สำนักงานสถิติแห่งชาติ
2568,"ไตรมาส 1","7) เหนือ",รวม,"02. ต่ำกว่าประถมศึกษา",48.45,ร้อยละ,สำนักงานสถิติแห่งชาติ
2568,"ไตรมาส 1","7) เหนือ",รวม,"03. ประถมศึกษา",72.34,ร้อยละ,สำนักงานสถิติแห่งชาติ
2568,"ไตรมาส 1","7) เหนือ",รวม,"04. มัธยมศึกษาตอนต้น",60.40,ร้อยละ,สำนักงานสถิติแห่งชาติ
2568,"ไตรมาส 1","7) เหนือ",รวม,"05. มัธยมศึกษาตอนปลาย สายสามัญ",69.81,ร้อยละ,สำนักงานสถิติแห่งชาติ
2568,"ไตรมาส 1","7) เหนือ",รวม,"06. มัธยมศึกษาตอนปลาย สายอาชีวศึกษา",66.01,ร้อยละ,สำนักงานสถิติแห่งชาติ
2568,"ไตรมาส 1","7) เหนือ",รวม,"07. มัธยมศึกษาตอนปลาย สายวิชาการศึกษา",55.56,ร้อยละ,สำนักงานสถิติแห่งชาติ
2568,"ไตรมาส 1","7) เหนือ",รวม,"08. อุดมศึกษา สายวิชาการ",80.62,ร้อยละ,สำนักงานสถิติแห่งชาติ
2568,"ไตรมาส 1","7) เหนือ",รวม,"09. อุดมศึกษา สายวิชาชีพ",82.35,ร้อยละ,สำนักงานสถิติแห่งชาติ
2568,"ไตรมาส 1","7) เหนือ",รวม,"10. อุดมศึกษา สายวิชาการศึกษา",70.05,ร้อยละ,สำนักงานสถิติแห่งชาติ
2568,"ไตรมาส 1","7) เหนือ",รวม,"11. อื่น ๆ",.00,ร้อยละ,สำนักงานสถิติแห่งชาติ
2568,"ไตรมาส 1","7) เหนือ",รวม,"12. ไม่ทราบ",46.15,ร้อยละ,สำนักงานสถิติแห่งชาติ
2568,"ไตรมาส 1","7) เหนือ","1) ในเขตเทศบาล",รวม,63.14,ร้อยละ,สำนักงานสถิติแห่งชาติ
2568,"ไตรมาส 1","7) เหนือ","1) ในเขตเทศบาล","01. ไม่มีการศึกษา",58.65,ร้อยละ,สำนักงานสถิติแห่งชาติ
2568,"ไตรมาส 1","7) เหนือ","1) ในเขตเทศบาล","02. ต่ำกว่าประถมศึกษา",47.17,ร้อยละ,สำนักงานสถิติแห่งชาติ
2568,"ไตรมาส 1","7) เหนือ","1) ในเขตเทศบาล","03. ประถมศึกษา",70.80,ร้อยละ,สำนักงานสถิติแห่งชาติ
2568,"ไตรมาส 1","7) เหนือ","1) ในเขตเทศบาล","04. มัธยมศึกษาตอนต้น",57.42,ร้อยละ,สำนักงานสถิติแห่งชาติ
2568,"ไตรมาส 1","7) เหนือ","1) ในเขตเทศบาล","05. มัธยมศึกษาตอนปลาย สายสามัญ",60.06,ร้อยละ,สำนักงานสถิติแห่งชาติ
2568,"ไตรมาส 1","7) เหนือ","1) ในเขตเทศบาล","06. มัธยมศึกษาตอนปลาย สายอาชีวศึกษา",66.33,ร้อยละ,สำนักงานสถิติแห่งชาติ
2568,"ไตรมาส 1","7) เหนือ","1) ในเขตเทศบาล","07. มัธยมศึกษาตอนปลาย สายวิชาการศึกษา",57.14,ร้อยละ,สำนักงานสถิติแห่งชาติ
2568,"ไตรมาส 1","7) เหนือ","1) ในเขตเทศบาล","08. อุดมศึกษา สายวิชาการ",81.24,ร้อยละ,สำนักงานสถิติแห่งชาติ
2568,"ไตรมาส 1","7) เหนือ","1) ในเขตเทศบาล","09. อุดมศึกษา สายวิชาชีพ",79.78,ร้อยละ,สำนักงานสถิติแห่งชาติ
2568,"ไตรมาส 1","7) เหนือ","1) ในเขตเทศบาล","10. อุดมศึกษา สายวิชาการศึกษา",68.15,ร้อยละ,สำนักงานสถิติแห่งชาติ
2568,"ไตรมาส 1","7) เหนือ","1) ในเขตเทศบาล","11. อื่น ๆ",.00,ร้อยละ,สำนักงานสถิติแห่งชาติ
2568,"ไตรมาส 1","7) เหนือ","1) ในเขตเทศบาล","12. ไม่ทราบ",51.43,ร้อยละ,สำนักงานสถิติแห่งชาติ
2568,"ไตรมาส 1","7) เหนือ","2) นอกเขตเทศบาล",รวม,63.89,ร้อยละ,สำนักงานสถิติแห่งชาติ
2568,"ไตรมาส 1","7) เหนือ","2) นอกเขตเทศบาล","01. ไม่มีการศึกษา",45.61,ร้อยละ,สำนักงานสถิติแห่งชาติ
2568,"ไตรมาส 1","7) เหนือ","2) นอกเขตเทศบาล","02. ต่ำกว่าประถมศึกษา",49.05,ร้อยละ,สำนักงานสถิติแห่งชาติ
2568,"ไตรมาส 1","7) เหนือ","2) นอกเขตเทศบาล","03. ประถมศึกษา",72.94,ร้อยละ,สำนักงานสถิติแห่งชาติ
2568,"ไตรมาส 1","7) เหนือ","2) นอกเขตเทศบาล","04. มัธยมศึกษาตอนต้น",61.85,ร้อยละ,สำนักงานสถิติแห่งชาติ
2568,"ไตรมาส 1","7) เหนือ","2) นอกเขตเทศบาล","05. มัธยมศึกษาตอนปลาย สายสามัญ",75.90,ร้อยละ,สำนักงานสถิติแห่งชาติ
2568,"ไตรมาส 1","7) เหนือ","2) นอกเขตเทศบาล","06. มัธยมศึกษาตอนปลาย สายอาชีวศึกษา",65.84,ร้อยละ,สำนักงานสถิติแห่งชาติ
2568,"ไตรมาส 1","7) เหนือ","2) นอกเขตเทศบาล","07. มัธยมศึกษาตอนปลาย สายวิชาการศึกษา",50.00,ร้อยละ,สำนักงานสถิติแห่งชาติ
2568,"ไตรมาส 1","7) เหนือ","2) นอกเขตเทศบาล","08. อุดมศึกษา สายวิชาการ",79.95,ร้อยละ,สำนักงานสถิติแห่งชาติ
2568,"ไตรมาส 1","7) เหนือ","2) นอกเขตเทศบาล","09. อุดมศึกษา สายวิชาชีพ",83.90,ร้อยละ,สำนักงานสถิติแห่งชาติ
2568,"ไตรมาส 1","7) เหนือ","2) นอกเขตเทศบาล","10. อุดมศึกษา สายวิชาการศึกษา",71.84,ร้อยละ,สำนักงานสถิติแห่งชาติ
2568,"ไตรมาส 1","7) เหนือ","2) นอกเขตเทศบาล","12. ไม่ทราบ",40.00,ร้อยละ,สำนักงานสถิติแห่งชาติ
2568,"ไตรมาส 2",ทั่วราชอาณาจักร,รวม,รวม,66.49,ร้อยละ,สำนักงานสถิติแห่งชาติ
2568,"ไตรมาส 2",ทั่วราชอาณาจักร,รวม,"01. ไม่มีการศึกษา",48.31,ร้อยละ,สำนักงานสถิติแห่งชาติ
2568,"ไตรมาส 2",ทั่วราชอาณาจักร,รวม,"02. ต่ำกว่าประถมศึกษา",41.38,ร้อยละ,สำนักงานสถิติแห่งชาติ
2568,"ไตรมาส 2",ทั่วราชอาณาจักร,รวม,"03. ประถมศึกษา",73.56,ร้อยละ,สำนักงานสถิติแห่งชาติ
2568,"ไตรมาส 2",ทั่วราชอาณาจักร,รวม,"04. มัธยมศึกษาตอนต้น",64.40,ร้อยละ,สำนักงานสถิติแห่งชาติ
2568,"ไตรมาส 2",ทั่วราชอาณาจักร,รวม,"05. มัธยมศึกษาตอนปลาย สายสามัญ",69.90,ร้อยละ,สำนักงานสถิติแห่งชาติ
2568,"ไตรมาส 2",ทั่วราชอาณาจักร,รวม,"06. มัธยมศึกษาตอนปลาย สายอาชีวศึกษา",71.19,ร้อยละ,สำนักงานสถิติแห่งชาติ
2568,"ไตรมาส 2",ทั่วราชอาณาจักร,รวม,"07. มัธยมศึกษาตอนปลาย สายวิชาการศึกษา",55.25,ร้อยละ,สำนักงานสถิติแห่งชาติ
2568,"ไตรมาส 2",ทั่วราชอาณาจักร,รวม,"08. อุดมศึกษา สายวิชาการ",81.40,ร้อยละ,สำนักงานสถิติแห่งชาติ
2568,"ไตรมาส 2",ทั่วราชอาณาจักร,รวม,"09. อุดมศึกษา สายวิชาชีพ",82.07,ร้อยละ,สำนักงานสถิติแห่งชาติ
2568,"ไตรมาส 2",ทั่วราชอาณาจักร,รวม,"10. อุดมศึกษา สายวิชาการศึกษา",65.28,ร้อยละ,สำนักงานสถิติแห่งชาติ
2568,"ไตรมาส 2",ทั่วราชอาณาจักร,รวม,"11. อื่น ๆ",93.09,ร้อยละ,สำนักงานสถิติแห่งชาติ
2568,"ไตรมาส 2",ทั่วราชอาณาจักร,รวม,"12. ไม่ทราบ",82.52,ร้อยละ,สำนักงานสถิติแห่งชาติ
2568,"ไตรมาส 2",ทั่วราชอาณาจักร,"1) ในเขตเทศบาล",รวม,67.44,ร้อยละ,สำนักงานสถิติแห่งชาติ
2568,"ไตรมาส 2",ทั่วราชอาณาจักร,"1) ในเขตเทศบาล","01. ไม่มีการศึกษา",57.65,ร้อยละ,สำนักงานสถิติแห่งชาติ
2568,"ไตรมาส 2",ทั่วราชอาณาจักร,"1) ในเขตเทศบาล","02. ต่ำกว่าประถมศึกษา",39.16,ร้อยละ,สำนักงานสถิติแห่งชาติ
2568,"ไตรมาส 2",ทั่วราชอาณาจักร,"1) ในเขตเทศบาล","03. ประถมศึกษา",73.56,ร้อยละ,สำนักงานสถิติแห่งชาติ
2568,"ไตรมาส 2",ทั่วราชอาณาจักร,"1) ในเขตเทศบาล","04. มัธยมศึกษาตอนต้น",65.24,ร้อยละ,สำนักงานสถิติแห่งชาติ
2568,"ไตรมาส 2",ทั่วราชอาณาจักร,"1) ในเขตเทศบาล","05. มัธยมศึกษาตอนปลาย สายสามัญ",66.43,ร้อยละ,สำนักงานสถิติแห่งชาติ
2568,"ไตรมาส 2",ทั่วราชอาณาจักร,"1) ในเขตเทศบาล","06. มัธยมศึกษาตอนปลาย สายอาชีวศึกษา",68.39,ร้อยละ,สำนักงานสถิติแห่งชาติ
2568,"ไตรมาส 2",ทั่วราชอาณาจักร,"1) ในเขตเทศบาล","07. มัธยมศึกษาตอนปลาย สายวิชาการศึกษา",84.11,ร้อยละ,สำนักงานสถิติแห่งชาติ
2568,"ไตรมาส 2",ทั่วราชอาณาจักร,"1) ในเขตเทศบาล","08. อุดมศึกษา สายวิชาการ",80.40,ร้อยละ,สำนักงานสถิติแห่งชาติ
2568,"ไตรมาส 2",ทั่วราชอาณาจักร,"1) ในเขตเทศบาล","09. อุดมศึกษา สายวิชาชีพ",80.74,ร้อยละ,สำนักงานสถิติแห่งชาติ
2568,"ไตรมาส 2",ทั่วราชอาณาจักร,"1) ในเขตเทศบาล","10. อุดมศึกษา สายวิชาการศึกษา",60.42,ร้อยละ,สำนักงานสถิติแห่งชาติ
2568,"ไตรมาส 2",ทั่วราชอาณาจักร,"1) ในเขตเทศบาล","11. อื่น ๆ",94.56,ร้อยละ,สำนักงานสถิติแห่งชาติ
2568,"ไตรมาส 2",ทั่วราชอาณาจักร,"1) ในเขตเทศบาล","12. ไม่ทราบ",80.55,ร้อยละ,สำนักงานสถิติแห่งชาติ
2568,"ไตรมาส 2",ทั่วราชอาณาจักร,"2) นอกเขตเทศบาล",รวม,65.67,ร้อยละ,สำนักงานสถิติแห่งชาติ
2568,"ไตรมาส 2",ทั่วราชอาณาจักร,"2) นอกเขตเทศบาล","01. ไม่มีการศึกษา",41.95,ร้อยละ,สำนักงานสถิติแห่งชาติ
2568,"ไตรมาส 2",ทั่วราชอาณาจักร,"2) นอกเขตเทศบาล","02. ต่ำกว่าประถมศึกษา",42.57,ร้อยละ,สำนักงานสถิติแห่งชาติ
2568,"ไตรมาส 2",ทั่วราชอาณาจักร,"2) นอกเขตเทศบาล","03. ประถมศึกษา",73.57,ร้อยละ,สำนักงานสถิติแห่งชาติ
2568,"ไตรมาส 2",ทั่วราชอาณาจักร,"2) นอกเขตเทศบาล","04. มัธยมศึกษาตอนต้น",63.73,ร้อยละ,สำนักงานสถิติแห่งชาติ
2568,"ไตรมาส 2",ทั่วราชอาณาจักร,"2) นอกเขตเทศบาล","05. มัธยมศึกษาตอนปลาย สายสามัญ",73.10,ร้อยละ,สำนักงานสถิติแห่งชาติ
2568,"ไตรมาส 2",ทั่วราชอาณาจักร,"2) นอกเขตเทศบาล","06. มัธยมศึกษาตอนปลาย สายอาชีวศึกษา",74.82,ร้อยละ,สำนักงานสถิติแห่งชาติ
2568,"ไตรมาส 2",ทั่วราชอาณาจักร,"2) นอกเขตเทศบาล","07. มัธยมศึกษาตอนปลาย สายวิชาการศึกษา",13.51,ร้อยละ,สำนักงานสถิติแห่งชาติ
2568,"ไตรมาส 2",ทั่วราชอาณาจักร,"2) นอกเขตเทศบาล","08. อุดมศึกษา สายวิชาการ",83.19,ร้อยละ,สำนักงานสถิติแห่งชาติ
2568,"ไตรมาส 2",ทั่วราชอาณาจักร,"2) นอกเขตเทศบาล","09. อุดมศึกษา สายวิชาชีพ",83.41,ร้อยละ,สำนักงานสถิติแห่งชาติ
2568,"ไตรมาส 2",ทั่วราชอาณาจักร,"2) นอกเขตเทศบาล","10. อุดมศึกษา สายวิชาการศึกษา",70.57,ร้อยละ,สำนักงานสถิติแห่งชาติ
2568,"ไตรมาส 2",ทั่วราชอาณาจักร,"2) นอกเขตเทศบาล","11. อื่น ๆ",91.21,ร้อยละ,สำนักงานสถิติแห่งชาติ
2568,"ไตรมาส 2",ทั่วราชอาณาจักร,"2) นอกเขตเทศบาล","12. ไม่ทราบ",89.02,ร้อยละ,สำนักงานสถิติแห่งชาติ
2568,"ไตรมาส 2","1) กรุงเทพมหานคร",รวม,รวม,72.51,ร้อยละ,สำนักงานสถิติแห่งชาติ
2568,"ไตรมาส 2","1) กรุงเทพมหานคร",รวม,"01. ไม่มีการศึกษา",65.33,ร้อยละ,สำนักงานสถิติแห่งชาติ
2568,"ไตรมาส 2","1) กรุงเทพมหานคร",รวม,"02. ต่ำกว่าประถมศึกษา",41.37,ร้อยละ,สำนักงานสถิติแห่งชาติ
2568,"ไตรมาส 2","1) กรุงเทพมหานคร",รวม,"03. ประถมศึกษา",77.10,ร้อยละ,สำนักงานสถิติแห่งชาติ
2568,"ไตรมาส 2","1) กรุงเทพมหานคร",รวม,"04. มัธยมศึกษาตอนต้น",70.88,ร้อยละ,สำนักงานสถิติแห่งชาติ
2568,"ไตรมาส 2","1) กรุงเทพมหานคร",รวม,"05. มัธยมศึกษาตอนปลาย สายสามัญ",69.00,ร้อยละ,สำนักงานสถิติแห่งชาติ
2568,"ไตรมาส 2","1) กรุงเทพมหานคร",รวม,"06. มัธยมศึกษาตอนปลาย สายอาชีวศึกษา",70.87,ร้อยละ,สำนักงานสถิติแห่งชาติ
2568,"ไตรมาส 2","1) กรุงเทพมหานคร",รวม,"07. มัธยมศึกษาตอนปลาย สายวิชาการศึกษา",100.00,ร้อยละ,สำนักงานสถิติแห่งชาติ
2568,"ไตรมาส 2","1) กรุงเทพมหานคร",รวม,"08. อุดมศึกษา สายวิชาการ",81.53,ร้อยละ,สำนักงานสถิติแห่งชาติ
2568,"ไตรมาส 2","1) กรุงเทพมหานคร",รวม,"09. อุดมศึกษา สายวิชาชีพ",78.40,ร้อยละ,สำนักงานสถิติแห่งชาติ
2568,"ไตรมาส 2","1) กรุงเทพมหานคร",รวม,"10. อุดมศึกษา สายวิชาการศึกษา",64.59,ร้อยละ,สำนักงานสถิติแห่งชาติ
2568,"ไตรมาส 2","1) กรุงเทพมหานคร",รวม,"11. อื่น ๆ",.00,ร้อยละ,สำนักงานสถิติแห่งชาติ
2568,"ไตรมาส 2","1) กรุงเทพมหานคร",รวม,"12. ไม่ทราบ",72.45,ร้อยละ,สำนักงานสถิติแห่งชาติ
2568,"ไตรมาส 2","1) กรุงเทพมหานคร","1) ในเขตเทศบาล",รวม,72.51,ร้อยละ,สำนักงานสถิติแห่งชาติ
2568,"ไตรมาส 2","1) กรุงเทพมหานคร","1) ในเขตเทศบาล","01. ไม่มีการศึกษา",65.33,ร้อยละ,สำนักงานสถิติแห่งชาติ
2568,"ไตรมาส 2","1) กรุงเทพมหานคร","1) ในเขตเทศบาล","02. ต่ำกว่าประถมศึกษา",41.37,ร้อยละ,สำนักงานสถิติแห่งชาติ
2568,"ไตรมาส 2","1) กรุงเทพมหานคร","1) ในเขตเทศบาล","03. ประถมศึกษา",77.10,ร้อยละ,สำนักงานสถิติแห่งชาติ
2568,"ไตรมาส 2","1) กรุงเทพมหานคร","1) ในเขตเทศบาล","04. มัธยมศึกษาตอนต้น",70.88,ร้อยละ,สำนักงานสถิติแห่งชาติ
2568,"ไตรมาส 2","1) กรุงเทพมหานคร","1) ในเขตเทศบาล","05. มัธยมศึกษาตอนปลาย สายสามัญ",69.00,ร้อยละ,สำนักงานสถิติแห่งชาติ
2568,"ไตรมาส 2","1) กรุงเทพมหานคร","1) ในเขตเทศบาล","06. มัธยมศึกษาตอนปลาย สายอาชีวศึกษา",70.87,ร้อยละ,สำนักงานสถิติแห่งชาติ
2568,"ไตรมาส 2","1) กรุงเทพมหานคร","1) ในเขตเทศบาล","07. มัธยมศึกษาตอนปลาย สายวิชาการศึกษา",100.00,ร้อยละ,สำนักงานสถิติแห่งชาติ
2568,"ไตรมาส 2","1) กรุงเทพมหานคร","1) ในเขตเทศบาล","08. อุดมศึกษา สายวิชาการ",81.53,ร้อยละ,สำนักงานสถิติแห่งชาติ
2568,"ไตรมาส 2","1) กรุงเทพมหานคร","1) ในเขตเทศบาล","09. อุดมศึกษา สายวิชาชีพ",78.40,ร้อยละ,สำนักงานสถิติแห่งชาติ
2568,"ไตรมาส 2","1) กรุงเทพมหานคร","1) ในเขตเทศบาล","10. อุดมศึกษา สายวิชาการศึกษา",64.59,ร้อยละ,สำนักงานสถิติแห่งชาติ
2568,"ไตรมาส 2","1) กรุงเทพมหานคร","1) ในเขตเทศบาล","11. อื่น ๆ",.00,ร้อยละ,สำนักงานสถิติแห่งชาติ
2568,"ไตรมาส 2","1) กรุงเทพมหานคร","1) ในเขตเทศบาล","12. ไม่ทราบ",72.45,ร้อยละ,สำนักงานสถิติแห่งชาติ
2568,"ไตรมาส 2","2) กลาง",รวม,รวม,69.80,ร้อยละ,สำนักงานสถิติแห่งชาติ
2568,"ไตรมาส 2","2) กลาง",รวม,"01. ไม่มีการศึกษา",58.16,ร้อยละ,สำนักงานสถิติแห่งชาติ
2568,"ไตรมาส 2","2) กลาง",รวม,"02. ต่ำกว่าประถมศึกษา",40.91,ร้อยละ,สำนักงานสถิติแห่งชาติ
2568,"ไตรมาส 2","2) กลาง",รวม,"03. ประถมศึกษา",74.06,ร้อยละ,สำนักงานสถิติแห่งชาติ
2568,"ไตรมาส 2","2) กลาง",รวม,"04. มัธยมศึกษาตอนต้น",70.11,ร้อยละ,สำนักงานสถิติแห่งชาติ
2568,"ไตรมาส 2","2) กลาง",รวม,"05. มัธยมศึกษาตอนปลาย สายสามัญ",68.69,ร้อยละ,สำนักงานสถิติแห่งชาติ
2568,"ไตรมาส 2","2) กลาง",รวม,"06. มัธยมศึกษาตอนปลาย สายอาชีวศึกษา",73.17,ร้อยละ,สำนักงานสถิติแห่งชาติ
2568,"ไตรมาส 2","2) กลาง",รวม,"07. มัธยมศึกษาตอนปลาย สายวิชาการศึกษา",87.27,ร้อยละ,สำนักงานสถิติแห่งชาติ
2568,"ไตรมาส 2","2) กลาง",รวม,"08. อุดมศึกษา สายวิชาการ",82.55,ร้อยละ,สำนักงานสถิติแห่งชาติ
2568,"ไตรมาส 2","2) กลาง",รวม,"09. อุดมศึกษา สายวิชาชีพ",83.82,ร้อยละ,สำนักงานสถิติแห่งชาติ
2568,"ไตรมาส 2","2) กลาง",รวม,"10. อุดมศึกษา สายวิชาการศึกษา",60.59,ร้อยละ,สำนักงานสถิติแห่งชาติ
2568,"ไตรมาส 2","2) กลาง",รวม,"11. อื่น ๆ",95.79,ร้อยละ,สำนักงานสถิติแห่งชาติ
2568,"ไตรมาส 2","2) กลาง",รวม,"12. ไม่ทราบ",81.92,ร้อยละ,สำนักงานสถิติแห่งชาติ
2568,"ไตรมาส 2","2) กลาง","1) ในเขตเทศบาล",รวม,69.12,ร้อยละ,สำนักงานสถิติแห่งชาติ
2568,"ไตรมาส 2","2) กลาง","1) ในเขตเทศบาล","01. ไม่มีการศึกษา",63.14,ร้อยละ,สำนักงานสถิติแห่งชาติ
2568,"ไตรมาส 2","2) กลาง","1) ในเขตเทศบาล","02. ต่ำกว่าประถมศึกษา",41.80,ร้อยละ,สำนักงานสถิติแห่งชาติ
2568,"ไตรมาส 2","2) กลาง","1) ในเขตเทศบาล","03. ประถมศึกษา",72.98,ร้อยละ,สำนักงานสถิติแห่งชาติ
2568,"ไตรมาส 2","2) กลาง","1) ในเขตเทศบาล","04. มัธยมศึกษาตอนต้น",69.32,ร้อยละ,สำนักงานสถิติแห่งชาติ
2568,"ไตรมาส 2","2) กลาง","1) ในเขตเทศบาล","05. มัธยมศึกษาตอนปลาย สายสามัญ",64.81,ร้อยละ,สำนักงานสถิติแห่งชาติ
2568,"ไตรมาส 2","2) กลาง","1) ในเขตเทศบาล","06. มัธยมศึกษาตอนปลาย สายอาชีวศึกษา",66.80,ร้อยละ,สำนักงานสถิติแห่งชาติ
2568,"ไตรมาส 2","2) กลาง","1) ในเขตเทศบาล","07. มัธยมศึกษาตอนปลาย สายวิชาการศึกษา",97.44,ร้อยละ,สำนักงานสถิติแห่งชาติ
2568,"ไตรมาส 2","2) กลาง","1) ในเขตเทศบาล","08. อุดมศึกษา สายวิชาการ",80.49,ร้อยละ,สำนักงานสถิติแห่งชาติ
2568,"ไตรมาส 2","2) กลาง","1) ในเขตเทศบาล","09. อุดมศึกษา สายวิชาชีพ",80.43,ร้อยละ,สำนักงานสถิติแห่งชาติ
2568,"ไตรมาส 2","2) กลาง","1) ในเขตเทศบาล","10. อุดมศึกษา สายวิชาการศึกษา",58.08,ร้อยละ,สำนักงานสถิติแห่งชาติ
2568,"ไตรมาส 2","2) กลาง","1) ในเขตเทศบาล","11. อื่น ๆ",95.51,ร้อยละ,สำนักงานสถิติแห่งชาติ
2568,"ไตรมาส 2","2) กลาง","1) ในเขตเทศบาล","12. ไม่ทราบ",79.27,ร้อยละ,สำนักงานสถิติแห่งชาติ
2568,"ไตรมาส 2","2) กลาง","2) นอกเขตเทศบาล",รวม,70.41,ร้อยละ,สำนักงานสถิติแห่งชาติ
2568,"ไตรมาส 2","2) กลาง","2) นอกเขตเทศบาล","01. ไม่มีการศึกษา",52.80,ร้อยละ,สำนักงานสถิติแห่งชาติ
2568,"ไตรมาส 2","2) กลาง","2) นอกเขตเทศบาล","02. ต่ำกว่าประถมศึกษา",40.35,ร้อยละ,สำนักงานสถิติแห่งชาติ
2568,"ไตรมาส 2","2) กลาง","2) นอกเขตเทศบาล","03. ประถมศึกษา",74.86,ร้อยละ,สำนักงานสถิติแห่งชาติ
2568,"ไตรมาส 2","2) กลาง","2) นอกเขตเทศบาล","04. มัธยมศึกษาตอนต้น",70.80,ร้อยละ,สำนักงานสถิติแห่งชาติ
2568,"ไตรมาส 2","2) กลาง","2) นอกเขตเทศบาล","05. มัธยมศึกษาตอนปลาย สายสามัญ",72.33,ร้อยละ,สำนักงานสถิติแห่งชาติ
2568,"ไตรมาส 2","2) กลาง","2) นอกเขตเทศบาล","06. มัธยมศึกษาตอนปลาย สายอาชีวศึกษา",79.95,ร้อยละ,สำนักงานสถิติแห่งชาติ
2568,"ไตรมาส 2","2) กลาง","2) นอกเขตเทศบาล","07. มัธยมศึกษาตอนปลาย สายวิชาการศึกษา",62.50,ร้อยละ,สำนักงานสถิติแห่งชาติ
2568,"ไตรมาส 2","2) กลาง","2) นอกเขตเทศบาล","08. อุดมศึกษา สายวิชาการ",85.01,ร้อยละ,สำนักงานสถิติแห่งชาติ
2568,"ไตรมาส 2","2) กลาง","2) นอกเขตเทศบาล","09. อุดมศึกษา สายวิชาชีพ",87.02,ร้อยละ,สำนักงานสถิติแห่งชาติ
2568,"ไตรมาส 2","2) กลาง","2) นอกเขตเทศบาล","10. อุดมศึกษา สายวิชาการศึกษา",63.45,ร้อยละ,สำนักงานสถิติแห่งชาติ
2568,"ไตรมาส 2","2) กลาง","2) นอกเขตเทศบาล","11. อื่น ๆ",96.08,ร้อยละ,สำนักงานสถิติแห่งชาติ
2568,"ไตรมาส 2","2) กลาง","2) นอกเขตเทศบาล","12. ไม่ทราบ",86.11,ร้อยละ,สำนักงานสถิติแห่งชาติ
2568,"ไตรมาส 2","3) ใต้",รวม,รวม,68.04,ร้อยละ,สำนักงานสถิติแห่งชาติ
2568,"ไตรมาส 2","3) ใต้",รวม,"01. ไม่มีการศึกษา",46.47,ร้อยละ,สำนักงานสถิติแห่งชาติ
2568,"ไตรมาส 2","3) ใต้",รวม,"02. ต่ำกว่าประถมศึกษา",45.60,ร้อยละ,สำนักงานสถิติแห่งชาติ
2568,"ไตรมาส 2","3) ใต้",รวม,"03. ประถมศึกษา",75.25,ร้อยละ,สำนักงานสถิติแห่งชาติ
2568,"ไตรมาส 2","3) ใต้",รวม,"04. มัธยมศึกษาตอนต้น",62.22,ร้อยละ,สำนักงานสถิติแห่งชาติ
2568,"ไตรมาส 2","3) ใต้",รวม,"05. มัธยมศึกษาตอนปลาย สายสามัญ",70.12,ร้อยละ,สำนักงานสถิติแห่งชาติ
2568,"ไตรมาส 2","3) ใต้",รวม,"06. มัธยมศึกษาตอนปลาย สายอาชีวศึกษา",73.43,ร้อยละ,สำนักงานสถิติแห่งชาติ
2568,"ไตรมาส 2","3) ใต้",รวม,"07. มัธยมศึกษาตอนปลาย สายวิชาการศึกษา",80.95,ร้อยละ,สำนักงานสถิติแห่งชาติ
2568,"ไตรมาส 2","3) ใต้",รวม,"08. อุดมศึกษา สายวิชาการ",83.18,ร้อยละ,สำนักงานสถิติแห่งชาติ
2568,"ไตรมาส 2","3) ใต้",รวม,"09. อุดมศึกษา สายวิชาชีพ",80.67,ร้อยละ,สำนักงานสถิติแห่งชาติ
2568,"ไตรมาส 2","3) ใต้",รวม,"10. อุดมศึกษา สายวิชาการศึกษา",69.68,ร้อยละ,สำนักงานสถิติแห่งชาติ
2568,"ไตรมาส 2","3) ใต้",รวม,"11. อื่น ๆ",77.33,ร้อยละ,สำนักงานสถิติแห่งชาติ
2568,"ไตรมาส 2","3) ใต้",รวม,"12. ไม่ทราบ",84.75,ร้อยละ,สำนักงานสถิติแห่งชาติ
2568,"ไตรมาส 2","3) ใต้","1) ในเขตเทศบาล",รวม,66.41,ร้อยละ,สำนักงานสถิติแห่งชาติ
2568,"ไตรมาส 2","3) ใต้","1) ในเขตเทศบาล","01. ไม่มีการศึกษา",61.90,ร้อยละ,สำนักงานสถิติแห่งชาติ
2568,"ไตรมาส 2","3) ใต้","1) ในเขตเทศบาล","02. ต่ำกว่าประถมศึกษา",40.60,ร้อยละ,สำนักงานสถิติแห่งชาติ
2568,"ไตรมาส 2","3) ใต้","1) ในเขตเทศบาล","03. ประถมศึกษา",73.72,ร้อยละ,สำนักงานสถิติแห่งชาติ
2568,"ไตรมาส 2","3) ใต้","1) ในเขตเทศบาล","04. มัธยมศึกษาตอนต้น",60.82,ร้อยละ,สำนักงานสถิติแห่งชาติ
2568,"ไตรมาส 2","3) ใต้","1) ในเขตเทศบาล","05. มัธยมศึกษาตอนปลาย สายสามัญ",63.64,ร้อยละ,สำนักงานสถิติแห่งชาติ
2568,"ไตรมาส 2","3) ใต้","1) ในเขตเทศบาล","06. มัธยมศึกษาตอนปลาย สายอาชีวศึกษา",70.37,ร้อยละ,สำนักงานสถิติแห่งชาติ
2568,"ไตรมาส 2","3) ใต้","1) ในเขตเทศบาล","07. มัธยมศึกษาตอนปลาย สายวิชาการศึกษา",80.95,ร้อยละ,สำนักงานสถิติแห่งชาติ
2568,"ไตรมาส 2","3) ใต้","1) ในเขตเทศบาล","08. อุดมศึกษา สายวิชาการ",80.97,ร้อยละ,สำนักงานสถิติแห่งชาติ
2568,"ไตรมาส 2","3) ใต้","1) ในเขตเทศบาล","09. อุดมศึกษา สายวิชาชีพ",80.31,ร้อยละ,สำนักงานสถิติแห่งชาติ
2568,"ไตรมาส 2","3) ใต้","1) ในเขตเทศบาล","10. อุดมศึกษา สายวิชาการศึกษา",66.09,ร้อยละ,สำนักงานสถิติแห่งชาติ
2568,"ไตรมาส 2","3) ใต้","1) ในเขตเทศบาล","11. อื่น ๆ",85.00,ร้อยละ,สำนักงานสถิติแห่งชาติ
2568,"ไตรมาส 2","3) ใต้","1) ในเขตเทศบาล","12. ไม่ทราบ",74.73,ร้อยละ,สำนักงานสถิติแห่งชาติ
2568,"ไตรมาส 2","3) ใต้","2) นอกเขตเทศบาล",รวม,69.02,ร้อยละ,สำนักงานสถิติแห่งชาติ
2568,"ไตรมาส 2","3) ใต้","2) นอกเขตเทศบาล","01. ไม่มีการศึกษา",34.19,ร้อยละ,สำนักงานสถิติแห่งชาติ
2568,"ไตรมาส 2","3) ใต้","2) นอกเขตเทศบาล","02. ต่ำกว่าประถมศึกษา",47.72,ร้อยละ,สำนักงานสถิติแห่งชาติ
2568,"ไตรมาส 2","3) ใต้","2) นอกเขตเทศบาล","03. ประถมศึกษา",75.95,ร้อยละ,สำนักงานสถิติแห่งชาติ
2568,"ไตรมาส 2","3) ใต้","2) นอกเขตเทศบาล","04. มัธยมศึกษาตอนต้น",63.02,ร้อยละ,สำนักงานสถิติแห่งชาติ
2568,"ไตรมาส 2","3) ใต้","2) นอกเขตเทศบาล","05. มัธยมศึกษาตอนปลาย สายสามัญ",74.77,ร้อยละ,สำนักงานสถิติแห่งชาติ
2568,"ไตรมาส 2","3) ใต้","2) นอกเขตเทศบาล","06. มัธยมศึกษาตอนปลาย สายอาชีวศึกษา",75.65,ร้อยละ,สำนักงานสถิติแห่งชาติ
2568,"ไตรมาส 2","3) ใต้","2) นอกเขตเทศบาล","08. อุดมศึกษา สายวิชาการ",85.18,ร้อยละ,สำนักงานสถิติแห่งชาติ
2568,"ไตรมาส 2","3) ใต้","2) นอกเขตเทศบาล","09. อุดมศึกษา สายวิชาชีพ",80.94,ร้อยละ,สำนักงานสถิติแห่งชาติ
2568,"ไตรมาส 2","3) ใต้","2) นอกเขตเทศบาล","10. อุดมศึกษา สายวิชาการศึกษา",72.03,ร้อยละ,สำนักงานสถิติแห่งชาติ
2568,"ไตรมาส 2","3) ใต้","2) นอกเขตเทศบาล","11. อื่น ๆ",74.55,ร้อยละ,สำนักงานสถิติแห่งชาติ
2568,"ไตรมาส 2","3) ใต้","2) นอกเขตเทศบาล","12. ไม่ทราบ",95.92,ร้อยละ,สำนักงานสถิติแห่งชาติ
2568,"ไตรมาส 2","4) ใต้ชายแดน",รวม,รวม,64.43,ร้อยละ,สำนักงานสถิติแห่งชาติ
2568,"ไตรมาส 2","4) ใต้ชายแดน",รวม,"01. ไม่มีการศึกษา",33.15,ร้อยละ,สำนักงานสถิติแห่งชาติ
2568,"ไตรมาส 2","4) ใต้ชายแดน",รวม,"02. ต่ำกว่าประถมศึกษา",48.34,ร้อยละ,สำนักงานสถิติแห่งชาติ
2568,"ไตรมาส 2","4) ใต้ชายแดน",รวม,"03. ประถมศึกษา",72.97,ร้อยละ,สำนักงานสถิติแห่งชาติ
2568,"ไตรมาส 2","4) ใต้ชายแดน",รวม,"04. มัธยมศึกษาตอนต้น",56.56,ร้อยละ,สำนักงานสถิติแห่งชาติ
2568,"ไตรมาส 2","4) ใต้ชายแดน",รวม,"05. มัธยมศึกษาตอนปลาย สายสามัญ",68.66,ร้อยละ,สำนักงานสถิติแห่งชาติ
2568,"ไตรมาส 2","4) ใต้ชายแดน",รวม,"06. มัธยมศึกษาตอนปลาย สายอาชีวศึกษา",67.72,ร้อยละ,สำนักงานสถิติแห่งชาติ
2568,"ไตรมาส 2","4) ใต้ชายแดน",รวม,"07. มัธยมศึกษาตอนปลาย สายวิชาการศึกษา",100.00,ร้อยละ,สำนักงานสถิติแห่งชาติ
2568,"ไตรมาส 2","4) ใต้ชายแดน",รวม,"08. อุดมศึกษา สายวิชาการ",80.97,ร้อยละ,สำนักงานสถิติแห่งชาติ
2568,"ไตรมาส 2","4) ใต้ชายแดน",รวม,"09. อุดมศึกษา สายวิชาชีพ",78.29,ร้อยละ,สำนักงานสถิติแห่งชาติ
2568,"ไตรมาส 2","4) ใต้ชายแดน",รวม,"10. อุดมศึกษา สายวิชาการศึกษา",77.15,ร้อยละ,สำนักงานสถิติแห่งชาติ
2568,"ไตรมาส 2","4) ใต้ชายแดน",รวม,"11. อื่น ๆ",39.60,ร้อยละ,สำนักงานสถิติแห่งชาติ
2568,"ไตรมาส 2","4) ใต้ชายแดน","1) ในเขตเทศบาล",รวม,61.56,ร้อยละ,สำนักงานสถิติแห่งชาติ
2568,"ไตรมาส 2","4) ใต้ชายแดน","1) ในเขตเทศบาล","01. ไม่มีการศึกษา",24.86,ร้อยละ,สำนักงานสถิติแห่งชาติ
2568,"ไตรมาส 2","4) ใต้ชายแดน","1) ในเขตเทศบาล","02. ต่ำกว่าประถมศึกษา",38.06,ร้อยละ,สำนักงานสถิติแห่งชาติ
2568,"ไตรมาส 2","4) ใต้ชายแดน","1) ในเขตเทศบาล","03. ประถมศึกษา",67.46,ร้อยละ,สำนักงานสถิติแห่งชาติ
2568,"ไตรมาส 2","4) ใต้ชายแดน","1) ในเขตเทศบาล","04. มัธยมศึกษาตอนต้น",55.74,ร้อยละ,สำนักงานสถิติแห่งชาติ
2568,"ไตรมาส 2","4) ใต้ชายแดน","1) ในเขตเทศบาล","05. มัธยมศึกษาตอนปลาย สายสามัญ",62.80,ร้อยละ,สำนักงานสถิติแห่งชาติ
2568,"ไตรมาส 2","4) ใต้ชายแดน","1) ในเขตเทศบาล","06. มัธยมศึกษาตอนปลาย สายอาชีวศึกษา",71.43,ร้อยละ,สำนักงานสถิติแห่งชาติ
2568,"ไตรมาส 2","4) ใต้ชายแดน","1) ในเขตเทศบาล","07. มัธยมศึกษาตอนปลาย สายวิชาการศึกษา",100.00,ร้อยละ,สำนักงานสถิติแห่งชาติ
2568,"ไตรมาส 2","4) ใต้ชายแดน","1) ในเขตเทศบาล","08. อุดมศึกษา สายวิชาการ",80.08,ร้อยละ,สำนักงานสถิติแห่งชาติ
2568,"ไตรมาส 2","4) ใต้ชายแดน","1) ในเขตเทศบาล","09. อุดมศึกษา สายวิชาชีพ",78.23,ร้อยละ,สำนักงานสถิติแห่งชาติ
2568,"ไตรมาส 2","4) ใต้ชายแดน","1) ในเขตเทศบาล","10. อุดมศึกษา สายวิชาการศึกษา",64.80,ร้อยละ,สำนักงานสถิติแห่งชาติ
2568,"ไตรมาส 2","4) ใต้ชายแดน","1) ในเขตเทศบาล","11. อื่น ๆ",38.46,ร้อยละ,สำนักงานสถิติแห่งชาติ
2568,"ไตรมาส 2","4) ใต้ชายแดน","2) นอกเขตเทศบาล",รวม,65.20,ร้อยละ,สำนักงานสถิติแห่งชาติ
2568,"ไตรมาส 2","4) ใต้ชายแดน","2) นอกเขตเทศบาล","01. ไม่มีการศึกษา",34.74,ร้อยละ,สำนักงานสถิติแห่งชาติ
2568,"ไตรมาส 2","4) ใต้ชายแดน","2) นอกเขตเทศบาล","02. ต่ำกว่าประถมศึกษา",50.60,ร้อยละ,สำนักงานสถิติแห่งชาติ
2568,"ไตรมาส 2","4) ใต้ชายแดน","2) นอกเขตเทศบาล","03. ประถมศึกษา",73.93,ร้อยละ,สำนักงานสถิติแห่งชาติ
2568,"ไตรมาส 2","4) ใต้ชายแดน","2) นอกเขตเทศบาล","04. มัธยมศึกษาตอนต้น",56.79,ร้อยละ,สำนักงานสถิติแห่งชาติ
2568,"ไตรมาส 2","4) ใต้ชายแดน","2) นอกเขตเทศบาล","05. มัธยมศึกษาตอนปลาย สายสามัญ",70.42,ร้อยละ,สำนักงานสถิติแห่งชาติ
2568,"ไตรมาส 2","4) ใต้ชายแดน","2) นอกเขตเทศบาล","06. มัธยมศึกษาตอนปลาย สายอาชีวศึกษา",65.38,ร้อยละ,สำนักงานสถิติแห่งชาติ
2568,"ไตรมาส 2","4) ใต้ชายแดน","2) นอกเขตเทศบาล","08. อุดมศึกษา สายวิชาการ",81.48,ร้อยละ,สำนักงานสถิติแห่งชาติ
2568,"ไตรมาส 2","4) ใต้ชายแดน","2) นอกเขตเทศบาล","09. อุดมศึกษา สายวิชาชีพ",78.33,ร้อยละ,สำนักงานสถิติแห่งชาติ
2568,"ไตรมาส 2","4) ใต้ชายแดน","2) นอกเขตเทศบาล","10. อุดมศึกษา สายวิชาการศึกษา",84.23,ร้อยละ,สำนักงานสถิติแห่งชาติ
2568,"ไตรมาส 2","4) ใต้ชายแดน","2) นอกเขตเทศบาล","11. อื่น ๆ",40.91,ร้อยละ,สำนักงานสถิติแห่งชาติ
2568,"ไตรมาส 2","5) ตะวันออก",รวม,รวม,71.06,ร้อยละ,สำนักงานสถิติแห่งชาติ
2568,"ไตรมาส 2","5) ตะวันออก",รวม,"01. ไม่มีการศึกษา",45.80,ร้อยละ,สำนักงานสถิติแห่งชาติ
2568,"ไตรมาส 2","5) ตะวันออก",รวม,"02. ต่ำกว่าประถมศึกษา",42.97,ร้อยละ,สำนักงานสถิติแห่งชาติ
2568,"ไตรมาส 2","5) ตะวันออก",รวม,"03. ประถมศึกษา",74.95,ร้อยละ,สำนักงานสถิติแห่งชาติ
2568,"ไตรมาส 2","5) ตะวันออก",รวม,"04. มัธยมศึกษาตอนต้น",67.14,ร้อยละ,สำนักงานสถิติแห่งชาติ
2568,"ไตรมาส 2","5) ตะวันออก",รวม,"05. มัธยมศึกษาตอนปลาย สายสามัญ",79.04,ร้อยละ,สำนักงานสถิติแห่งชาติ
2568,"ไตรมาส 2","5) ตะวันออก",รวม,"06. มัธยมศึกษาตอนปลาย สายอาชีวศึกษา",74.52,ร้อยละ,สำนักงานสถิติแห่งชาติ
2568,"ไตรมาส 2","5) ตะวันออก",รวม,"07. มัธยมศึกษาตอนปลาย สายวิชาการศึกษา",100.00,ร้อยละ,สำนักงานสถิติแห่งชาติ
2568,"ไตรมาส 2","5) ตะวันออก",รวม,"08. อุดมศึกษา สายวิชาการ",78.65,ร้อยละ,สำนักงานสถิติแห่งชาติ
2568,"ไตรมาส 2","5) ตะวันออก",รวม,"09. อุดมศึกษา สายวิชาชีพ",86.06,ร้อยละ,สำนักงานสถิติแห่งชาติ
2568,"ไตรมาส 2","5) ตะวันออก",รวม,"10. อุดมศึกษา สายวิชาการศึกษา",61.71,ร้อยละ,สำนักงานสถิติแห่งชาติ
2568,"ไตรมาส 2","5) ตะวันออก",รวม,"11. อื่น ๆ",100.00,ร้อยละ,สำนักงานสถิติแห่งชาติ
2568,"ไตรมาส 2","5) ตะวันออก",รวม,"12. ไม่ทราบ",85.95,ร้อยละ,สำนักงานสถิติแห่งชาติ
2568,"ไตรมาส 2","5) ตะวันออก","1) ในเขตเทศบาล",รวม,70.60,ร้อยละ,สำนักงานสถิติแห่งชาติ
2568,"ไตรมาส 2","5) ตะวันออก","1) ในเขตเทศบาล","01. ไม่มีการศึกษา",50.42,ร้อยละ,สำนักงานสถิติแห่งชาติ
2568,"ไตรมาส 2","5) ตะวันออก","1) ในเขตเทศบาล","02. ต่ำกว่าประถมศึกษา",38.51,ร้อยละ,สำนักงานสถิติแห่งชาติ
2568,"ไตรมาส 2","5) ตะวันออก","1) ในเขตเทศบาล","03. ประถมศึกษา",73.17,ร้อยละ,สำนักงานสถิติแห่งชาติ
2568,"ไตรมาส 2","5) ตะวันออก","1) ในเขตเทศบาล","04. มัธยมศึกษาตอนต้น",65.42,ร้อยละ,สำนักงานสถิติแห่งชาติ
2568,"ไตรมาส 2","5) ตะวันออก","1) ในเขตเทศบาล","05. มัธยมศึกษาตอนปลาย สายสามัญ",80.56,ร้อยละ,สำนักงานสถิติแห่งชาติ
2568,"ไตรมาส 2","5) ตะวันออก","1) ในเขตเทศบาล","06. มัธยมศึกษาตอนปลาย สายอาชีวศึกษา",76.36,ร้อยละ,สำนักงานสถิติแห่งชาติ
2568,"ไตรมาส 2","5) ตะวันออก","1) ในเขตเทศบาล","07. มัธยมศึกษาตอนปลาย สายวิชาการศึกษา",100.00,ร้อยละ,สำนักงานสถิติแห่งชาติ
2568,"ไตรมาส 2","5) ตะวันออก","1) ในเขตเทศบาล","08. อุดมศึกษา สายวิชาการ",73.60,ร้อยละ,สำนักงานสถิติแห่งชาติ
2568,"ไตรมาส 2","5) ตะวันออก","1) ในเขตเทศบาล","09. อุดมศึกษา สายวิชาชีพ",83.13,ร้อยละ,สำนักงานสถิติแห่งชาติ
2568,"ไตรมาส 2","5) ตะวันออก","1) ในเขตเทศบาล","10. อุดมศึกษา สายวิชาการศึกษา",55.98,ร้อยละ,สำนักงานสถิติแห่งชาติ
2568,"ไตรมาส 2","5) ตะวันออก","1) ในเขตเทศบาล","11. อื่น ๆ",100.00,ร้อยละ,สำนักงานสถิติแห่งชาติ
2568,"ไตรมาส 2","5) ตะวันออก","1) ในเขตเทศบาล","12. ไม่ทราบ",85.01,ร้อยละ,สำนักงานสถิติแห่งชาติ
2568,"ไตรมาส 2","5) ตะวันออก","2) นอกเขตเทศบาล",รวม,71.46,ร้อยละ,สำนักงานสถิติแห่งชาติ
2568,"ไตรมาส 2","5) ตะวันออก","2) นอกเขตเทศบาล","01. ไม่มีการศึกษา",41.34,ร้อยละ,สำนักงานสถิติแห่งชาติ
2568,"ไตรมาส 2","5) ตะวันออก","2) นอกเขตเทศบาล","02. ต่ำกว่าประถมศึกษา",45.91,ร้อยละ,สำนักงานสถิติแห่งชาติ
2568,"ไตรมาส 2","5) ตะวันออก","2) นอกเขตเทศบาล","03. ประถมศึกษา",76.27,ร้อยละ,สำนักงานสถิติแห่งชาติ
2568,"ไตรมาส 2","5) ตะวันออก","2) นอกเขตเทศบาล","04. มัธยมศึกษาตอนต้น",68.48,ร้อยละ,สำนักงานสถิติแห่งชาติ
2568,"ไตรมาส 2","5) ตะวันออก","2) นอกเขตเทศบาล","05. มัธยมศึกษาตอนปลาย สายสามัญ",77.80,ร้อยละ,สำนักงานสถิติแห่งชาติ
2568,"ไตรมาส 2","5) ตะวันออก","2) นอกเขตเทศบาล","06. มัธยมศึกษาตอนปลาย สายอาชีวศึกษา",73.06,ร้อยละ,สำนักงานสถิติแห่งชาติ
2568,"ไตรมาส 2","5) ตะวันออก","2) นอกเขตเทศบาล","08. อุดมศึกษา สายวิชาการ",84.34,ร้อยละ,สำนักงานสถิติแห่งชาติ
2568,"ไตรมาส 2","5) ตะวันออก","2) นอกเขตเทศบาล","09. อุดมศึกษา สายวิชาชีพ",88.61,ร้อยละ,สำนักงานสถิติแห่งชาติ
2568,"ไตรมาส 2","5) ตะวันออก","2) นอกเขตเทศบาล","10. อุดมศึกษา สายวิชาการศึกษา",68.57,ร้อยละ,สำนักงานสถิติแห่งชาติ
2568,"ไตรมาส 2","5) ตะวันออก","2) นอกเขตเทศบาล","12. ไม่ทราบ",89.47,ร้อยละ,สำนักงานสถิติแห่งชาติ
2568,"ไตรมาส 2","6) ตะวันออกเฉียงเหนือ",รวม,รวม,60.20,ร้อยละ,สำนักงานสถิติแห่งชาติ
2568,"ไตรมาส 2","6) ตะวันออกเฉียงเหนือ",รวม,"01. ไม่มีการศึกษา",21.90,ร้อยละ,สำนักงานสถิติแห่งชาติ
2568,"ไตรมาส 2","6) ตะวันออกเฉียงเหนือ",รวม,"02. ต่ำกว่าประถมศึกษา",37.09,ร้อยละ,สำนักงานสถิติแห่งชาติ
2568,"ไตรมาส 2","6) ตะวันออกเฉียงเหนือ",รวม,"03. ประถมศึกษา",70.67,ร้อยละ,สำนักงานสถิติแห่งชาติ
2568,"ไตรมาส 2","6) ตะวันออกเฉียงเหนือ",รวม,"04. มัธยมศึกษาตอนต้น",58.21,ร้อยละ,สำนักงานสถิติแห่งชาติ
2568,"ไตรมาส 2","6) ตะวันออกเฉียงเหนือ",รวม,"05. มัธยมศึกษาตอนปลาย สายสามัญ",68.72,ร้อยละ,สำนักงานสถิติแห่งชาติ
2568,"ไตรมาส 2","6) ตะวันออกเฉียงเหนือ",รวม,"06. มัธยมศึกษาตอนปลาย สายอาชีวศึกษา",69.42,ร้อยละ,สำนักงานสถิติแห่งชาติ
2568,"ไตรมาส 2","6) ตะวันออกเฉียงเหนือ",รวม,"07. มัธยมศึกษาตอนปลาย สายวิชาการศึกษา",.00,ร้อยละ,สำนักงานสถิติแห่งชาติ
2568,"ไตรมาส 2","6) ตะวันออกเฉียงเหนือ",รวม,"08. อุดมศึกษา สายวิชาการ",80.88,ร้อยละ,สำนักงานสถิติแห่งชาติ
2568,"ไตรมาส 2","6) ตะวันออกเฉียงเหนือ",รวม,"09. อุดมศึกษา สายวิชาชีพ",81.25,ร้อยละ,สำนักงานสถิติแห่งชาติ
2568,"ไตรมาส 2","6) ตะวันออกเฉียงเหนือ",รวม,"10. อุดมศึกษา สายวิชาการศึกษา",64.39,ร้อยละ,สำนักงานสถิติแห่งชาติ
2568,"ไตรมาส 2","6) ตะวันออกเฉียงเหนือ",รวม,"12. ไม่ทราบ",14.29,ร้อยละ,สำนักงานสถิติแห่งชาติ
2568,"ไตรมาส 2","6) ตะวันออกเฉียงเหนือ","1) ในเขตเทศบาล",รวม,58.72,ร้อยละ,สำนักงานสถิติแห่งชาติ
2568,"ไตรมาส 2","6) ตะวันออกเฉียงเหนือ","1) ในเขตเทศบาล","01. ไม่มีการศึกษา",23.97,ร้อยละ,สำนักงานสถิติแห่งชาติ
2568,"ไตรมาส 2","6) ตะวันออกเฉียงเหนือ","1) ในเขตเทศบาล","02. ต่ำกว่าประถมศึกษา",33.55,ร้อยละ,สำนักงานสถิติแห่งชาติ
2568,"ไตรมาส 2","6) ตะวันออกเฉียงเหนือ","1) ในเขตเทศบาล","03. ประถมศึกษา",69.58,ร้อยละ,สำนักงานสถิติแห่งชาติ
2568,"ไตรมาส 2","6) ตะวันออกเฉียงเหนือ","1) ในเขตเทศบาล","04. มัธยมศึกษาตอนต้น",56.19,ร้อยละ,สำนักงานสถิติแห่งชาติ
2568,"ไตรมาส 2","6) ตะวันออกเฉียงเหนือ","1) ในเขตเทศบาล","05. มัธยมศึกษาตอนปลาย สายสามัญ",62.41,ร้อยละ,สำนักงานสถิติแห่งชาติ
2568,"ไตรมาส 2","6) ตะวันออกเฉียงเหนือ","1) ในเขตเทศบาล","06. มัธยมศึกษาตอนปลาย สายอาชีวศึกษา",62.24,ร้อยละ,สำนักงานสถิติแห่งชาติ
2568,"ไตรมาส 2","6) ตะวันออกเฉียงเหนือ","1) ในเขตเทศบาล","07. มัธยมศึกษาตอนปลาย สายวิชาการศึกษา",.00,ร้อยละ,สำนักงานสถิติแห่งชาติ
2568,"ไตรมาส 2","6) ตะวันออกเฉียงเหนือ","1) ในเขตเทศบาล","08. อุดมศึกษา สายวิชาการ",80.83,ร้อยละ,สำนักงานสถิติแห่งชาติ
2568,"ไตรมาส 2","6) ตะวันออกเฉียงเหนือ","1) ในเขตเทศบาล","09. อุดมศึกษา สายวิชาชีพ",82.25,ร้อยละ,สำนักงานสถิติแห่งชาติ
2568,"ไตรมาส 2","6) ตะวันออกเฉียงเหนือ","1) ในเขตเทศบาล","10. อุดมศึกษา สายวิชาการศึกษา",50.07,ร้อยละ,สำนักงานสถิติแห่งชาติ
2568,"ไตรมาส 2","6) ตะวันออกเฉียงเหนือ","1) ในเขตเทศบาล","12. ไม่ทราบ",25.00,ร้อยละ,สำนักงานสถิติแห่งชาติ
2568,"ไตรมาส 2","6) ตะวันออกเฉียงเหนือ","2) นอกเขตเทศบาล",รวม,60.82,ร้อยละ,สำนักงานสถิติแห่งชาติ
2568,"ไตรมาส 2","6) ตะวันออกเฉียงเหนือ","2) นอกเขตเทศบาล","01. ไม่มีการศึกษา",21.28,ร้อยละ,สำนักงานสถิติแห่งชาติ
2568,"ไตรมาส 2","6) ตะวันออกเฉียงเหนือ","2) นอกเขตเทศบาล","02. ต่ำกว่าประถมศึกษา",38.36,ร้อยละ,สำนักงานสถิติแห่งชาติ
2568,"ไตรมาส 2","6) ตะวันออกเฉียงเหนือ","2) นอกเขตเทศบาล","03. ประถมศึกษา",71.05,ร้อยละ,สำนักงานสถิติแห่งชาติ
2568,"ไตรมาส 2","6) ตะวันออกเฉียงเหนือ","2) นอกเขตเทศบาล","04. มัธยมศึกษาตอนต้น",59.00,ร้อยละ,สำนักงานสถิติแห่งชาติ
2568,"ไตรมาส 2","6) ตะวันออกเฉียงเหนือ","2) นอกเขตเทศบาล","05. มัธยมศึกษาตอนปลาย สายสามัญ",71.77,ร้อยละ,สำนักงานสถิติแห่งชาติ
2568,"ไตรมาส 2","6) ตะวันออกเฉียงเหนือ","2) นอกเขตเทศบาล","06. มัธยมศึกษาตอนปลาย สายอาชีวศึกษา",73.69,ร้อยละ,สำนักงานสถิติแห่งชาติ
2568,"ไตรมาส 2","6) ตะวันออกเฉียงเหนือ","2) นอกเขตเทศบาล","07. มัธยมศึกษาตอนปลาย สายวิชาการศึกษา",.00,ร้อยละ,สำนักงานสถิติแห่งชาติ
2568,"ไตรมาส 2","6) ตะวันออกเฉียงเหนือ","2) นอกเขตเทศบาล","08. อุดมศึกษา สายวิชาการ",80.94,ร้อยละ,สำนักงานสถิติแห่งชาติ
2568,"ไตรมาส 2","6) ตะวันออกเฉียงเหนือ","2) นอกเขตเทศบาล","09. อุดมศึกษา สายวิชาชีพ",80.72,ร้อยละ,สำนักงานสถิติแห่งชาติ
2568,"ไตรมาส 2","6) ตะวันออกเฉียงเหนือ","2) นอกเขตเทศบาล","10. อุดมศึกษา สายวิชาการศึกษา",73.21,ร้อยละ,สำนักงานสถิติแห่งชาติ
2568,"ไตรมาส 2","6) ตะวันออกเฉียงเหนือ","2) นอกเขตเทศบาล","12. ไม่ทราบ",.00,ร้อยละ,สำนักงานสถิติแห่งชาติ
2568,"ไตรมาส 2","7) เหนือ",รวม,รวม,63.18,ร้อยละ,สำนักงานสถิติแห่งชาติ
2568,"ไตรมาส 2","7) เหนือ",รวม,"01. ไม่มีการศึกษา",49.50,ร้อยละ,สำนักงานสถิติแห่งชาติ
2568,"ไตรมาส 2","7) เหนือ",รวม,"02. ต่ำกว่าประถมศึกษา",45.73,ร้อยละ,สำนักงานสถิติแห่งชาติ
2568,"ไตรมาส 2","7) เหนือ",รวม,"03. ประถมศึกษา",74.21,ร้อยละ,สำนักงานสถิติแห่งชาติ
2568,"ไตรมาส 2","7) เหนือ",รวม,"04. มัธยมศึกษาตอนต้น",61.26,ร้อยละ,สำนักงานสถิติแห่งชาติ
2568,"ไตรมาส 2","7) เหนือ",รวม,"05. มัธยมศึกษาตอนปลาย สายสามัญ",68.10,ร้อยละ,สำนักงานสถิติแห่งชาติ
2568,"ไตรมาส 2","7) เหนือ",รวม,"06. มัธยมศึกษาตอนปลาย สายอาชีวศึกษา",64.61,ร้อยละ,สำนักงานสถิติแห่งชาติ
2568,"ไตรมาส 2","7) เหนือ",รวม,"07. มัธยมศึกษาตอนปลาย สายวิชาการศึกษา",80.00,ร้อยละ,สำนักงานสถิติแห่งชาติ
2568,"ไตรมาส 2","7) เหนือ",รวม,"08. อุดมศึกษา สายวิชาการ",79.34,ร้อยละ,สำนักงานสถิติแห่งชาติ
2568,"ไตรมาส 2","7) เหนือ",รวม,"09. อุดมศึกษา สายวิชาชีพ",81.37,ร้อยละ,สำนักงานสถิติแห่งชาติ
2568,"ไตรมาส 2","7) เหนือ",รวม,"10. อุดมศึกษา สายวิชาการศึกษา",68.00,ร้อยละ,สำนักงานสถิติแห่งชาติ
2568,"ไตรมาส 2","7) เหนือ",รวม,"11. อื่น ๆ",.00,ร้อยละ,สำนักงานสถิติแห่งชาติ
2568,"ไตรมาส 2","7) เหนือ",รวม,"12. ไม่ทราบ",56.92,ร้อยละ,สำนักงานสถิติแห่งชาติ
2568,"ไตรมาส 2","7) เหนือ","1) ในเขตเทศบาล",รวม,62.50,ร้อยละ,สำนักงานสถิติแห่งชาติ
2568,"ไตรมาส 2","7) เหนือ","1) ในเขตเทศบาล","01. ไม่มีการศึกษา",56.94,ร้อยละ,สำนักงานสถิติแห่งชาติ
2568,"ไตรมาส 2","7) เหนือ","1) ในเขตเทศบาล","02. ต่ำกว่าประถมศึกษา",42.10,ร้อยละ,สำนักงานสถิติแห่งชาติ
2568,"ไตรมาส 2","7) เหนือ","1) ในเขตเทศบาล","03. ประถมศึกษา",73.58,ร้อยละ,สำนักงานสถิติแห่งชาติ
2568,"ไตรมาส 2","7) เหนือ","1) ในเขตเทศบาล","04. มัธยมศึกษาตอนต้น",59.29,ร้อยละ,สำนักงานสถิติแห่งชาติ
2568,"ไตรมาส 2","7) เหนือ","1) ในเขตเทศบาล","05. มัธยมศึกษาตอนปลาย สายสามัญ",60.59,ร้อยละ,สำนักงานสถิติแห่งชาติ
2568,"ไตรมาส 2","7) เหนือ","1) ในเขตเทศบาล","06. มัธยมศึกษาตอนปลาย สายอาชีวศึกษา",61.86,ร้อยละ,สำนักงานสถิติแห่งชาติ
2568,"ไตรมาส 2","7) เหนือ","1) ในเขตเทศบาล","07. มัธยมศึกษาตอนปลาย สายวิชาการศึกษา",80.00,ร้อยละ,สำนักงานสถิติแห่งชาติ
2568,"ไตรมาส 2","7) เหนือ","1) ในเขตเทศบาล","08. อุดมศึกษา สายวิชาการ",78.76,ร้อยละ,สำนักงานสถิติแห่งชาติ
2568,"ไตรมาส 2","7) เหนือ","1) ในเขตเทศบาล","09. อุดมศึกษา สายวิชาชีพ",83.37,ร้อยละ,สำนักงานสถิติแห่งชาติ
2568,"ไตรมาส 2","7) เหนือ","1) ในเขตเทศบาล","10. อุดมศึกษา สายวิชาการศึกษา",66.69,ร้อยละ,สำนักงานสถิติแห่งชาติ
2568,"ไตรมาส 2","7) เหนือ","1) ในเขตเทศบาล","11. อื่น ๆ",.00,ร้อยละ,สำนักงานสถิติแห่งชาติ
2568,"ไตรมาส 2","7) เหนือ","1) ในเขตเทศบาล","12. ไม่ทราบ",45.00,ร้อยละ,สำนักงานสถิติแห่งชาติ
2568,"ไตรมาส 2","7) เหนือ","2) นอกเขตเทศบาล",รวม,63.54,ร้อยละ,สำนักงานสถิติแห่งชาติ
2568,"ไตรมาส 2","7) เหนือ","2) นอกเขตเทศบาล","01. ไม่มีการศึกษา",46.98,ร้อยละ,สำนักงานสถิติแห่งชาติ
2568,"ไตรมาส 2","7) เหนือ","2) นอกเขตเทศบาล","02. ต่ำกว่าประถมศึกษา",47.33,ร้อยละ,สำนักงานสถิติแห่งชาติ
2568,"ไตรมาส 2","7) เหนือ","2) นอกเขตเทศบาล","03. ประถมศึกษา",74.46,ร้อยละ,สำนักงานสถิติแห่งชาติ
2568,"ไตรมาส 2","7) เหนือ","2) นอกเขตเทศบาล","04. มัธยมศึกษาตอนต้น",62.19,ร้อยละ,สำนักงานสถิติแห่งชาติ
2568,"ไตรมาส 2","7) เหนือ","2) นอกเขตเทศบาล","05. มัธยมศึกษาตอนปลาย สายสามัญ",73.01,ร้อยละ,สำนักงานสถิติแห่งชาติ
2568,"ไตรมาส 2","7) เหนือ","2) นอกเขตเทศบาล","06. มัธยมศึกษาตอนปลาย สายอาชีวศึกษา",66.90,ร้อยละ,สำนักงานสถิติแห่งชาติ
2568,"ไตรมาส 2","7) เหนือ","2) นอกเขตเทศบาล","08. อุดมศึกษา สายวิชาการ",79.91,ร้อยละ,สำนักงานสถิติแห่งชาติ
2568,"ไตรมาส 2","7) เหนือ","2) นอกเขตเทศบาล","09. อุดมศึกษา สายวิชาชีพ",80.03,ร้อยละ,สำนักงานสถิติแห่งชาติ
2568,"ไตรมาส 2","7) เหนือ","2) นอกเขตเทศบาล","10. อุดมศึกษา สายวิชาการศึกษา",69.25,ร้อยละ,สำนักงานสถิติแห่งชาติ
2568,"ไตรมาส 2","7) เหนือ","2) นอกเขตเทศบาล","12. ไม่ทราบ",76.92,ร้อยละ,สำนักงานสถิติแห่งชาติ
2568,"ไตรมาส 3",ทั่วราชอาณาจักร,รวม,รวม,66.99,ร้อยละ,สำนักงานสถิติแห่งชาติ
2568,"ไตรมาส 3",ทั่วราชอาณาจักร,รวม,"01. ไม่มีการศึกษา",48.41,ร้อยละ,สำนักงานสถิติแห่งชาติ
2568,"ไตรมาส 3",ทั่วราชอาณาจักร,รวม,"02. ต่ำกว่าประถมศึกษา",42.06,ร้อยละ,สำนักงานสถิติแห่งชาติ
2568,"ไตรมาส 3",ทั่วราชอาณาจักร,รวม,"03. ประถมศึกษา",73.22,ร้อยละ,สำนักงานสถิติแห่งชาติ
2568,"ไตรมาส 3",ทั่วราชอาณาจักร,รวม,"04. มัธยมศึกษาตอนต้น",64.20,ร้อยละ,สำนักงานสถิติแห่งชาติ
2568,"ไตรมาส 3",ทั่วราชอาณาจักร,รวม,"05. มัธยมศึกษาตอนปลาย สายสามัญ",71.61,ร้อยละ,สำนักงานสถิติแห่งชาติ
2568,"ไตรมาส 3",ทั่วราชอาณาจักร,รวม,"06. มัธยมศึกษาตอนปลาย สายอาชีวศึกษา",70.68,ร้อยละ,สำนักงานสถิติแห่งชาติ
2568,"ไตรมาส 3",ทั่วราชอาณาจักร,รวม,"07. มัธยมศึกษาตอนปลาย สายวิชาการศึกษา",61.18,ร้อยละ,สำนักงานสถิติแห่งชาติ
2568,"ไตรมาส 3",ทั่วราชอาณาจักร,รวม,"08. อุดมศึกษา สายวิชาการ",82.33,ร้อยละ,สำนักงานสถิติแห่งชาติ
2568,"ไตรมาส 3",ทั่วราชอาณาจักร,รวม,"09. อุดมศึกษา สายวิชาชีพ",83.65,ร้อยละ,สำนักงานสถิติแห่งชาติ
2568,"ไตรมาส 3",ทั่วราชอาณาจักร,รวม,"10. อุดมศึกษา สายวิชาการศึกษา",64.21,ร้อยละ,สำนักงานสถิติแห่งชาติ
2568,"ไตรมาส 3",ทั่วราชอาณาจักร,รวม,"11. อื่น ๆ",96.07,ร้อยละ,สำนักงานสถิติแห่งชาติ
2568,"ไตรมาส 3",ทั่วราชอาณาจักร,รวม,"12. ไม่ทราบ",87.04,ร้อยละ,สำนักงานสถิติแห่งชาติ
2568,"ไตรมาส 3",ทั่วราชอาณาจักร,"1) ในเขตเทศบาล",รวม,67.31,ร้อยละ,สำนักงานสถิติแห่งชาติ
2568,"ไตรมาส 3",ทั่วราชอาณาจักร,"1) ในเขตเทศบาล","01. ไม่มีการศึกษา",56.13,ร้อยละ,สำนักงานสถิติแห่งชาติ
2568,"ไตรมาส 3",ทั่วราชอาณาจักร,"1) ในเขตเทศบาล","02. ต่ำกว่าประถมศึกษา",39.16,ร้อยละ,สำนักงานสถิติแห่งชาติ
2568,"ไตรมาส 3",ทั่วราชอาณาจักร,"1) ในเขตเทศบาล","03. ประถมศึกษา",71.23,ร้อยละ,สำนักงานสถิติแห่งชาติ
2568,"ไตรมาส 3",ทั่วราชอาณาจักร,"1) ในเขตเทศบาล","04. มัธยมศึกษาตอนต้น",64.59,ร้อยละ,สำนักงานสถิติแห่งชาติ
2568,"ไตรมาส 3",ทั่วราชอาณาจักร,"1) ในเขตเทศบาล","05. มัธยมศึกษาตอนปลาย สายสามัญ",68.16,ร้อยละ,สำนักงานสถิติแห่งชาติ
2568,"ไตรมาส 3",ทั่วราชอาณาจักร,"1) ในเขตเทศบาล","06. มัธยมศึกษาตอนปลาย สายอาชีวศึกษา",67.91,ร้อยละ,สำนักงานสถิติแห่งชาติ
2568,"ไตรมาส 3",ทั่วราชอาณาจักร,"1) ในเขตเทศบาล","07. มัธยมศึกษาตอนปลาย สายวิชาการศึกษา",38.10,ร้อยละ,สำนักงานสถิติแห่งชาติ
2568,"ไตรมาส 3",ทั่วราชอาณาจักร,"1) ในเขตเทศบาล","08. อุดมศึกษา สายวิชาการ",81.46,ร้อยละ,สำนักงานสถิติแห่งชาติ
2568,"ไตรมาส 3",ทั่วราชอาณาจักร,"1) ในเขตเทศบาล","09. อุดมศึกษา สายวิชาชีพ",81.88,ร้อยละ,สำนักงานสถิติแห่งชาติ
2568,"ไตรมาส 3",ทั่วราชอาณาจักร,"1) ในเขตเทศบาล","10. อุดมศึกษา สายวิชาการศึกษา",59.49,ร้อยละ,สำนักงานสถิติแห่งชาติ
2568,"ไตรมาส 3",ทั่วราชอาณาจักร,"1) ในเขตเทศบาล","11. อื่น ๆ",98.64,ร้อยละ,สำนักงานสถิติแห่งชาติ
2568,"ไตรมาส 3",ทั่วราชอาณาจักร,"1) ในเขตเทศบาล","12. ไม่ทราบ",85.29,ร้อยละ,สำนักงานสถิติแห่งชาติ
2568,"ไตรมาส 3",ทั่วราชอาณาจักร,"2) นอกเขตเทศบาล",รวม,66.71,ร้อยละ,สำนักงานสถิติแห่งชาติ
2568,"ไตรมาส 3",ทั่วราชอาณาจักร,"2) นอกเขตเทศบาล","01. ไม่มีการศึกษา",43.10,ร้อยละ,สำนักงานสถิติแห่งชาติ
2568,"ไตรมาส 3",ทั่วราชอาณาจักร,"2) นอกเขตเทศบาล","02. ต่ำกว่าประถมศึกษา",43.68,ร้อยละ,สำนักงานสถิติแห่งชาติ
2568,"ไตรมาส 3",ทั่วราชอาณาจักร,"2) นอกเขตเทศบาล","03. ประถมศึกษา",74.53,ร้อยละ,สำนักงานสถิติแห่งชาติ
2568,"ไตรมาส 3",ทั่วราชอาณาจักร,"2) นอกเขตเทศบาล","04. มัธยมศึกษาตอนต้น",63.90,ร้อยละ,สำนักงานสถิติแห่งชาติ
2568,"ไตรมาส 3",ทั่วราชอาณาจักร,"2) นอกเขตเทศบาล","05. มัธยมศึกษาตอนปลาย สายสามัญ",74.92,ร้อยละ,สำนักงานสถิติแห่งชาติ
2568,"ไตรมาส 3",ทั่วราชอาณาจักร,"2) นอกเขตเทศบาล","06. มัธยมศึกษาตอนปลาย สายอาชีวศึกษา",74.07,ร้อยละ,สำนักงานสถิติแห่งชาติ
2568,"ไตรมาส 3",ทั่วราชอาณาจักร,"2) นอกเขตเทศบาล","07. มัธยมศึกษาตอนปลาย สายวิชาการศึกษา",83.72,ร้อยละ,สำนักงานสถิติแห่งชาติ
2568,"ไตรมาส 3",ทั่วราชอาณาจักร,"2) นอกเขตเทศบาล","08. อุดมศึกษา สายวิชาการ",83.89,ร้อยละ,สำนักงานสถิติแห่งชาติ
2568,"ไตรมาส 3",ทั่วราชอาณาจักร,"2) นอกเขตเทศบาล","09. อุดมศึกษา สายวิชาชีพ",85.53,ร้อยละ,สำนักงานสถิติแห่งชาติ
2568,"ไตรมาส 3",ทั่วราชอาณาจักร,"2) นอกเขตเทศบาล","10. อุดมศึกษา สายวิชาการศึกษา",69.19,ร้อยละ,สำนักงานสถิติแห่งชาติ
2568,"ไตรมาส 3",ทั่วราชอาณาจักร,"2) นอกเขตเทศบาล","11. อื่น ๆ",93.44,ร้อยละ,สำนักงานสถิติแห่งชาติ
2568,"ไตรมาส 3",ทั่วราชอาณาจักร,"2) นอกเขตเทศบาล","12. ไม่ทราบ",91.43,ร้อยละ,สำนักงานสถิติแห่งชาติ
2568,"ไตรมาส 3","1) กรุงเทพมหานคร",รวม,รวม,71.54,ร้อยละ,สำนักงานสถิติแห่งชาติ
2568,"ไตรมาส 3","1) กรุงเทพมหานคร",รวม,"01. ไม่มีการศึกษา",60.95,ร้อยละ,สำนักงานสถิติแห่งชาติ
2568,"ไตรมาส 3","1) กรุงเทพมหานคร",รวม,"02. ต่ำกว่าประถมศึกษา",41.19,ร้อยละ,สำนักงานสถิติแห่งชาติ
2568,"ไตรมาส 3","1) กรุงเทพมหานคร",รวม,"03. ประถมศึกษา",73.24,ร้อยละ,สำนักงานสถิติแห่งชาติ
2568,"ไตรมาส 3","1) กรุงเทพมหานคร",รวม,"04. มัธยมศึกษาตอนต้น",68.88,ร้อยละ,สำนักงานสถิติแห่งชาติ
2568,"ไตรมาส 3","1) กรุงเทพมหานคร",รวม,"05. มัธยมศึกษาตอนปลาย สายสามัญ",69.58,ร้อยละ,สำนักงานสถิติแห่งชาติ
2568,"ไตรมาส 3","1) กรุงเทพมหานคร",รวม,"06. มัธยมศึกษาตอนปลาย สายอาชีวศึกษา",70.21,ร้อยละ,สำนักงานสถิติแห่งชาติ
2568,"ไตรมาส 3","1) กรุงเทพมหานคร",รวม,"08. อุดมศึกษา สายวิชาการ",81.76,ร้อยละ,สำนักงานสถิติแห่งชาติ
2568,"ไตรมาส 3","1) กรุงเทพมหานคร",รวม,"09. อุดมศึกษา สายวิชาชีพ",79.36,ร้อยละ,สำนักงานสถิติแห่งชาติ
2568,"ไตรมาส 3","1) กรุงเทพมหานคร",รวม,"10. อุดมศึกษา สายวิชาการศึกษา",65.60,ร้อยละ,สำนักงานสถิติแห่งชาติ
2568,"ไตรมาส 3","1) กรุงเทพมหานคร",รวม,"11. อื่น ๆ",.00,ร้อยละ,สำนักงานสถิติแห่งชาติ
2568,"ไตรมาส 3","1) กรุงเทพมหานคร",รวม,"12. ไม่ทราบ",81.12,ร้อยละ,สำนักงานสถิติแห่งชาติ
2568,"ไตรมาส 3","1) กรุงเทพมหานคร","1) ในเขตเทศบาล",รวม,71.54,ร้อยละ,สำนักงานสถิติแห่งชาติ
2568,"ไตรมาส 3","1) กรุงเทพมหานคร","1) ในเขตเทศบาล","01. ไม่มีการศึกษา",60.95,ร้อยละ,สำนักงานสถิติแห่งชาติ
2568,"ไตรมาส 3","1) กรุงเทพมหานคร","1) ในเขตเทศบาล","02. ต่ำกว่าประถมศึกษา",41.19,ร้อยละ,สำนักงานสถิติแห่งชาติ
2568,"ไตรมาส 3","1) กรุงเทพมหานคร","1) ในเขตเทศบาล","03. ประถมศึกษา",73.24,ร้อยละ,สำนักงานสถิติแห่งชาติ
2568,"ไตรมาส 3","1) กรุงเทพมหานคร","1) ในเขตเทศบาล","04. มัธยมศึกษาตอนต้น",68.88,ร้อยละ,สำนักงานสถิติแห่งชาติ
2568,"ไตรมาส 3","1) กรุงเทพมหานคร","1) ในเขตเทศบาล","05. มัธยมศึกษาตอนปลาย สายสามัญ",69.58,ร้อยละ,สำนักงานสถิติแห่งชาติ
2568,"ไตรมาส 3","1) กรุงเทพมหานคร","1) ในเขตเทศบาล","06. มัธยมศึกษาตอนปลาย สายอาชีวศึกษา",70.21,ร้อยละ,สำนักงานสถิติแห่งชาติ
2568,"ไตรมาส 3","1) กรุงเทพมหานคร","1) ในเขตเทศบาล","08. อุดมศึกษา สายวิชาการ",81.76,ร้อยละ,สำนักงานสถิติแห่งชาติ
2568,"ไตรมาส 3","1) กรุงเทพมหานคร","1) ในเขตเทศบาล","09. อุดมศึกษา สายวิชาชีพ",79.36,ร้อยละ,สำนักงานสถิติแห่งชาติ
2568,"ไตรมาส 3","1) กรุงเทพมหานคร","1) ในเขตเทศบาล","10. อุดมศึกษา สายวิชาการศึกษา",65.60,ร้อยละ,สำนักงานสถิติแห่งชาติ
2568,"ไตรมาส 3","1) กรุงเทพมหานคร","1) ในเขตเทศบาล","11. อื่น ๆ",.00,ร้อยละ,สำนักงานสถิติแห่งชาติ
2568,"ไตรมาส 3","1) กรุงเทพมหานคร","1) ในเขตเทศบาล","12. ไม่ทราบ",81.12,ร้อยละ,สำนักงานสถิติแห่งชาติ
2568,"ไตรมาส 3","2) กลาง",รวม,รวม,68.97,ร้อยละ,สำนักงานสถิติแห่งชาติ
2568,"ไตรมาส 3","2) กลาง",รวม,"01. ไม่มีการศึกษา",58.48,ร้อยละ,สำนักงานสถิติแห่งชาติ
2568,"ไตรมาส 3","2) กลาง",รวม,"02. ต่ำกว่าประถมศึกษา",38.06,ร้อยละ,สำนักงานสถิติแห่งชาติ
2568,"ไตรมาส 3","2) กลาง",รวม,"03. ประถมศึกษา",71.94,ร้อยละ,สำนักงานสถิติแห่งชาติ
2568,"ไตรมาส 3","2) กลาง",รวม,"04. มัธยมศึกษาตอนต้น",68.60,ร้อยละ,สำนักงานสถิติแห่งชาติ
2568,"ไตรมาส 3","2) กลาง",รวม,"05. มัธยมศึกษาตอนปลาย สายสามัญ",69.29,ร้อยละ,สำนักงานสถิติแห่งชาติ
2568,"ไตรมาส 3","2) กลาง",รวม,"06. มัธยมศึกษาตอนปลาย สายอาชีวศึกษา",74.24,ร้อยละ,สำนักงานสถิติแห่งชาติ
2568,"ไตรมาส 3","2) กลาง",รวม,"07. มัธยมศึกษาตอนปลาย สายวิชาการศึกษา",75.00,ร้อยละ,สำนักงานสถิติแห่งชาติ
2568,"ไตรมาส 3","2) กลาง",รวม,"08. อุดมศึกษา สายวิชาการ",82.55,ร้อยละ,สำนักงานสถิติแห่งชาติ
2568,"ไตรมาส 3","2) กลาง",รวม,"09. อุดมศึกษา สายวิชาชีพ",82.80,ร้อยละ,สำนักงานสถิติแห่งชาติ
2568,"ไตรมาส 3","2) กลาง",รวม,"10. อุดมศึกษา สายวิชาการศึกษา",58.02,ร้อยละ,สำนักงานสถิติแห่งชาติ
2568,"ไตรมาส 3","2) กลาง",รวม,"11. อื่น ๆ",98.78,ร้อยละ,สำนักงานสถิติแห่งชาติ
2568,"ไตรมาส 3","2) กลาง",รวม,"12. ไม่ทราบ",88.06,ร้อยละ,สำนักงานสถิติแห่งชาติ
2568,"ไตรมาส 3","2) กลาง","1) ในเขตเทศบาล",รวม,68.40,ร้อยละ,สำนักงานสถิติแห่งชาติ
2568,"ไตรมาส 3","2) กลาง","1) ในเขตเทศบาล","01. ไม่มีการศึกษา",66.93,ร้อยละ,สำนักงานสถิติแห่งชาติ
2568,"ไตรมาส 3","2) กลาง","1) ในเขตเทศบาล","02. ต่ำกว่าประถมศึกษา",39.36,ร้อยละ,สำนักงานสถิติแห่งชาติ
2568,"ไตรมาส 3","2) กลาง","1) ในเขตเทศบาล","03. ประถมศึกษา",68.21,ร้อยละ,สำนักงานสถิติแห่งชาติ
2568,"ไตรมาส 3","2) กลาง","1) ในเขตเทศบาล","04. มัธยมศึกษาตอนต้น",67.29,ร้อยละ,สำนักงานสถิติแห่งชาติ
2568,"ไตรมาส 3","2) กลาง","1) ในเขตเทศบาล","05. มัธยมศึกษาตอนปลาย สายสามัญ",67.30,ร้อยละ,สำนักงานสถิติแห่งชาติ
2568,"ไตรมาส 3","2) กลาง","1) ในเขตเทศบาล","06. มัธยมศึกษาตอนปลาย สายอาชีวศึกษา",69.74,ร้อยละ,สำนักงานสถิติแห่งชาติ
2568,"ไตรมาส 3","2) กลาง","1) ในเขตเทศบาล","07. มัธยมศึกษาตอนปลาย สายวิชาการศึกษา",100.00,ร้อยละ,สำนักงานสถิติแห่งชาติ
2568,"ไตรมาส 3","2) กลาง","1) ในเขตเทศบาล","08. อุดมศึกษา สายวิชาการ",80.55,ร้อยละ,สำนักงานสถิติแห่งชาติ
2568,"ไตรมาส 3","2) กลาง","1) ในเขตเทศบาล","09. อุดมศึกษา สายวิชาชีพ",82.28,ร้อยละ,สำนักงานสถิติแห่งชาติ
2568,"ไตรมาส 3","2) กลาง","1) ในเขตเทศบาล","10. อุดมศึกษา สายวิชาการศึกษา",54.50,ร้อยละ,สำนักงานสถิติแห่งชาติ
2568,"ไตรมาส 3","2) กลาง","1) ในเขตเทศบาล","11. อื่น ๆ",99.67,ร้อยละ,สำนักงานสถิติแห่งชาติ
2568,"ไตรมาส 3","2) กลาง","1) ในเขตเทศบาล","12. ไม่ทราบ",87.84,ร้อยละ,สำนักงานสถิติแห่งชาติ
2568,"ไตรมาส 3","2) กลาง","2) นอกเขตเทศบาล",รวม,69.48,ร้อยละ,สำนักงานสถิติแห่งชาติ
2568,"ไตรมาส 3","2) กลาง","2) นอกเขตเทศบาล","01. ไม่มีการศึกษา",49.28,ร้อยละ,สำนักงานสถิติแห่งชาติ
2568,"ไตรมาส 3","2) กลาง","2) นอกเขตเทศบาล","02. ต่ำกว่าประถมศึกษา",37.16,ร้อยละ,สำนักงานสถิติแห่งชาติ
2568,"ไตรมาส 3","2) กลาง","2) นอกเขตเทศบาล","03. ประถมศึกษา",74.59,ร้อยละ,สำนักงานสถิติแห่งชาติ
2568,"ไตรมาส 3","2) กลาง","2) นอกเขตเทศบาล","04. มัธยมศึกษาตอนต้น",69.71,ร้อยละ,สำนักงานสถิติแห่งชาติ
2568,"ไตรมาส 3","2) กลาง","2) นอกเขตเทศบาล","05. มัธยมศึกษาตอนปลาย สายสามัญ",71.22,ร้อยละ,สำนักงานสถิติแห่งชาติ
2568,"ไตรมาส 3","2) กลาง","2) นอกเขตเทศบาล","06. มัธยมศึกษาตอนปลาย สายอาชีวศึกษา",78.79,ร้อยละ,สำนักงานสถิติแห่งชาติ
2568,"ไตรมาส 3","2) กลาง","2) นอกเขตเทศบาล","07. มัธยมศึกษาตอนปลาย สายวิชาการศึกษา",58.33,ร้อยละ,สำนักงานสถิติแห่งชาติ
2568,"ไตรมาส 3","2) กลาง","2) นอกเขตเทศบาล","08. อุดมศึกษา สายวิชาการ",84.90,ร้อยละ,สำนักงานสถิติแห่งชาติ
2568,"ไตรมาส 3","2) กลาง","2) นอกเขตเทศบาล","09. อุดมศึกษา สายวิชาชีพ",83.30,ร้อยละ,สำนักงานสถิติแห่งชาติ
2568,"ไตรมาส 3","2) กลาง","2) นอกเขตเทศบาล","10. อุดมศึกษา สายวิชาการศึกษา",62.05,ร้อยละ,สำนักงานสถิติแห่งชาติ
2568,"ไตรมาส 3","2) กลาง","2) นอกเขตเทศบาล","11. อื่น ๆ",97.78,ร้อยละ,สำนักงานสถิติแห่งชาติ
2568,"ไตรมาส 3","2) กลาง","2) นอกเขตเทศบาล","12. ไม่ทราบ",88.53,ร้อยละ,สำนักงานสถิติแห่งชาติ
2568,"ไตรมาส 3","3) ใต้",รวม,รวม,68.46,ร้อยละ,สำนักงานสถิติแห่งชาติ
2568,"ไตรมาส 3","3) ใต้",รวม,"01. ไม่มีการศึกษา",39.73,ร้อยละ,สำนักงานสถิติแห่งชาติ
2568,"ไตรมาส 3","3) ใต้",รวม,"02. ต่ำกว่าประถมศึกษา",46.77,ร้อยละ,สำนักงานสถิติแห่งชาติ
2568,"ไตรมาส 3","3) ใต้",รวม,"03. ประถมศึกษา",74.73,ร้อยละ,สำนักงานสถิติแห่งชาติ
2568,"ไตรมาส 3","3) ใต้",รวม,"04. มัธยมศึกษาตอนต้น",64.00,ร้อยละ,สำนักงานสถิติแห่งชาติ
2568,"ไตรมาส 3","3) ใต้",รวม,"05. มัธยมศึกษาตอนปลาย สายสามัญ",69.82,ร้อยละ,สำนักงานสถิติแห่งชาติ
2568,"ไตรมาส 3","3) ใต้",รวม,"06. มัธยมศึกษาตอนปลาย สายอาชีวศึกษา",69.47,ร้อยละ,สำนักงานสถิติแห่งชาติ
2568,"ไตรมาส 3","3) ใต้",รวม,"07. มัธยมศึกษาตอนปลาย สายวิชาการศึกษา",47.37,ร้อยละ,สำนักงานสถิติแห่งชาติ
2568,"ไตรมาส 3","3) ใต้",รวม,"08. อุดมศึกษา สายวิชาการ",83.80,ร้อยละ,สำนักงานสถิติแห่งชาติ
2568,"ไตรมาส 3","3) ใต้",รวม,"09. อุดมศึกษา สายวิชาชีพ",83.45,ร้อยละ,สำนักงานสถิติแห่งชาติ
2568,"ไตรมาส 3","3) ใต้",รวม,"10. อุดมศึกษา สายวิชาการศึกษา",72.44,ร้อยละ,สำนักงานสถิติแห่งชาติ
2568,"ไตรมาส 3","3) ใต้",รวม,"11. อื่น ๆ",87.50,ร้อยละ,สำนักงานสถิติแห่งชาติ
2568,"ไตรมาส 3","3) ใต้",รวม,"12. ไม่ทราบ",90.33,ร้อยละ,สำนักงานสถิติแห่งชาติ
2568,"ไตรมาส 3","3) ใต้","1) ในเขตเทศบาล",รวม,65.39,ร้อยละ,สำนักงานสถิติแห่งชาติ
2568,"ไตรมาส 3","3) ใต้","1) ในเขตเทศบาล","01. ไม่มีการศึกษา",51.62,ร้อยละ,สำนักงานสถิติแห่งชาติ
2568,"ไตรมาส 3","3) ใต้","1) ในเขตเทศบาล","02. ต่ำกว่าประถมศึกษา",39.76,ร้อยละ,สำนักงานสถิติแห่งชาติ
2568,"ไตรมาส 3","3) ใต้","1) ในเขตเทศบาล","03. ประถมศึกษา",73.15,ร้อยละ,สำนักงานสถิติแห่งชาติ
2568,"ไตรมาส 3","3) ใต้","1) ในเขตเทศบาล","04. มัธยมศึกษาตอนต้น",62.41,ร้อยละ,สำนักงานสถิติแห่งชาติ
2568,"ไตรมาส 3","3) ใต้","1) ในเขตเทศบาล","05. มัธยมศึกษาตอนปลาย สายสามัญ",59.26,ร้อยละ,สำนักงานสถิติแห่งชาติ
2568,"ไตรมาส 3","3) ใต้","1) ในเขตเทศบาล","06. มัธยมศึกษาตอนปลาย สายอาชีวศึกษา",62.99,ร้อยละ,สำนักงานสถิติแห่งชาติ
2568,"ไตรมาส 3","3) ใต้","1) ในเขตเทศบาล","07. มัธยมศึกษาตอนปลาย สายวิชาการศึกษา",56.25,ร้อยละ,สำนักงานสถิติแห่งชาติ
2568,"ไตรมาส 3","3) ใต้","1) ในเขตเทศบาล","08. อุดมศึกษา สายวิชาการ",81.39,ร้อยละ,สำนักงานสถิติแห่งชาติ
2568,"ไตรมาส 3","3) ใต้","1) ในเขตเทศบาล","09. อุดมศึกษา สายวิชาชีพ",79.39,ร้อยละ,สำนักงานสถิติแห่งชาติ
2568,"ไตรมาส 3","3) ใต้","1) ในเขตเทศบาล","10. อุดมศึกษา สายวิชาการศึกษา",66.67,ร้อยละ,สำนักงานสถิติแห่งชาติ
2568,"ไตรมาส 3","3) ใต้","1) ในเขตเทศบาล","11. อื่น ๆ",92.31,ร้อยละ,สำนักงานสถิติแห่งชาติ
2568,"ไตรมาส 3","3) ใต้","1) ในเขตเทศบาล","12. ไม่ทราบ",84.24,ร้อยละ,สำนักงานสถิติแห่งชาติ
2568,"ไตรมาส 3","3) ใต้","2) นอกเขตเทศบาล",รวม,70.29,ร้อยละ,สำนักงานสถิติแห่งชาติ
2568,"ไตรมาส 3","3) ใต้","2) นอกเขตเทศบาล","01. ไม่มีการศึกษา",32.19,ร้อยละ,สำนักงานสถิติแห่งชาติ
2568,"ไตรมาส 3","3) ใต้","2) นอกเขตเทศบาล","02. ต่ำกว่าประถมศึกษา",49.70,ร้อยละ,สำนักงานสถิติแห่งชาติ
2568,"ไตรมาส 3","3) ใต้","2) นอกเขตเทศบาล","03. ประถมศึกษา",75.51,ร้อยละ,สำนักงานสถิติแห่งชาติ
2568,"ไตรมาส 3","3) ใต้","2) นอกเขตเทศบาล","04. มัธยมศึกษาตอนต้น",64.82,ร้อยละ,สำนักงานสถิติแห่งชาติ
2568,"ไตรมาส 3","3) ใต้","2) นอกเขตเทศบาล","05. มัธยมศึกษาตอนปลาย สายสามัญ",77.68,ร้อยละ,สำนักงานสถิติแห่งชาติ
2568,"ไตรมาส 3","3) ใต้","2) นอกเขตเทศบาล","06. มัธยมศึกษาตอนปลาย สายอาชีวศึกษา",74.30,ร้อยละ,สำนักงานสถิติแห่งชาติ
2568,"ไตรมาส 3","3) ใต้","2) นอกเขตเทศบาล","07. มัธยมศึกษาตอนปลาย สายวิชาการศึกษา",.00,ร้อยละ,สำนักงานสถิติแห่งชาติ
2568,"ไตรมาส 3","3) ใต้","2) นอกเขตเทศบาล","08. อุดมศึกษา สายวิชาการ",85.91,ร้อยละ,สำนักงานสถิติแห่งชาติ
2568,"ไตรมาส 3","3) ใต้","2) นอกเขตเทศบาล","09. อุดมศึกษา สายวิชาชีพ",86.08,ร้อยละ,สำนักงานสถิติแห่งชาติ
2568,"ไตรมาส 3","3) ใต้","2) นอกเขตเทศบาล","10. อุดมศึกษา สายวิชาการศึกษา",76.48,ร้อยละ,สำนักงานสถิติแห่งชาติ
2568,"ไตรมาส 3","3) ใต้","2) นอกเขตเทศบาล","11. อื่น ๆ",89.47,ร้อยละ,สำนักงานสถิติแห่งชาติ
2568,"ไตรมาส 3","3) ใต้","2) นอกเขตเทศบาล","12. ไม่ทราบ",96.55,ร้อยละ,สำนักงานสถิติแห่งชาติ
2568,"ไตรมาส 3","4) ใต้ชายแดน",รวม,รวม,63.80,ร้อยละ,สำนักงานสถิติแห่งชาติ
2568,"ไตรมาส 3","4) ใต้ชายแดน",รวม,"01. ไม่มีการศึกษา",26.94,ร้อยละ,สำนักงานสถิติแห่งชาติ
2568,"ไตรมาส 3","4) ใต้ชายแดน",รวม,"02. ต่ำกว่าประถมศึกษา",47.15,ร้อยละ,สำนักงานสถิติแห่งชาติ
2568,"ไตรมาส 3","4) ใต้ชายแดน",รวม,"03. ประถมศึกษา",71.50,ร้อยละ,สำนักงานสถิติแห่งชาติ
2568,"ไตรมาส 3","4) ใต้ชายแดน",รวม,"04. มัธยมศึกษาตอนต้น",58.49,ร้อยละ,สำนักงานสถิติแห่งชาติ
2568,"ไตรมาส 3","4) ใต้ชายแดน",รวม,"05. มัธยมศึกษาตอนปลาย สายสามัญ",67.43,ร้อยละ,สำนักงานสถิติแห่งชาติ
2568,"ไตรมาส 3","4) ใต้ชายแดน",รวม,"06. มัธยมศึกษาตอนปลาย สายอาชีวศึกษา",74.31,ร้อยละ,สำนักงานสถิติแห่งชาติ
2568,"ไตรมาส 3","4) ใต้ชายแดน",รวม,"08. อุดมศึกษา สายวิชาการ",80.97,ร้อยละ,สำนักงานสถิติแห่งชาติ
2568,"ไตรมาส 3","4) ใต้ชายแดน",รวม,"09. อุดมศึกษา สายวิชาชีพ",77.69,ร้อยละ,สำนักงานสถิติแห่งชาติ
2568,"ไตรมาส 3","4) ใต้ชายแดน",รวม,"10. อุดมศึกษา สายวิชาการศึกษา",81.35,ร้อยละ,สำนักงานสถิติแห่งชาติ
2568,"ไตรมาส 3","4) ใต้ชายแดน",รวม,"11. อื่น ๆ",36.00,ร้อยละ,สำนักงานสถิติแห่งชาติ
2568,"ไตรมาส 3","4) ใต้ชายแดน","1) ในเขตเทศบาล",รวม,61.03,ร้อยละ,สำนักงานสถิติแห่งชาติ
2568,"ไตรมาส 3","4) ใต้ชายแดน","1) ในเขตเทศบาล","01. ไม่มีการศึกษา",26.04,ร้อยละ,สำนักงานสถิติแห่งชาติ
2568,"ไตรมาส 3","4) ใต้ชายแดน","1) ในเขตเทศบาล","02. ต่ำกว่าประถมศึกษา",37.65,ร้อยละ,สำนักงานสถิติแห่งชาติ
2568,"ไตรมาส 3","4) ใต้ชายแดน","1) ในเขตเทศบาล","03. ประถมศึกษา",66.47,ร้อยละ,สำนักงานสถิติแห่งชาติ
2568,"ไตรมาส 3","4) ใต้ชายแดน","1) ในเขตเทศบาล","04. มัธยมศึกษาตอนต้น",55.33,ร้อยละ,สำนักงานสถิติแห่งชาติ
2568,"ไตรมาส 3","4) ใต้ชายแดน","1) ในเขตเทศบาล","05. มัธยมศึกษาตอนปลาย สายสามัญ",58.76,ร้อยละ,สำนักงานสถิติแห่งชาติ
2568,"ไตรมาส 3","4) ใต้ชายแดน","1) ในเขตเทศบาล","06. มัธยมศึกษาตอนปลาย สายอาชีวศึกษา",67.31,ร้อยละ,สำนักงานสถิติแห่งชาติ
2568,"ไตรมาส 3","4) ใต้ชายแดน","1) ในเขตเทศบาล","08. อุดมศึกษา สายวิชาการ",82.29,ร้อยละ,สำนักงานสถิติแห่งชาติ
2568,"ไตรมาส 3","4) ใต้ชายแดน","1) ในเขตเทศบาล","09. อุดมศึกษา สายวิชาชีพ",78.51,ร้อยละ,สำนักงานสถิติแห่งชาติ
2568,"ไตรมาส 3","4) ใต้ชายแดน","1) ในเขตเทศบาล","10. อุดมศึกษา สายวิชาการศึกษา",73.10,ร้อยละ,สำนักงานสถิติแห่งชาติ
2568,"ไตรมาส 3","4) ใต้ชายแดน","1) ในเขตเทศบาล","11. อื่น ๆ",53.85,ร้อยละ,สำนักงานสถิติแห่งชาติ
2568,"ไตรมาส 3","4) ใต้ชายแดน","2) นอกเขตเทศบาล",รวม,64.53,ร้อยละ,สำนักงานสถิติแห่งชาติ
2568,"ไตรมาส 3","4) ใต้ชายแดน","2) นอกเขตเทศบาล","01. ไม่มีการศึกษา",27.09,ร้อยละ,สำนักงานสถิติแห่งชาติ
2568,"ไตรมาส 3","4) ใต้ชายแดน","2) นอกเขตเทศบาล","02. ต่ำกว่าประถมศึกษา",49.76,ร้อยละ,สำนักงานสถิติแห่งชาติ
2568,"ไตรมาส 3","4) ใต้ชายแดน","2) นอกเขตเทศบาล","03. ประถมศึกษา",72.32,ร้อยละ,สำนักงานสถิติแห่งชาติ
2568,"ไตรมาส 3","4) ใต้ชายแดน","2) นอกเขตเทศบาล","04. มัธยมศึกษาตอนต้น",59.37,ร้อยละ,สำนักงานสถิติแห่งชาติ
2568,"ไตรมาส 3","4) ใต้ชายแดน","2) นอกเขตเทศบาล","05. มัธยมศึกษาตอนปลาย สายสามัญ",70.07,ร้อยละ,สำนักงานสถิติแห่งชาติ
2568,"ไตรมาส 3","4) ใต้ชายแดน","2) นอกเขตเทศบาล","06. มัธยมศึกษาตอนปลาย สายอาชีวศึกษา",77.59,ร้อยละ,สำนักงานสถิติแห่งชาติ
2568,"ไตรมาส 3","4) ใต้ชายแดน","2) นอกเขตเทศบาล","08. อุดมศึกษา สายวิชาการ",80.22,ร้อยละ,สำนักงานสถิติแห่งชาติ
2568,"ไตรมาส 3","4) ใต้ชายแดน","2) นอกเขตเทศบาล","09. อุดมศึกษา สายวิชาชีพ",77.31,ร้อยละ,สำนักงานสถิติแห่งชาติ
2568,"ไตรมาส 3","4) ใต้ชายแดน","2) นอกเขตเทศบาล","10. อุดมศึกษา สายวิชาการศึกษา",84.76,ร้อยละ,สำนักงานสถิติแห่งชาติ
2568,"ไตรมาส 3","4) ใต้ชายแดน","2) นอกเขตเทศบาล","11. อื่น ๆ",34.48,ร้อยละ,สำนักงานสถิติแห่งชาติ
2568,"ไตรมาส 3","5) ตะวันออก",รวม,รวม,71.50,ร้อยละ,สำนักงานสถิติแห่งชาติ
2568,"ไตรมาส 3","5) ตะวันออก",รวม,"01. ไม่มีการศึกษา",47.05,ร้อยละ,สำนักงานสถิติแห่งชาติ
2568,"ไตรมาส 3","5) ตะวันออก",รวม,"02. ต่ำกว่าประถมศึกษา",39.30,ร้อยละ,สำนักงานสถิติแห่งชาติ
2568,"ไตรมาส 3","5) ตะวันออก",รวม,"03. ประถมศึกษา",71.77,ร้อยละ,สำนักงานสถิติแห่งชาติ
2568,"ไตรมาส 3","5) ตะวันออก",รวม,"04. มัธยมศึกษาตอนต้น",69.29,ร้อยละ,สำนักงานสถิติแห่งชาติ
2568,"ไตรมาส 3","5) ตะวันออก",รวม,"05. มัธยมศึกษาตอนปลาย สายสามัญ",79.84,ร้อยละ,สำนักงานสถิติแห่งชาติ
2568,"ไตรมาส 3","5) ตะวันออก",รวม,"06. มัธยมศึกษาตอนปลาย สายอาชีวศึกษา",73.63,ร้อยละ,สำนักงานสถิติแห่งชาติ
2568,"ไตรมาส 3","5) ตะวันออก",รวม,"07. มัธยมศึกษาตอนปลาย สายวิชาการศึกษา",.00,ร้อยละ,สำนักงานสถิติแห่งชาติ
2568,"ไตรมาส 3","5) ตะวันออก",รวม,"08. อุดมศึกษา สายวิชาการ",84.64,ร้อยละ,สำนักงานสถิติแห่งชาติ
2568,"ไตรมาส 3","5) ตะวันออก",รวม,"09. อุดมศึกษา สายวิชาชีพ",89.53,ร้อยละ,สำนักงานสถิติแห่งชาติ
2568,"ไตรมาส 3","5) ตะวันออก",รวม,"10. อุดมศึกษา สายวิชาการศึกษา",62.53,ร้อยละ,สำนักงานสถิติแห่งชาติ
2568,"ไตรมาส 3","5) ตะวันออก",รวม,"11. อื่น ๆ",.00,ร้อยละ,สำนักงานสถิติแห่งชาติ
2568,"ไตรมาส 3","5) ตะวันออก",รวม,"12. ไม่ทราบ",88.12,ร้อยละ,สำนักงานสถิติแห่งชาติ
2568,"ไตรมาส 3","5) ตะวันออก","1) ในเขตเทศบาล",รวม,71.49,ร้อยละ,สำนักงานสถิติแห่งชาติ
2568,"ไตรมาส 3","5) ตะวันออก","1) ในเขตเทศบาล","01. ไม่มีการศึกษา",55.52,ร้อยละ,สำนักงานสถิติแห่งชาติ
2568,"ไตรมาส 3","5) ตะวันออก","1) ในเขตเทศบาล","02. ต่ำกว่าประถมศึกษา",35.01,ร้อยละ,สำนักงานสถิติแห่งชาติ
2568,"ไตรมาส 3","5) ตะวันออก","1) ในเขตเทศบาล","03. ประถมศึกษา",71.79,ร้อยละ,สำนักงานสถิติแห่งชาติ
2568,"ไตรมาส 3","5) ตะวันออก","1) ในเขตเทศบาล","04. มัธยมศึกษาตอนต้น",69.53,ร้อยละ,สำนักงานสถิติแห่งชาติ
2568,"ไตรมาส 3","5) ตะวันออก","1) ในเขตเทศบาล","05. มัธยมศึกษาตอนปลาย สายสามัญ",80.78,ร้อยละ,สำนักงานสถิติแห่งชาติ
2568,"ไตรมาส 3","5) ตะวันออก","1) ในเขตเทศบาล","06. มัธยมศึกษาตอนปลาย สายอาชีวศึกษา",65.42,ร้อยละ,สำนักงานสถิติแห่งชาติ
2568,"ไตรมาส 3","5) ตะวันออก","1) ในเขตเทศบาล","07. มัธยมศึกษาตอนปลาย สายวิชาการศึกษา",.00,ร้อยละ,สำนักงานสถิติแห่งชาติ
2568,"ไตรมาส 3","5) ตะวันออก","1) ในเขตเทศบาล","08. อุดมศึกษา สายวิชาการ",83.20,ร้อยละ,สำนักงานสถิติแห่งชาติ
2568,"ไตรมาส 3","5) ตะวันออก","1) ในเขตเทศบาล","09. อุดมศึกษา สายวิชาชีพ",87.42,ร้อยละ,สำนักงานสถิติแห่งชาติ
2568,"ไตรมาส 3","5) ตะวันออก","1) ในเขตเทศบาล","10. อุดมศึกษา สายวิชาการศึกษา",46.79,ร้อยละ,สำนักงานสถิติแห่งชาติ
2568,"ไตรมาส 3","5) ตะวันออก","1) ในเขตเทศบาล","11. อื่น ๆ",.00,ร้อยละ,สำนักงานสถิติแห่งชาติ
2568,"ไตรมาส 3","5) ตะวันออก","1) ในเขตเทศบาล","12. ไม่ทราบ",86.34,ร้อยละ,สำนักงานสถิติแห่งชาติ
2568,"ไตรมาส 3","5) ตะวันออก","2) นอกเขตเทศบาล",รวม,71.51,ร้อยละ,สำนักงานสถิติแห่งชาติ
2568,"ไตรมาส 3","5) ตะวันออก","2) นอกเขตเทศบาล","01. ไม่มีการศึกษา",35.31,ร้อยละ,สำนักงานสถิติแห่งชาติ
2568,"ไตรมาส 3","5) ตะวันออก","2) นอกเขตเทศบาล","02. ต่ำกว่าประถมศึกษา",42.16,ร้อยละ,สำนักงานสถิติแห่งชาติ
2568,"ไตรมาส 3","5) ตะวันออก","2) นอกเขตเทศบาล","03. ประถมศึกษา",71.75,ร้อยละ,สำนักงานสถิติแห่งชาติ
2568,"ไตรมาส 3","5) ตะวันออก","2) นอกเขตเทศบาล","04. มัธยมศึกษาตอนต้น",69.06,ร้อยละ,สำนักงานสถิติแห่งชาติ
2568,"ไตรมาส 3","5) ตะวันออก","2) นอกเขตเทศบาล","05. มัธยมศึกษาตอนปลาย สายสามัญ",79.00,ร้อยละ,สำนักงานสถิติแห่งชาติ
2568,"ไตรมาส 3","5) ตะวันออก","2) นอกเขตเทศบาล","06. มัธยมศึกษาตอนปลาย สายอาชีวศึกษา",79.59,ร้อยละ,สำนักงานสถิติแห่งชาติ
2568,"ไตรมาส 3","5) ตะวันออก","2) นอกเขตเทศบาล","08. อุดมศึกษา สายวิชาการ",86.29,ร้อยละ,สำนักงานสถิติแห่งชาติ
2568,"ไตรมาส 3","5) ตะวันออก","2) นอกเขตเทศบาล","09. อุดมศึกษา สายวิชาชีพ",91.38,ร้อยละ,สำนักงานสถิติแห่งชาติ
2568,"ไตรมาส 3","5) ตะวันออก","2) นอกเขตเทศบาล","10. อุดมศึกษา สายวิชาการศึกษา",76.24,ร้อยละ,สำนักงานสถิติแห่งชาติ
2568,"ไตรมาส 3","5) ตะวันออก","2) นอกเขตเทศบาล","12. ไม่ทราบ",92.10,ร้อยละ,สำนักงานสถิติแห่งชาติ
2568,"ไตรมาส 3","6) ตะวันออกเฉียงเหนือ",รวม,รวม,62.46,ร้อยละ,สำนักงานสถิติแห่งชาติ
2568,"ไตรมาส 3","6) ตะวันออกเฉียงเหนือ",รวม,"01. ไม่มีการศึกษา",22.59,ร้อยละ,สำนักงานสถิติแห่งชาติ
2568,"ไตรมาส 3","6) ตะวันออกเฉียงเหนือ",รวม,"02. ต่ำกว่าประถมศึกษา",39.99,ร้อยละ,สำนักงานสถิติแห่งชาติ
2568,"ไตรมาส 3","6) ตะวันออกเฉียงเหนือ",รวม,"03. ประถมศึกษา",73.74,ร้อยละ,สำนักงานสถิติแห่งชาติ
2568,"ไตรมาส 3","6) ตะวันออกเฉียงเหนือ",รวม,"04. มัธยมศึกษาตอนต้น",58.20,ร้อยละ,สำนักงานสถิติแห่งชาติ
2568,"ไตรมาส 3","6) ตะวันออกเฉียงเหนือ",รวม,"05. มัธยมศึกษาตอนปลาย สายสามัญ",72.16,ร้อยละ,สำนักงานสถิติแห่งชาติ
2568,"ไตรมาส 3","6) ตะวันออกเฉียงเหนือ",รวม,"06. มัธยมศึกษาตอนปลาย สายอาชีวศึกษา",65.31,ร้อยละ,สำนักงานสถิติแห่งชาติ
2568,"ไตรมาส 3","6) ตะวันออกเฉียงเหนือ",รวม,"07. มัธยมศึกษาตอนปลาย สายวิชาการศึกษา",80.56,ร้อยละ,สำนักงานสถิติแห่งชาติ
2568,"ไตรมาส 3","6) ตะวันออกเฉียงเหนือ",รวม,"08. อุดมศึกษา สายวิชาการ",82.53,ร้อยละ,สำนักงานสถิติแห่งชาติ
2568,"ไตรมาส 3","6) ตะวันออกเฉียงเหนือ",รวม,"09. อุดมศึกษา สายวิชาชีพ",83.99,ร้อยละ,สำนักงานสถิติแห่งชาติ
2568,"ไตรมาส 3","6) ตะวันออกเฉียงเหนือ",รวม,"10. อุดมศึกษา สายวิชาการศึกษา",63.08,ร้อยละ,สำนักงานสถิติแห่งชาติ
2568,"ไตรมาส 3","6) ตะวันออกเฉียงเหนือ",รวม,"11. อื่น ๆ",.00,ร้อยละ,สำนักงานสถิติแห่งชาติ
2568,"ไตรมาส 3","6) ตะวันออกเฉียงเหนือ",รวม,"12. ไม่ทราบ",50.00,ร้อยละ,สำนักงานสถิติแห่งชาติ
2568,"ไตรมาส 3","6) ตะวันออกเฉียงเหนือ","1) ในเขตเทศบาล",รวม,60.44,ร้อยละ,สำนักงานสถิติแห่งชาติ
2568,"ไตรมาส 3","6) ตะวันออกเฉียงเหนือ","1) ในเขตเทศบาล","01. ไม่มีการศึกษา",16.20,ร้อยละ,สำนักงานสถิติแห่งชาติ
2568,"ไตรมาส 3","6) ตะวันออกเฉียงเหนือ","1) ในเขตเทศบาล","02. ต่ำกว่าประถมศึกษา",35.66,ร้อยละ,สำนักงานสถิติแห่งชาติ
2568,"ไตรมาส 3","6) ตะวันออกเฉียงเหนือ","1) ในเขตเทศบาล","03. ประถมศึกษา",71.98,ร้อยละ,สำนักงานสถิติแห่งชาติ
2568,"ไตรมาส 3","6) ตะวันออกเฉียงเหนือ","1) ในเขตเทศบาล","04. มัธยมศึกษาตอนต้น",55.41,ร้อยละ,สำนักงานสถิติแห่งชาติ
2568,"ไตรมาส 3","6) ตะวันออกเฉียงเหนือ","1) ในเขตเทศบาล","05. มัธยมศึกษาตอนปลาย สายสามัญ",65.82,ร้อยละ,สำนักงานสถิติแห่งชาติ
2568,"ไตรมาส 3","6) ตะวันออกเฉียงเหนือ","1) ในเขตเทศบาล","06. มัธยมศึกษาตอนปลาย สายอาชีวศึกษา",60.84,ร้อยละ,สำนักงานสถิติแห่งชาติ
2568,"ไตรมาส 3","6) ตะวันออกเฉียงเหนือ","1) ในเขตเทศบาล","07. มัธยมศึกษาตอนปลาย สายวิชาการศึกษา",.00,ร้อยละ,สำนักงานสถิติแห่งชาติ
2568,"ไตรมาส 3","6) ตะวันออกเฉียงเหนือ","1) ในเขตเทศบาล","08. อุดมศึกษา สายวิชาการ",82.48,ร้อยละ,สำนักงานสถิติแห่งชาติ
2568,"ไตรมาส 3","6) ตะวันออกเฉียงเหนือ","1) ในเขตเทศบาล","09. อุดมศึกษา สายวิชาชีพ",81.66,ร้อยละ,สำนักงานสถิติแห่งชาติ
2568,"ไตรมาส 3","6) ตะวันออกเฉียงเหนือ","1) ในเขตเทศบาล","10. อุดมศึกษา สายวิชาการศึกษา",54.75,ร้อยละ,สำนักงานสถิติแห่งชาติ
2568,"ไตรมาส 3","6) ตะวันออกเฉียงเหนือ","1) ในเขตเทศบาล","11. อื่น ๆ",.00,ร้อยละ,สำนักงานสถิติแห่งชาติ
2568,"ไตรมาส 3","6) ตะวันออกเฉียงเหนือ","1) ในเขตเทศบาล","12. ไม่ทราบ",.00,ร้อยละ,สำนักงานสถิติแห่งชาติ
2568,"ไตรมาส 3","6) ตะวันออกเฉียงเหนือ","2) นอกเขตเทศบาล",รวม,63.31,ร้อยละ,สำนักงานสถิติแห่งชาติ
2568,"ไตรมาส 3","6) ตะวันออกเฉียงเหนือ","2) นอกเขตเทศบาล","01. ไม่มีการศึกษา",24.33,ร้อยละ,สำนักงานสถิติแห่งชาติ
2568,"ไตรมาส 3","6) ตะวันออกเฉียงเหนือ","2) นอกเขตเทศบาล","02. ต่ำกว่าประถมศึกษา",41.55,ร้อยละ,สำนักงานสถิติแห่งชาติ
2568,"ไตรมาส 3","6) ตะวันออกเฉียงเหนือ","2) นอกเขตเทศบาล","03. ประถมศึกษา",74.35,ร้อยละ,สำนักงานสถิติแห่งชาติ
2568,"ไตรมาส 3","6) ตะวันออกเฉียงเหนือ","2) นอกเขตเทศบาล","04. มัธยมศึกษาตอนต้น",59.28,ร้อยละ,สำนักงานสถิติแห่งชาติ
2568,"ไตรมาส 3","6) ตะวันออกเฉียงเหนือ","2) นอกเขตเทศบาล","05. มัธยมศึกษาตอนปลาย สายสามัญ",75.29,ร้อยละ,สำนักงานสถิติแห่งชาติ
2568,"ไตรมาส 3","6) ตะวันออกเฉียงเหนือ","2) นอกเขตเทศบาล","06. มัธยมศึกษาตอนปลาย สายอาชีวศึกษา",67.80,ร้อยละ,สำนักงานสถิติแห่งชาติ
2568,"ไตรมาส 3","6) ตะวันออกเฉียงเหนือ","2) นอกเขตเทศบาล","07. มัธยมศึกษาตอนปลาย สายวิชาการศึกษา",100.00,ร้อยละ,สำนักงานสถิติแห่งชาติ
2568,"ไตรมาส 3","6) ตะวันออกเฉียงเหนือ","2) นอกเขตเทศบาล","08. อุดมศึกษา สายวิชาการ",82.57,ร้อยละ,สำนักงานสถิติแห่งชาติ
2568,"ไตรมาส 3","6) ตะวันออกเฉียงเหนือ","2) นอกเขตเทศบาล","09. อุดมศึกษา สายวิชาชีพ",85.24,ร้อยละ,สำนักงานสถิติแห่งชาติ
2568,"ไตรมาส 3","6) ตะวันออกเฉียงเหนือ","2) นอกเขตเทศบาล","10. อุดมศึกษา สายวิชาการศึกษา",68.25,ร้อยละ,สำนักงานสถิติแห่งชาติ
2568,"ไตรมาส 3","6) ตะวันออกเฉียงเหนือ","2) นอกเขตเทศบาล","12. ไม่ทราบ",53.85,ร้อยละ,สำนักงานสถิติแห่งชาติ
2568,"ไตรมาส 3","7) เหนือ",รวม,รวม,64.28,ร้อยละ,สำนักงานสถิติแห่งชาติ
2568,"ไตรมาส 3","7) เหนือ",รวม,"01. ไม่มีการศึกษา",51.67,ร้อยละ,สำนักงานสถิติแห่งชาติ
2568,"ไตรมาส 3","7) เหนือ",รวม,"02. ต่ำกว่าประถมศึกษา",47.13,ร้อยละ,สำนักงานสถิติแห่งชาติ
2568,"ไตรมาส 3","7) เหนือ",รวม,"03. ประถมศึกษา",74.09,ร้อยละ,สำนักงานสถิติแห่งชาติ
2568,"ไตรมาส 3","7) เหนือ",รวม,"04. มัธยมศึกษาตอนต้น",60.87,ร้อยละ,สำนักงานสถิติแห่งชาติ
2568,"ไตรมาส 3","7) เหนือ",รวม,"05. มัธยมศึกษาตอนปลาย สายสามัญ",71.98,ร้อยละ,สำนักงานสถิติแห่งชาติ
2568,"ไตรมาส 3","7) เหนือ",รวม,"06. มัธยมศึกษาตอนปลาย สายอาชีวศึกษา",67.29,ร้อยละ,สำนักงานสถิติแห่งชาติ
2568,"ไตรมาส 3","7) เหนือ",รวม,"07. มัธยมศึกษาตอนปลาย สายวิชาการศึกษา",15.38,ร้อยละ,สำนักงานสถิติแห่งชาติ
2568,"ไตรมาส 3","7) เหนือ",รวม,"08. อุดมศึกษา สายวิชาการ",80.50,ร้อยละ,สำนักงานสถิติแห่งชาติ
2568,"ไตรมาส 3","7) เหนือ",รวม,"09. อุดมศึกษา สายวิชาชีพ",83.70,ร้อยละ,สำนักงานสถิติแห่งชาติ
2568,"ไตรมาส 3","7) เหนือ",รวม,"10. อุดมศึกษา สายวิชาการศึกษา",63.05,ร้อยละ,สำนักงานสถิติแห่งชาติ
2568,"ไตรมาส 3","7) เหนือ",รวม,"11. อื่น ๆ",59.09,ร้อยละ,สำนักงานสถิติแห่งชาติ
2568,"ไตรมาส 3","7) เหนือ",รวม,"12. ไม่ทราบ",86.17,ร้อยละ,สำนักงานสถิติแห่งชาติ
2568,"ไตรมาส 3","7) เหนือ","1) ในเขตเทศบาล",รวม,62.93,ร้อยละ,สำนักงานสถิติแห่งชาติ
2568,"ไตรมาส 3","7) เหนือ","1) ในเขตเทศบาล","01. ไม่มีการศึกษา",51.78,ร้อยละ,สำนักงานสถิติแห่งชาติ
2568,"ไตรมาส 3","7) เหนือ","1) ในเขตเทศบาล","02. ต่ำกว่าประถมศึกษา",43.38,ร้อยละ,สำนักงานสถิติแห่งชาติ
2568,"ไตรมาส 3","7) เหนือ","1) ในเขตเทศบาล","03. ประถมศึกษา",69.26,ร้อยละ,สำนักงานสถิติแห่งชาติ
2568,"ไตรมาส 3","7) เหนือ","1) ในเขตเทศบาล","04. มัธยมศึกษาตอนต้น",58.71,ร้อยละ,สำนักงานสถิติแห่งชาติ
2568,"ไตรมาส 3","7) เหนือ","1) ในเขตเทศบาล","05. มัธยมศึกษาตอนปลาย สายสามัญ",66.84,ร้อยละ,สำนักงานสถิติแห่งชาติ
2568,"ไตรมาส 3","7) เหนือ","1) ในเขตเทศบาล","06. มัธยมศึกษาตอนปลาย สายอาชีวศึกษา",67.58,ร้อยละ,สำนักงานสถิติแห่งชาติ
2568,"ไตรมาส 3","7) เหนือ","1) ในเขตเทศบาล","07. มัธยมศึกษาตอนปลาย สายวิชาการศึกษา",15.38,ร้อยละ,สำนักงานสถิติแห่งชาติ
2568,"ไตรมาส 3","7) เหนือ","1) ในเขตเทศบาล","08. อุดมศึกษา สายวิชาการ",80.14,ร้อยละ,สำนักงานสถิติแห่งชาติ
2568,"ไตรมาส 3","7) เหนือ","1) ในเขตเทศบาล","09. อุดมศึกษา สายวิชาชีพ",83.13,ร้อยละ,สำนักงานสถิติแห่งชาติ
2568,"ไตรมาส 3","7) เหนือ","1) ในเขตเทศบาล","10. อุดมศึกษา สายวิชาการศึกษา",60.50,ร้อยละ,สำนักงานสถิติแห่งชาติ
2568,"ไตรมาส 3","7) เหนือ","1) ในเขตเทศบาล","11. อื่น ๆ",.00,ร้อยละ,สำนักงานสถิติแห่งชาติ
2568,"ไตรมาส 3","7) เหนือ","1) ในเขตเทศบาล","12. ไม่ทราบ",79.31,ร้อยละ,สำนักงานสถิติแห่งชาติ
2568,"ไตรมาส 3","7) เหนือ","2) นอกเขตเทศบาล",รวม,65.01,ร้อยละ,สำนักงานสถิติแห่งชาติ
2568,"ไตรมาส 3","7) เหนือ","2) นอกเขตเทศบาล","01. ไม่มีการศึกษา",51.63,ร้อยละ,สำนักงานสถิติแห่งชาติ
2568,"ไตรมาส 3","7) เหนือ","2) นอกเขตเทศบาล","02. ต่ำกว่าประถมศึกษา",48.88,ร้อยละ,สำนักงานสถิติแห่งชาติ
2568,"ไตรมาส 3","7) เหนือ","2) นอกเขตเทศบาล","03. ประถมศึกษา",76.00,ร้อยละ,สำนักงานสถิติแห่งชาติ
2568,"ไตรมาส 3","7) เหนือ","2) นอกเขตเทศบาล","04. มัธยมศึกษาตอนต้น",61.85,ร้อยละ,สำนักงานสถิติแห่งชาติ
2568,"ไตรมาส 3","7) เหนือ","2) นอกเขตเทศบาล","05. มัธยมศึกษาตอนปลาย สายสามัญ",75.38,ร้อยละ,สำนักงานสถิติแห่งชาติ
2568,"ไตรมาส 3","7) เหนือ","2) นอกเขตเทศบาล","06. มัธยมศึกษาตอนปลาย สายอาชีวศึกษา",67.07,ร้อยละ,สำนักงานสถิติแห่งชาติ
2568,"ไตรมาส 3","7) เหนือ","2) นอกเขตเทศบาล","08. อุดมศึกษา สายวิชาการ",80.87,ร้อยละ,สำนักงานสถิติแห่งชาติ
2568,"ไตรมาส 3","7) เหนือ","2) นอกเขตเทศบาล","09. อุดมศึกษา สายวิชาชีพ",84.21,ร้อยละ,สำนักงานสถิติแห่งชาติ
2568,"ไตรมาส 3","7) เหนือ","2) นอกเขตเทศบาล","10. อุดมศึกษา สายวิชาการศึกษา",65.38,ร้อยละ,สำนักงานสถิติแห่งชาติ
2568,"ไตรมาส 3","7) เหนือ","2) นอกเขตเทศบาล","11. อื่น ๆ",61.90,ร้อยละ,สำนักงานสถิติแห่งชาติ
2568,"ไตรมาส 3","7) เหนือ","2) นอกเขตเทศบาล","12. ไม่ทราบ",89.23,ร้อยละ,สำนักงานสถิติแห่งชาติ
