Province,Police station,Days of a week,road/bridge,Surface,Location,Location details,Condition,Quality,Traffic lines,Traffic light,Light Condition,Latitude,Longitude
ปทุมธานี,สภ.ปากคลองรังสิต,อังคาร,ทล.3508,แอสฟัลท์/ลาดยาง,ทางหลัก,ทางโค้ง,แห้ง,เรียบ (Smooth),มีและชัดเจน,ไม่มี,กลางคืนมีไฟถนน,13.9645246,100.6051367
ปทุมธานี,สภ.ปากคลองรังสิต,เสาร์,ทล.3508,แอสฟัลท์/ลาดยาง,ทางหลัก,ทางตรง,แห้ง,เรียบ (Smooth),มีและชัดเจน,ไม่มี,กลางคืนมีไฟถนน,13.9701244,100.6044631
ปทุมธานี,สภ.ปากคลองรังสิต,ศุกร์,ทล.3508,แอสฟัลท์/ลาดยาง,ทางหลัก,ทางตรง,แห้ง,เรียบ (Smooth),มีและชัดเจน,ไม่มี,กลางคืนมีไฟถนน,13.9721533,100.6042067
ปทุมธานี,สภ.ปากคลองรังสิต,จันทร์,ทล.3508,แอสฟัลท์/ลาดยาง,ทางหลัก,ทางตรง,แห้ง,เรียบ (Smooth),มีและชัดเจน,ไม่มี,กลางคืนไม่มีไฟถนน (มีเสาไฟแต่ใช้การไม่ได้),13.9786797,100.6033888
ปทุมธานี,สภ.สวนพริกไทย,อังคาร,อย.5042,คอนกรีต,ทางหลัก,ทางตรง,แห้ง,เรียบ (Smooth),มีและชัดเจน,ไม่มี,มืด,14.0123157,100.5958364
ปทุมธานี,สภ.ปากคลองรังสิต,อังคาร,ทล.346,แอสฟัลท์/ลาดยาง,ทางหลัก,ทางขึ้นสะพาน,แห้ง,หลุมบ่อ (Pothole),มีแต่ไม่ชัดเจน,ไม่มี,กลางคืนมีไฟถนน (ไม่เพียงพอ),13.984777,100.5952042
ปทุมธานี,สภ.ปากคลองรังสิต,พุธ,ทล.346,แอสฟัลท์/ลาดยาง,ทางหลัก,ทางตรง,แห้ง,เรียบ (Smooth),มีและชัดเจน,ไม่มี,กลางคืนมีไฟถนน,13.9849431,100.5945425
ปทุมธานี,สภ.ปากคลองรังสิต,เสาร์,ทล.346,แอสฟัลท์/ลาดยาง,ทางหลัก,ทางตรง/ ทางเข้า-ออกจากทางขนาน/ จุดกลับรถ/ ทางเข้า-ออกจากซอย,แห้ง,เรียบ (Smooth),มีและชัดเจน,ไม่มี,แสงแดด,13.9846141,100.5924075
ปทุมธานี,สภ.สามโคก,จันทร์,อย.5042,คอนกรีต,ทางหลัก,ทางตรง,แห้ง,ไม่สม่ำเสมอ (Uneven) (ซ่อมทางด้วยยางมะตอยจนเป็นเนินเล็กๆ),มีและชัดเจน,ไม่มี,กลางคืนมีไฟถนน,14.0498477,100.5907108
ปทุมธานี,สภ.สามโคก,อาทิตย์,ทล.3214,คอนกรีต,ทางหลัก,ทางตรง,แห้ง,เรียบ (Smooth),มีและชัดเจน,ไม่มี,กลางคืนมีไฟถนน,14.0658658,100.5899667
ปทุมธานี,สภ.ปากคลองรังสิต,เสาร์,ทล.345,แอสฟัลท์/ลาดยาง,ทางหลัก,ทางตรง,แห้ง,เรียบ (Smooth),มีและชัดเจน,ไม่มี,กลางคืนมีไฟถนน (ไม่เพียงพอ),13.9778283,100.5898596
ปทุมธานี,สภ.ปากคลองรังสิต,เสาร์,ทล.345,แอสฟัลท์/ลาดยาง,ทางหลัก,ทางตรง,แห้ง,เรียบ (Smooth),มีและชัดเจน,ไม่มี,กลางคืนมีไฟถนน (ไม่เพียงพอ),13.9778283,100.5898596
ปทุมธานี,สภ.ปากคลองรังสิต,เสาร์,ทล.345,แอสฟัลท์/ลาดยาง,ทางหลัก,ทางตรง,แห้ง,เรียบ (Smooth),มีและชัดเจน,ไม่มี,กลางคืนมีไฟถนน (ไม่เพียงพอ),13.9774048,100.5881724
ปทุมธานี,สภ.สามโคก,อังคาร,อย.5042,คอนกรีต,ทางหลัก,ทางตรง,แห้ง,เรียบ (Smooth),มีและชัดเจน,ไม่มี,กลางคืนมีไฟถนน (ไม่เพียงพอ),14.0714263,100.5878291
ปทุมธานี,สภ.สามโคก,อาทิตย์,อย.5042,คอนกรีต,ทางหลัก,ทางตรง,แห้ง,เรียบ (Smooth),มีและชัดเจน,ไม่มี,กลางคืนมีไฟถนน,14.075618,100.5872423
ปทุมธานี,สภ.สามโคก,พุธ,อย.5042,คอนกรีต,ทางหลัก,ทางตรง,แห้ง,เรียบ (Smooth),มีและชัดเจน,ไม่มี,กลางคืนมีไฟถนน,14.0995855,100.5840276
ปทุมธานี,สภ.สามโคก,เสาร์,ถนนเลียบคลองเปรมประชากร,คอนกรีต,ทางหลัก,ทางตรง/ ทางเข้า-ออกจากซอย,แห้ง,เรียบ (Smooth),มีและชัดเจน,ไม่มี,กลางคืนไม่มีไฟถนน (มีเสาไฟแต่ใช้การไม่ได้),14.1114765,100.5823919
ปทุมธานี,สภ.สามโคก,เสาร์,ทางพิเศษอุดรรัถยา ,แอสฟัลท์/ลาดยาง,ทางหลัก,ทางตรง,แห้ง,เรียบ (Smooth),มีและชัดเจน,ไม่มี,แสงแดด,14.0968067,100.5777059
ปทุมธานี,สภ.ปากคลองรังสิต,พุธ,ทล.345,แอสฟัลท์/ลาดยาง,ทางหลัก,ทางตรง,,เรียบ (Smooth),มีและชัดเจน,มีและใช้การได้ปกติ,กลางคืนมีไฟถนน,13.974136,100.57429
ปทุมธานี,สภ.ปากคลองรังสิต,พุธ,ทล.9,แอสฟัลท์/ลาดยาง,ทางหลัก,ทางตรง,แห้ง,เรียบ (Smooth),มีและชัดเจน,มีและใช้การได้ปกติ,กลางคืนมีไฟถนน,13.9739746,100.5742728
ปทุมธานี,สภ.ปากคลองรังสิต,เสาร์,ทล.345,แอสฟัลท์/ลาดยาง,ทางหลัก,ทางตรง,แห้ง,เรียบ (Smooth),มีและชัดเจน,ไม่มี,แสงแดด,13.9735856,100.5728239
ปทุมธานี,สภ.สามโคก,อังคาร,ทล.3214,แอสฟัลท์/ลาดยาง,ทางแยกจากทางขนาน,จุดกลับรถ,แห้ง,เรียบ (Smooth),มีแต่ไม่ชัดเจน,ไม่มี,กลางคืนมีไฟถนน,14.0661455,100.571613
ปทุมธานี,สภ.สามโคก,อังคาร,ทล.347,แอสฟัลท์/ลาดยาง,ทางขนาน,ทางตรง,แห้ง,เรียบ (Smooth),มีและชัดเจน,ไม่มี,กลางคืนมีไฟถนน,14.0642942,100.5710029
ปทุมธานี,สภ.สามโคก,เสาร์,ทล.347,,ทางหลัก,ทางตรง,แห้ง,เรียบ (Smooth),มีและชัดเจน,ไม่มี,กลางคืนมีไฟถนน (ไม่เพียงพอ),14.0731728,100.570893
ปทุมธานี,สภ.สามโคก,อังคาร,ทล.347,แอสฟัลท์/ลาดยาง,ทางหลัก,ทางตรง,แห้ง,เรียบ (Smooth),มีและชัดเจน,ไม่มี,แสงแดด,14.1169051,100.5700446
ปทุมธานี,สภ.สามโคก,ศุกร์,ทล.347,แอสฟัลท์/ลาดยาง,ทางหลัก,ทางตรง,แห้ง,เรียบ (Smooth),มีและชัดเจน,ไม่มี,มืด,14.1137181,100.5698854
ปทุมธานี,สภ.สวนพริกไทย,พฤหัส,ทล.346,แอสฟัลท์/ลาดยาง,ทางหลัก,ทางเข้า-ออกจากซอย,แห้ง,เรียบ (Smooth),มีและชัดเจน,ไม่มี,กลางคืนมีไฟถนน (ไม่เพียงพอ),14.0052857,100.5648208
ปทุมธานี,สภ.สวนพริกไทย,พฤหัส,ทล.346,แอสฟัลท์/ลาดยาง,ทางหลัก,ทางโค้ง,แห้ง,เรียบ (Smooth),มีและชัดเจน,ไม่มี,กลางคืนมีไฟถนน,14.0056429,100.5636548
นนทบุรี,สภ.ปากเกร็ด,พฤหัส,ถนนเลียบคลองประปา,แอสฟัลท์/ลาดยาง,ทางหลัก,ทางตรง,แห้ง,เรียบ (Smooth),มีและชัดเจน,ไม่มี,กลางคืนมีไฟถนน,13.9314676,100.5628237
ปทุมธานี,สภ.สามโคก,เสาร์,ทล.347,แอสฟัลท์/ลาดยาง,ทางหลัก,ทางตรง,แห้ง,เรียบ (Smooth),มีและชัดเจน,ไม่มี,กลางคืนมีไฟถนน,14.0404329,100.5626888
ปทุมธานี,สภ.สวนพริกไทย,อาทิตย์,ถนนบางเลียบพัฒนา,แอสฟัลท์/ลาดยาง,ทางหลัก,ทางตรง/ ทางเข้า-ออกจากซอย,แห้ง,ยุบตัวเป็นร่อง (Rut),มีและชัดเจน,ไม่มี,มืด,14.023652,100.562039
ปทุมธานี,สภ.สวนพริกไทย,เสาร์,ทล.346,แอสฟัลท์/ลาดยาง,ทางหลัก,ทางตรง,แห้ง,เรียบ (Smooth),มีและชัดเจน,ไม่มี,กลางคืนมีไฟถนน,14.0059824,100.561207
ปทุมธานี,สภ.สวนพริกไทย,จันทร์,ทล.347,แอสฟัลท์/ลาดยาง,ทางหลัก,ทางตรง,แห้ง,เรียบ (Smooth),มีและชัดเจน,ไม่มี,กลางคืนมีไฟถนน (ไม่เพียงพอ),14.0367917,100.5608615
ปทุมธานี,สภ.สวนพริกไทย,จันทร์,ทล.347,แอสฟัลท์/ลาดยาง,ทางหลัก,ทางตรง,แห้ง,เรียบ (Smooth),มีและชัดเจน,ไม่มี,กลางคืนมีไฟถนน (ไม่เพียงพอ),14.0358415,100.5606226
นนทบุรี,สภ.ปากเกร็ด,ศุกร์,ถนนเลียบคลองประปา,แอสฟัลท์/ลาดยาง,ทางหลัก,ทางตรง/ ทางเข้า-ออกจากซอย,แห้ง,เรียบ (Smooth),มีและชัดเจน,ไม่มี,กลางคืนมีไฟถนน (ไม่เพียงพอ),13.9217529,100.5605488
ปทุมธานี,สภ.สามโคก,พุธ,นบ.3309,แอสฟัลท์/ลาดยาง,ทางหลัก,ทางโค้ง,เปียก,เรียบ (Smooth),มีและชัดเจน,ไม่มี,แสงแดด,14.0458384,100.5602635
นนทบุรี,สภ.ปากเกร็ด,จันทร์,ถนนเลียบคลองประปา,แอสฟัลท์/ลาดยาง,ทางหลัก,ทางตรง,แห้ง,เรียบ (Smooth),มีและชัดเจน,ไม่มี,แสงแดด,13.9197411,100.5600743
นนทบุรี,สภ.ปากเกร็ด,เสาร์,ถนนเลียบคลองประปา,แอสฟัลท์/ลาดยาง,ทางหลัก,ทางตรง/ สามแยก/ ทางเข้า-ออกจากซอย,เปียก,เรียบ (Smooth),มีและชัดเจน,ไม่มี,แสงแดด,13.9120581,100.5582602
ปทุมธานี,สภ.ปากคลองรังสิต,อาทิตย์,ทล.345,แอสฟัลท์/ลาดยาง,ทางหลัก,ทางตรง,แห้ง,เรียบ (Smooth),มีและชัดเจน,ไม่มี,กลางคืนมีไฟถนน,13.9700816,100.5581328
นนทบุรี,สภ.บางบัวทอง,พุธ,ถนนเลียบคลองประปา,แอสฟัลท์/ลาดยาง,ทางหลัก,ทางตรง/ ทางเข้า-ออกจากซอย,แห้ง,เรียบ (Smooth),มีและชัดเจน,ไม่มี,กลางคืนไม่มีไฟถนน (มีเสาไฟแต่ใช้การไม่ได้),13.9100856,100.5577914
นนทบุรี,สภ.บางบัวทอง,พุธ,ถนนเลียบคลองประปา,แอสฟัลท์/ลาดยาง,ทางหลัก,ทางตรง/ ทางเข้า-ออกจากซอย,แห้ง,เรียบ (Smooth),มีและชัดเจน,ไม่มี,กลางคืนไม่มีไฟถนน (มีเสาไฟแต่ใช้การไม่ได้),13.9100856,100.5577914
ปทุมธานี,สภ.ปากคลองรังสิต,จันทร์,ทล.345,คอนกรีต,ทางหลัก,ทางตรง,แห้ง,เรียบ (Smooth),มีและชัดเจน,ไม่มี,กลางคืนมีไฟถนน,13.9696293,100.5570934
ปทุมธานี,สภ.สวนพริกไทย,จันทร์,ซอยโรงถั่ว,แอสฟัลท์/ลาดยาง,ทางหลัก,ทางตรง,แห้ง,บริเวณใกล้จุดเกิดหตุมีพื้นถนนชำรุด,มีและชัดเจน,ไม่มี,กลางคืนมีไฟถนน,14.0140999,100.5561326
ปทุมธานี,สภ.สวนพริกไทย,อังคาร,ทล.306,คอนกรีต,ทางหลัก,ทางตรง,แห้ง,เรียบ (Smooth),มีและชัดเจน,ไม่มี,กลางคืนมีไฟถนน (ไม่เพียงพอ),13.9996815,100.5557077
นนทบุรี,สภ.ปากเกร็ด,อังคาร,ถนนเลียบคลองประปา,แอสฟัลท์/ลาดยาง,ทางหลัก,ทางตรง,เปียก,เรียบ (Smooth),มีและชัดเจน,ไม่มี,แสงสลัว (เช้ามืด/พลบค่ำ),13.9009211,100.5555666
นนทบุรี,สภ.ปากเกร็ด,พุธ,ถนนเลียบคลองประปา,แอสฟัลท์/ลาดยาง,ทางหลัก,ทางตรง,แห้ง,เรียบ (Smooth),มีและชัดเจน,ไม่มี,กลางคืนไม่มีไฟถนน (มีเสาไฟแต่ใช้การไม่ได้),13.8990739,100.5551724
นนทบุรี,สภ.ปากเกร็ด,เสาร์,ถนนเลียบคลองประปา,แอสฟัลท์/ลาดยาง,ทางหลัก,ทางตรง/ ทางเข้า-ออกจากซอย,แห้ง,เรียบ (Smooth),มีและชัดเจน,ไม่มี,แสงแดด,13.8989364,100.5551422
นนทบุรี,สภ.ปากเกร็ด,พุธ,ถนนเลียบคลองประปา,แอสฟัลท์/ลาดยาง,ทางหลัก,ทางตรง,แห้ง,ไม่สม่ำเสมอ (Uneven) (ซ่อมทางด้วยยางมะตอยจนเป็นเนินเล็กๆ),มีแต่ไม่ชัดเจน,ไม่มี,กลางคืนมีไฟถนน,13.8985764,100.5550562
ปทุมธานี,สภ.สวนพริกไทย,จันทร์,ทล.346,คอนกรีต,ทางหลัก,สามแยก,แห้ง,เรียบ (Smooth),มีและชัดเจน,มีและใช้การได้ปกติ,กลางคืนมีไฟถนน (ไม่เพียงพอ),14.0048707,100.5546151
ปทุมธานี,สภ.สวนพริกไทย,เสาร์,ทล.347,แอสฟัลท์/ลาดยาง,ทางขนาน,ทางตรง,เปียก,เรียบ (Smooth),มีและชัดเจน,ไม่มี,แสงแดด,14.0226738,100.5536342
ปทุมธานี,สภ.ปากคลองรังสิต,เสาร์,ทล.345,คอนกรีต,ทางหลัก,ทางตรง,แห้ง,เรียบ (Smooth),มีและชัดเจน,ไม่มี,กลางคืนมีไฟถนน,13.9686294,100.5533655
นนทบุรี,สภ.ปากเกร็ด,พุธ,ทล.307,คอนกรีต,ทางหลัก,ทางโค้ง,แห้ง,เรียบ (Smooth),มีและชัดเจน,ไม่มี,กลางคืนมีไฟถนน,13.93926433,100.5529693
นนทบุรี,สภ.ปากเกร็ด,พฤหัส,ถนนป๊อปปูล่า,แอสฟัลท์/ลาดยาง,ทางหลัก,ทางตรง,แห้ง,เรียบ (Smooth),มีและชัดเจน,ไม่มี,แสงแดด,13.9132045,100.5527692
นนทบุรี,สภ.ปากเกร็ด,เสาร์,นบ.ถ 3-0001,คอนกรีต,ทางหลัก,ทางตรง,แห้ง,ไม่สม่ำเสมอ (Uneven) (ซ่อมทางด้วยยางมะตอยจนเป็นเนินเล็กๆ),มีและชัดเจน,ไม่มี,กลางคืนมีไฟถนน,13.9391305,100.5526068
ปทุมธานี,สภ.ปากคลองรังสิต,อาทิตย์,ลานจอดรถตลาดนกฮูก2,คอนกรีต,,ลานจอดรถ,แห้ง,เรียบ (Smooth),ไม่มี,ไม่มี,กลางคืนมีไฟถนน,13.9687896,100.5523809
นนทบุรี,สภ.ปากเกร็ด,อังคาร,ถนนประชาชื่น,คอนกรีต,ทางหลัก,ทางตรง,แห้ง,ไม่สม่ำเสมอ (Uneven) (ซ่อมทางด้วยยางมะตอยจนเป็นเนินเล็กๆ),มีและชัดเจน,ไม่มี,แสงแดด,13.8831783,100.5514264
นนทบุรี,สภ.ปากเกร็ด,ศุกร์,นบ.ถ 3-0001,คอนกรีต,ทางหลัก,ทางโค้ง/ ทางเข้า-ออกจากซอย,,เรียบ (Smooth),มีและชัดเจน,ไม่มี,กลางคืนมีไฟถนน (ไม่เพียงพอ),13.9393452,100.5510878
ปทุมธานี,สภ.ปากคลองรังสิต,ศุกร์,ทล.306,แอสฟัลท์/ลาดยาง,ทางหลัก,ทางโค้ง,แห้ง,เรียบ (Smooth),มีและชัดเจน,ไม่มี,กลางคืนมีไฟถนน,13.9933972,100.5509312
ปทุมธานี,สภ.ปากคลองรังสิต,พฤหัส,ทล.306,คอนกรีต,ทางหลัก,ทางโค้ง,แห้ง,เรียบ (Smooth),มีและชัดเจน,ไม่มี,แสงแดด,13.9933114,100.5508961
ปทุมธานี,สภ.ปากคลองรังสิต,ศุกร์,ทล.306,แอสฟัลท์/ลาดยาง,ทางหลัก,ทางตรง,แห้ง,เรียบ (Smooth),มีและชัดเจน,ไม่มี,กลางคืนไม่มีไฟถนน (มีเสาไฟแต่ใช้การไม่ได้),13.9621504,100.5507006
ปทุมธานี,สภ.ปากคลองรังสิต,อาทิตย์,ทล.306,แอสฟัลท์/ลาดยาง,ทางหลัก,ทางตรง,แห้ง,เรียบ (Smooth),มีและชัดเจน,ไม่มี,แสงแดด,13.9593827,100.5505945
ปทุมธานี,สภ.ปากคลองรังสิต,เสาร์,ทล.306,คอนกรีต,ทางหลัก,ทางตรง,แห้ง,เรียบ (Smooth),มีและชัดเจน,มีและใช้การได้ปกติ,แสงแดด,13.9815573,100.5505915
ปทุมธานี,สภ.ปากคลองรังสิต,ศุกร์,ทล.306,คอนกรีต,ทางหลัก,จุดกลับรถ,แห้ง,เรียบ (Smooth),มีและชัดเจน,มีและใช้การได้ปกติ,กลางคืนมีไฟถนน,13.9885605,100.5505799
ปทุมธานี,สภ.สวนพริกไทย,จันทร์,แยกเทคโน,แอสฟัลท์/ลาดยาง,สะพานต่างระดับ/ทางต่างระดับ,ทางลงสะพาน+ทางโค้ง,แห้ง,ไม่สม่ำเสมอ (Uneven) (ซ่อมทางด้วยยางมะตอยจนเป็นเนินเล็กๆ),มีและชัดเจน,ไม่มี,กลางคืนมีไฟถนน,14.0145053,100.5503583
ปทุมธานี,สภ.ปากคลองรังสิต,อาทิตย์,ทล.346,แอสฟัลท์/ลาดยาง,ทางหลัก,ทางตรง,แห้ง,เรียบ (Smooth),มีและชัดเจน,ไม่มี,กลางคืนมีไฟถนน,13.9556536,100.5500329
ปทุมธานี,สภ.สวนพริกไทย,ศุกร์,ซอยวัดมะขาม,แอสฟัลท์/ลาดยาง,ทางหลัก,ทางตรง/ ทางเข้า-ออกจากซอย,มีการวางแนวท่อประปา,ยุบตัวเป็นร่อง (Rut),มีและชัดเจน,ไม่มี,กลางคืนมีไฟถนน (ไม่เพียงพอ),14.0032511,100.549958
นนทบุรี,สภ.ปากเกร็ด,พฤหัส,ทล.304,แอสฟัลท์/ลาดยาง,ทางหลัก,ทางตรง/ ทางเข้า-ออกจากซอย,แห้ง,เรียบ (Smooth),มีและชัดเจน,ไม่มี,แสงแดด,13.8970015,100.549776
ปทุมธานี,สภ.ปากคลองรังสิต,จันทร์,ทล.306,แอสฟัลท์/ลาดยาง,ทางหลัก,ทางตรง,แห้ง,เรียบ (Smooth),มีและชัดเจน,ไม่มี,กลางคืนมีไฟถนน,13.9551195,100.5497484
นนทบุรี,สภ.ปากเกร็ด,อังคาร,ทล.304,คอนกรีต,ทางหลัก,ทางตรง,แห้ง,เรียบ (Smooth),มีและชัดเจน,ไม่มี,กลางคืนไม่มีไฟถนน (มีเสาไฟแต่ใช้การไม่ได้),13.8968256,100.54963
นนทบุรี,สภ.เมืองนนทบุรี,จันทร์,ถนนประชาชื่น,คอนกรีต,ทางหลัก,ทางตรง,แห้ง,เรียบ (Smooth),มีและชัดเจน,ไม่มี,กลางคืนมีไฟถนน,13.8747216,100.5494376
ปทุมธานี,สภ.ปากคลองรังสิต,ศุกร์,ทล.345,แอสฟัลท์/ลาดยาง,ทางหลัก,ทางตรง,แห้ง,เรียบ (Smooth),มีและชัดเจน,ไม่มี,กลางคืนมีไฟถนน,13.9677121,100.5489789
ปทุมธานี,สภ.สวนพริกไทย,เสาร์,ทล.306,แอสฟัลท์/ลาดยาง,ทางหลัก,ทางตรง,แห้ง,เรียบ (Smooth),มีและชัดเจน,ไม่มี,กลางคืนไม่มีไฟถนน (มีเสาไฟแต่ใช้การไม่ได้),13.9532986,100.5487982
นนทบุรี,สภ.รัตนาธิเบศร์,อาทิตย์,ถนนเลียบคลองประปา,คอนกรีต,ทางหลัก,ทางตรง,แห้ง,ไม่สม่ำเสมอ (Uneven) (ซ่อมทางด้วยยางมะตอยจนเป็นเนินเล็กๆ),มีแต่ไม่ชัดเจน,ไม่มี,แสงแดด,13.8715586,100.5487535
นนทบุรี,สภ.ปากเกร็ด,ศุกร์,ทล.304,คอนกรีต,ทางหลัก,ทางตรง,แห้ง,เรียบ (Smooth),มีแต่ไม่ชัดเจน,ไม่มี,กลางคืนไม่มีไฟถนน (มีเสาไฟแต่ใช้การไม่ได้),13.8973593,100.5480915
ปทุมธานี,สภ.สวนพริกไทย,อาทิตย์,ทล.346,แอสฟัลท์/ลาดยาง,ทางหลัก,ทางตรง,แห้ง,เรียบ (Smooth),มีและชัดเจน,ไม่มี,กลางคืนมีไฟถนน,14.0170029,100.5479781
นนทบุรี,สภ.รัตนาธิเบศร์,พุธ,ถนนประชาชื่น,คอนกรีต,ทางหลัก,ทางตรง,แห้ง,เรียบ (Smooth),มีและชัดเจน,ไม่สามารถประเมินได้,กลางคืนไม่มีไฟถนน (มีเสาไฟแต่ใช้การไม่ได้),13.8678182,100.5478979
นนทบุรี,สภ.รัตนาธิเบศร์,พุธ,ถนนประชาชื่น,คอนกรีต,ทางหลัก,ทางตรง,แห้ง,เรียบ (Smooth),มีและชัดเจน,ไม่สามารถประเมินได้,กลางคืนไม่มีไฟถนน (มีเสาไฟแต่ใช้การไม่ได้),13.8678182,100.5478979
ปทุมธานี,สภ.สวนพริกไทย,อาทิตย์,ทล.346,แอสฟัลท์/ลาดยาง,ทางหลัก,ทางตรง,แห้ง,ไม่สม่ำเสมอ (Uneven) (ซ่อมทางด้วยยางมะตอยจนเป็นเนินเล็กๆ),มีแต่ไม่ชัดเจน,ไม่มี,กลางคืนมีไฟถนน (ไม่เพียงพอ),14.017034,100.547681
นนทบุรี,สภ.รัตนาธิเบศร์,พฤหัส,ถนนประชาชื่น,คอนกรีต,ทางหลัก,ทางตรง,แห้ง,เรียบ (Smooth),มีและชัดเจน,ไม่สามารถประเมินได้,กลางคืนมีไฟถนน (ไม่เพียงพอ),13.862372,100.5465255
นนทบุรี,สภ.รัตนาธิเบศร์,พุธ,ถนนประชาชื่น,คอนกรีต,ทางหลัก,ทางตรง,แห้ง,เรียบ (Smooth),มีและชัดเจน,ไม่มี,กลางคืนมีไฟถนน,13.8622873,100.5464977
นนทบุรี,สภ.ปากเกร็ด,ศุกร์,ทล.304,คอนกรีต,ทางหลัก,ทางตรง,แห้ง,ไม่สม่ำเสมอ (Uneven) (ซ่อมทางด้วยยางมะตอยจนเป็นเนินเล็กๆ),มีและชัดเจน,ไม่มี,กลางคืนมีไฟถนน (ไม่เพียงพอ),13.8979956,100.5463295
นนทบุรี,สภ.รัตนาธิเบศร์,พฤหัส,ถนนประชาชื่น,คอนกรีต,ทางหลัก,ทางตรง/ ทางเข้า-ออกจากซอย,แห้ง,ไม่สม่ำเสมอ (Uneven) (ซ่อมทางด้วยยางมะตอยจนเป็นเนินเล็กๆ),มีและชัดเจน,ไม่มี,แสงแดด,13.8612153,100.5462489
นนทบุรี,สภ.ปากเกร็ด,ศุกร์,ทล.306,แอสฟัลท์/ลาดยาง,ทางหลัก,ทางตรง,อยู่ระหว่างการก่อสร้าง,ไม่สม่ำเสมอ (Uneven) (ซ่อมทางด้วยยางมะตอยจนเป็นเนินเล็กๆ),ไม่มี,ไม่มี,มืด,13.9460481,100.5448812
นนทบุรี,สภ.ปากเกร็ด,พุธ,นบ.ถ 3-0001,คอนกรีต,ทางหลัก,ทางโค้ง,แห้ง,เรียบ (Smooth),มีและชัดเจน,ไม่มี,กลางคืนมีไฟถนน,13.9383242,100.5446268
ปทุมธานี,สภ.สวนพริกไทย,ศุกร์,ทล.346,แอสฟัลท์/ลาดยาง,ทางหลัก,ทางตรง,แห้ง,เรียบ (Smooth),มีและชัดเจน,ไม่มี,กลางคืนไม่มีไฟถนน (มีเสาไฟแต่ใช้การไม่ได้),14.0206735,100.5440637
นนทบุรี,สภ.ปากเกร็ด,อาทิตย์,นบ.ถ 3-0001,แอสฟัลท์/ลาดยาง,ทางหลัก,ทางโค้ง,แห้ง,เรียบ (Smooth),มีและชัดเจน,ไม่มี,แสงแดด,13.9386208,100.5439838
นนทบุรี,สภ.ปากเกร็ด,อังคาร,ถนนเมืองทองธานี,คอนกรีต,ทางหลัก,ทางตรง,แห้ง,เรียบ (Smooth),มีและชัดเจน,ไม่มี,กลางคืนมีไฟถนน,13.925925,100.5434195
นนทบุรี,สภ.ปากเกร็ด,พุธ,ทล.306,แอสฟัลท์/ลาดยาง,ทางหลัก,ทางตรง,แห้ง,เรียบ (Smooth),มีและชัดเจน,มีและใช้การได้ปกติ,แสงแดด,13.940077,100.5418109
นนทบุรี,สภ.ปากเกร็ด,พุธ,ทล.306,แอสฟัลท์/ลาดยาง,,ทางโค้ง,แห้ง,เรียบ (Smooth),มีและชัดเจน,ไม่มี,แสงแดด,13.9390906,100.5411519
นนทบุรี,สภ.ปากเกร็ด,พุธ,ทล.306,แอสฟัลท์/ลาดยาง,,ทางโค้ง,แห้ง,เรียบ (Smooth),มีและชัดเจน,ไม่มี,แสงแดด,13.9390906,100.5411519
นนทบุรี,สภ.ปากเกร็ด,พุธ,ทล.306,คอนกรีต,ทางหลัก,ทางตรง,แห้ง,เรียบ (Smooth),มีและชัดเจน,ไม่มี,กลางคืนมีไฟถนน,13.9387149,100.5410967
นนทบุรี,สภ.รัตนาธิเบศร์,อาทิตย์,ทล.302,แอสฟัลท์/ลาดยาง,ทางหลัก,ทางขึ้นสะพาน,แห้ง,เรียบ (Smooth),มีและชัดเจน,ไม่มี,กลางคืนมีไฟถนน,13.856853,100.5408569
นนทบุรี,สภ.ปากเกร็ด,จันทร์,ทางพิเศษศรีรัช,แอสฟัลท์/ลาดยาง,ทางหลัก,ทางตรง,แห้ง,เรียบ (Smooth),มีและชัดเจน,ไม่มี,กลางคืนมีไฟถนน,13.8904594,100.5405665
นนทบุรี,สภ.ปากเกร็ด,อาทิตย์,ทล.307,แอสฟัลท์/ลาดยาง,ทางขนาน,ทางตรง/ ทางเข้า-ออกจากซอย,แห้ง,เรียบ (Smooth),มีและชัดเจน,ไม่มี,แสงแดด,13.9422923,100.5405423
ปทุมธานี,สภ.สวนพริกไทย,อาทิตย์,สะพานปทุมธานี,แอสฟัลท์/ลาดยาง,สะพานข้ามแม่น้ำ,ทางตรง,แห้ง,เรียบ (Smooth),มีและชัดเจน,ไม่มี,กลางคืนมีไฟถนน,14.0257092,100.5389685
ปทุมธานี,สภ.เมืองปทุมธานี,จันทร์,สะพานปทุมธานี 1,แอสฟัลท์/ลาดยาง,สะพานข้ามแม่น้ำ,บนสะพาน,เปียก,เรียบ (Smooth),มีและชัดเจน,ไม่มี,กลางคืนมีไฟถนน,14.025876,100.5388038
นนทบุรี,สภ.ปากเกร็ด,อังคาร,ทล.304,แอสฟัลท์/ลาดยาง,สะพานข้ามแยก,ทางตรง/ ทางขึ้นสะพาน,แห้ง,เรียบ (Smooth),มีและชัดเจน,ไม่มี,กลางคืนมีไฟถนน,13.9007031,100.5387959
นนทบุรี,สภ.ปากเกร็ด,อาทิตย์,หมู่บ้านเมืองทองธานีโครงการ 5,คอนกรีต,ทางหลัก,ทางตรง,แห้ง,เรียบ (Smooth),มีและชัดเจน,ไม่มี,กลางคืนมีไฟถนน (ไม่เพียงพอ),13.913237,100.53789
ปทุมธานี,สภ.ปากคลองรังสิต,จันทร์,สะพานปทุมธานี2,แอสฟัลท์/ลาดยาง,ทางหลัก,ทางขึ้นสะพาน,แห้ง,เรียบ (Smooth),มีและชัดเจน,ไม่มี,กลางคืนไม่มีไฟถนน (มีเสาไฟแต่ใช้การไม่ได้),13.9660749,100.5374229
นนทบุรี,สภ.ปากเกร็ด,พฤหัส,ทล.307,แอสฟัลท์/ลาดยาง,สะพานข้ามแม่น้ำ,ทางขึ้นสะพาน,แห้ง,เรียบ (Smooth),มีและชัดเจน,ไม่มี,กลางคืนไม่มีไฟถนน (มีเสาไฟแต่ใช้การไม่ได้),13.9459379,100.5366618
ปทุมธานี,สภ.ปากคลองรังสิต,เสาร์,ถนนบางกะดีสายใน,คอนกรีต,ทางหลัก,ทางตรง/ ทางเข้า-ออกจากซอย,แห้ง,เรียบ (Smooth),มีและชัดเจน,ไม่มี,กลางคืนมีไฟถนน,13.9727933,100.5350517
นนทบุรี,สภ.ปากเกร็ด,พุธ,สะพานนนทบุรี,แอสฟัลท์/ลาดยาง,สะพานข้ามแม่น้ำ,ทางตรง/ ทางลงสะพาน,แห้ง,ไม่สม่ำเสมอ (Uneven) (ซ่อมทางด้วยยางมะตอยจนเป็นเนินเล็กๆ),มีและชัดเจน,ไม่มี,กลางคืนมีไฟถนน,13.9477797,100.5348505
ปทุมธานี,สภ.เมืองปทุมธานี,พุธ,ทล.346,คอนกรีต,ทางหลัก,ทางโค้ง,เปียก,เรียบ (Smooth),มีและชัดเจน,ไม่มี,กลางคืนมีไฟถนน,14.0293531,100.5348062
นนทบุรี,สภ.ปากเกร็ด,ศุกร์,ทล.306,แอสฟัลท์/ลาดยาง,ทางหลัก,ทางตรง,แห้ง,เรียบ (Smooth),มีและชัดเจน,ไม่มี,,13.9332941,100.5347001
นนทบุรี,สภ.รัตนาธิเบศร์,ศุกร์,นบ.3019,คอนกรีต,ทางหลัก,ทางตรง,แห้ง,เรียบ (Smooth),มีและชัดเจน,ไม่มี,กลางคืนมีไฟถนน,13.882108,100.5339102
นนทบุรี,สภ.รัตนาธิเบศร์,อังคาร,นบ.3019,แอสฟัลท์/ลาดยาง,ทางหลัก,ทางตรง,แห้ง,เรียบ (Smooth),มีแต่ไม่ชัดเจน,ไม่มี,กลางคืนมีไฟถนน,13.8821412,100.5336816
นนทบุรี,สภ.รัตนาธิเบศร์,อังคาร,ซอยงามวงศ์วาน 21,แอสฟัลท์/ลาดยาง,ซอย/ตรอก,ทางตรง,แห้ง,เรียบ (Smooth),มีและชัดเจน,ไม่มี,กลางคืนมีไฟถนน,13.8628186,100.5332109
นนทบุรี,สภ.ปากเกร็ด,เสาร์,ทล.302,คอนกรีต,ทางหลัก,ทางตรง/ ทางเข้า-ออกจากซอย,แห้ง,เรียบ (Smooth),มีและชัดเจน,ไม่มี,แสงแดด,13.9029236,100.5330493
ปทุมธานี,สภ.เมืองปทุมธานี,อังคาร,สะพานปทุมธานี 2,แอสฟัลท์/ลาดยาง,สะพานข้ามแม่น้ำ,ทางตรง/ ทางขึ้นสะพาน,เปียก,เรียบ (Smooth),มีและชัดเจน,ไม่มี,กลางคืนมีไฟถนน,13.9657185,100.5326549
ปทุมธานี,สภ.เมืองปทุมธานี,จันทร์,ทล.307,แอสฟัลท์/ลาดยาง,ทางหลัก,ทางตรง,แห้ง,เรียบ (Smooth),มีและชัดเจน,ไม่มี,แสงแดด,13.9500753,100.5324321
ปทุมธานี,สภ.เมืองปทุมธานี,พุธ,ถนนปทุมธานี-สายใน,คอนกรีต,ทางหลัก,ทางตรง,แห้ง,เรียบ (Smooth),มีและชัดเจน,ไม่มี,กลางคืนมีไฟถนน,14.0069441,100.5321824
นนทบุรี,สภ.รัตนาธิเบศร์,จันทร์,ทล.302,แอสฟัลท์/ลาดยาง,ทางหลัก,ทางตรง,เปียก,เรียบ (Smooth),มีและชัดเจน,ไม่มี,กลางคืนมีไฟถนน,13.857994,100.53128
ปทุมธานี,สภ.เมืองปทุมธานี,เสาร์,ทล.307,แอสฟัลท์/ลาดยาง,ทางหลัก,ทางตรง/ สามแยก/ จุดกลับรถ,แห้ง,เรียบ (Smooth),มีและชัดเจน,มีและใช้การได้ปกติ,กลางคืนมีไฟถนน (ไม่เพียงพอ),13.9517466,100.5310151
ปทุมธานี,สภ.เมืองปทุมธานี,เสาร์,ทล.307,แอสฟัลท์/ลาดยาง,ทางหลัก,ทางตรง/ สามแยก/ จุดกลับรถ,แห้ง,เรียบ (Smooth),มีและชัดเจน,มีและใช้การได้ปกติ,กลางคืนมีไฟถนน (ไม่เพียงพอ),13.9517466,100.5310151
นนทบุรี,สภ.ปากเกร็ด,อาทิตย์,ทล.306,แอสฟัลท์/ลาดยาง,สามแยก,สามแยก,แห้ง,เรียบ (Smooth),มีและชัดเจน,มีและใช้การได้ปกติ,กลางคืนมีไฟถนน,13.9300047,100.530707
นนทบุรี,สภ.รัตนาธิเบศร์,จันทร์,นบ.3019,แอสฟัลท์/ลาดยาง,ทางหลัก,ทางตรง,น้ำขัง,เรียบ (Smooth),มีและชัดเจน,ไม่มี,กลางคืนมีไฟถนน,13.882676,100.5305128
นนทบุรี,สภ.ปากเกร็ด,อาทิตย์,ทล.306,แอสฟัลท์/ลาดยาง,ทางหลัก,สามแยก,แห้ง,เรียบ (Smooth),มีและชัดเจน,มีและใช้การได้ปกติ,แสงแดด,13.9298851,100.5303137
ปทุมธานี,สภ.สามโคก,พฤหัส,ทล.9,ถนนลูกรัง,ทางหลัก,ทางโค้ง/ ทางเข้า-ออกจากซอย,แห้ง,ทางลูกรัง,ไม่มี,ไม่มี,แสงแดด,14.1028369,100.5300853
นนทบุรี,สภ.เมืองนนทบุรี,อาทิตย์,ทล.302,คอนกรีต,ทางหลัก,ทางตรง,แห้ง,เรียบ (Smooth),มีและชัดเจน,มีและใช้การได้ปกติ,กลางคืนมีไฟถนน,13.8581649,100.5299193
ปทุมธานี,สภ.เมืองปทุมธานี,อังคาร,ทล.307,แอสฟัลท์/ลาดยาง,ทางหลัก,ทางตรง,แห้ง,เรียบ (Smooth),มีและชัดเจน,ไม่มี,กลางคืนมีไฟถนน,13.9533249,100.5294932
ปทุมธานี,สภ.สามโคก,พุธ,ทล.9,แอสฟัลท์/ลาดยาง,ทางหลัก,ทางตรง,แห้ง,เรียบ (Smooth),มีและชัดเจน,ไม่มี,กลางคืนมีไฟถนน (ไม่เพียงพอ),14.1010091,100.528727
นนทบุรี,สภ.ปากเกร็ด,พุธ,ทล.306,แอสฟัลท์/ลาดยาง,ทางหลัก,จุดกลับรถ,เปียก,เรียบ (Smooth),มีและชัดเจน,ไม่มี,กลางคืนมีไฟถนน,13.9278465,100.528109
นนทบุรี,สภ.ปากเกร็ด,พุธ,ทล.306,แอสฟัลท์/ลาดยาง,ทางหลัก,ทางตรง/ จุดกลับรถ,แห้ง,เรียบ (Smooth),ไม่สามารถประเมินได้,ไม่มี,กลางคืนมีไฟถนน,13.9277399,100.5277429
นนทบุรี,สภ.ปากเกร็ด,อาทิตย์,ทล.306,แอสฟัลท์/ลาดยาง,ทางหลัก,จุดกลับรถ,แห้ง,เรียบ (Smooth),มีและชัดเจน,ไม่มี,กลางคืนมีไฟถนน,13.9275175,100.5277127
ปทุมธานี,สภ.เมืองปทุมธานี,ศุกร์,ทล.307,แอสฟัลท์/ลาดยาง,ทางหลัก,ทางตรง,แห้ง,เรียบ (Smooth),มีและชัดเจน,ไม่มี,กลางคืนมีไฟถนน,13.955227,100.5275451
ปทุมธานี,สภ.เมืองปทุมธานี,พฤหัส,ถนนปทุมธานี-สายใน,คอนกรีต,ทางหลัก,ทางตรง/ ทางเข้า-ออกจากซอย,มีทรายบนผิวทาง,เรียบ (Smooth),มีและชัดเจน,ไม่มี,กลางคืนมีไฟถนน (ไม่เพียงพอ),13.9709879,100.5268018
ปทุมธานี,สภ.เมืองปทุมธานี,จันทร์,ถนนปทุมธานี-สายใน,คอนกรีต,ทางหลัก,ทางตรง,แห้ง,เรียบ (Smooth),มีแต่ไม่ชัดเจน,ไม่มี,กลางคืนมีไฟถนน,13.9711649,100.5267485
ปทุมธานี,สภ.สามโคก,จันทร์,ทล.9,แอสฟัลท์/ลาดยาง,ทางหลัก,จุดกลับรถ,แห้ง,ไม่สม่ำเสมอ (Uneven) (ซ่อมทางด้วยยางมะตอยจนเป็นเนินเล็กๆ),มีและชัดเจน,ไม่มี,กลางคืนมีไฟถนน,14.0981225,100.5257853
นนทบุรี,สภ.ปากเกร็ด,เสาร์,ทล.306,คอนกรีต,ทางหลัก,ทางตรง,แห้ง,ไม่สม่ำเสมอ (Uneven) (ซ่อมทางด้วยยางมะตอยจนเป็นเนินเล็กๆ),ไม่มี,ไม่มี,กลางคืนมีไฟถนน,13.9256355,100.5254472
ปทุมธานี,สภ.เมืองปทุมธานี,ศุกร์,แยกสันติสุข,คอนกรีต,สี่แยกไฟแดง,สี่แยก,แห้ง,เรียบ (Smooth),มีและชัดเจน,มีและใช้การได้ปกติ,แสงแดด,14.0298081,100.5253287
ปทุมธานี,สภ.สามโคก,ศุกร์,ทล.3111,แอสฟัลท์/ลาดยาง,ทางหลัก,ทางตรง,แห้ง,เรียบ (Smooth),มีแต่ไม่ชัดเจน,ไม่มี,กลางคืนมีไฟถนน,14.0434481,100.5252658
ปทุมธานี,สภ.สามโคก,เสาร์,ทล.3111,แอสฟัลท์/ลาดยาง,ทางหลัก,ทางตรง/ จุดกลับรถ,แห้ง,เรียบ (Smooth),มีและชัดเจน,ไม่มี,แสงแดด,14.0447214,100.5251085
ปทุมธานี,สภ.สามโคก,พฤหัส,ทล.3111,แอสฟัลท์/ลาดยาง,ทางหลัก,ทางตรง,แห้ง,เรียบ (Smooth),มีและชัดเจน,ไม่มี,แสงแดด,14.0508968,100.5247559
ปทุมธานี,สภ.เมืองปทุมธานี,พุธ,ถนนปทุมธานี-สายใน,แอสฟัลท์/ลาดยาง,ทางหลัก,ทางตรง,แห้ง,เรียบ (Smooth),มีและชัดเจน,ไม่มี,แสงแดด,13.9783266,100.5247448
ปทุมธานี,สภ.สามโคก,อาทิตย์,ทล.3111,แอสฟัลท์/ลาดยาง,ทางหลัก,จุดกลับรถ,แห้ง,เรียบ (Smooth),มีแต่ไม่ชัดเจน,ไม่มี,แสงแดด,14.0509612,100.52461
ปทุมธานี,สภ.เมืองปทุมธานี,ศุกร์,ทล.345,คอนกรีต,ทางหลัก,ทางตรง,แห้ง,เรียบ (Smooth),มีและชัดเจน,ไม่มี,กลางคืนมีไฟถนน,13.9639367,100.5244615
นนทบุรี,สภ.ปากเกร็ด,อาทิตย์,นบ.3019,แอสฟัลท์/ลาดยาง,ทางหลัก,ทางตรง,แห้ง,เรียบ (Smooth),มีและชัดเจน,ไม่มี,กลางคืนมีไฟถนน,13.9175284,100.5243852
ปทุมธานี,สภ.สามโคก,จันทร์,ทล.3111,แอสฟัลท์/ลาดยาง,สะพานข้ามคลอง,ทางตรง,แห้ง,เรียบ (Smooth),มีและชัดเจน,ไม่มี,กลางคืนมีไฟถนน,14.059054,100.5239096
ปทุมธานี,สภ.สามโคก,พุธ,ทล.3111,แอสฟัลท์/ลาดยาง,สะพานข้ามคลอง,ทางตรง/ ทางลงสะพาน,แห้ง,เรียบ (Smooth),มีและชัดเจน,ไม่มี,กลางคืนมีไฟถนน,14.0591464,100.5239021
ปทุมธานี,สภ.สามโคก,พุธ,ทล.3111,แอสฟัลท์/ลาดยาง,ทางหลัก,ทางตรง,แห้ง,เรียบ (Smooth),มีและชัดเจน,ไม่มี,แสงแดด,14.0612039,100.5237386
ปทุมธานี,สภ.เมืองปทุมธานี,อาทิตย์,ทล.307,แอสฟัลท์/ลาดยาง,ทางหลัก,ทางตรง,แห้ง,เรียบ (Smooth),มีและชัดเจน,ไม่มี,กลางคืนมีไฟถนน,14.0133116,100.5236226
นนทบุรี,สภ.ปากเกร็ด,เสาร์,ทล.306,แอสฟัลท์/ลาดยาง,ทางหลัก,ทางตรง,แห้ง,เรียบ (Smooth),มีและชัดเจน,ไม่มี,,13.9241959,100.5234863
ปทุมธานี,สภ.สามโคก,พุธ,ทล.3111,แอสฟัลท์/ลาดยาง,ทางหลัก,ทางตรง,แห้ง,เรียบ (Smooth),มีและชัดเจน,ไม่มี,แสงแดด,14.0663057,100.5234809
นนทบุรี,สภ.ปากเกร็ด,เสาร์,ทล.306,แอสฟัลท์/ลาดยาง,ทางหลัก,ทางตรง,แห้ง,เรียบ (Smooth),มีและชัดเจน,ไม่มี,แสงสลัว (เช้ามืด/พลบค่ำ),13.9240795,100.5233492
ปทุมธานี,สภ.เมืองปทุมธานี,เสาร์,ทล.307,คอนกรีต,ทางหลัก,ทางตรง/ ทางเข้า-ออกจากซอย,แห้ง,เรียบ (Smooth),มีและชัดเจน,ไม่มี,กลางคืนมีไฟถนน (ไม่เพียงพอ),14.012952,100.5232808
นนทบุรี,สภ.รัตนาธิเบศร์,จันทร์,ทล.302,คอนกรีต,ทางหลัก,ทางตรง,แห้ง,เรียบ (Smooth),มีและชัดเจน,ไม่มี,แสงแดด,13.8587966,100.5227911
นนทบุรี,สภ.ปากเกร็ด,พุธ,นบ.3019,คอนกรีต,ทางหลัก,จุดกลับรถ,แห้ง,เรียบ (Smooth),มีแต่ไม่ชัดเจน,ไม่มี,กลางคืนมีไฟถนน,13.9142107,100.5227782
ปทุมธานี,สภ.เมืองปทุมธานี,อาทิตย์,ทล.307,คอนกรีต,ทางหลัก,ทางตรง,แห้ง,เรียบ (Smooth),มีแต่ไม่ชัดเจน,ไม่มี,กลางคืนมีไฟถนน (ไม่เพียงพอ),14.0111914,100.5226815
ปทุมธานี,สภ.เมืองปทุมธานี,อาทิตย์,ทล.307,คอนกรีต,ทางหลัก,จุดกลับรถ,แห้ง,เรียบ (Smooth),มีและชัดเจน,มีและใช้การได้ปกติ,กลางคืนมีไฟถนน (ไม่เพียงพอ),14.0104491,100.5224178
ปทุมธานี,สภ.เมืองปทุมธานี,เสาร์,ทล.307,คอนกรีต,ทางหลัก,ทางตรง/ จุดกลับรถ,แห้ง,เรียบ (Smooth),มีและชัดเจน,มีและใช้การได้ปกติ,แสงแดด,14.0099983,100.5222939
ปทุมธานี,สภ.เมืองปทุมธานี,จันทร์,ทล.346,คอนกรีต,ทางหลัก,ทางตรง/ ทางเข้า-ออกจากทางขนาน,แห้ง,เรียบ (Smooth),มีและชัดเจน,ไม่มี,กลางคืนมีไฟถนน,14.0296495,100.5216119
ปทุมธานี,สภ.สามโคก,อังคาร,ทล.9,แอสฟัลท์/ลาดยาง,ทางหลัก,ทางขึ้นสะพาน,แห้ง,เรียบ (Smooth),มีและชัดเจน,ไม่มี,กลางคืนไม่มีไฟถนน (มีเสาไฟแต่ใช้การไม่ได้),14.0951968,100.5215451
ปทุมธานี,สภ.สามโคก,พุธ,ทล.9,แอสฟัลท์/ลาดยาง,ทางขนาน,ทางตรง,แห้ง,เรียบ (Smooth),มีและชัดเจน,ไม่มี,กลางคืนมีไฟถนน (ไม่เพียงพอ),14.0946197,100.5214668
ปทุมธานี,สภ.เมืองปทุมธานี,เสาร์,ทล.307,คอนกรีต,ทางหลัก,ทางตรง,แห้ง,เรียบ (Smooth),มีและชัดเจน,ไม่มี,กลางคืนมีไฟถนน,14.0057636,100.5211049
ปทุมธานี,สภ.สามโคก,พุธ,ทล.3111,แอสฟัลท์/ลาดยาง,ทางหลัก,ทางตรง/ ทางเข้า-ออกจากทางขนาน/ ทางขึ้นสะพาน,แห้ง,เรียบ (Smooth),มีและชัดเจน,ไม่มี,แสงแดด,14.0740852,100.521001
ปทุมธานี,สภ.สามโคก,ศุกร์,ทล.3111,แอสฟัลท์/ลาดยาง,สะพานข้ามคลอง,ทางตรง,แห้ง,เรียบ (Smooth),มีและชัดเจน,ไม่มี,แสงแดด,14.0758491,100.5208867
นนทบุรี,สภ.รัตนาธิเบศร์,อังคาร,ทล.302,แอสฟัลท์/ลาดยาง,สะพานข้ามแยก,ทางลงสะพาน,แห้ง,เรียบ (Smooth),มีและชัดเจน,ไม่มี,แสงแดด,13.8591105,100.5208427
ปทุมธานี,สภ.เมืองปทุมธานี,พุธ,ทล.346,คอนกรีต,ทางหลัก,ทางตรง,แห้ง,เรียบ (Smooth),มีและชัดเจน,ไม่มี,กลางคืนมีไฟถนน,14.0295557,100.5199984
นนทบุรี,สภ.เมืองนนทบุรี,อังคาร,ทล.306,แอสฟัลท์/ลาดยาง,ทางหลัก,ทางตรง,แห้ง,เรียบ (Smooth),มีและชัดเจน,ไม่มี,กลางคืนมีไฟถนน,13.8557282,100.519769
ปทุมธานี,สภ.สามโคก,พฤหัส,ทล.3111,แอสฟัลท์/ลาดยาง,ทางหลัก,จุดกลับรถ,แห้ง,เรียบ (Smooth),มีและชัดเจน,ไม่มี,แสงสลัว (เช้ามืด/พลบค่ำ),14.0868544,100.5195751
นนทบุรี,สภ.ปากเกร็ด,อังคาร,สะพานเลี่ยงเมืองนนทบุรี,คอนกรีต,ทางหลัก,ทางโค้ง,แห้ง,เรียบ (Smooth),มีและชัดเจน,ไม่มี,กลางคืนมีไฟถนน,13.921323,100.5195268
นนทบุรี,สภ.ปากเกร็ด,อังคาร,ทล.304,คอนกรีต,ทางหลัก,ทางตรง,แห้ง,เรียบ (Smooth),มีและชัดเจน,ไม่มี,แสงแดด,13.9060036,100.5190807
นนทบุรี,สภ.เมืองนนทบุรี,ศุกร์,ทล.306,คอนกรีต,ทางหลัก,ทางตรง,แห้ง,เรียบ (Smooth),มีแต่ไม่ชัดเจน,ไม่มี,กลางคืนมีไฟถนน,13.8543301,100.5188117
นนทบุรี,สภ.ปากเกร็ด,ศุกร์,ทล.304,แอสฟัลท์/ลาดยาง,ทางหลัก,ทางตรง,แห้ง,ไม่สม่ำเสมอ (Uneven) (ซ่อมทางด้วยยางมะตอยจนเป็นเนินเล็กๆ),มีและชัดเจน,ไม่มี,แสงแดด,13.9060568,100.5186571
ปทุมธานี,สภ.เมืองปทุมธานี,เสาร์,ทล.307,คอนกรีต,ทางหลัก,ทางตรง,แห้ง,เรียบ (Smooth),มีและชัดเจน,ไม่มี,กลางคืนมีไฟถนน,13.9988614,100.5185555
ปทุมธานี,สภ.เมืองปทุมธานี,เสาร์,ทล.307,คอนกรีต,ทางหลัก,ทางตรง,แห้ง,เรียบ (Smooth),มีและชัดเจน,ไม่มี,กลางคืนมีไฟถนน,13.9988614,100.5185555
นนทบุรี,สภ.รัตนาธิเบศร์,ศุกร์,ทล.306,แอสฟัลท์/ลาดยาง,ทางหลัก,ทางตรง,เปียก,เรียบ (Smooth),มีและชัดเจน,มีและใช้การได้ปกติ,กลางคืนมีไฟถนน,13.868504,100.518548
ปทุมธานี,สภ.เมืองปทุมธานี,จันทร์,ทล.307,แอสฟัลท์/ลาดยาง,ทางหลัก,ทางตรง,แห้ง,เรียบ (Smooth),มีและชัดเจน,ไม่มี,กลางคืนมีไฟถนน,13.9987763,100.5185255
นนทบุรี,สภ.ปากเกร็ด,อาทิตย์,ทล.306,แอสฟัลท์/ลาดยาง,ทางหลัก,ทางตรง/ ทางเข้า-ออกจากซอย,แห้ง,เรียบ (Smooth),ไม่มี,ไม่มี,กลางคืนมีไฟถนน,13.9192828,100.5178512
นนทบุรี,สภ.รัตนาธิเบศร์,พฤหัส,ทล.306,คอนกรีต,ทางหลัก,ทางตรง,แห้ง,เรียบ (Smooth),มีและชัดเจน,ไม่มี,กลางคืนมีไฟถนน,13.8700691,100.5177472
ปทุมธานี,สภ.เมืองปทุมธานี,เสาร์,ทล.345,คอนกรีต,ทางหลัก,เป็นทางตรง เชื่อมต่อกับทางลงสะพาน,แห้ง,เรียบ (Smooth),มีและชัดเจน,ไม่มี,กลางคืนมีไฟถนน,13.9606185,100.5175302
ปทุมธานี,สภ.เมืองปทุมธานี,เสาร์,ทล.345,แอสฟัลท์/ลาดยาง,ทางหลัก,ทางตรง/ ทางลงสะพาน,แห้ง,เรียบ (Smooth),มีและชัดเจน,ไม่มี,กลางคืนมีไฟถนน,13.9606185,100.5175302
ปทุมธานี,สภ.เมืองปทุมธานี,เสาร์,ทล.345,คอนกรีต,ทางหลัก,ทางตรง/ ทางลงสะพาน,แห้ง,เรียบ (Smooth),มีและชัดเจน,ไม่มี,กลางคืนมีไฟถนน,13.9606185,100.5175302
ปทุมธานี,สภ.เมืองปทุมธานี,เสาร์,ทล.345,คอนกรีต,ทางหลัก,ทางตรง/ ทางลงสะพาน,แห้ง,เรียบ (Smooth),มีและชัดเจน,ไม่มี,กลางคืนมีไฟถนน,13.9606185,100.5175302
ปทุมธานี,สภ.สามโคก,พฤหัส,ถนนเลียบคลองวัว,คอนกรีต,ทางหลัก,ทางตรง,แห้ง,เรียบ (Smooth),มีและชัดเจน,ไม่มี,มืด,14.0986907,100.5173136
นนทบุรี,สภ.รัตนาธิเบศร์,อังคาร,ทล.302,คอนกรีต,ทางหลัก,ทางตรง/ ทางขึ้นสะพาน,แห้ง,เรียบ (Smooth),มีและชัดเจน,ไม่มี,แสงสลัว (เช้ามืด/พลบค่ำ),13.859719,100.5171661
นนทบุรี,สภ.ปากเกร็ด,อาทิตย์,นบ.3019,คอนกรีต,ทางขนาน,ทางตรง/ ทางเข้า-ออกจากทางขนาน/ ทางลงสะพาน,แห้ง,เรียบ (Smooth),มีและชัดเจน,ไม่มี,กลางคืนมีไฟถนน,13.9076255,100.516823
นนทบุรี,สภ.เมืองนนทบุรี,พฤหัส,ทล.306,คอนกรีต,ทางหลัก,ทางตรง,แห้ง,เรียบ (Smooth),มีและชัดเจน,ไม่มี,กลางคืนมีไฟถนน,13.8734856,100.5166406
นนทบุรี,สภ.เมืองนนทบุรี,อาทิตย์,ถนนกรุงเทพ-นนทบุรี,คอนกรีต,ทางหลัก,ทางตรง/ จุดกลับรถ,แห้ง,เรียบ (Smooth),มีและชัดเจน,ไม่มี,กลางคืนมีไฟถนน,13.8381647,100.5166053
นนทบุรี,สภ.ปากเกร็ด,เสาร์,ทล.304,แอสฟัลท์/ลาดยาง,ทางหลัก,ทางตรง/ สามแยก,แห้ง,ไม่สม่ำเสมอ (Uneven) (ซ่อมทางด้วยยางมะตอยจนเป็นเนินเล็กๆ),ไม่มี,ไม่มี,แสงสลัว (เช้ามืด/พลบค่ำ),13.9062353,100.5165152
ปทุมธานี,สภ.เมืองปทุมธานี,ศุกร์,ทล.307,คอนกรีต,ทางหลัก,ทางขึ้นสะพาน,แห้ง,เรียบ (Smooth),มีและชัดเจน,ไม่มี,กลางคืนมีไฟถนน,13.9928035,100.5164335
นนทบุรี,สภ.เมืองนนทบุรี,เสาร์,แยกประชาราษฏร์,คอนกรีต,ทางหลัก,สามแยก,แห้ง,เรียบ (Smooth),มีและชัดเจน,มีและใช้การได้ปกติ,แสงแดด,13.8148462,100.5163299
นนทบุรี,สภ.รัตนาธิเบศร์,อังคาร,ทล.306,คอนกรีต,ทางหลัก,ทางตรง,แห้ง,ไม่สม่ำเสมอ (Uneven) (ซ่อมทางด้วยยางมะตอยจนเป็นเนินเล็กๆ),มีและชัดเจน,ไม่มี,แสงสลัว (เช้ามืด/พลบค่ำ),13.8745858,100.5162224
ปทุมธานี,สภ.เมืองปทุมธานี,จันทร์,ทล.346,แอสฟัลท์/ลาดยาง,ทางขนาน,ทางตรง,แห้ง,เรียบ (Smooth),มีและชัดเจน,ไม่มี,กลางคืนมีไฟถนน,14.0282101,100.5161996
นนทบุรี,สภ.ปลายบาง,อาทิตย์,ทล.304,คอนกรีต,ทางหลัก,ทางตรง,เปียก,เรียบ (Smooth),มีและชัดเจน,ไม่มี,แสงสลัว (เช้ามืด/พลบค่ำ),13.9062706,100.5161017
นนทบุรี,สภ.รัตนาธิเบศร์,อังคาร,ทล.306,คอนกรีต,ทางหลัก,ทางตรง,แห้ง,เรียบ (Smooth),มีและชัดเจน,ไม่มี,แสงแดด,13.8745726,100.5160241
นนทบุรี,สภ.รัตนาธิเบศร์,เสาร์,ทล.306,คอนกรีต,ทางหลัก,ทางตรง,น้ำขัง,เรียบ (Smooth),มีและชัดเจน,ไม่มี,กลางคืนมีไฟถนน,13.8754661,100.5156866
ปทุมธานี,สภ.เมืองปทุมธานี,จันทร์,ทล.307,คอนกรีต,ทางหลัก,ทางตรง,แห้ง,เรียบ (Smooth),,ไม่มี,แสงสลัว (เช้ามืด/พลบค่ำ),13.9900099,100.5154357
นนทบุรี,สภ.รัตนาธิเบศร์,อังคาร,นบ.3019,แอสฟัลท์/ลาดยาง,ทางหลัก,สามแยก,แห้ง,เรียบ (Smooth),มีและชัดเจน,มีและใช้การได้ปกติ,กลางคืนมีไฟถนน,13.8868509,100.5148391
นนทบุรี,สภ.รัตนาธิเบศร์,จันทร์,ทล.306,แอสฟัลท์/ลาดยาง,ทางหลัก,ทางตรง/ สามแยก,แห้ง,เรียบ (Smooth),มีและชัดเจน,มีและใช้การได้ปกติ,แสงแดด,13.8783477,100.5147931
ปทุมธานี,สภ.เมืองปทุมธานี,อังคาร,ทล.307,คอนกรีต,ทางหลัก,ทางตรง,แห้ง,เรียบ (Smooth),มีแต่ไม่ชัดเจน,ไม่มี,แสงแดด,13.9826548,100.5147827
ปทุมธานี,สภ.เมืองปทุมธานี,ศุกร์,ทล.3305,คอนกรีต,ทางหลัก,ทางตรง,แห้ง,เรียบ (Smooth),ไม่มี,ไม่มี,มืด,14.0218549,100.5147401
นนทบุรี,สภ.ปากเกร็ด,จันทร์,ทล.304,คอนกรีต,ทางหลัก,ทางตรง,แห้ง,เรียบ (Smooth),มีและชัดเจน,ไม่มี,กลางคืนมีไฟถนน,13.9064159,100.5147401
ปทุมธานี,สภ.เมืองปทุมธานี,อาทิตย์,ทล.307,แอสฟัลท์/ลาดยาง,ทางหลัก,ทางตรง,เปียก,เรียบ (Smooth),มีและชัดเจน,มีและใช้การได้ปกติ,กลางคืนมีไฟถนน,13.9835443,100.5146646
ปทุมธานี,สภ.เมืองปทุมธานี,อังคาร,ทล.307,คอนกรีต,ทางหลัก,ทางตรง/ จุดกลับรถ,แห้ง,เรียบ (Smooth),มีและชัดเจน,ไม่มี,กลางคืนมีไฟถนน,13.9796967,100.5146
นนทบุรี,สภ.เมืองนนทบุรี,พุธ,ทล.306,คอนกรีต,ทางหลัก,ทางตรง,แห้ง,เรียบ (Smooth),มีและชัดเจน,ไม่มี,แสงแดด,13.8474397,100.5141008
นนทบุรี,สภ.เมืองนนทบุรี,พุธ,ทล.306,คอนกรีต,ทางหลัก,ทางตรง,แห้ง,ไม่สม่ำเสมอ (Uneven) (ซ่อมทางด้วยยางมะตอยจนเป็นเนินเล็กๆ),มีและชัดเจน,ไม่มี,แสงแดด,13.8475936,100.5140167
นนทบุรี,สภ.รัตนาธิเบศร์,อังคาร,นบ.3019,คอนกรีต,ทางหลัก,ทางโค้ง,แห้ง,เรียบ (Smooth),มีและชัดเจน,ไม่มี,กลางคืนมีไฟถนน (ไม่เพียงพอ),13.8869485,100.5137493
ปทุมธานี,สภ.เมืองปทุมธานี,อาทิตย์,ทล.307,คอนกรีต,ทางหลัก,จุดกลับรถ,แห้ง,เรียบ (Smooth),มีและชัดเจน,ไม่มี,แสงแดด,13.9671325,100.5136183
ปทุมธานี,สภ.เมืองปทุมธานี,พฤหัส,ทล.307,คอนกรีต,ทางหลัก,ทางตรง,แห้ง,เรียบ (Smooth),มีและชัดเจน,ไม่มี,กลางคืนมีไฟถนน,13.9615461,100.5134631
ปทุมธานี,สภ.สามโคก,ศุกร์,ทล.9,แอสฟัลท์/ลาดยาง,ทางหลัก,ทางตรง/ จุดกลับรถ,แห้ง,เรียบ (Smooth),มีและชัดเจน,ไม่มี,แสงแดด,14.0886456,100.5133261
นนทบุรี,สภ.ปากเกร็ด,จันทร์,ทล.306,แอสฟัลท์/ลาดยาง,ทางหลัก,ทางตรง,แห้ง,เรียบ (Smooth),มีและชัดเจน,ไม่มี,แสงสลัว (เช้ามืด/พลบค่ำ),13.9150982,100.5126094
นนทบุรี,สภ.รัตนาธิเบศร์,พุธ,ทล.306,คอนกรีต,ทางหลัก,ทางตรง,แห้ง,ไม่สม่ำเสมอ (Uneven) (ซ่อมทางด้วยยางมะตอยจนเป็นเนินเล็กๆ),มีและชัดเจน,ไม่มี,กลางคืนมีไฟถนน (ไม่เพียงพอ),13.8845817,100.5122493
ปทุมธานี,สภ.เมืองปทุมธานี,จันทร์,ทล.307,คอนกรีต,ทางหลัก,ทางตรง/ จุดกลับรถ,แห้ง,เรียบ (Smooth),มีและชัดเจน,มีและใช้การได้ปกติ,กลางคืนมีไฟถนน,13.9675833,100.5121396
นนทบุรี,สภ.บางแม่นาง,อังคาร,ทล.306,แอสฟัลท์/ลาดยาง,ทางหลัก,ทางตรง,แห้ง,เรียบ (Smooth),,ไม่มี,แสงแดด,13.8439581,100.5117833
ปทุมธานี,สภ.เมืองปทุมธานี,จันทร์,สะพานข้ามแยกบางคูวัด,แอสฟัลท์/ลาดยาง,สะพานข้ามแยก,ทางลงสะพาน,แห้ง,เรียบ (Smooth),มีและชัดเจน,ไม่มี,กลางคืนไม่มีไฟถนน (มีเสาไฟแต่ใช้การไม่ได้),13.9586824,100.51172
ปทุมธานี,สภ.เมืองปทุมธานี,จันทร์,ทล.346,คอนกรีต,ทางขนาน,ทางตรง,แห้ง,เรียบ (Smooth),มีและชัดเจน,ไม่มี,กลางคืนมีไฟถนน,14.0230378,100.5115988
นนทบุรี,สภ.รัตนาธิเบศร์,,ทล.306,แอสฟัลท์/ลาดยาง,,ทางตรง/ สามแยก,แห้ง,เรียบ (Smooth),มีและชัดเจน,ไม่สามารถประเมินได้,แสงแดด,13.886288,100.511576
นนทบุรี,สภ.เมืองนนทบุรี,อาทิตย์,ทล.306,แอสฟัลท์/ลาดยาง,ทางหลัก,ทางตรง/ บนสะพานข้ามแยก,แห้ง,เรียบ (Smooth),มีและชัดเจน,ไม่มี,กลางคืนมีไฟถนน,13.8435602,100.5114014
ปทุมธานี,สภ.เมืองปทุมธานี,อังคาร,ทล.346,แอสฟัลท์/ลาดยาง,ทางขนาน,ทางโค้ง,แห้ง,เรียบ (Smooth),มีและชัดเจน,ไม่มี,มืด,14.0261469,100.5112628
นนทบุรี,สภ.เมืองนนทบุรี,เสาร์,ทล.306,แอสฟัลท์/ลาดยาง,ทางหลัก,ทางตรง,แห้ง,เรียบ (Smooth),มีและชัดเจน,ไม่มี,กลางคืนมีไฟถนน,13.8433329,100.5112401
นนทบุรี,สภ.รัตนาธิเบศร์,ศุกร์,ทล.306,คอนกรีต,ทางหลัก,ทางตรง,แห้ง,เรียบ (Smooth),มีและชัดเจน,ไม่มี,กลางคืนมีไฟถนน,13.888034,100.5109681
นนทบุรี,สภ.รัตนาธิเบศร์,ศุกร์,นบ.ถ 2-0017,แอสฟัลท์/ลาดยาง,ทางหลัก,ทางตรง/ ทางเข้า-ออกปั๊มแก้ส,แห้ง,เรียบ (Smooth),มีและชัดเจน,ไม่มี,แสงแดด,13.8786993,100.5107138
นนทบุรี,สภ.บางกรวย,จันทร์,ถนนจรัญสนิทวงศ์,แอสฟัลท์/ลาดยาง,ทางตรงก่อนถึงวงเวียน,สี่แยก/ วงเวียน,แห้ง,เรียบ (Smooth),มีและชัดเจน,มีและใช้การได้ปกติ,กลางคืนมีไฟถนน (ไม่เพียงพอ),13.8088024,100.5100404
นนทบุรี,สภ.เมืองนนทบุรี,ศุกร์,ถนนซอยพิบูลสงคราม 22 ,แอสฟัลท์/ลาดยาง,ซอย/ตรอก,ทางตรง,แห้ง,เรียบ (Smooth),มีและชัดเจน,ไม่มี,กลางคืนมีไฟถนน,13.8333425,100.509695
นนทบุรี,สภ.เมืองนนทบุรี,พุธ,นบ.1020,แอสฟัลท์/ลาดยาง,ทางหลัก,ทางตรง,แห้ง,เรียบ (Smooth),มีและชัดเจน,ไม่มี,แสงแดด,13.8400006,100.5088247
ปทุมธานี,สภ.เมืองปทุมธานี,พฤหัส,ทล.345,แอสฟัลท์/ลาดยาง,ทางหลัก,ทางลงสะพาน,แห้ง,ไม่สม่ำเสมอ (Uneven) (ซ่อมทางด้วยยางมะตอยจนเป็นเนินเล็กๆ),มีแต่ไม่ชัดเจน,ไม่มี,กลางคืนมีไฟถนน,13.9590832,100.5087386
นนทบุรี,สภ.ปากเกร็ด,อังคาร,ซอยสุขาประชาสรรค์2,แอสฟัลท์/ลาดยาง,ทางหลัก,ทางตรง,แห้ง,เรียบ (Smooth),มีและชัดเจน,ไม่มี,กลางคืนมีไฟถนน,13.9338385,100.5086647
นนทบุรี,สภ.เมืองนนทบุรี,พุธ,นบ.1020,แอสฟัลท์/ลาดยาง,ทางหลัก,ทางตรง/ ทางเข้า-ออกจากทางขนาน,แห้ง,เรียบ (Smooth),มีและชัดเจน,ไม่มี,กลางคืนมีไฟถนน,13.8392354,100.5082008
ปทุมธานี,สภ.เมืองปทุมธานี,จันทร์,ทางต่างระดับปทุมธานี,แอสฟัลท์/ลาดยาง,สะพานต่างระดับ/ทางต่างระดับ,ทางโค้ง,แห้ง,เรียบ (Smooth),มีและชัดเจน,ไม่มี,แสงแดด,14.0229215,100.5074385
ปทุมธานี,สภ.รัตนาธิเบศร์,จันทร์,ทล.302,คอนกรีต,ทางหลัก,ทางตรง,แห้ง,เรียบ (Smooth),มีและชัดเจน,ไม่มี,กลางคืนมีไฟถนน,13.8611381,100.5074217
ปทุมธานี,สภ.เมืองปทุมธานี,อาทิตย์,แยกต่างระดับปทุมธานี,แอสฟัลท์/ลาดยาง,สะพานต่างระดับ/ทางต่างระดับ,ทางโค้ง,แห้ง,เรียบ (Smooth),มีและชัดเจน,ไม่มี,แสงแดด,14.0228051,100.5070805
ปทุมธานี,สภ.เมืองปทุมธานี,ศุกร์,แยกต่างระดับปทุมธานี,แอสฟัลท์/ลาดยาง,ทางหลัก,ทางขึ้นสะพาน,แห้ง,เรียบ (Smooth),มีและชัดเจน,ไม่มี,แสงแดด,14.0228851,100.5060998
นนทบุรี,สภ.ปากเกร็ด,เสาร์,ทล.306,แอสฟัลท์/ลาดยาง,ทางหลัก,ทางตรง,แห้ง,เรียบ (Smooth),มีและชัดเจน,ไม่มี,แสงแดด,13.901644,100.5060201
นนทบุรี,สภ.ปากเกร็ด,อังคาร,ทล.306,คอนกรีต,ทางหลัก,ทางขึ้นสะพาน,แห้ง,เรียบ (Smooth),มีและชัดเจน,มีและใช้การได้ปกติ,แสงแดด,13.9096248,100.5059534
นนทบุรี,สภ.ปากเกร็ด,จันทร์,ทล.306,แอสฟัลท์/ลาดยาง,ทางหลัก,ทางโค้ง,แห้ง,เรียบ (Smooth),มีและชัดเจน,ไม่มี,กลางคืนมีไฟถนน,13.9087829,100.5052355
นนทบุรี,สภ.เมืองนนทบุรี,พุธ,ถนนประชาราษฏร์,คอนกรีต,ทางหลัก,ทางตรง,เปียก,เรียบ (Smooth),มีและชัดเจน,มีและใช้การได้ปกติ,กลางคืนมีไฟถนน,13.8438707,100.5051162
นนทบุรี,สภ.เมืองนนทบุรี,จันทร์,นบ.1020,แอสฟัลท์/ลาดยาง,ทางหลัก,ทางตรง,แห้ง,เรียบ (Smooth),มีและชัดเจน,ไม่มี,กลางคืนมีไฟถนน,13.8361562,100.5050288
นนทบุรี,สภ.ปากเกร็ด,อาทิตย์,สะพานพระราม4,แอสฟัลท์/ลาดยาง,สะพานข้ามแม่น้ำ,ทางตรง,แห้ง,เรียบ (Smooth),มีและชัดเจน,ไม่มี,แสงแดด,13.9074718,100.5048235
นนทบุรี,สภ.ปากเกร็ด,อาทิตย์,สะพานพระราม4,แอสฟัลท์/ลาดยาง,สะพานข้ามแยก,ทางตรง/ ทางลงสะพาน,แห้ง,เรียบ (Smooth),มีและชัดเจน,ไม่มี,กลางคืนมีไฟถนน,13.9074718,100.5048235
นนทบุรี,สภ.ปากเกร็ด,พฤหัส,ทล.306,แอสฟัลท์/ลาดยาง,ทางหลัก,สี่แยก,มีทรายบนผิวทาง,เรียบ (Smooth),มีและชัดเจน,ไม่สามารถประเมินได้,แสงแดด,13.908048,100.504779
นนทบุรี,สภ.ปากเกร็ด,พฤหัส,ถนนสุขาประชาสรรค์ 2 ,คอนกรีต,ทางหลัก,ทางโค้ง,เปียก,ไม่สม่ำเสมอ (Uneven) (ซ่อมทางด้วยยางมะตอยจนเป็นเนินเล็กๆ),มีและชัดเจน,ไม่มี,กลางคืนมีไฟถนน,13.9239731,100.5047409
นนทบุรี,สภ.ปากเกร็ด,เสาร์,ทล.306,แอสฟัลท์/ลาดยาง,ทางหลัก,ทางโค้ง/ อุโมงค์,แห้ง,เรียบ (Smooth),มีและชัดเจน,มีและใช้การได้ปกติ,กลางคืนมีไฟถนน,13.9075862,100.5043881
นนทบุรี,สภ.ปากเกร็ด,พฤหัส,อุโมงค์ห้าแยกปากเกร็ด,แอสฟัลท์/ลาดยาง,ทางหลัก,ทางโค้ง/ อุโมงค์,แห้ง,เรียบ (Smooth),มีและชัดเจน,ไม่มี,แสงแดด,13.9072323,100.5041388
ปทุมธานี,สภ.เมืองปทุมธานี,ศุกร์,ซอยวัดไพร่ฟ้า,คอนกรีต,ทางหลัก,ทางตรง,แห้ง,เรียบ (Smooth),มีและชัดเจน,ไม่มี,กลางคืนมีไฟถนน (ไม่เพียงพอ),13.9873985,100.5041254
นนทบุรี,สภ.เมืองนนทบุรี,อังคาร,นบ.1020,แอสฟัลท์/ลาดยาง,ทางหลัก,ทางเข้า-ออกจากทางขนาน,แห้ง,เรียบ (Smooth),มีและชัดเจน,ไม่มี,มืด,13.8357504,100.5040312
นนทบุรี,สภ.เมืองนนทบุรี,อังคาร,ทล.306,แอสฟัลท์/ลาดยาง,ทางหลัก,ทางโค้ง,แห้ง,เรียบ (Smooth),มีและชัดเจน,ไม่มี,กลางคืนมีไฟถนน,13.8228012,100.504008
นนทบุรี,สภ.ปากเกร็ด,อาทิตย์,สะพานพระราม4,คอนกรีต,สะพานข้ามแยก,ทางตรง,แห้ง,เรียบ (Smooth),มีและชัดเจน,ไม่มี,แสงแดด,13.9075564,100.5039786
นนทบุรี,สภ.ปากเกร็ด,เสาร์,สะพานพระราม4,แอสฟัลท์/ลาดยาง,สะพานข้ามแยก,ทางตรง,แห้ง,เรียบ (Smooth),มีและชัดเจน,ไม่มี,แสงแดด,13.9075573,100.5039686
นนทบุรี,สภ.ปากเกร็ด,จันทร์,สะพานพระราม4,แอสฟัลท์/ลาดยาง,สะพานข้ามแยก,ทางโค้ง,แห้ง,เรียบ (Smooth),มีและชัดเจน,ไม่มี,กลางคืนมีไฟถนน,13.907508,100.503861
นนทบุรี,สภ.ปากเกร็ด,อาทิตย์,สะพานพระราม4,แอสฟัลท์/ลาดยาง,สะพานข้ามแยก,ทางโค้ง,แห้ง,เรียบ (Smooth),มีและชัดเจน,ไม่มี,กลางคืนมีไฟถนน,13.907508,100.503861
นนทบุรี,สภ.เมืองนนทบุรี,ศุกร์,ทล.306,คอนกรีต,ทางหลัก,ทางตรง/ ทางตรงสิ้นสุดทางโค้ง,แห้ง,เรียบ (Smooth),มีและชัดเจน,ไม่มี,แสงแดด,13.8234351,100.5037381
นนทบุรี,สภ.ปากเกร็ด,อาทิตย์,สะพานพระราม4,แอสฟัลท์/ลาดยาง,สะพานข้ามแยก,ทางโค้ง,แห้ง,เรียบ (Smooth),มีและชัดเจน,ไม่มี,กลางคืนมีไฟถนน,13.9075797,100.5034457
นนทบุรี,สภ.ปากเกร็ด,พุธ,สะพานพระราม4,แอสฟัลท์/ลาดยาง,สะพานข้ามแยก,ทางตรง/ ทางขึ้นสะพาน,แห้ง,เรียบ (Smooth),มีและชัดเจน,ไม่มี,กลางคืนมีไฟถนน,13.9076259,100.5033618
นนทบุรี,สภ.ปากเกร็ด,พฤหัส,สะพานพระราม4,แอสฟัลท์/ลาดยาง,สะพานข้ามแยก,ทางโค้ง,แห้ง,เรียบ (Smooth),มีและชัดเจน,ไม่มี,กลางคืนมีไฟถนน,13.907688,100.503209
นนทบุรี,สภ.ปากเกร็ด,อาทิตย์,สะพานพระราม4,แอสฟัลท์/ลาดยาง,สะพานข้ามแยก,ทางตรง,แห้ง,เรียบ (Smooth),มีและชัดเจน,ไม่มี,กลางคืนมีไฟถนน,13.9078999,100.502922
นนทบุรี,สภ.ปากเกร็ด,อาทิตย์,ถนนภายในกรมชลประธาน,คอนกรีต,ทางหลัก,ทางตรง,แห้ง,เรียบ (Smooth),ไม่มี,ไม่มี,มืด,13.89610776,100.5023449
นนทบุรี,สภ.เมืองนนทบุรี,เสาร์,นบ.1020,แอสฟัลท์/ลาดยาง,ทางหลัก,ทางตรง/ ทางเข้า-ออกจากทางขนาน,แห้ง,เรียบ (Smooth),มีและชัดเจน,ไม่มี,กลางคืนมีไฟถนน,13.8350843,100.5023292
นนทบุรี,สภ.เมืองนนทบุรี,ศุกร์,นบ.1020,แอสฟัลท์/ลาดยาง,ทางหลัก,ทางตรง,แห้ง,เรียบ (Smooth),มีและชัดเจน,ไม่มี,กลางคืนมีไฟถนน,13.8350681,100.5022358
ปทุมธานี,สภ.เมืองปทุมธานี,จันทร์,ทล.346,คอนกรีต,ทางหลัก,ทางตรง,มีทรายบนผิวทาง,เรียบ (Smooth),มีแต่ไม่ชัดเจน,ไม่มี,กลางคืนมีไฟถนน,14.0278065,100.5020883
ปทุมธานี,สภ.เมืองปทุมธานี,อาทิตย์,ทล.346,คอนกรีต,ทางหลัก,ทางตรง,แห้ง,เรียบ (Smooth),มีและชัดเจน,ไม่มี,กลางคืนไม่มีไฟถนน (มีเสาไฟแต่ใช้การไม่ได้),14.0279286,100.501836
ปทุมธานี,สภ.เมืองปทุมธานี,พฤหัส,ถนนบางคูวัดสายใน,แอสฟัลท์/ลาดยาง,ซอย/ตรอก,ทางตรง,แห้ง,เรียบ (Smooth),มีและชัดเจน,ไม่มี,กลางคืนมีไฟถนน,13.9489302,100.5010483
นนทบุรี,สภ.ปากเกร็ด,พฤหัส,สะพานพระราม4,แอสฟัลท์/ลาดยาง,สะพานข้ามแม่น้ำ,ทางลงสะพาน,แห้ง,เรียบ (Smooth),มีและชัดเจน,ไม่สามารถประเมินได้,แสงแดด,13.9084886,100.5009907
ปทุมธานี,สภ.เมืองปทุมธานี,พุธ,นบ.3021,แอสฟัลท์/ลาดยาง,ทางหลัก,จุดกลับรถ,แห้ง,เรียบ (Smooth),มีและชัดเจน,ไม่มี,มืด,14.0200955,100.5003345
ปทุมธานี,สภ.เมืองปทุมธานี,จันทร์,ซอยวัดหนองปรง,แอสฟัลท์/ลาดยาง,ซอย/ตรอก,ทางโค้ง,แห้ง,เรียบ (Smooth),ไม่มี,ไม่มี,,13.9934311,100.5000896
นนทบุรี,สภ.เมืองนนทบุรี,ศุกร์,นบ.4018,แอสฟัลท์/ลาดยาง,ทางหลัก,ทางตรง,แห้ง,เรียบ (Smooth),มีและชัดเจน,มีและใช้การได้ปกติ,แสงแดด,13.844668,100.4999106
นนทบุรี,สภ.เมืองนนทบุรี,พฤหัส,นบ.4018,แอสฟัลท์/ลาดยาง,ทางหลัก,ทางตรง,แห้ง,เรียบ (Smooth),มีและชัดเจน,ไม่มี,กลางคืนมีไฟถนน,13.8475764,100.4997707
นนทบุรี,สภ.ปากเกร็ด,อาทิตย์,สะพานพระราม4,แอสฟัลท์/ลาดยาง,สะพานข้ามแยก,ทางตรง,แห้ง,เรียบ (Smooth),มีและชัดเจน,ไม่มี,แสงแดด,13.9099663,100.4996663
นนทบุรี,สภ.เมืองนนทบุรี,เสาร์,นบ.4018,คอนกรีต,ทางหลัก,ทางโค้ง,แห้ง,เรียบ (Smooth),มีและชัดเจน,ไม่มี,กลางคืนมีไฟถนน,13.8399114,100.4996385
นนทบุรี,สภ.ปากเกร็ด,จันทร์,ทล.304,แอสฟัลท์/ลาดยาง,ทางหลัก,ทางตรง,แห้ง,เรียบ (Smooth),มีและชัดเจน,ไม่มี,กลางคืนมีไฟถนน (ไม่เพียงพอ),13.9102664,100.499467
นนทบุรี,สภ.เมืองนนทบุรี,ศุกร์,นบ.4018,คอนกรีต,ทางหลัก,ทางโค้ง,แห้ง,เรียบ (Smooth),มีและชัดเจน,ไม่มี,กลางคืนมีไฟถนน,13.8524537,100.4993161
ปทุมธานี,สภ.สามโคก,พุธ,ทล.9,แอสฟัลท์/ลาดยาง,ทางหลัก,ทางตรง,มีทรายบนผิวทาง,เรียบ (Smooth),มีแต่ไม่ชัดเจน,ไม่มี,มืด,14.0774273,100.4986034
นนทบุรี,สภ.เมืองนนทบุรี,อังคาร,ทล.306,คอนกรีต,ทางหลัก,ทางตรง,แห้ง,เรียบ (Smooth),มีและชัดเจน,ไม่มี,กลางคืนมีไฟถนน,13.8366443,100.4984995
นนทบุรี,สภ.รัตนาธิเบศร์,จันทร์,ทล.302,คอนกรีต,ทางหลัก,ทางตรง/ ทางเข้า-ออกจากทางขนาน,แห้ง,เรียบ (Smooth),มีและชัดเจน,ไม่มี,กลางคืนมีไฟถนน,13.8638124,100.4982228
นนทบุรี,สภ.ปากเกร็ด,อาทิตย์,ทล.304,แอสฟัลท์/ลาดยาง,ทางหลัก,ทางตรง,แห้ง,เรียบ (Smooth),มีแต่ไม่ชัดเจน,ไม่มี,กลางคืนมีไฟถนน,13.9116898,100.4979678
นนทบุรี,สภ.ปากเกร็ด,พฤหัส,สะพานพระราม4,แอสฟัลท์/ลาดยาง,ทางหลัก,ทางตรง,แห้ง,เรียบ (Smooth),มีและชัดเจน,ไม่มี,กลางคืนมีไฟถนน,13.911628,100.497884
นนทบุรี,สภ.ปากเกร็ด,ศุกร์,สะพานพระราม4,แอสฟัลท์/ลาดยาง,สะพานข้ามแยก,ทางตรง,แห้ง,เรียบ (Smooth),มีและชัดเจน,ไม่มี,แสงแดด,13.912007,100.497498
นนทบุรี,สภ.เมืองนนทบุรี,อังคาร,ทล.306,คอนกรีต,ทางหลัก,ทางโค้ง,แห้ง,เรียบ (Smooth),มีและชัดเจน,ไม่มี,กลางคืนมีไฟถนน,13.8392682,100.4969707
นนทบุรี,สภ.รัตนาธิเบศร์,พุธ,ทล.3110,คอนกรีต,ทางหลัก,ทางตรง/ สามแยก,แห้ง,ไม่สม่ำเสมอ (Uneven) (ซ่อมทางด้วยยางมะตอยจนเป็นเนินเล็กๆ),มีและชัดเจน,มีและใช้การได้ปกติ,กลางคืนมีไฟถนน (ไม่เพียงพอ),13.8817404,100.4969698
นนทบุรี,สภ.รัตนาธิเบศร์,พุธ,ทล.302,แอสฟัลท์/ลาดยาง,ทางหลัก,ทางเข้า-ออกจากทางขนาน,เปียก,เรียบ (Smooth),มีและชัดเจน,ไม่มี,กลางคืนมีไฟถนน,13.864847,100.496642
นนทบุรี,สภ.เมืองนนทบุรี,ศุกร์,ทล.302,คอนกรีต,ทางหลัก,ทางตรง,แห้ง,เรียบ (Smooth),มีและชัดเจน,ไม่มี,กลางคืนมีไฟถนน,13.8645927,100.4965539
ปทุมธานี,สภ.สามโคก,พฤหัส,ทล.9,คอนกรีต,ทางหลัก,ทางตรง,แห้ง,ไม่สม่ำเสมอ (Uneven) (ซ่อมทางด้วยยางมะตอยจนเป็นเนินเล็กๆ),,,,14.0756432,100.4962461
นนทบุรี,สภ.รัตนาธิเบศร์,ศุกร์,ทล.302,คอนกรีต,ทางหลัก,ทางตรง/ ทางเข้า-ออกจากทางขนาน,แห้ง,เรียบ (Smooth),มีและชัดเจน,ไม่มี,กลางคืนมีไฟถนน,13.8653156,100.4955913
นนทบุรี,สภ.รัตนาธิเบศร์,เสาร์,นบ.4018,แอสฟัลท์/ลาดยาง,สะพานข้ามคลอง,ทางขึ้นสะพาน,แห้ง,เรียบ (Smooth),มีและชัดเจน,ไม่มี,กลางคืนมีไฟถนน,13.8765148,100.4955766
นนทบุรี,สภ.รัตนาธิเบศร์,อาทิตย์,ทล.302,แอสฟัลท์/ลาดยาง,ทางขนาน,ทางตรง,แห้ง,เรียบ (Smooth),มีและชัดเจน,ไม่มี,กลางคืนไม่มีไฟถนน (มีเสาไฟแต่ใช้การไม่ได้),13.8650992,100.4953136
นนทบุรี,สภ.ชัยพฤกษ์,จันทร์,นบ.3021,แอสฟัลท์/ลาดยาง,สะพานกลับรถแยกจากทางขนาน,ทางโค้ง,แห้ง,เรียบ (Smooth),มีและชัดเจน,ไม่มี,แสงแดด,13.929212,100.4953136
นนทบุรี,สภ.ไทรน้อย,เสาร์,สะพานพระราม5,แอสฟัลท์/ลาดยาง,ทางหลัก,ทางตรง,แห้ง,เรียบ (Smooth),มีและชัดเจน,ไม่มี,แสงแดด,13.8323245,100.4950545
นนทบุรี,สภ.ปากเกร็ด,อังคาร,สะพานพระราม4,แอสฟัลท์/ลาดยาง,สะพานข้ามแม่น้ำ,ทางตรง,แห้ง,เรียบ (Smooth),มีและชัดเจน,ไม่มี,กลางคืนมีไฟถนน,13.9146257,100.4949655
นนทบุรี,สภ.รัตนาธิเบศร์,พฤหัส,ทล.302,คอนกรีต,ทางหลัก,ทางตรง,แห้ง,เรียบ (Smooth),มีและชัดเจน,ไม่มี,แสงแดด,13.8657209,100.4948101
ปทุมธานี,สภ.เมืองปทุมธานี,อาทิตย์,ทล.346,คอนกรีต,ทางหลัก,ทางตรง,แห้ง,เรียบ (Smooth),มีและชัดเจน,ไม่มี,,14.0317814,100.4941611
ปทุมธานี,สภ.เมืองปทุมธานี,จันทร์,ทล.345,แอสฟัลท์/ลาดยาง,ทางหลัก,ทางตรง/ ทางเข้า-ออกจากปั๊มน้ำมัน,แห้ง,เรียบ (Smooth),มีและชัดเจน,ไม่มี,แสงแดด,13.9565648,100.4938924
ปทุมธานี,สภ.เมืองปทุมธานี,พุธ,ถนนเลียบคลองเกาะเกรียง,คอนกรีต,ซอย/ตรอก,ทางตรง,น้ำขัง,หลุมบ่อ (Pothole),ไม่มี,ไม่มี,กลางคืนมีไฟถนน (ไม่เพียงพอ),13.952228,100.493449
ปทุมธานี,สภ.สามโคก,อาทิตย์,ซอยเทศบาล 1,คอนกรีต,ทางหลัก,ทางตรง,มีทรายบนผิวทาง,เรียบ (Smooth),มีและชัดเจน,ไม่มี,แสงแดด,14.0519891,100.4933138
นนทบุรี,สภ.เมืองนนทบุรี,อังคาร,นบ.4018,แอสฟัลท์/ลาดยาง,ทางหลัก,ทางโค้ง,เปียก,เรียบ (Smooth),มีและชัดเจน,ไม่มี,กลางคืนมีไฟถนน,13.8566916,100.4931655
นนทบุรี,สภ.รัตนาธิเบศร์,พฤหัส,ทล.302,แอสฟัลท์/ลาดยาง,ทางหลัก,ทางตรง,แห้ง,เรียบ (Smooth),มีและชัดเจน,ไม่มี,กลางคืนมีไฟถนน,13.8633577,100.4930317
นนทบุรี,สภ.เมืองนนทบุรี,เสาร์,นบ.4018,คอนกรีต,ทางหลัก,ทางตรง,แห้ง,เรียบ (Smooth),มีและชัดเจน,ไม่มี,กลางคืนมีไฟถนน (ไม่เพียงพอ),13.8588668,100.4930005
นนทบุรี,สภ.รัตนาธิเบศร์,จันทร์,นบ.4018,แอสฟัลท์/ลาดยาง,ทางหลัก,ทางตรง,แห้ง,เรียบ (Smooth),มีและชัดเจน,ไม่มี,แสงแดด,13.8636897,100.4928934
ปทุมธานี,สภ.เมืองปทุมธานี,เสาร์,นบ.3021,แอสฟัลท์/ลาดยาง,ทางหลัก,ทางตรง/ ทางเข้า-ออกจากซอย,แห้ง,เรียบ (Smooth),มีและชัดเจน,ไม่มี,แสงแดด,14.0159712,100.4925645
นนทบุรี,สภ.รัตนาธิเบศร์,จันทร์,ทล.302,คอนกรีต,ทางหลัก,ทางตรง,แห้ง,,มีและชัดเจน,ไม่มี,กลางคืนมีไฟถนน,13.8673261,100.4913073
นนทบุรี,สภ.เมืองนนทบุรี,เสาร์,ทล.302,คอนกรีต,ทางหลัก,ทางตรง,แห้ง,เรียบ (Smooth),มีและชัดเจน,ไม่มี,กลางคืนมีไฟถนน,13.8674984,100.4909789
ปทุมธานี,สภ.เมืองปทุมธานี,อังคาร,ทล.345,แอสฟัลท์/ลาดยาง,ทางขนาน,ทางตรง/ ทางเข้า-ออกจากซอย,แห้ง,เรียบ (Smooth),มีและชัดเจน,ไม่มี,กลางคืนมีไฟถนน,13.9560078,100.4906875
ปทุมธานี,สภ.สามโคก,,ทล.9,แอสฟัลท์/ลาดยาง,ทางหลัก,จุดกลับรถ,แห้ง,ยุบตัวเป็นร่อง (Rut),มีแต่ไม่ชัดเจน,ไม่มี,กลางคืนมีไฟถนน (ไม่เพียงพอ),14.0715067,100.4906517
นนทบุรี,สภ.บางศรีเมือง,เสาร์,นบ.1020,แอสฟัลท์/ลาดยาง,ทางหลัก,ทางตรง,แห้ง,เรียบ (Smooth),มีและชัดเจน,ไม่มี,กลางคืนมีไฟถนน,13.8299721,100.4904785
นนทบุรี,สภ.เมืองนนทบุรี,อังคาร,นบ.4018,คอนกรีต,ทางหลัก,ทางขึ้นสะพาน,แห้ง,เรียบ (Smooth),มีและชัดเจน,ไม่มี,กลางคืนมีไฟถนน (ไม่เพียงพอ),13.8560613,100.4903088
นนทบุรี,สภ.รัตนาธิเบศร์,จันทร์,ทล.302,คอนกรีต,ทางขนาน,ทางตรง/ ทางเข้า-ออกจากทางขนาน,แห้ง,เรียบ (Smooth),มีและชัดเจน,ไม่มี,กลางคืนมีไฟถนน,13.8679684,100.4898389
นนทบุรี,สภ.บางศรีเมือง,อาทิตย์,นบ.1020,แอสฟัลท์/ลาดยาง,ทางขนาน,ทางตรง/ ทางเข้า-ออกจากทางขนาน,แห้ง,เรียบ (Smooth),มีและชัดเจน,ไม่มี,แสงแดด,13.8298807,100.4897193
นนทบุรี,สภ.รัตนาธิเบศร์,ศุกร์,ทล.302,คอนกรีต,ลานด้านหน้าโรงงาน,ลาน,แห้ง,เรียบ (Smooth),,,,13.8678556,100.4893228
ปทุมธานี,สภ.สามโคก,อาทิตย์,ทล.9,คอนกรีต,ทางหลัก,ทางตรง,แห้ง,เรียบ (Smooth),มีและชัดเจน,ไม่มี,แสงแดด,14.0700728,100.4889106
ปทุมธานี,สภ.สามโคก,จันทร์,ทล.9,แอสฟัลท์/ลาดยาง,ทางหลัก,ทางตรง,แห้ง,เรียบ (Smooth),มีและชัดเจน,ไม่มี,มืด,14.0693393,100.4879446
นนทบุรี,สภ.ชัยพฤกษ์,อังคาร,นบ.3021,แอสฟัลท์/ลาดยาง,ทางหลัก,ทางตรง,แห้ง,เรียบ (Smooth),มีและชัดเจน,ไม่มี,กลางคืนไม่มีไฟถนน (มีเสาไฟแต่ใช้การไม่ได้),13.9207529,100.4877228
นนทบุรี,สภ.เมืองนนทบุรี,พุธ,สะพานมหาเจษฏาบดินทร์ทรานุสรณ์,แอสฟัลท์/ลาดยาง,สะพานข้ามแม่น้ำ,ทางโค้ง,แห้ง,เรียบ (Smooth),มีและชัดเจน,ไม่มี,แสงแดด,13.854498,100.4875913
นนทบุรี,สภ.บางกรวย,พฤหัส,ถนนเลียบทางรถไฟบางบำหรุ,แอสฟัลท์/ลาดยาง,ถนนเลียบทางรถไฟ,ทางตรง,แห้ง,เรียบ (Smooth),มีและชัดเจน,ไม่มี,แสงแดด,13.7960727,100.4875545
นนทบุรี,สภ.เมืองนนทบุรี,อาทิตย์,นบ.ถ 2-0017,คอนกรีต,ทางขนาน,ทางตรง,แห้ง,เรียบ (Smooth),มีและชัดเจน,ไม่มี,กลางคืนมีไฟถนน,13.8545374,100.4870207
นนทบุรี,สภ.เมืองนนทบุรี,พุธ,สะพานมหาเจษฏาบดินทรานุสรณ์,แอสฟัลท์/ลาดยาง,สะพานข้ามแม่น้ำ,ทางโค้ง/ ทางลงสะพาน,แห้ง,เรียบ (Smooth),มีและชัดเจน,ไม่มี,แสงแดด,13.8547404,100.4868991
นนทบุรี,สภ.เมืองนนทบุรี,พุธ,สะพานมหาเจษฏาบดินทรานุสรณ์,แอสฟัลท์/ลาดยาง,สะพานข้ามแม่น้ำ,ทางโค้ง/ ทางลงสะพาน,แห้ง,เรียบ (Smooth),มีและชัดเจน,ไม่มี,แสงแดด,13.8547404,100.4868991
นนทบุรี,สภ.ชัยพฤกษ์,เสาร์,นบ.3030,แอสฟัลท์/ลาดยาง,ทางหลัก,ทางตรง,แห้ง,ไม่สม่ำเสมอ (Uneven) (ซ่อมทางด้วยยางมะตอยจนเป็นเนินเล็กๆ),ไม่มี,ไม่มี,กลางคืนมีไฟถนน (ไม่เพียงพอ),13.9209492,100.4868467
นนทบุรี,สภ.เมืองนนทบุรี,จันทร์,ทล.3110,คอนกรีต,ทางหลัก,ทางตรง,แห้ง,เรียบ (Smooth),มีแต่ไม่ชัดเจน,ไม่มี,กลางคืนมีไฟถนน,13.8809457,100.4867977
นนทบุรี,สภ.ชัยพฤกษ์,เสาร์,นบ.2051,คอนกรีต,ทางหลัก,ทางตรง,แห้ง,ไม่สม่ำเสมอ (Uneven) (ซ่อมทางด้วยยางมะตอยจนเป็นเนินเล็กๆ),ไม่มี,ไม่มี,กลางคืนมีไฟถนน (ไม่เพียงพอ),13.9305938,100.4853567
นนทบุรี,สภ.บางศรีเมือง,พฤหัส,ถนนบางไผ่พัฒนา,แอสฟัลท์/ลาดยาง,ทางหลัก,ทางตรง/ ทางเข้า-ออกจากซอย,แห้ง,เรียบ (Smooth),มีแต่ไม่ชัดเจน,ไม่มี,กลางคืนมีไฟถนน (ไม่เพียงพอ),13.824346,100.4852918
ปทุมธานี,สภ.สามโคก,อาทิตย์,ทล.9,แอสฟัลท์/ลาดยาง,ทางหลัก,ทางตรง/ ทางขึ้นสะพาน,แห้ง,เรียบ (Smooth),มีและชัดเจน,ไม่มี,มืด,14.0674901,100.4846033
นนทบุรี,สภ.รัตนาธิเบศร์,เสาร์,ทล.302,คอนกรีต,ทางขนาน,ทางโค้ง,แห้ง,เรียบ (Smooth),มีและชัดเจน,ไม่มี,แสงสลัว (เช้ามืด/พลบค่ำ),13.8708311,100.4843121
นนทบุรี,สภ.บางศรีเมือง,อาทิตย์,นบ.1020,แอสฟัลท์/ลาดยาง,ทางหลัก,ทางตรง,แห้ง,เรียบ (Smooth),มีและชัดเจน,ไม่มี,แสงแดด,13.8263325,100.483323
นนทบุรี,สภ.รัตนาธิเบศร์,จันทร์,ทล.302,แอสฟัลท์/ลาดยาง,ทางหลัก,ทางตรง,แห้ง,เรียบ (Smooth),มีและชัดเจน,ไม่มี,แสงแดด,13.870658,100.4831705
นนทบุรี,สภ.เมืองนนทบุรี,เสาร์,สะพานมหาเจษฏาบดินทร์รานุสรณ์,แอสฟัลท์/ลาดยาง,สะพานข้ามแม่น้ำ,ทางขึ้นสะพาน,แห้ง,เรียบ (Smooth),มีและชัดเจน,ไม่มี,กลางคืนมีไฟถนน,13.8556883,100.4827541
นนทบุรี,สภ.เมืองนนทบุรี,ศุกร์,สะพานมหาเจษฏาบดินทร์ทรานุสรณ์,แอสฟัลท์/ลาดยาง,สะพานข้ามแม่น้ำ,ทางเข้า-ออกจากทางขนาน/ ทางลงสะพาน,แห้ง,เรียบ (Smooth),มีและชัดเจน,ไม่มี,กลางคืนมีไฟถนน,13.8556402,100.4825763
นนทบุรี,สภ.ชัยพฤกษ์,จันทร์,นบ.3030,แอสฟัลท์/ลาดยาง,ทางขนาน,จุดกลับรถ,แห้ง,เรียบ (Smooth),มีและชัดเจน,ไม่มี,แสงแดด,13.9214407,100.4825219
นนทบุรี,สภ.เมืองนนทบุรี,พุธ,สะพานมหาเจษฏาบดินทร์ทรานุสรณ์,แอสฟัลท์/ลาดยาง,สะพานข้ามแม่น้ำ,ทางโค้ง,แห้ง,เรียบ (Smooth),มีและชัดเจน,ไม่มี,แสงสลัว (เช้ามืด/พลบค่ำ),13.855541,100.4823243
นนทบุรี,สภ.รัตนาธิเบศร์,พุธ,ทล.302,แอสฟัลท์/ลาดยาง,ทางขนาน,สี่แยก,น้ำขัง,เรียบ (Smooth),มีและชัดเจน,มีและใช้การได้ปกติ,กลางคืนมีไฟถนน,13.8706437,100.4822363
นนทบุรี,สภ.ชัยพฤกษ์,อังคาร,สะพานข้ามคลองพระอุดม,แอสฟัลท์/ลาดยาง,สะพานข้ามแม่น้ำ,ทางตรง/ ทางลงสะพาน,แห้ง,เรียบ (Smooth),มีและชัดเจน,ไม่มี,แสงแดด,13.9215611,100.4821359
นนทบุรี,สภ.รัตนาธิเบศร์,ศุกร์,ทล.3110,คอนกรีต,ทางหลัก,ทางตรง,แห้ง,เรียบ (Smooth),ไม่มี,ไม่มี,กลางคืนมีไฟถนน,13.8676107,100.482056
นนทบุรี,สภ.เมืองนนทบุรี,เสาร์,สะพานมหาเจษฏาบดินทร์ทรานุสรณ์,แอสฟัลท์/ลาดยาง,สะพานข้ามแม่น้ำ,สามแยก/ ทางขึ้นสะพาน,แห้ง,เรียบ (Smooth),มีและชัดเจน,ไม่มี,กลางคืนมีไฟถนน,13.8551812,100.4819732
นนทบุรี,สภ.เมืองนนทบุรี,เสาร์,สะพานมหาเจษฏาบดินทร์ทรานุสรณ์,แอสฟัลท์/ลาดยาง,สะพานข้ามแม่น้ำ,สามแยก/ ทางขึ้นสะพาน,แห้ง,เรียบ (Smooth),มีและชัดเจน,ไม่มี,กลางคืนมีไฟถนน,13.8551812,100.4819732
นนทบุรี,สภ.รัตนาธิเบศร์,อังคาร,สะพานพระนั่งเกล้า,แอสฟัลท์/ลาดยาง,สะพานข้ามแม่น้ำ,ทางโค้ง/ ทางลงสะพาน,แห้ง,เรียบ (Smooth),มีและชัดเจน,ไม่มี,กลางคืนมีไฟถนน,13.8709039,100.4817246
นนทบุรี,สภ.ชัยพฤกษ์,ศุกร์,นบ.3030,แอสฟัลท์/ลาดยาง,ทางกลับรถใต้สะพาน,จุดกลับรถ/ ทางกลับรถใต้สะพาน,มีเศษดิน/โคลนบนผิวทาง,เรียบ (Smooth),มีและชัดเจน,ไม่มี,กลางคืนมีไฟถนน,13.9219404,100.4816931
นนทบุรี,สภ.รัตนาธิเบศร์,อาทิตย์,สะพานพระนั่งเกล้า 2,แอสฟัลท์/ลาดยาง,สะพานข้ามแม่น้ำ,ทางลงสะพาน,แห้ง,เรียบ (Smooth),มีและชัดเจน,ไม่มี,แสงสลัว (เช้ามืด/พลบค่ำ),13.8708276,100.4807779
นนทบุรี,สภ.ชัยพฤกษ์,ศุกร์,นบ.3030,แอสฟัลท์/ลาดยาง,ทางหลัก,ทางลงสะพาน,แห้ง,เรียบ (Smooth),มีและชัดเจน,ไม่มี,แสงสลัว (เช้ามืด/พลบค่ำ),13.9219736,100.4799317
ปทุมธานี,สภ.เมืองปทุมธานี,เสาร์,ถนนเลียบคลองเกาะเกรียง,คอนกรีต,ทางหลัก,ทางตรง,มีทรายบนผิวทาง,เรียบ (Smooth),มีแต่ไม่ชัดเจน,ไม่มี,กลางคืนมีไฟถนน (ไม่เพียงพอ),13.9670053,100.4796187
นนทบุรี,สภ.รัตนาธิเบศร์,พฤหัส,สะพานพระนั่งเกล้า,แอสฟัลท์/ลาดยาง,สะพานข้ามแม่น้ำ,ทางตรง/ ทางขึ้นสะพาน,เปียก,เรียบ (Smooth),มีและชัดเจน,ไม่มี,กลางคืนมีไฟถนน (ไม่เพียงพอ),13.8705407,100.4791367
ปทุมธานี,สภ.เมืองปทุมธานี,อังคาร,ถนนเลียบคลองเกาะเกรียง,แอสฟัลท์/ลาดยาง,ทางหลัก,ทางตรง/ ทางเข้า-ออกจากซอย,แห้ง,เรียบ (Smooth),มีแต่ไม่ชัดเจน,ไม่มี,มืด,13.9678313,100.4788477
นนทบุรี,สภ.บางศรีเมือง,พุธ,สะพานมหาเจษฏาบดินทร์ทรานุสรณ์,แอสฟัลท์/ลาดยาง,สะพานข้ามแม่น้ำ,ทางตรง/ ทางลงสะพาน,แห้ง,เรียบ (Smooth),มีและชัดเจน,ไม่มี,กลางคืนมีไฟถนน,13.8515718,100.4787581
นนทบุรี,สภ.บางศรีเมือง,อาทิตย์,ถนนโยธาธิการ นนทบุรี 2002 ,คอนกรีต,ทางหลัก,ทางโค้ง,แห้ง,เรียบ (Smooth),มีแต่ไม่ชัดเจน,ไม่มี,กลางคืนมีไฟถนน,13.8463649,100.4776441
นนทบุรี,สภ.บางกรวย,เสาร์,ทล.3215,แอสฟัลท์/ลาดยาง,ทางหลัก,ทางตรง/ ทางเข้า-ออกจากซอย,แห้ง,เรียบ (Smooth),มีและชัดเจน,ไม่มี,กลางคืนไม่มีไฟถนน (มีเสาไฟแต่ใช้การไม่ได้),13.8258293,100.4770817
ปทุมธานี,สภ.เมืองปทุมธานี,อาทิตย์,ซอยวัดไพร่ฟ้า,แอสฟัลท์/ลาดยาง,ทางหลัก,จุดกลับรถ,,เรียบ (Smooth),มีและชัดเจน,ไม่มี,แสงแดด,13.9946029,100.4765485
นนทบุรี,สภ.บางศรีเมือง,จันทร์,นบ.1020,แอสฟัลท์/ลาดยาง,ทางหลัก,ทางตรง,แห้ง,เรียบ (Smooth),มีและชัดเจน,ไม่มี,กลางคืนมีไฟถนน,13.8245091,100.4764169
นนทบุรี,สภ.บางศรีเมือง,อังคาร,ถนนบางศรีเมือง,แอสฟัลท์/ลาดยาง,ทางหลัก,ทางตรง,แห้ง,เรียบ (Smooth),มีและชัดเจน,ไม่มี,กลางคืนมีไฟถนน (ไม่เพียงพอ),13.8390205,100.4759566
นนทบุรี,สภ.บางกรวย,อังคาร,นบ.1020,แอสฟัลท์/ลาดยาง,ทางหลัก,ทางตรง,แห้ง,เรียบ (Smooth),มีและชัดเจน,ไม่มี,แสงแดด,13.822373,100.4702049
นนทบุรี,สภ.บางกรวย,อังคาร,นบ.1020,แอสฟัลท์/ลาดยาง,ทางหลัก,ทางตรง,แห้ง,เรียบ (Smooth),มีและชัดเจน,ไม่มี,แสงแดด,13.822373,100.4702049
นนทบุรี,สภ.บางกรวย,อาทิตย์,นบ.1020,แอสฟัลท์/ลาดยาง,สะพานข้ามแม่น้ำ,ทางขึ้นสะพาน,เปียก,เรียบ (Smooth),มีและชัดเจน,ไม่มี,กลางคืนมีไฟถนน,13.8215084,100.4698231
นนทบุรี,สภ.ชัยพฤกษ์,เสาร์,นบ.3030,แอสฟัลท์/ลาดยาง,ทางหลัก,ทางตรง,เปียก,เรียบ (Smooth),มีและชัดเจน,ไม่มี,กลางคืนมีไฟถนน,13.9245657,100.4689234
นนทบุรี,สภ.บางศรีเมือง,เสาร์,นบ.5038,แอสฟัลท์/ลาดยาง,ทางหลัก,ทางตรง,แห้ง,เรียบ (Smooth),มีและชัดเจน,ไม่มี,กลางคืนมีไฟถนน,13.8441002,100.4679895
นนทบุรี,สภ.บางศรีเมือง,พุธ,ทล.302,คอนกรีต,ทางหลัก,ทางตรง,แห้ง,เรียบ (Smooth),มีและชัดเจน,ไม่มี,แสงแดด,13.8702855,100.4673622
นนทบุรี,สภ.บางศรีเมือง,พฤหัส,นบ.5038,แอสฟัลท์/ลาดยาง,ทางหลัก,ทางตรง,แห้ง,เรียบ (Smooth),มีและชัดเจน,ไม่มี,กลางคืนมีไฟถนน (ไม่เพียงพอ),13.8434962,100.4664942
นนทบุรี,สภ.ชัยพฤกษ์,พุธ,นบ.3030,แอสฟัลท์/ลาดยาง,ทางหลัก,ทางตรง,แห้ง,เรียบ (Smooth),มีและชัดเจน,ไม่มี,แสงแดด,13.9250676,100.4663717
นนทบุรี,สภ.ชัยพฤกษ์,จันทร์,ทล.345,แอสฟัลท์/ลาดยาง,สะพานข้ามแม่น้ำ,ทางตรง/ ทางขึ้นสะพาน,แห้ง,เรียบ (Smooth),มีและชัดเจน,ไม่มี,แสงแดด,13.9520629,100.4657104
นนทบุรี,สภ.ชัยพฤกษ์,ศุกร์,นบ.3030,แอสฟัลท์/ลาดยาง,ทางหลัก,ทางตรง/ ทางเข้า-ออกจากซอย,แห้ง,เรียบ (Smooth),มีและชัดเจน,ไม่มี,กลางคืนมีไฟถนน,13.9252694,100.4655623
นนทบุรี,สภ.บางกรวย,พุธ,นบ.1012,แอสฟัลท์/ลาดยาง,ทางหลัก,ทางตรง,แห้ง,เรียบ (Smooth),มีและชัดเจน,ไม่มี,กลางคืนมีไฟถนน,13.82274,100.4652653
นนทบุรี,สภ.บางกรวย,อังคาร,นบ.1020,แอสฟัลท์/ลาดยาง,ทางขนาน,ทางตรง/ สามแยก,แห้ง,เรียบ (Smooth),มีและชัดเจน,ไม่มี,กลางคืนไม่มีไฟถนน (มีเสาไฟแต่ใช้การไม่ได้),13.8234547,100.4637203
นนทบุรี,สภ.บางศรีเมือง,พฤหัส,ซอยบ้านไทรม้า,แอสฟัลท์/ลาดยาง,ซอย/ตรอก,ทางตรง,แห้ง,เรียบ (Smooth),มีแต่ไม่ชัดเจน,ไม่มี,มืด,13.8693617,100.4635521
นนทบุรี,สภ.ชัยพฤกษ์,อาทิตย์,ซอยบ้านท่าอิฐ-ไทรม้า,แอสฟัลท์/ลาดยาง,ทางหลัก,ทางโค้ง,เปียก,เรียบ (Smooth),มีและชัดเจน,ไม่มี,กลางคืนมีไฟถนน (ไม่เพียงพอ),13.8933403,100.4630611
นนทบุรี,สภ.ชัยพฤกษ์,อังคาร,ทล.345,แอสฟัลท์/ลาดยาง,ทางขนาน,ทางตรง,มีทรายบนผิวทาง,เรียบ (Smooth),มีแต่ไม่ชัดเจน,ไม่มี,แสงแดด,13.9510489,100.462297
นนทบุรี,สภ.บางศรีเมือง,พุธ,นบ.5038,แอสฟัลท์/ลาดยาง,ทางหลัก,ทางตรง,เปียก,เรียบ (Smooth),มีและชัดเจน,ไม่มี,แสงแดด,13.8437567,100.4614091
ปทุมธานี,สภ.เมืองปทุมธานี,พฤหัส,ทล.9,แอสฟัลท์/ลาดยาง,ทางหลัก,ทางตรง,แห้ง,เรียบ (Smooth),มีและชัดเจน,ไม่มี,กลางคืนมีไฟถนน,14.0083413,100.4614054
ปทุมธานี,สภ.เมืองปทุมธานี,ศุกร์,นบ.3021,แอสฟัลท์/ลาดยาง,ทางขนาน,ทางตรง,แห้ง,เรียบ (Smooth),มีและชัดเจน,ไม่มี,กลางคืนมีไฟถนน,14.0082549,100.4611731
นนทบุรี,สภ.บางศรีเมือง,อาทิตย์,ทล.302,คอนกรีต,ทางหลัก,ทางตรง,แห้ง,เรียบ (Smooth),มีและชัดเจน,ไม่มี,กลางคืนมีไฟถนน (ไม่เพียงพอ),13.8723511,100.4610837
นนทบุรี,สภ.ชัยพฤกษ์,เสาร์,นบ.3021,แอสฟัลท์/ลาดยาง,ทางกลับรถ,จุดกลับรถ,แห้ง,เรียบ (Smooth),มีและชัดเจน,ไม่มี,แสงแดด,13.9411942,100.4581564
นนทบุรี,สภ.บางศรีเมือง,อังคาร,ทล.302,แอสฟัลท์/ลาดยาง,สะพานข้ามแยก,ทางตรง/ ทางขึ้นสะพาน,แห้ง,เรียบ (Smooth),มีและชัดเจน,ไม่มี,กลางคืนมีไฟถนน (ไม่เพียงพอ),13.8743322,100.4573157
นนทบุรี,สภ.บางกรวย,ศุกร์,นบ.1020,แอสฟัลท์/ลาดยาง,ทางหลัก,ทางตรง,แห้ง,เรียบ (Smooth),มีและชัดเจน,ไม่มี,กลางคืนไม่มีไฟถนน (มีเสาไฟแต่ใช้การไม่ได้),13.8246096,100.4560613
นนทบุรี,สภ.ชัยพฤกษ์,จันทร์,ทล.345,แอสฟัลท์/ลาดยาง,ทางหลัก,ทางตรง,แห้ง,เรียบ (Smooth),มีและชัดเจน,ไม่มี,กลางคืนมีไฟถนน (ไม่เพียงพอ),13.950001,100.4542406
นนทบุรี,สภ.ชัยพฤกษ์,ศุกร์,นบ.3030,แอสฟัลท์/ลาดยาง,ทางหลัก,จุดกลับรถ,แห้ง,เรียบ (Smooth),มีและชัดเจน,ไม่มี,แสงแดด,13.9275553,100.4540283
นนทบุรี,สภ.ชัยพฤกษ์,ศุกร์,นบ.3030,แอสฟัลท์/ลาดยาง,ทางหลัก,จุดกลับรถ,แห้ง,เรียบ (Smooth),มีและชัดเจน,ไม่มี,แสงแดด,13.9275553,100.4540283
นนทบุรี,สภ.ชัยพฤกษ์,ศุกร์,นบ.3021,แอสฟัลท์/ลาดยาง,ทางหลัก,บนสะพานกลับรถ,แห้ง,เรียบ (Smooth),มีและชัดเจน,มีและใช้การได้ปกติ,กลางคืนมีไฟถนน,13.926402,100.453397
นนทบุรี,สภ.ชัยพฤกษ์,อังคาร,สะพานข้ามแยกต่างระดับสาลีโข,แอสฟัลท์/ลาดยาง,สะพานข้ามแยก,ทางขึ้นสะพาน,เปียก,เรียบ (Smooth),มีและชัดเจน,ไม่มี,กลางคืนมีไฟถนน,13.927919,100.453368
นนทบุรี,สภ.ชัยพฤกษ์,พฤหัส,ทางต่างระดับสาลีโข,แอสฟัลท์/ลาดยาง,สะพานต่างระดับ/ทางต่างระดับ,ทางตรง/ ทางขึ้นสะพาน,แห้ง,เรียบ (Smooth),มีและชัดเจน,ไม่มี,กลางคืนมีไฟถนน,13.9280155,100.4532817
นนทบุรี,สภ.ชัยพฤกษ์,อาทิตย์,ทางต่างระดับสาลีโข,แอสฟัลท์/ลาดยาง,สะพานต่างระดับ/ทางต่างระดับ,ทางตรง,แห้ง,เรียบ (Smooth),มีและชัดเจน,ไม่มี,กลางคืนมีไฟถนน,13.9280395,100.4531793
นนทบุรี,สภ.ชัยพฤกษ์,อาทิตย์,นบ.3030,แอสฟัลท์/ลาดยาง,บนทางต่างระดับ,ทางโค้ง,แห้ง,เรียบ (Smooth),มีและชัดเจน,ไม่มี,กลางคืนมีไฟถนน,13.9248637,100.4531558
นนทบุรี,สภ.ชัยพฤกษ์,อาทิตย์,สะพานกลับรถต่างระดับราชพฤกษ์,แอสฟัลท์/ลาดยาง,สะพานกลับรถ,จุดกลับรถ,แห้ง,เรียบ (Smooth),มีและชัดเจน,ไม่มี,กลางคืนมีไฟถนน,13.9263275,100.4530954
นนทบุรี,สภ.ชัยพฤกษ์,อาทิตย์,สะพานข้ามแยกต่างระดับสาลีโข,แอสฟัลท์/ลาดยาง,สะพานต่างระดับ/ทางต่างระดับ,ทางตรง,แห้ง,เรียบ (Smooth),มีและชัดเจน,ไม่มี,แสงแดด,13.9280157,100.4524968
นนทบุรี,สภ.ชัยพฤกษ์,อาทิตย์,นบ.3021,แอสฟัลท์/ลาดยาง,ทางหลัก,ทางตรง,แห้ง,เรียบ (Smooth),มีและชัดเจน,ไม่มี,กลางคืนมีไฟถนน,13.9200352,100.452075
นนทบุรี,สภ.บางศรีเมือง,เสาร์,นบ.3021,แอสฟัลท์/ลาดยาง,ทางหลัก,ทางตรง,แห้ง,เรียบ (Smooth),มีและชัดเจน,ไม่มี,กลางคืนมีไฟถนน (ไม่เพียงพอ),13.8675856,100.4519297
นนทบุรี,สภ.บางศรีเมือง,พฤหัส,นบ.3021,แอสฟัลท์/ลาดยาง,ทางหลัก,ทางตรง,แห้ง,เรียบ (Smooth),มีและชัดเจน,ไม่มี,กลางคืนมีไฟถนน,13.8627641,100.4517526
นนทบุรี,สภ.บางศรีเมือง,อาทิตย์,นบ.3021,แอสฟัลท์/ลาดยาง,ทางขนาน,ทางเข้า/ออกซอย,มีทรายบนผิวทาง,ไม่สม่ำเสมอ (Uneven) (ซ่อมทางด้วยยางมะตอยจนเป็นเนินเล็กๆ),มีแต่ไม่ชัดเจน,ไม่มี,แสงแดด,13.867412,100.4515982
นนทบุรี,สภ.บางศรีเมือง,จันทร์,นบ.3021,แอสฟัลท์/ลาดยาง,,ทางตรง,แห้ง,เรียบ (Smooth),มีและชัดเจน,ไม่มี,กลางคืนมีไฟถนน,13.8681065,100.4515758
นนทบุรี,สภ.บางศรีเมือง,เสาร์,นบ.5038,แอสฟัลท์/ลาดยาง,ทางหลัก,ทางเข้า-ออกจากทางขนาน/ จุดกลับรถ/ ทางลงสะพาน,แห้ง,เรียบ (Smooth),มีและชัดเจน,ไม่มี,แสงแดด,13.8460823,100.4514126
นนทบุรี,สภ.บางศรีเมือง,จันทร์,นบ.3021,แอสฟัลท์/ลาดยาง,ทางขนาน,ทางขึ้นสะพาน,แห้ง,เรียบ (Smooth),มีและชัดเจน,ไม่มี,กลางคืนมีไฟถนน,13.8782567,100.4511295
นนทบุรี,สภ.ชัยพฤกษ์,ศุกร์,นบ.3030,แอสฟัลท์/ลาดยาง,ทางหลัก,ทางตรง,แห้ง,เรียบ (Smooth),มีและชัดเจน,ไม่มี,กลางคืนไม่มีไฟถนน (มีเสาไฟแต่ใช้การไม่ได้),13.9148547,100.4511152
นนทบุรี,สภ.บางศรีเมือง,ศุกร์,นบ.3021,แอสฟัลท์/ลาดยาง,ทางหลัก,ทางตรง,แห้ง,เรียบ (Smooth),มีและชัดเจน,ไม่มี,กลางคืนมีไฟถนน (ไม่เพียงพอ),13.8799686,100.4508822
นนทบุรี,สภ.บางศรีเมือง,พุธ,นบ.3021,แอสฟัลท์/ลาดยาง,ทางหลัก,ทางเข้า-ออกจากทางขนาน,แห้ง,เรียบ (Smooth),มีและชัดเจน,ไม่มี,มืด,13.8829398,100.4507018
นนทบุรี,สภ.ชัยพฤกษ์,อาทิตย์,ถนนโยธาธิการ นนทบุรี 2003 ,คอนกรีต,ทางหลัก,ทางตรง,แห้ง,เรียบ (Smooth),มีและชัดเจน,ไม่มี,กลางคืนมีไฟถนน (ไม่เพียงพอ),13.9506551,100.450595
นนทบุรี,สภ.บางศรีเมือง,พุธ,แยกต่างระดับบางรักน้อย,แอสฟัลท์/ลาดยาง,สะพานต่างระดับ/ทางต่างระดับ,ทางโค้ง/ ทางลงสะพาน,เปียก,เรียบ (Smooth),มีและชัดเจน,ไม่มี,กลางคืนมีไฟถนน (ไม่เพียงพอ),13.8793203,100.4505459
นนทบุรี,สภ.ชัยพฤกษ์,พุธ,ทางต่างระดับบางรักน้อย,แอสฟัลท์/ลาดยาง,ทางหลัก,ทางโค้ง/ ทางลงสะพาน,แห้ง,เรียบ (Smooth),มีและชัดเจน,ไม่มี,กลางคืนมีไฟถนน (ไม่เพียงพอ),13.8794072,100.4505166
นนทบุรี,สภ.บางศรีเมือง,ศุกร์,นบ.3021,แอสฟัลท์/ลาดยาง,ทางหลัก,ทางตรง,แห้ง,เรียบ (Smooth),มีและชัดเจน,ไม่มี,กลางคืนไม่มีไฟถนน (มีเสาไฟแต่ใช้การไม่ได้),13.8831256,100.4504903
นนทบุรี,สภ.บางศรีเมือง,พุธ,นบ.3021,,ทางหลัก,ทางตรง/ ทางเข้า-ออกจากซอย,แห้ง,เรียบ (Smooth),มีและชัดเจน,ไม่มี,แสงแดด,13.8841748,100.4503305
นนทบุรี,สภ.ชัยพฤกษ์,พุธ,นบ.3021,แอสฟัลท์/ลาดยาง,ทางหลัก,ทางตรง,แห้ง,เรียบ (Smooth),มีและชัดเจน,ไม่มี,แสงแดด,13.8923829,100.4502639
นนทบุรี,สภ.ชัยพฤกษ์,จันทร์,สะพานข้ามคลองบางบัวทอง,แอสฟัลท์/ลาดยาง,สะพานข้ามแม่น้ำ,ทางลงสะพาน,แห้ง,เรียบ (Smooth),มีและชัดเจน,ไม่มี,กลางคืนมีไฟถนน,13.8954114,100.4502534
นนทบุรี,สภ.ชัยพฤกษ์,จันทร์,นบ.3021,แอสฟัลท์/ลาดยาง,ทางหลัก,ทางตรง,แห้ง,เรียบ (Smooth),มีและชัดเจน,ไม่มี,แสงแดด,13.88999,100.4501719
นนทบุรี,สภ.ชัยพฤกษ์,จันทร์,สะพานข้ามคลองบางบัวทอง,คอนกรีต,ทางขนาน,ทางขึ้นสะพาน,มีเศษปูน,ไม่สม่ำเสมอ (Uneven) (ซ่อมทางด้วยยางมะตอยจนเป็นเนินเล็กๆ),ไม่มี,ไม่มี,แสงแดด,13.9005159,100.4500111
นนทบุรี,สภ.บางกรวย,อาทิตย์,ทล.3215,แอสฟัลท์/ลาดยาง,ทางหลัก,ทางตรง,แห้ง,เรียบ (Smooth),มีและชัดเจน,ไม่มี,กลางคืนมีไฟถนน,13.8014206,100.4499257
นนทบุรี,สภ.ชัยพฤกษ์,จันทร์,นบ.3021,แอสฟัลท์/ลาดยาง,ทางหลัก,ทางตรง/ ทางขึ้นสะพาน,แห้ง,เรียบ (Smooth),มีและชัดเจน,ไม่มี,กลางคืนมีไฟถนน,13.9008762,100.4498648
นนทบุรี,สภ.ชัยพฤกษ์,อาทิตย์,นบ.3021,แอสฟัลท์/ลาดยาง,ทางหลัก,ทางตรง,แห้ง,เรียบ (Smooth),มีและชัดเจน,ไม่มี,กลางคืนมีไฟถนน,13.9045028,100.4498564
นนทบุรี,สภ.บางกรวย,จันทร์,นบ.3021,แอสฟัลท์/ลาดยาง,ทางหลัก,ทางตรง,แห้ง,เรียบ (Smooth),มีและชัดเจน,ไม่มี,กลางคืนไม่มีไฟถนน (มีเสาไฟแต่ใช้การไม่ได้),13.8111186,100.449454
นนทบุรี,สภ.บางกรวย,จันทร์,นบ.3021,แอสฟัลท์/ลาดยาง,ทางหลัก,ทางตรง,แห้ง,เรียบ (Smooth),มีและชัดเจน,ไม่มี,กลางคืนไม่มีไฟถนน (มีเสาไฟแต่ใช้การไม่ได้),13.8111186,100.449454
นนทบุรี,สภ.บางศรีเมือง,เสาร์,นบ.3021,แอสฟัลท์/ลาดยาง,ทางหลัก,ทางเข้า-ออกจากทางขนาน,แห้ง,เรียบ (Smooth),มีและชัดเจน,ไม่มี,แสงแดด,13.854217,100.449322
นนทบุรี,สภ.บางกรวย,จันทร์,นบ.3021,แอสฟัลท์/ลาดยาง,ทางขนาน,ทางตรง,แห้ง,เรียบ (Smooth),มีและชัดเจน,ไม่มี,แสงแดด,13.8186175,100.4489657
นนทบุรี,สภ.บางศรีเมือง,จันทร์,ทล.302,คอนกรีต,ทางหลัก,สามแยก,แห้ง,เรียบ (Smooth),มีและชัดเจน,มีและใช้การได้ปกติ,มืด,13.8770595,100.4488525
นนทบุรี,สภ.บางศรีเมือง,อาทิตย์,นบ.3021,แอสฟัลท์/ลาดยาง,ทางขนาน,ทางตรง,แห้ง,เรียบ (Smooth),มีและชัดเจน,ไม่มี,กลางคืนมีไฟถนน,13.8525178,100.4488304
นนทบุรี,สภ.บางกรวย,พุธ,นบ.1020,แอสฟัลท์/ลาดยาง,สะพานข้ามแยก,ทางลงสะพาน,แห้ง,เรียบ (Smooth),มีและชัดเจน,ไม่มี,แสงแดด,13.8245698,100.4488276
นนทบุรี,สภ.บางศรีเมือง,อาทิตย์,ทล.3215,แอสฟัลท์/ลาดยาง,ทางหลัก,ทางตรง,แห้ง,เรียบ (Smooth),มีและชัดเจน,ไม่มี,กลางคืนมีไฟถนน,13.8445583,100.4484796
นนทบุรี,สภ.บางกรวย,อาทิตย์,นบ.1020,แอสฟัลท์/ลาดยาง,ทางหลัก,ทางตรง/ ทางตรง อยู่บนสะพานข้ามแยก,แห้ง,เรียบ (Smooth),มีและชัดเจน,ไม่มี,กลางคืนมีไฟถนน,13.8245509,100.4484733
นนทบุรี,สภ.บางบัวทอง,อาทิตย์,ทล.345,แอสฟัลท์/ลาดยาง,ทางหลัก,ทางตรง,แห้ง,เรียบ (Smooth),มีและชัดเจน,ไม่มี,กลางคืนมีไฟถนน (ไม่เพียงพอ),13.948757,100.4483249
นนทบุรี,สภ.บางศรีเมือง,อาทิตย์,นบ.3021,แอสฟัลท์/ลาดยาง,ทางหลัก,ทางตรง/ ทางเข้า-ออกจากทางขนาน,แห้ง,เรียบ (Smooth),มีและชัดเจน,ไม่มี,แสงแดด,13.8432465,100.4482992
นนทบุรี,สภ.บางศรีเมือง,พฤหัส,นบ.3021,แอสฟัลท์/ลาดยาง,ทางหลัก,ทางเข้า-ออกจากทางขนาน,แห้ง,เรียบ (Smooth),มีและชัดเจน,ไม่มี,กลางคืนไม่มีไฟถนน (มีเสาไฟแต่ใช้การไม่ได้),13.8431489,100.4482819
นนทบุรี,สภ.บางศรีเมือง,ศุกร์,นบ.3021,แอสฟัลท์/ลาดยาง,ทางหลัก,ทางตรง,แห้ง,เรียบ (Smooth),มีและชัดเจน,ไม่มี,แสงแดด,13.8439919,100.4481763
นนทบุรี,สภ.บางบัวทอง,อาทิตย์,ทล.345,คอนกรีต,ทางขนาน,ทางตรง,แห้ง,เรียบ (Smooth),มีและชัดเจน,ไม่มี,กลางคืนมีไฟถนน,13.9490391,100.4481483
นนทบุรี,สภ.บางศรีเมือง,พฤหัส,สะพานข้ามคลองอ้อมนนท์,แอสฟัลท์/ลาดยาง,สะพานข้ามแม่น้ำ,ทางตรง/ ทางลงสะพาน,แห้ง,เรียบ (Smooth),มีและชัดเจน,ไม่มี,กลางคืนไม่มีไฟถนน (มีเสาไฟแต่ใช้การไม่ได้),13.830382,100.4475723
นนทบุรี,สภ.บางศรีเมือง,พฤหัส,นบ.3021,แอสฟัลท์/ลาดยาง,ทางหลัก,ทางตรง,แห้ง,เรียบ (Smooth),มีและชัดเจน,ไม่มี,กลางคืนไม่มีไฟถนน (มีเสาไฟแต่ใช้การไม่ได้),13.8394877,100.4474262
นนทบุรี,สภ.บางศรีเมือง,ศุกร์,นบ.5038,แอสฟัลท์/ลาดยาง,สะพานต่างระดับ/ทางต่างระดับ,ทางโค้ง/ ทางลงสะพาน,แห้ง,เรียบ (Smooth),มีและชัดเจน,ไม่มี,กลางคืนมีไฟถนน,13.8485554,100.4470179
นนทบุรี,สภ.บางศรีเมือง,พุธ,นบ.3021,แอสฟัลท์/ลาดยาง,ทางหลัก,ทางตรง,แห้ง,เรียบ (Smooth),มีและชัดเจน,ไม่มี,กลางคืนมีไฟถนน,13.836063,100.4469536
นนทบุรี,สภ.บางกรวย,อาทิตย์,นบ.1020,แอสฟัลท์/ลาดยาง,ทางขนาน,ทางตรง,แห้ง,เรียบ (Smooth),มีและชัดเจน,ไม่มี,กลางคืนมีไฟถนน,13.8244004,100.4452826
นนทบุรี,สภ.ชัยพฤกษ์,อังคาร,นบ.3030,คอนกรีต,ทางหลัก,ทางโค้ง,แห้ง,เรียบ (Smooth),มีและชัดเจน,ไม่มี,กลางคืนมีไฟถนน,13.9292226,100.4450261
นนทบุรี,สภ.บางบัวทอง,อังคาร,ทล.302,คอนกรีต,ทางหลัก,ทางตรง,แห้ง,เรียบ (Smooth),มีและชัดเจน,ไม่มี,แสงแดด,13.8765162,100.4421732
นนทบุรี,สภ.ชัยพฤกษ์,ศุกร์,นบ.3030,แอสฟัลท์/ลาดยาง,สะพานข้ามแม่น้ำ,ทางขึ้นสะพาน,แห้ง,เรียบ (Smooth),มีและชัดเจน,ไม่มี,แสงสลัว (เช้ามืด/พลบค่ำ),13.9286035,100.442066
นนทบุรี,สภ.บางบัวทอง,เสาร์,ทล.302,คอนกรีต,ทางหลัก,ทางตรง/ ทางเข้า-ออกจากทางขนาน,แห้ง,เรียบ (Smooth),มีและชัดเจน,ไม่มี,กลางคืนมีไฟถนน,13.8765672,100.4415086
นนทบุรี,สภ.บางบัวทอง,พุธ,ทล.302,แอสฟัลท์/ลาดยาง,ทางหลัก,ทางตรง,แห้ง,เรียบ (Smooth),มีและชัดเจน,ไม่มี,แสงแดด,13.8763985,100.4399984
นนทบุรี,สภ.บางใหญ่,พุธ,ทล.3215,แอสฟัลท์/ลาดยาง,ทางหลัก,ทางตรง/ ทางโค้ง,แห้ง,เรียบ (Smooth),มีและชัดเจน,ไม่มี,กลางคืนมีไฟถนน,13.85888,100.43962
นนทบุรี,สภ.บางใหญ่,พุธ,ทล.3215,แอสฟัลท์/ลาดยาง,ทางหลัก,ทางตรง,แห้ง,เรียบ (Smooth),มีและชัดเจน,ไม่มี,กลางคืนมีไฟถนน (ไม่เพียงพอ),13.8556439,100.4387991
นนทบุรี,สภ.บางใหญ่,พฤหัส,ทล.3215,แอสฟัลท์/ลาดยาง,ทางหลัก,ทางตรง,แห้ง,เรียบ (Smooth),มีและชัดเจน,ไม่มี,,13.8549117,100.4386182
นนทบุรี,สภ.บางใหญ่,พุธ,ทล.3215,แอสฟัลท์/ลาดยาง,ทางหลัก,ทางโค้ง,แห้ง,เรียบ (Smooth),มีและชัดเจน,มีและใช้การได้ปกติ,กลางคืนมีไฟถนน,13.858698,100.4385421
นนทบุรี,สภ.บางบัวทอง,ศุกร์,สะพานข้ามแยกบางพลู,แอสฟัลท์/ลาดยาง,สะพานข้ามแยก,ทางขึ้นสะพาน,แห้ง,เรียบ (Smooth),มีและชัดเจน,ไม่มี,แสงแดด,13.875886,100.43665
นนทบุรี,สภ.บางกรวย,เสาร์,นบ.1020,แอสฟัลท์/ลาดยาง,ทางหลัก,ทางตรง,แห้ง,เรียบ (Smooth),มีและชัดเจน,ไม่มี,กลางคืนมีไฟถนน,13.8229222,100.4363035
นนทบุรี,สภ.บางใหญ่,อังคาร,ทล.3584,แอสฟัลท์/ลาดยาง,ทางหลัก,ทางตรง,แห้ง,เรียบ (Smooth),มีและชัดเจน,ไม่มี,กลางคืนมีไฟถนน (ไม่เพียงพอ),13.8488897,100.435925
นนทบุรี,สภ.บางบัวทอง,ศุกร์,ทล.3215,แอสฟัลท์/ลาดยาง,ทางหลัก,จุดกลับรถ,แห้ง,เรียบ (Smooth),มีและชัดเจน,ไม่มี,แสงแดด,13.8724069,100.4354613
นนทบุรี,สภ.บางบัวทอง,อังคาร,ทล.3215,แอสฟัลท์/ลาดยาง,ทางหลัก,จุดกลับรถ,แห้ง,เรียบ (Smooth),มีและชัดเจน,ไม่มี,แสงสลัว (เช้ามืด/พลบค่ำ),13.8727755,100.4352654
นนทบุรี,สภ.บางบัวทอง,อาทิตย์,นบ.3030,แอสฟัลท์/ลาดยาง,ทางหลัก,ทางตรง,แห้ง,เรียบ (Smooth),มีและชัดเจน,ไม่มี,กลางคืนมีไฟถนน,13.925499,100.4349888
นนทบุรี,สภ.บางกรวย,พุธ,นบ.1020,แอสฟัลท์/ลาดยาง,ทางหลัก,ทางตรง,แห้ง,เรียบ (Smooth),มีและชัดเจน,ไม่มี,แสงสลัว (เช้ามืด/พลบค่ำ),13.822687,100.4340821
นนทบุรี,สภ.บางกรวย,พุธ,นบ.1020,แอสฟัลท์/ลาดยาง,ทางหลัก,ทางตรง,แห้ง,เรียบ (Smooth),มีและชัดเจน,ไม่มี,แสงสลัว (เช้ามืด/พลบค่ำ),13.822687,100.4340821
นนทบุรี,สภ.บางกรวย,พุธ,นบ.1020,แอสฟัลท์/ลาดยาง,ทางหลัก,ทางตรง,แห้ง,เรียบ (Smooth),มีและชัดเจน,ไม่มี,แสงสลัว (เช้ามืด/พลบค่ำ),13.822687,100.4340821
นนทบุรี,สภ.บางบัวทอง,จันทร์,ทล.3215,คอนกรีต,ทางหลัก,ทางตรง,แห้ง,เรียบ (Smooth),มีและชัดเจน,ไม่มี,กลางคืนมีไฟถนน,13.8790033,100.4340556
นนทบุรี,สภ.ชัยพฤกษ์,จันทร์,ทล.9,แอสฟัลท์/ลาดยาง,ทางหลัก,ทางตรง,เปียก,เรียบ (Smooth),มีและชัดเจน,ไม่มี,กลางคืนมีไฟถนน,13.9693402,100.4331393
นนทบุรี,สภ.บางบัวทอง,อังคาร,ทล.9,แอสฟัลท์/ลาดยาง,ทางหลัก,ทางตรง,แห้ง,เรียบ (Smooth),มีและชัดเจน,ไม่มี,แสงแดด,13.9693402,100.4331393
ปทุมธานี,สภ.ปากคลองรังสิต,อาทิตย์,ทล.3508,แอสฟัลท์/ลาดยาง,ทางหลัก,ทางตรง,แห้ง,เรียบ (Smooth),มีและชัดเจน,ไม่มี,กลางคืนมีไฟถนน,13.9693402,100.4331393
นนทบุรี,สภ.บางบัวทอง,พุธ,ทล.9,แอสฟัลท์/ลาดยาง,ทางหลัก,ทางตรง,แห้ง,เรียบ (Smooth),มีและชัดเจน,ไม่มี,กลางคืนมีไฟถนน (ไม่เพียงพอ),13.9693402,100.4331393
นนทบุรี,สภ.บางบัวทอง,ศุกร์,ทล.3215,แอสฟัลท์/ลาดยาง,ทางหลัก,ทางตรง/ ทางเข้า-ออกจากทางขนาน,แห้ง,เรียบ (Smooth),มีและชัดเจน,ไม่มี,กลางคืนมีไฟถนน,13.8853943,100.4327976
นนทบุรี,สภ.บางกรวย,เสาร์,นบ.1020,แอสฟัลท์/ลาดยาง,ทางขนาน,ทางตรง,แห้ง,เรียบ (Smooth),มีและชัดเจน,ไม่มี,แสงแดด,13.8224786,100.432796
นนทบุรี,สภ.บางบัวทอง,อังคาร,ทล.3215,แอสฟัลท์/ลาดยาง,ทางหลัก,จุดกลับรถ,แห้ง,เรียบ (Smooth),มีแต่ไม่ชัดเจน,ไม่มี,กลางคืนมีไฟถนน,13.8870133,100.4325433
นนทบุรี,สภ.บางบัวทอง,เสาร์,นบ.3030,แอสฟัลท์/ลาดยาง,ทางหลัก,ทางเข้า-ออกจากซอย,แห้ง,เรียบ (Smooth),มีและชัดเจน,ไม่มี,แสงแดด,13.9243698,100.432416
นนทบุรี,สภ.บางใหญ่,เสาร์,ทล.3215,แอสฟัลท์/ลาดยาง,ทางหลัก,ทางตรง,แห้ง,เรียบ (Smooth),มีและชัดเจน,ไม่มี,กลางคืนมีไฟถนน (ไม่เพียงพอ),13.8818793,100.4320366
ปทุมธานี,สภ.เมืองปทุมธานี,อาทิตย์,ถนนปทุมธานี-ลาดหลุมแก้ว ,แอสฟัลท์/ลาดยาง,ทางหลัก,ทางตรง,แห้ง,เรียบ (Smooth),มีและชัดเจน,ไม่มี,กลางคืนมีไฟถนน,13.8817995,100.432036
นนทบุรี,สภ.ชัยพฤกษ์,อังคาร,ทล.9,แอสฟัลท์/ลาดยาง,สะพานข้ามแม่น้ำ,ทางขึ้นสะพาน,แห้ง,เรียบ (Smooth),มีและชัดเจน,ไม่มี,แสงสลัว (เช้ามืด/พลบค่ำ),13.9664236,100.4316135
นนทบุรี,สภ.บางบัวทอง,เสาร์,ทล.3215,แอสฟัลท์/ลาดยาง,ทางหลัก,ทางตรง,แห้ง,เรียบ (Smooth),มีแต่ไม่ชัดเจน,ไม่มี,แสงแดด,13.891826,100.4313919
ปทุมธานี,สภ.สามโคก,พฤหัส,ถนนลาดบัว,คอนกรีต,ทางหลัก,สามแยก,แห้ง,เรียบ (Smooth),มีและชัดเจน,ไม่มี,กลางคืนมีไฟถนน (ไม่เพียงพอ),14.102759,100.431262
ปทุมธานี,สภ.สามโคก,พฤหัส,ถนนลาดบัว,คอนกรีต,ทางหลัก,สามแยก,แห้ง,เรียบ (Smooth),มีและชัดเจน,ไม่มี,กลางคืนมีไฟถนน (ไม่เพียงพอ),14.102759,100.431262
นนทบุรี,สภ.บางบัวทอง,อังคาร,ทล.302,แอสฟัลท์/ลาดยาง,ทางหลัก,ทางขึ้นสะพาน,แห้ง,เรียบ (Smooth),มีแต่ไม่ชัดเจน,ไม่มี,แสงแดด,13.8756909,100.4311707
นนทบุรี,สภ.บางบัวทอง,อังคาร,ทล.302,แอสฟัลท์/ลาดยาง,ทางหลัก,ทางขึ้นสะพาน,แห้ง,เรียบ (Smooth),มีแต่ไม่ชัดเจน,ไม่มี,แสงแดด,13.8756909,100.4311707
นนทบุรี,สภ.บางกรวย,อาทิตย์,นบ.1020,แอสฟัลท์/ลาดยาง,ทางหลัก,ทางเข้า-ออกจากทางขนาน,แห้ง,เรียบ (Smooth),มีและชัดเจน,ไม่มี,กลางคืนมีไฟถนน (ไม่เพียงพอ),13.8226461,100.4307327
นนทบุรี,สภ.ชัยพฤกษ์,พุธ,ซอยวัดศรีเขตนันทาราม,คอนกรีต,ซอย/ตรอก,ทางตรง,แห้ง,ไม่สม่ำเสมอ (Uneven) (ซ่อมทางด้วยยางมะตอยจนเป็นเนินเล็กๆ),ไม่มี,ไม่มี,แสงแดด,13.980678,100.4301582
นนทบุรี,สภ.บางบัวทอง,ศุกร์,ทล.9,แอสฟัลท์/ลาดยาง,ทางหลัก,ทางตรง,แห้ง,ไม่สม่ำเสมอ (Uneven) (ซ่อมทางด้วยยางมะตอยจนเป็นเนินเล็กๆ),มีแต่ไม่ชัดเจน,ไม่มี,กลางคืนมีไฟถนน,13.9615157,100.4293076
นนทบุรี,สภ.บางบัวทอง,อาทิตย์,ทล.3215,แอสฟัลท์/ลาดยาง,ทางหลัก,ทางตรง/ ทางเข้า-ออกจากซอย,แห้ง,เรียบ (Smooth),มีและชัดเจน,ไม่มี,กลางคืนมีไฟถนน (ไม่เพียงพอ),13.8999338,100.4292604
นนทบุรี,สภ.บางบัวทอง,พฤหัส,ทล.3215,แอสฟัลท์/ลาดยาง,ทางหลัก,ทางตรง,แห้ง,เรียบ (Smooth),มีและชัดเจน,ไม่มี,กลางคืนมีไฟถนน,13.9032978,100.4286143
นนทบุรี,สภ.บางบัวทอง,พฤหัส,ทล.3215,แอสฟัลท์/ลาดยาง,ทางหลัก,ทางตรง,แห้ง,เรียบ (Smooth),มีและชัดเจน,ไม่มี,กลางคืนมีไฟถนน,13.9032978,100.4286143
นนทบุรี,สภ.บางบัวทอง,พฤหัส,ทล.3215,แอสฟัลท์/ลาดยาง,ทางหลัก,ทางตรง,แห้ง,เรียบ (Smooth),มีและชัดเจน,ไม่มี,กลางคืนมีไฟถนน,13.9032978,100.4286143
นนทบุรี,สภ.บางบัวทอง,เสาร์,นบ.1009,แอสฟัลท์/ลาดยาง,ทางหลัก,ทางตรง/ ทางเข้า-ออกจากซอย,แห้ง,เรียบ (Smooth),มีและชัดเจน,ไม่มี,กลางคืนมีไฟถนน,13.8914922,100.428256
นนทบุรี,สภ.บางใหญ่,อาทิตย์,ทล.3584,แอสฟัลท์/ลาดยาง,ทางหลัก,สามแยก,แห้ง,เรียบ (Smooth),มีและชัดเจน,ไม่มี,แสงแดด,13.8508253,100.4278868
นนทบุรี,สภ.บางบัวทอง,อังคาร,ซอยจันทร์ทองเอี่ยม,แอสฟัลท์/ลาดยาง,ซอย/ตรอก,ทางตรง,แห้ง,เรียบ (Smooth),มีและชัดเจน,ไม่มี,กลางคืนมีไฟถนน,13.8911881,100.4273394
นนทบุรี,สภ.บางบัวทอง,จันทร์,นบ.3030,แอสฟัลท์/ลาดยาง,ทางหลัก,ทางขึ้นสะพาน,แห้ง,เรียบ (Smooth),มีและชัดเจน,ไม่มี,แสงแดด,13.922283,100.4268543
นนทบุรี,สภ.บางบัวทอง,จันทร์,ทล.9,แอสฟัลท์/ลาดยาง,ทางหลัก,ทางตรง,แห้ง,เรียบ (Smooth),มีและชัดเจน,ไม่มี,กลางคืนมีไฟถนน (ไม่เพียงพอ),13.9560079,100.4264258
นนทบุรี,สภ.บางบัวทอง,พฤหัส,สะพานข้ามคลองลำโพ,แอสฟัลท์/ลาดยาง,สะพานข้ามแม่น้ำ,ทางโค้ง,แห้ง,เรียบ (Smooth),มีและชัดเจน,ไม่มี,แสงแดด,13.922336,100.426329
นนทบุรี,สภ.บางบัวทอง,ศุกร์,ทล.302,คอนกรีต,ทางหลัก,ทางตรง/ ทางขึ้นสะพาน,แห้ง,เรียบ (Smooth),มีและชัดเจน,ไม่มี,กลางคืนมีไฟถนน,13.8751064,100.4262601
นนทบุรี,สภ.บางบัวทอง,อังคาร,สะพานข้ามคลองลำโพ,แอสฟัลท์/ลาดยาง,สะพานข้ามแม่น้ำ,ทางตรง/ ทางลงสะพาน,เปียก,เรียบ (Smooth),มีและชัดเจน,ไม่มี,กลางคืนมีไฟถนน,13.9221427,100.4256003
นนทบุรี,สภ.ปลายบาง,พฤหัส,นบ.1020,แอสฟัลท์/ลาดยาง,ทางขนาน,ทางตรง/ ทางขึ้นสะพาน,แห้ง,เรียบ (Smooth),มีและชัดเจน,ไม่มี,กลางคืนมีไฟถนน (ไม่เพียงพอ),13.8225143,100.425545
นนทบุรี,สภ.บางบัวทอง,อาทิตย์,ทล.9,แอสฟัลท์/ลาดยาง,ทางหลัก,ทางตรง,แห้ง,เรียบ (Smooth),มีและชัดเจน,ไม่มี,กลางคืนมีไฟถนน,13.9538915,100.4248919
นนทบุรี,สภ.ปลายบาง,จันทร์,นบ.1020,แอสฟัลท์/ลาดยาง,ทางหลัก,ทางตรง,แห้ง,เรียบ (Smooth),มีและชัดเจน,ไม่มี,แสงแดด,13.8222057,100.4241514
นนทบุรี,สภ.บางบัวทอง,จันทร์,ทล.302,คอนกรีต,ทางขนาน,ทางตรง,แห้ง,เรียบ (Smooth),ไม่มี,ไม่มี,แสงแดด,13.8751414,100.4226529
นนทบุรี,สภ.บางบัวทอง,อังคาร,ทล.302,คอนกรีต,ทางหลัก,ทางเข้า-ออกจากทางขนาน,แห้ง,เรียบ (Smooth),มีและชัดเจน,ไม่มี,แสงสลัว (เช้ามืด/พลบค่ำ),13.8746475,100.4215339
นนทบุรี,สภ.ชัยพฤกษ์,พฤหัส,นบ.1028,แอสฟัลท์/ลาดยาง,ทางหลัก,ทางตรง,เปียก,เรียบ (Smooth),มีและชัดเจน,ไม่มี,กลางคืนมีไฟถนน,13.9836327,100.4202179
นนทบุรี,สภ.บางบัวทอง,เสาร์,นบ.3030,คอนกรีต,ทางหลัก,ทางตรง,แห้ง,เรียบ (Smooth),มีและชัดเจน,ไม่มี,กลางคืนมีไฟถนน,13.922708,100.4194614
นนทบุรี,สภ.บางบัวทอง,ศุกร์,ทล.9,แอสฟัลท์/ลาดยาง,สะพานต่างระดับ/ทางต่างระดับ,ทางลงสะพาน,แห้ง,เรียบ (Smooth),มีและชัดเจน,ไม่มี,กลางคืนมีไฟถนน,13.9421185,100.4188236
นนทบุรี,สภ.บางบัวทอง,พุธ,แยกต่างระดับบางบัวทอง,แอสฟัลท์/ลาดยาง,สะพานต่างระดับ/ทางต่างระดับ,ทางตรง/ ทางเข้า-ออกจากทางขนาน/ ทางลงสะพาน,แห้ง,เรียบ (Smooth),มีและชัดเจน,ไม่มี,แสงแดด,13.9418783,100.4186046
นนทบุรี,สภ.บางบัวทอง,จันทร์,แยกต่างระดับบางบัวทอง,แอสฟัลท์/ลาดยาง,สะพานต่างระดับ/ทางต่างระดับ,ทางลงสะพาน,แห้ง,เรียบ (Smooth),มีและชัดเจน,ไม่มี,แสงแดด,13.9410539,100.4185882
นนทบุรี,สภ.บางใหญ่,อาทิตย์,ทล.302,คอนกรีต,ทางหลัก,ทางเข้า-ออกจากทางขนาน,แห้ง,เรียบ (Smooth),มีและชัดเจน,ไม่มี,กลางคืนมีไฟถนน,13.8746989,100.4180012
นนทบุรี,สภ.บางใหญ่,อาทิตย์,ทล.302,คอนกรีต,ทางหลัก,ทางตรง,น้ำขัง,เรียบ (Smooth),มีและชัดเจน,ไม่มี,กลางคืนมีไฟถนน,13.8744637,100.4177097
นนทบุรี,สภ.บางใหญ่,อาทิตย์,ทล.302,คอนกรีต,ทางหลัก,ทางตรง,น้ำขัง,เรียบ (Smooth),มีและชัดเจน,ไม่มี,กลางคืนมีไฟถนน,13.8744637,100.4177097
นนทบุรี,สภ.บางใหญ่,อาทิตย์,ทล.302,คอนกรีต,ทางหลัก,ทางตรง,น้ำขัง,เรียบ (Smooth),มีและชัดเจน,ไม่มี,กลางคืนมีไฟถนน,13.8744637,100.4177097
นนทบุรี,สภ.บางบัวทอง,อังคาร,ทล.345,แอสฟัลท์/ลาดยาง,ทางขนาน,ทางขึ้นสะพาน,แห้ง,เรียบ (Smooth),มีและชัดเจน,ไม่มี,มืด,13.9362583,100.417334
นนทบุรี,สภ.บางแม่นาง,เสาร์,ทล.304,แอสฟัลท์/ลาดยาง,ทางหลัก,ทางโค้ง,แห้ง,เรียบ (Smooth),มีและชัดเจน,ไม่มี,กลางคืนมีไฟถนน,13.9430095,100.4163811
นนทบุรี,สภ.บางแม่นาง,เสาร์,ทล.340,แอสฟัลท์/ลาดยาง,ทางหลัก,ทางโค้ง,แห้ง,เรียบ (Smooth),มีและชัดเจน,ไม่มี,กลางคืนมีไฟถนน,13.9430095,100.4163811
นนทบุรี,สภ.บางบัวทอง,อังคาร,ทล.9,คอนกรีต,สะพานข้ามแม่น้ำ,ทางขึ้นสะพาน,แห้ง,เรียบ (Smooth),มีและชัดเจน,ไม่มี,กลางคืนมีไฟถนน,13.935229,100.4162585
นนทบุรี,สภ.บางบัวทอง,พฤหัส,ทล.9,แอสฟัลท์/ลาดยาง,ทางหลัก,ทางเข้า-ออกจากทางขนาน,แห้ง,เรียบ (Smooth),มีและชัดเจน,ไม่มี,กลางคืนไม่มีไฟถนน (มีเสาไฟแต่ใช้การไม่ได้),13.9346706,100.4160795
นนทบุรี,สภ.บางบัวทอง,พฤหัส,ทล.9,แอสฟัลท์/ลาดยาง,ทางหลัก,ทางตรง,แห้ง,เรียบ (Smooth),มีและชัดเจน,ไม่มี,กลางคืนมีไฟถนน (ไม่เพียงพอ),13.9328121,100.4158913
นนทบุรี,สภ.บางบัวทอง,พุธ,ทล.9,แอสฟัลท์/ลาดยาง,ทางหลัก,ทางตรง,แห้ง,เรียบ (Smooth),มีและชัดเจน,ไม่มี,แสงแดด,13.9324081,100.4158044
นนทบุรี,สภ.บางบัวทอง,อังคาร,ทล.340,แอสฟัลท์/ลาดยาง,ทางขนาน,ทางโค้ง,เปียก,เรียบ (Smooth),มีและชัดเจน,ไม่มี,กลางคืนมีไฟถนน,13.9421929,100.4157729
นนทบุรี,สภ.บางบัวทอง,อาทิตย์,สะพานข้ามแยกบางกรวย-ไทรน้อย,แอสฟัลท์/ลาดยาง,ทางหลัก,ทางลงสะพาน,แห้ง,เรียบ (Smooth),มีและชัดเจน,ไม่มี,กลางคืนมีไฟถนน (ไม่เพียงพอ),13.9241553,100.4156914
นนทบุรี,สภ.บางบัวทอง,ศุกร์,ทล.3215,คอนกรีต,ทางขนาน,ทางตรง,แห้ง,เรียบ (Smooth),มีและชัดเจน,ไม่มี,กลางคืนมีไฟถนน,13.9240648,100.4155686
นนทบุรี,สภ.บางบัวทอง,พุธ,ทล.9,แอสฟัลท์/ลาดยาง,ทางขนาน,ทางตรง,แห้ง,เรียบ (Smooth),มีและชัดเจน,ไม่มี,แสงแดด,13.9310975,100.4153733
นนทบุรี,สภ.บางใหญ่,อังคาร,ทล.302,คอนกรีต,ทางหลัก,ทางตรง/ ทางขึ้นสะพาน,แห้ง,เรียบ (Smooth),มีและชัดเจน,ไม่มี,แสงสลัว (เช้ามืด/พลบค่ำ),13.8742506,100.4147077
นนทบุรี,สภ.บางบัวทอง,ศุกร์,ทล.340,แอสฟัลท์/ลาดยาง,ทางหลัก,ทางตรง,แห้ง,เรียบ (Smooth),มีและชัดเจน,ไม่มี,กลางคืนมีไฟถนน (ไม่เพียงพอ),13.9451733,100.4145659
นนทบุรี,สภ.บางบัวทอง,พฤหัส,ทล.340,แอสฟัลท์/ลาดยาง,ทางหลัก,ทางตรง,แห้ง,เรียบ (Smooth),มีและชัดเจน,ไม่มี,กลางคืนมีไฟถนน,13.9459059,100.4140206
นนทบุรี,สภ.บางใหญ่,พฤหัส,ทล.9,คอนกรีต,ทางขนาน,ทางตรง,แห้ง,เรียบ (Smooth),มีและชัดเจน,ไม่มี,แสงสลัว (เช้ามืด/พลบค่ำ),13.8351336,100.413909
นนทบุรี,สภ.บางบัวทอง,จันทร์,ทล.9,แอสฟัลท์/ลาดยาง,ทางหลัก,ทางตรง,แห้ง,เรียบ (Smooth),มีและชัดเจน,ไม่มี,กลางคืนมีไฟถนน,13.9272853,100.4137909
นนทบุรี,สภ.บางใหญ่,ศุกร์,ทล.9,แอสฟัลท์/ลาดยาง,ทางหลัก,ทางตรง,แห้ง,เรียบ (Smooth),มีและชัดเจน,ไม่มี,กลางคืนไม่มีไฟถนน (มีเสาไฟแต่ใช้การไม่ได้),13.8359779,100.4136766
นนทบุรี,สภ.บางบัวทอง,เสาร์,ทล.9,แอสฟัลท์/ลาดยาง,ทางหลัก,ทางตรง,แห้ง,เรียบ (Smooth),มีและชัดเจน,ไม่มี,กลางคืนมีไฟถนน,13.9257748,100.4135902
นนทบุรี,สภ.บางใหญ่,พุธ,ทล.9,แอสฟัลท์/ลาดยาง,ทางหลัก,ทางตรง,แห้ง,เรียบ (Smooth),มีและชัดเจน,ไม่มี,กลางคืนมีไฟถนน,13.8302945,100.4134617
นนทบุรี,สภ.บางบัวทอง,จันทร์,สะพานต่างระดับบางกรวย-ไทรน้อย,แอสฟัลท์/ลาดยาง,สะพานต่างระดับ,บนสะพาน,แห้ง,เรียบ (Smooth),มีแต่ไม่ชัดเจน,ไม่มี,แสงแดด,13.9252925,100.4134577
นนทบุรี,สภ.บางบัวทอง,เสาร์,ทล.9,แอสฟัลท์/ลาดยาง,ทางหลัก,ทางตรง/ สะพานกลับรถ,,ไม่สม่ำเสมอ (Uneven) (ซ่อมทางด้วยยางมะตอยจนเป็นเนินเล็กๆ),มีและชัดเจน,ไม่มี,กลางคืนมีไฟถนน,13.8313038,100.4133895
นนทบุรี,สภ.บางใหญ่,เสาร์,ทล.9,แอสฟัลท์/ลาดยาง,ทางหลัก,ทางตรง,แห้ง,เรียบ (Smooth),มีและชัดเจน,ไม่มี,กลางคืนมีไฟถนน,13.8331281,100.413315
นนทบุรี,สภ.บางใหญ่,พุธ,ทล.9,คอนกรีต,ทางขนาน,ทางตรง,แห้ง,ไม่สม่ำเสมอ (Uneven) (ซ่อมทางด้วยยางมะตอยจนเป็นเนินเล็กๆ),มีและชัดเจน,ไม่มี,กลางคืนมีไฟถนน,13.8384951,100.413072
นนทบุรี,สภ.ปลายบาง,เสาร์,ทล.9,คอนกรีต,ทางหลัก,ทางตรง,เปียก,เรียบ (Smooth),มีและชัดเจน,ไม่มี,กลางคืนมีไฟถนน,13.8254747,100.4130676
นนทบุรี,สภ.บางใหญ่,ศุกร์,ทล.9,คอนกรีต,สะพานข้ามแม่น้ำ,ทางขึ้นสะพาน,เปียก,ไม่สม่ำเสมอ (Uneven) (ซ่อมทางด้วยยางมะตอยจนเป็นเนินเล็กๆ),มีและชัดเจน,ไม่มี,แสงแดด,13.8396516,100.4129445
นนทบุรี,สภ.บางบัวทอง,อาทิตย์,ทล.3215,แอสฟัลท์/ลาดยาง,ทางหลัก,จุดกลับรถ,เปียก,เรียบ (Smooth),มีและชัดเจน,ไม่มี,กลางคืนมีไฟถนน,13.9256714,100.4126362
นนทบุรี,สภ.บางบัวทอง,พฤหัส,ทล.3215,แอสฟัลท์/ลาดยาง,จุดกลับรถ,ทางเข้า-ออกจากทางขนาน/ จุดกลับรถ,แห้ง,เรียบ (Smooth),มีแต่ไม่ชัดเจน,ไม่มี,กลางคืนมีไฟถนน,13.9259392,100.4125527
นนทบุรี,สภ.ปลายบาง,อังคาร,ทล.9,แอสฟัลท์/ลาดยาง,ทางหลัก,ทางตรง,แห้ง,เรียบ (Smooth),มีและชัดเจน,ไม่สามารถประเมินได้,แสงแดด,13.8244316,100.4124199
นนทบุรี,สภ.ปลายบาง,เสาร์,ทล.9,แอสฟัลท์/ลาดยาง,ทางหลัก,ทางตรง,แห้ง,เรียบ (Smooth),มีและชัดเจน,ไม่มี,แสงสลัว (เช้ามืด/พลบค่ำ),13.8221713,100.4123971
นนทบุรี,สภ.ปลายบาง,เสาร์,ทล.9,แอสฟัลท์/ลาดยาง,ทางขนาน,ทางตรง,แห้ง,เรียบ (Smooth),มีและชัดเจน,ไม่มี,กลางคืนมีไฟถนน,13.82155,100.4121454
นนทบุรี,สภ.ปลายบาง,ศุกร์,ทล.9,คอนกรีต,ทางขนาน,ทางตรง,แห้ง,เรียบ (Smooth),มีและชัดเจน,ไม่มี,แสงแดด,13.8127373,100.4119479
นนทบุรี,สภ.ปลายบาง,อังคาร,ทล.9,แอสฟัลท์/ลาดยาง,ทางขนาน,ทางตรง,แห้ง,เรียบ (Smooth),มีและชัดเจน,ไม่มี,แสงแดด,13.8115196,100.4118454
นนทบุรี,สภ.บางใหญ่,จันทร์,ทล.346,แอสฟัลท์/ลาดยาง,ทางหลัก,ทางตรง,แห้ง,เรียบ (Smooth),มีและชัดเจน,ไม่มี,แสงแดด,13.8111916,100.4118163
นนทบุรี,สภ.บางกรวย,อังคาร,ทล.3215,แอสฟัลท์/ลาดยาง,ทางหลัก,ทางตรง,แห้ง,เรียบ (Smooth),มีและชัดเจน,ไม่มี,แสงแดด,13.8111916,100.4118163
นนทบุรี,สภ.บางใหญ่,อังคาร,ทล.9,แอสฟัลท์/ลาดยาง,ทางหลัก,ทางตรง,แห้ง,เรียบ (Smooth),มีและชัดเจน,ไม่มี,กลางคืนมีไฟถนน (ไม่เพียงพอ),13.8541075,100.4116983
นนทบุรี,สภ.ปลายบาง,พุธ,ทล.9,,ทางขนาน,ทางตรง/ ทางเข้า-ออกจากทางขนาน/ จุดกลับรถ/ ทางขึ้นสะพาน,แห้ง,เรียบ (Smooth),มีและชัดเจน,ไม่มี,กลางคืนมีไฟถนน (ไม่เพียงพอ),13.8156819,100.4116625
นนทบุรี,สภ.ปลายบาง,จันทร์,ทล.9,คอนกรีต,ทางขนาน,ทางตรง,แห้ง,เรียบ (Smooth),มีและชัดเจน,ไม่มี,กลางคืนมีไฟถนน (ไม่เพียงพอ),13.814955,100.4115803
นนทบุรี,สภ.ปลายบาง,พฤหัส,ทล.9,แอสฟัลท์/ลาดยาง,ทางหลัก,ทางตรง/ ทางเข้า-ออกจากทางขนาน,แห้ง,เรียบ (Smooth),มีและชัดเจน,ไม่มี,แสงแดด,13.8117779,100.4114692
นนทบุรี,สภ.บางใหญ่,พฤหัส,ทล.9,คอนกรีต,ทางขนาน,ทางตรง/ สามแยก,แห้ง,เรียบ (Smooth),มีและชัดเจน,ไม่มี,กลางคืนมีไฟถนน,13.8584101,100.4111409
นนทบุรี,สภ.บางบัวทอง,อังคาร,ทล.9,แอสฟัลท์/ลาดยาง,ทางหลัก,ทางลงสะพาน,แห้ง,เรียบ (Smooth),มีและชัดเจน,ไม่มี,กลางคืนมีไฟถนน,13.9191039,100.4111258
นนทบุรี,สภ.บางใหญ่,เสาร์,ทล.9,คอนกรีต,ทางขนาน,ทางเข้า-ออกจากทางขนาน,แห้ง,เรียบ (Smooth),มีและชัดเจน,ไม่มี,กลางคืนมีไฟถนน (ไม่เพียงพอ),13.8660235,100.410876
นนทบุรี,สภ.ปลายบาง,ศุกร์,ทล.9,แอสฟัลท์/ลาดยาง,ทางหลัก,ทางตรง,แห้ง,เรียบ (Smooth),มีและชัดเจน,ไม่มี,กลางคืนมีไฟถนน,13.8044529,100.4108446
นนทบุรี,สภ.ปลายบาง,พุธ,ทล.9,แอสฟัลท์/ลาดยาง,ทางหลัก,ทางตรง/ ทางลงสะพาน,แห้ง,เรียบ (Smooth),มีและชัดเจน,ไม่มี,กลางคืนมีไฟถนน,13.8040091,100.410812
นนทบุรี,สภ.ปลายบาง,พุธ,ทล.9,แอสฟัลท์/ลาดยาง,ทางหลัก,ทางตรง/ ทางลงสะพาน,แห้ง,เรียบ (Smooth),มีและชัดเจน,ไม่มี,กลางคืนมีไฟถนน,13.8040091,100.410812
นนทบุรี,สภ.ปลายบาง,พุธ,ทล.9,แอสฟัลท์/ลาดยาง,ทางหลัก,ทางตรง/ ทางลงสะพาน,แห้ง,เรียบ (Smooth),มีและชัดเจน,ไม่มี,กลางคืนมีไฟถนน,13.8040091,100.410812
นนทบุรี,สภ.บางใหญ่,พุธ,ทล.9,คอนกรีต,ทางหลัก,ทางตรง/ ทางเข้า-ออกจากทางขนาน,แห้ง,เรียบ (Smooth),มีและชัดเจน,ไม่มี,กลางคืนมีไฟถนน (ไม่เพียงพอ),13.8675041,100.4106357
นนทบุรี,สภ.บางบัวทอง,อังคาร,สะพานข้ามคลองพระพิมล,แอสฟัลท์/ลาดยาง,สะพานข้ามแม่น้ำ,ทางขึ้นสะพาน,แห้ง,เรียบ (Smooth),มีและชัดเจน,ไม่มี,กลางคืนไม่มีไฟถนน (มีเสาไฟแต่ใช้การไม่ได้),13.9160017,100.4103784
นนทบุรี,สภ.บางบัวทอง,พฤหัส,ทล.9,แอสฟัลท์/ลาดยาง,ทางหลัก,ทางตรง/ ทางลงสะพาน,แห้ง,เรียบ (Smooth),มีและชัดเจน,ไม่มี,กลางคืนมีไฟถนน,13.9151464,100.4103531
นนทบุรี,สภ.บางบัวทอง,ศุกร์,ถนนลากค้อน,แอสฟัลท์/ลาดยาง,ซอย/ตรอก,ทางตรง/ ทางโค้ง,แห้ง,เรียบ (Smooth),มีและชัดเจน,ไม่มี,แสงสลัว (เช้ามืด/พลบค่ำ),13.964942,100.410162
นนทบุรี,สภ.บางใหญ่,อังคาร,ทล.9,คอนกรีต,ทางขนาน,ทางตรง,แห้ง,เรียบ (Smooth),มีและชัดเจน,ไม่มี,กลางคืนมีไฟถนน,13.8739032,100.4096813
นนทบุรี,สภ.บางบัวทอง,เสาร์,ทล.9,แอสฟัลท์/ลาดยาง,ทางหลัก,ทางตรง,แห้ง,เรียบ (Smooth),มีและชัดเจน,ไม่มี,กลางคืนมีไฟถนน,13.9134444,100.4096212
นนทบุรี,สภ.บางบัวทอง,ศุกร์,ทล.9,แอสฟัลท์/ลาดยาง,ทางขนาน,ทางตรง,แห้ง,เรียบ (Smooth),มีและชัดเจน,ไม่มี,แสงสลัว (เช้ามืด/พลบค่ำ),13.9116552,100.4094886
นนทบุรี,สภ.บางใหญ่,พฤหัส,ทล.9,แอสฟัลท์/ลาดยาง,ทางขนาน,ทางตรง,แห้ง,เรียบ (Smooth),มีและชัดเจน,ไม่มี,แสงแดด,13.8766831,100.4094216
นนทบุรี,สภ.บางใหญ่,อังคาร,ทล.9,แอสฟัลท์/ลาดยาง,ทางหลัก,ทางตรง/ ทางเข้า-ออกจากทางขนาน,แห้ง,เรียบ (Smooth),มีและชัดเจน,ไม่มี,กลางคืนมีไฟถนน,13.8782463,100.4094062
นนทบุรี,สภ.บางใหญ่,เสาร์,ทล.9,แอสฟัลท์/ลาดยาง,ทางขนาน,ทางเข้า-ออกจากทางขนาน,แห้ง,เรียบ (Smooth),มีและชัดเจน,มีและใช้การได้ปกติ,กลางคืนมีไฟถนน,13.878153,100.409295
นนทบุรี,สภ.บางบัวทอง,อาทิตย์,ทล.340,แอสฟัลท์/ลาดยาง,,ทางตรง/ ทางเข้า-ออกจากซอย,แห้ง,เรียบ (Smooth),มีและชัดเจน,ไม่มี,แสงแดด,13.9522576,100.4090228
นนทบุรี,สภ.บางบัวทอง,พุธ,ทล.340,แอสฟัลท์/ลาดยาง,ทางหลัก,ทางตรง,แห้ง,เรียบ (Smooth),มีและชัดเจน,ไม่มี,กลางคืนมีไฟถนน,13.9526822,100.4087985
นนทบุรี,สภ.บางบัวทอง,ศุกร์,ทล.9,คอนกรีต,ทางขนาน,ทางตรง/ ทางเข้า-ออกจากซอย,แห้ง,เรียบ (Smooth),มีและชัดเจน,ไม่มี,กลางคืนมีไฟถนน,13.8835518,100.408773
นนทบุรี,สภ.บางบัวทอง,จันทร์,ทล.9,คอนกรีต,ทางหลัก,ทางตรง,แห้ง,เรียบ (Smooth),มีและชัดเจน,ไม่มี,กลางคืนมีไฟถนน,13.9103172,100.4086775
นนทบุรี,สภ.บางบัวทอง,อาทิตย์,ทล.340,แอสฟัลท์/ลาดยาง,ทางหลัก,จุดกลับรถ,แห้ง,เรียบ (Smooth),มีและชัดเจน,ไม่มี,กลางคืนมีไฟถนน,13.9531634,100.4086681
นนทบุรี,สภ.บางบัวทอง,ศุกร์,ทล.9,แอสฟัลท์/ลาดยาง,ทางขนาน,สามแยก,แห้ง,เรียบ (Smooth),มีและชัดเจน,ไม่มี,กลางคืนไม่มีไฟถนน (มีเสาไฟแต่ใช้การไม่ได้),13.88877,100.4082808
นนทบุรี,สภ.บางบัวทอง,ศุกร์,ทล.9,แอสฟัลท์/ลาดยาง,สะพานกลับรถ,ทางลงสะพาน,แห้ง,เรียบ (Smooth),มีและชัดเจน,ไม่มี,กลางคืนมีไฟถนน,13.8963298,100.4080277
นนทบุรี,สภ.บางบัวทอง,พฤหัส,ทล.3215,คอนกรีต,ทางหลัก,ทางตรง,แห้ง,เรียบ (Smooth),มีและชัดเจน,ไม่มี,กลางคืนมีไฟถนน,13.9285763,100.4079254
นนทบุรี,สภ.บางบัวทอง,จันทร์,ทล.9,แอสฟัลท์/ลาดยาง,ทางหลัก,ทางตรง,แห้ง,เรียบ (Smooth),มีและชัดเจน,ไม่มี,แสงแดด,13.8974568,100.4076027
นนทบุรี,สภ.บางบัวทอง,อาทิตย์,ทล.9,คอนกรีต,ทางขนาน,ทางโค้ง/ ทางเข้า-ออกจากซอย,แห้ง,เรียบ (Smooth),มีและชัดเจน,ไม่มี,แสงแดด,13.9044324,100.4069653
นนทบุรี,สภ.บางบัวทอง,อาทิตย์,ถนน.อบต.นนทบุรี-บ้านลำโพ,แอสฟัลท์/ลาดยาง,ทางหลัก,สามแยก,แห้ง,เรียบ (Smooth),มีแต่ไม่ชัดเจน,ไม่มี,แสงแดด,13.9709555,100.4061277
นนทบุรี,สภ.บางใหญ่,จันทร์,ถนนโยธาธิการ นนทบุรี 2027,คอนกรีต,ทางหลัก,ทางตรง/ สามแยก,แห้ง,เรียบ (Smooth),มีและชัดเจน,ไม่มี,กลางคืนมีไฟถนน,13.8260951,100.4037673
นนทบุรี,สภ.บางบัวทอง,เสาร์,ทล.340,แอสฟัลท์/ลาดยาง,ทางขนาน,ทางตรง/ ทางเข้า-ออกจากซอย,แห้ง,เรียบ (Smooth),มีและชัดเจน,มีและใช้การได้ปกติ,กลางคืนมีไฟถนน,13.960591,100.402913
นนทบุรี,สภ.บางใหญ่,อาทิตย์,แยกวัดสุนทร,แอสฟัลท์/ลาดยาง,สามแยก,สามแยก,แห้ง,เรียบ (Smooth),มีและชัดเจน,ไม่มี,แสงแดด,13.8305165,100.4028622
นนทบุรี,สภ.บางบัวทอง,พุธ,นบ.1013,แอสฟัลท์/ลาดยาง,ทางหลัก,ทางตรง,แห้ง,เรียบ (Smooth),มีและชัดเจน,ไม่มี,กลางคืนมีไฟถนน,13.9157107,100.4019245
นนทบุรี,สภ.บางบัวทอง,อังคาร,ทล.340,แอสฟัลท์/ลาดยาง,ทางหลัก,ทางตรง/ ทางเข้า-ออกจากซอย,แห้ง,ไม่สม่ำเสมอ (Uneven) (ซ่อมทางด้วยยางมะตอยจนเป็นเนินเล็กๆ),มีและชัดเจน,ไม่มี,แสงสลัว (เช้ามืด/พลบค่ำ),13.9632321,100.4012511
นนทบุรี,สภ.บางใหญ่,พฤหัส,ถนนโยธาธิการ นนทบุรี 2032,แอสฟัลท์/ลาดยาง,ทางหลัก,ทางตรง/ สามแยก,แห้ง,ไม่สม่ำเสมอ (Uneven) (ซ่อมทางด้วยยางมะตอยจนเป็นเนินเล็กๆ),มีแต่ไม่ชัดเจน,ไม่มี,กลางคืนมีไฟถนน (ไม่เพียงพอ),13.8697833,100.4005501
นนทบุรี,สภ.บางบัวทอง,จันทร์,นบ.1002,แอสฟัลท์/ลาดยาง,ทางหลัก,ทางตรง,เปียก,เรียบ (Smooth),มีและชัดเจน,ไม่มี,กลางคืนมีไฟถนน,13.9078214,100.4003996
นนทบุรี,สภ.บางบัวทอง,จันทร์,นบ.1002,แอสฟัลท์/ลาดยาง,ทางหลัก,ทางตรง,เปียก,เรียบ (Smooth),มีและชัดเจน,ไม่มี,กลางคืนมีไฟถนน,13.9078214,100.4003996
นนทบุรี,สภ.บางบัวทอง,พุธ,นบ.1002,,ทางหลัก,ทางโค้ง,แห้ง,เรียบ (Smooth),มีและชัดเจน,ไม่มี,กลางคืนมีไฟถนน,13.9078573,100.4001164
นนทบุรี,สภ.บางบัวทอง,อาทิตย์,นบ.1002,แอสฟัลท์/ลาดยาง,ทางหลัก,ทางโค้ง,แห้ง,เรียบ (Smooth),มีและชัดเจน,ไม่มี,แสงสลัว (เช้ามืด/พลบค่ำ),13.907924,100.3999413
นนทบุรี,สภ.บางบัวทอง,จันทร์,ทล.3215,แอสฟัลท์/ลาดยาง,ทางหลัก,ทางตรง,เปียก,เรียบ (Smooth),มีและชัดเจน,ไม่มี,แสงแดด,13.9339782,100.3986054
นนทบุรี,สภ.บางบัวทอง,พุธ,ทล.340,แอสฟัลท์/ลาดยาง,ทางหลัก,ทางตรง,แห้ง,เรียบ (Smooth),มีและชัดเจน,ไม่มี,กลางคืนมีไฟถนน,13.967677,100.3979792
นนทบุรี,สภ.บางบัวทอง,จันทร์,ถนนเลียบคลองลำรี,คอนกรีต,ซอย/ตรอก,ทางตรง,แห้ง,เรียบ (Smooth),มีและชัดเจน,ไม่มี,กลางคืนมีไฟถนน,13.9506076,100.3976749
นนทบุรี,สภ.บางบัวทอง,พฤหัส,นบ.1013,แอสฟัลท์/ลาดยาง,ทางหลัก,ทางตรง/ ทางโค้ง,เปียก,เรียบ (Smooth),มีและชัดเจน,ไม่มี,กลางคืนมีไฟถนน,13.9163583,100.3975828
นนทบุรี,สภ.บางบัวทอง,พฤหัส,ทล.3215,แอสฟัลท์/ลาดยาง,ทางหลัก,ทางตรง,เปียก,เรียบ (Smooth),มีและชัดเจน,ไม่มี,กลางคืนมีไฟถนน,13.9347412,100.3973805
นนทบุรี,สภ.บางบัวทอง,พฤหัส,ทล.3215,คอนกรีต,ทางหลัก,ทางตรง,แห้ง,เรียบ (Smooth),ไม่มี,ไม่มี,แสงแดด,13.9348343,100.3972286
นนทบุรี,สภ.บางบัวทอง,อังคาร,ทล.3215,คอนกรีต,ทางหลัก,ทางตรง/ จุดกลับรถ,แห้ง,เรียบ (Smooth),มีและชัดเจน,มีและใช้การได้ปกติ,กลางคืนมีไฟถนน,13.9348573,100.397001
นนทบุรี,สภ.บางบัวทอง,อาทิตย์,ทล.340,แอสฟัลท์/ลาดยาง,ทางหลัก,ทางตรง,แห้ง,เรียบ (Smooth),มีและชัดเจน,ไม่มี,แสงแดด,13.9688157,100.3968275
นนทบุรี,สภ.บางบัวทอง,ศุกร์,ถนนเลียบคลองบางไผ่,คอนกรีต,ทางหลัก,ทางตรง,แห้ง,เรียบ (Smooth),มีและชัดเจน,ไม่มี,แสงแดด,13.9020348,100.3965671
นนทบุรี,สภ.บางบัวทอง,อาทิตย์,ทล.3215,คอนกรีต,ทางหลัก,ทางตรง,แห้ง,เรียบ (Smooth),มีและชัดเจน,ไม่มี,กลางคืนมีไฟถนน,13.9355048,100.3959176
นนทบุรี,สภ.ปลายบาง,เสาร์,นบ.1001,แอสฟัลท์/ลาดยาง,ทางหลัก,ทางตรง/ ก่อนถึงจุดเกิดเหตุมีโค้งขวา,แห้ง,เรียบ (Smooth),มีและชัดเจน,ไม่มี,กลางคืนมีไฟถนน (ไม่เพียงพอ),13.8279353,100.3958954
นนทบุรี,สภ.บางบัวทอง,อาทิตย์,ทล.3215,คอนกรีต,ทางหลัก,ทางตรง,แห้ง,เรียบ (Smooth),มีและชัดเจน,ไม่มี,กลางคืนมีไฟถนน,13.935697,100.395855
นนทบุรี,สภ.บางบัวทอง,ศุกร์,ทล.340,แอสฟัลท์/ลาดยาง,ทางหลัก,ทางตรง/ จุดกลับรถ,แห้ง,เรียบ (Smooth),มีและชัดเจน,ไม่มี,แสงแดด,13.9712338,100.3953502
นนทบุรี,สภ.บางบัวทอง,เสาร์,ทล.340,แอสฟัลท์/ลาดยาง,ทางหลัก,ทางตรง/ จุดกลับรถ,แห้ง,เรียบ (Smooth),มีและชัดเจน,ไม่มี,กลางคืนมีไฟถนน (ไม่เพียงพอ),13.9708345,100.3953281
นนทบุรี,สภ.บางใหญ่,จันทร์,นบ.1016,แอสฟัลท์/ลาดยาง,ทางหลัก,ทางตรง,แห้ง,เรียบ (Smooth),มีและชัดเจน,ไม่มี,แสงสลัว (เช้ามืด/พลบค่ำ),13.8663949,100.3894518
นนทบุรี,สภ.บางบัวทอง,ศุกร์,ถนนจันทร์ทองเอี่ยม,แอสฟัลท์/ลาดยาง,ทางหลัก,ทางตรง,แห้ง,เรียบ (Smooth),มีและชัดเจน,ไม่มี,กลางคืนมีไฟถนน,13.8663949,100.3894518
นนทบุรี,สภ.บางบัวทอง,อังคาร,ทล.340,แอสฟัลท์/ลาดยาง,ทางหลัก,ทางตรง,แห้ง,เรียบ (Smooth),มีและชัดเจน,ไม่มี,กลางคืนมีไฟถนน,13.9792155,100.3891632
นนทบุรี,สภ.บางใหญ่,จันทร์,ถนนเลียบคลองประปา,คอนกรีต,ทางหลัก,ทางตรง,แห้ง,เรียบ (Smooth),มีและชัดเจน,ไม่มี,มืด,13.82823179,100.3885867
นนทบุรี,สภ.บางใหญ่,จันทร์,ถนนเลียบคลองประปา,คอนกรีต,ทางหลัก,ทางตรง,แห้ง,เรียบ (Smooth),มีและชัดเจน,ไม่มี,มืด,13.828216,100.3885867
นนทบุรี,สภ.บางบัวทอง,พุธ,นบ.1002,แอสฟัลท์/ลาดยาง,ทางหลัก,ทางโค้ง,แห้ง,เรียบ (Smooth),มีและชัดเจน,ไม่มี,กลางคืนมีไฟถนน,13.9096094,100.3872713
นนทบุรี,สภ.บางบัวทอง,เสาร์,ทล.3215,แอสฟัลท์/ลาดยาง,ทางหลัก,ทางตรง,แห้ง,เรียบ (Smooth),มีแต่ไม่ชัดเจน,ไม่มี,กลางคืนมีไฟถนน,13.9417793,100.3871044
นนทบุรี,สภ.บางแม่นาง,จันทร์,นบ.1011,แอสฟัลท์/ลาดยาง,ทางหลัก,ทางตรง,แห้ง,เรียบ (Smooth),มีและชัดเจน,ไม่มี,กลางคืนมีไฟถนน (ไม่เพียงพอ),13.811864,100.3865549
นนทบุรี,สภ.บางบัวทอง,ศุกร์,ทล.340,แอสฟัลท์/ลาดยาง,ทางหลัก,ทางตรง,แห้ง,เรียบ (Smooth),มีและชัดเจน,ไม่มี,กลางคืนมีไฟถนน,13.9825577,100.3864353
นนทบุรี,สภ.บางบัวทอง,เสาร์,ทล.3215,แอสฟัลท์/ลาดยาง,ทางหลัก,ทางตรง,แห้ง,เรียบ (Smooth),มีและชัดเจน,ไม่มี,กลางคืนมีไฟถนน,13.9430384,100.3850052
นนทบุรี,สภ.บางแม่นาง,อังคาร,นบ.1009,แอสฟัลท์/ลาดยาง,ทางหลัก,ทางตรง/ สามแยก/ ทางเข้า-ออกจากซอย,แห้ง,เรียบ (Smooth),มีและชัดเจน,ไม่มี,กลางคืนมีไฟถนน,13.8943697,100.3830231
นนทบุรี,สภ.บางบัวทอง,อาทิตย์,ถนนภายในซอยแสงทอง 1,แอสฟัลท์/ลาดยาง,ทางหลัก,ทางตรง,แห้ง,เรียบ (Smooth),มีและชัดเจน,ไม่มี,แสงแดด,13.9390083,100.3828846
นนทบุรี,สภ.บางบัวทอง,อังคาร,นบ.1002,คอนกรีต,ทางหลัก,ทางตรง,แห้ง,เรียบ (Smooth),มีและชัดเจน,ไม่มี,กลางคืนมีไฟถนน,13.909428,100.382663
นนทบุรี,สภ.บางแม่นาง,พุธ,ถนนเลียบคลองประปามหาสวัสดิ์,แอสฟัลท์/ลาดยาง,ทางหลัก,ทางตรง,แห้ง,เรียบ (Smooth),มีและชัดเจน,ไม่มี,กลางคืนมีไฟถนน (ไม่เพียงพอ),13.838725,100.381946
นนทบุรี,สภ.บางบัวทอง,พุธ,นบ.1013,แอสฟัลท์/ลาดยาง,ทางหลัก,ทางตรง/ ทางเข้า-ออกจากซอย,,เรียบ (Smooth),มีและชัดเจน,ไม่มี,กลางคืนมีไฟถนน,13.9287876,100.3800897
นนทบุรี,สภ.บางแม่นาง,อาทิตย์,นบ.1009,แอสฟัลท์/ลาดยาง,ทางหลัก,ทางตรง,แห้ง,เรียบ (Smooth),มีและชัดเจน,ไม่มี,มืด,13.892938,100.3770695
นนทบุรี,สภ.บางแม่นาง,อาทิตย์,นบ.1016,แอสฟัลท์/ลาดยาง,ทางหลัก,ทางตรง,แห้ง,เรียบ (Smooth),มีและชัดเจน,ไม่มี,แสงแดด,13.8732152,100.3760227
นนทบุรี,สภ.บางบัวทอง,ศุกร์,ทล.3215,แอสฟัลท์/ลาดยาง,ทางหลัก,ทางตรง,แห้ง,เรียบ (Smooth),มีและชัดเจน,ไม่มี,แสงแดด,13.9499893,100.373929
นนทบุรี,สภ.บางบัวทอง,พุธ,ทล.3215,แอสฟัลท์/ลาดยาง,ทางหลัก,ทางตรง,แห้ง,เรียบ (Smooth),มีและชัดเจน,ไม่สามารถประเมินได้,กลางคืนมีไฟถนน,13.9500847,100.3735343
นนทบุรี,สภ.บางบัวทอง,ศุกร์,ทล.3215,แอสฟัลท์/ลาดยาง,ทางหลัก,ทางตรง,แห้ง,เรียบ (Smooth),มีและชัดเจน,ไม่มี,แสงแดด,13.9500904,100.3735306
นนทบุรี,สภ.บางใหญ่,พุธ,นบ.1001,แอสฟัลท์/ลาดยาง,ทางหลัก,ทางเข้า-ออกจากซอย,แห้ง,เรียบ (Smooth),มีและชัดเจน,ไม่มี,กลางคืนมีไฟถนน (ไม่เพียงพอ),13.81892515,100.3730502
นนทบุรี,สภ.บางแม่นาง,อาทิตย์,นบ.1002,แอสฟัลท์/ลาดยาง,ทางหลัก,ทางตรง,แห้ง,เรียบ (Smooth),มีและชัดเจน,ไม่มี,แสงสลัว (เช้ามืด/พลบค่ำ),13.9104456,100.3726487
นนทบุรี,สภ.บางใหญ่,อาทิตย์,นบ.5035,แอสฟัลท์/ลาดยาง,ทางหลัก,ทางตรง,แห้ง,เรียบ (Smooth),มีและชัดเจน,ไม่มี,กลางคืนมีไฟถนน,13.8219605,100.3716672
นนทบุรี,สภ.บางใหญ่,ศุกร์,นบ.3059,คอนกรีต,ไหล่ทาง,ทางโค้ง/ สามแยก,แห้ง,เรียบ (Smooth),มีและชัดเจน,ไม่มี,แสงแดด,13.8311148,100.3707829
นนทบุรี,สภ.บางบัวทอง,อาทิตย์,นบ.1013,แอสฟัลท์/ลาดยาง,ทางหลัก,ทางตรง/ ทางเข้า-ออกจากซอย,แห้ง,เรียบ (Smooth),มีและชัดเจน,ไม่มี,แสงแดด,13.9351279,100.370258
นนทบุรี,สภ.บางแม่นาง,เสาร์,ถนนภายในซอยเทศบาลบางใหญ่,คอนกรีต,ทางหลัก,ทางตรง,แห้ง,เรียบ (Smooth),ไม่มี,ไม่มี,กลางคืนมีไฟถนน,13.8521627,100.3681581
นนทบุรี,สภ.บางบัวทอง,อาทิตย์,ทล.3215,แอสฟัลท์/ลาดยาง,ทางหลัก,ทางตรง,แห้ง,เรียบ (Smooth),มีและชัดเจน,ไม่มี,แสงแดด,13.9541393,100.3671839
นนทบุรี,สภ.บางบัวทอง,พฤหัส,ทล.3215,แอสฟัลท์/ลาดยาง,ทางหลัก,ทางตรง,แห้ง,เรียบ (Smooth),มีและชัดเจน,ไม่มี,กลางคืนมีไฟถนน,13.9543588,100.3667473
นนทบุรี,สภ.บางบัวทอง,พฤหัส,นบ.1002,แอสฟัลท์/ลาดยาง,ทางหลัก,ทางตรง/ สามแยก,แห้ง,เรียบ (Smooth),มีและชัดเจน,มีและใช้การได้ปกติ,แสงสลัว (เช้ามืด/พลบค่ำ),13.910186,100.365963
นนทบุรี,สภ.ปลายบาง,อาทิตย์,นบ.1001,,ทางหลัก,ทางตรง,แห้ง,เรียบ (Smooth),มีและชัดเจน,ไม่มี,แสงสลัว (เช้ามืด/พลบค่ำ),13.8160672,100.3650126
นนทบุรี,สภ.ปลายบาง,อาทิตย์,นบ.1001,,ทางหลัก,ทางตรง,แห้ง,เรียบ (Smooth),มีและชัดเจน,ไม่มี,แสงสลัว (เช้ามืด/พลบค่ำ),13.8160672,100.3650126
นนทบุรี,สภ.รัตนาธิเบศร์,อาทิตย์,นบ.1002,แอสฟัลท์/ลาดยาง,ทางหลัก,ทางตรง,เปียก,เรียบ (Smooth),มีและชัดเจน,มีและใช้การได้ปกติ,กลางคืนมีไฟถนน,13.909984,100.364485
นนทบุรี,สภ.บางบัวทอง,เสาร์,นบ.1013,แอสฟัลท์/ลาดยาง,ทางหลัก ทางเข้าหมู่บ้าน,ทางตรง/ ทางเข้า-ออกหมู่บ้าน,แห้ง,เรียบ (Smooth),มีและชัดเจน,ไม่มี,กลางคืนมีไฟถนน,13.9403152,100.3622839
นนทบุรี,สภ.บางใหญ่,จันทร์,ทล.346,แอสฟัลท์/ลาดยาง,ทางหลัก,ทางตรง,น้ำขัง,เรียบ (Smooth),มีและชัดเจน,ไม่มี,กลางคืนมีไฟถนน,13.9096458,100.3613841
นนทบุรี,สภ.บางบัวทอง,เสาร์,นบ.3086,คอนกรีต,ทางหลัก,สามแยก/ ทางลงสะพาน/ ทางเข้า-ออกจากซอย,แห้ง,ไม่สม่ำเสมอ (Uneven) (ซ่อมทางด้วยยางมะตอยจนเป็นเนินเล็กๆ),มีแต่ไม่ชัดเจน,ไม่มี,มืด,13.8942532,100.3603462
นนทบุรี,สภ.บางบัวทอง,เสาร์,นบ.1013,แอสฟัลท์/ลาดยาง,ทางหลัก,ทางตรง,แห้ง,เรียบ (Smooth),มีและชัดเจน,ไม่มี,กลางคืนมีไฟถนน (ไม่เพียงพอ),13.9419874,100.3601063
นนทบุรี,สภ.บางบัวทอง,อาทิตย์,ทล.3215,แอสฟัลท์/ลาดยาง,ทางหลัก,ทางตรง,แห้ง,เรียบ (Smooth),มีและชัดเจน,ไม่มี,แสงแดด,13.9587986,100.3599206
นนทบุรี,สภ.บางบัวทอง,อาทิตย์,ซอยหมุ่บ้านบัวทอง 4,แอสฟัลท์/ลาดยาง,ทางหลัก,สี่แยก,แห้ง,เรียบ (Smooth),มีและชัดเจน,ไม่มี,มืด,13.9333087,100.3593707
นนทบุรี,สภ.บางบัวทอง,จันทร์,ถนนเลียบคลองโต๊ะใหม่,คอนกรีต,ทางหลัก,ทางตรง,แห้ง,ขอบทางแตก / ถนนทรุดตัว (Road Subsidence),มีและชัดเจน,ไม่มี,มืด,13.912655,100.3577721
นนทบุรี,สภ.บางบัวทอง,พุธ,ถนนเลียบคลองโต๊ะใหม่,แอสฟัลท์/ลาดยาง,ซอย/ตรอก,ทางเข้า-ออกจากซอย,แห้ง,เรียบ (Smooth),มีและชัดเจน,ไม่มี,แสงแดด,13.9167108,100.3571675
นนทบุรี,สภ.บางแม่นาง,พฤหัส,ซอยกำนันสมจิตร,แอสฟัลท์/ลาดยาง,ทางหลัก,ทางตรง,แห้ง,เรียบ (Smooth),มีและชัดเจน,ไม่มี,มืด,13.8693612,100.3554582
นนทบุรี,สภ.ปลายบาง,พุธ,ถนนฉลองนนท์,คอนกรีต,ทางหลัก,ทางตรงหลังจากทางโค้ง,แห้ง,เรียบ (Smooth),มีแต่ไม่ชัดเจน,ไม่มี,แสงแดด,13.806752,100.3538433
นนทบุรี,สภ.ปลายบาง,พุธ,ถนนฉลองนนท์,คอนกรีต,ทางหลัก,,แห้ง,เรียบ (Smooth),มีแต่ไม่ชัดเจน,ไม่มี,แสงแดด,13.806752,100.3538433
นนทบุรี,สภ.บางบัวทอง,อาทิตย์,นบ.1002,แอสฟัลท์/ลาดยาง,ทางหลัก,ทางตรง,เปียก,เรียบ (Smooth),มีและชัดเจน,ไม่มี,กลางคืนมีไฟถนน (ไม่เพียงพอ),13.9091135,100.3518199
นนทบุรี,สภ.บางบัวทอง,เสาร์,ถนนเลียบคลองตาชม,แอสฟัลท์/ลาดยาง,ทางหลัก,ทางตรง,แห้ง,เรียบ (Smooth),มีและชัดเจน,ไม่มี,แสงแดด,13.943751,100.3516509
นนทบุรี,สภ.บางบัวทอง,เสาร์,นบ.1002,แอสฟัลท์/ลาดยาง,ทางหลัก,ทางตรง,เปียก,เรียบ (Smooth),มีและชัดเจน,ไม่มี,กลางคืนมีไฟถนน (ไม่เพียงพอ),13.90906,100.351317
นนทบุรี,สภ.ไทรน้อย,จันทร์,ซอยวัดคลองตาคล้าย,คอนกรีต,ทางหลัก,ทางตรง,แห้ง,เรียบ (Smooth),ไม่มี,ไม่มี,มืด,13.9658629,100.3509249
นนทบุรี,สภ.ไทรน้อย,,ทล.3215,แอสฟัลท์/ลาดยาง,ทางหลัก,ทางตรง,แห้ง,เรียบ (Smooth),มีและชัดเจน,มีและใช้การได้ปกติ,กลางคืนมีไฟถนน,13.96536624,100.3497423
นนทบุรี,สภ.บางแม่นาง,พุธ,ถนนเลียบคลองถนน,แอสฟัลท์/ลาดยาง,ทางหลัก,สี่แยก,มีทรายบนผิวทาง,เรียบ (Smooth),มีและชัดเจน,ไม่มี,กลางคืนมีไฟถนน,13.8723862,100.3484997
นนทบุรี,สภ.ปลายบาง,จันทร์,นบ.1011,แอสฟัลท์/ลาดยาง,ทางหลัก,สามแยก,แห้ง,เรียบ (Smooth),มีและชัดเจน,ไม่มี,กลางคืนมีไฟถนน,13.8114802,100.3482209
นนทบุรี,สภ.ไทรน้อย,พฤหัส,ทล.3215,แอสฟัลท์/ลาดยาง,ทางหลัก,ทางตรง/ ทางเข้า-ออกจากทางขนาน,แห้ง,เรียบ (Smooth),มีและชัดเจน,ไม่มี,กลางคืนมีไฟถนน,13.9670622,100.3468258
นนทบุรี,สภ.บางแม่นาง,เสาร์,ทล.307,แอสฟัลท์/ลาดยาง,ทางหลัก,ทางตรง,แห้ง,เรียบ (Smooth),มีและชัดเจน,ไม่มี,มืด,13.8827512,100.3454712
นนทบุรี,สภ.รัตนาธิเบศร์,เสาร์,ทล.3215,แอสฟัลท์/ลาดยาง,ทางหลัก,ทางตรง,เปียก,เรียบ (Smooth),มีและชัดเจน,ไม่มี,กลางคืนมีไฟถนน,13.969458,100.3430683
นนทบุรี,สภ.บางบัวทอง,อาทิตย์,นบ.1002,แอสฟัลท์/ลาดยาง,ทางหลัก,ทางตรง/ จุดกลับรถ/ ทางเข้า-ออกจากซอย,แห้ง,เรียบ (Smooth),มีและชัดเจน,ไม่มี,กลางคืนมีไฟถนน (ไม่เพียงพอ),13.909967,100.3425561
นนทบุรี,สภ.บางบัวทอง,จันทร์,นบ.1002,แอสฟัลท์/ลาดยาง,ทางหลัก,ทางตรง,แห้ง,เรียบ (Smooth),มีและชัดเจน,ไม่มี,กลางคืนมีไฟถนน,13.909952,100.3425222
นนทบุรี,สภ.ไทรน้อย,อังคาร,ทล.3215,แอสฟัลท์/ลาดยาง,ทางหลัก,ทางตรง/ จุดกลับรถ,แห้ง,เรียบ (Smooth),มีและชัดเจน,ไม่มี,กลางคืนมีไฟถนน,13.970771,100.3412862
นนทบุรี,สภ.บางบัวทอง,จันทร์,ถนนเลียบคลองตาคล้าย,คอนกรีต,ทางหลัก,ทางตรง,แห้ง,ไม่สม่ำเสมอ (Uneven) (ซ่อมทางด้วยยางมะตอยจนเป็นเนินเล็กๆ),ไม่มี,ไม่มี,กลางคืนไม่มีไฟถนน (มีเสาไฟแต่ใช้การไม่ได้),14.0094053,100.340834
นนทบุรี,สภ.บางแม่นาง,จันทร์,นบ.1026,แอสฟัลท์/ลาดยาง,ทางหลัก,ทางโค้ง,แห้ง,เรียบ (Smooth),มีแต่ไม่ชัดเจน,ไม่มี,กลางคืนมีไฟถนน (ไม่เพียงพอ),13.8387653,100.3407422
นนทบุรี,สภ.บางบัวทอง,พุธ,นบ.1002,แอสฟัลท์/ลาดยาง,ทางหลัก,ทางตรง/ สี่แยก,แห้ง,เรียบ (Smooth),มีและชัดเจน,ไม่มี,แสงแดด,13.9100437,100.3362323
นนทบุรี,สภ.ไทรน้อย,เสาร์,นบ.3025,คอนกรีต,ทางหลัก,ทางตรง,แห้ง,เรียบ (Smooth),มีและชัดเจน,ไม่มี,กลางคืนมีไฟถนน (ไม่เพียงพอ),14.0684379,100.3325147
นนทบุรี,สภ.ไทรน้อย,เสาร์,นบ.1002,แอสฟัลท์/ลาดยาง,ทางหลัก,ทางตรง,เปียก,เรียบ (Smooth),มีและชัดเจน,ไม่มี,กลางคืนมีไฟถนน,13.90987526,100.3315997
นนทบุรี,สภ.บางแม่นาง,พฤหัส,นบ.5014,แอสฟัลท์/ลาดยาง,ทางหลัก,ทางตรง,แห้ง,เรียบ (Smooth),มีและชัดเจน,ไม่มี,กลางคืนมีไฟถนน (ไม่เพียงพอ),13.8316594,100.3311368
นนทบุรี,สภ.ไทรน้อย,พฤหัส,ทล.340,,ทางหลัก,ทางตรง,แห้ง,เรียบ (Smooth),มีและชัดเจน,ไม่มี,แสงสลัว (เช้ามืด/พลบค่ำ),14.0584885,100.3308706
นนทบุรี,สภ.ไทรน้อย,พุธ,นบ.1013,คอนกรีต,ทางหลัก,ทางตรง/ ทางเข้า-ออกจากซอย,แห้ง,เรียบ (Smooth),มีและชัดเจน,ไม่มี,แสงแดด,13.9628029,100.3306029
นนทบุรี,สภ.บางแม่นาง,ศุกร์,นบ.5014,คอนกรีต,ทางหลัก,ทางตรง,แห้ง,เรียบ (Smooth),มีแต่ไม่ชัดเจน,ไม่มี,กลางคืนมีไฟถนน,13.8648546,100.329576
นนทบุรี,สภ.ไทรน้อย,อาทิตย์,ถนนเลียบคลองตาชม,คอนกรีต,ทางหลัก,ทางตรง,แห้ง,เรียบ (Smooth),ไม่มี,ไม่มี,มืด,13.9061041,100.3275479
นนทบุรี,สภ.ไทรน้อย,ศุกร์,ทล.340,คอนกรีต,ทางหลัก,ทางตรง,แห้ง,เรียบ (Smooth),มีและชัดเจน,ไม่มี,กลางคืนไม่มีไฟถนน (มีเสาไฟแต่ใช้การไม่ได้),14.0637281,100.3270271
นนทบุรี,สภ.ไทรน้อย,อังคาร,ซอยชมชื่น,ถนนลูกรัง,ซอย/ตรอก,ทางตรง,แห้ง,เรียบ (Smooth),ไม่มี,ไม่มี,มืด,13.9768321,100.3268858
นนทบุรี,สภ.ไทรน้อย,อาทิตย์,นบ.1013,แอสฟัลท์/ลาดยาง,ทางหลัก,ทางโค้ง,แห้ง,เรียบ (Smooth),มีและชัดเจน,ไม่มี,กลางคืนมีไฟถนน,13.9659058,100.3268125
นนทบุรี,สภ.ไทรน้อย,พฤหัส,ทล.340,คอนกรีต,ทางหลัก,ทางตรง,เปียก,เรียบ (Smooth),มีและชัดเจน,ไม่มี,กลางคืนไม่มีไฟถนน (มีเสาไฟแต่ใช้การไม่ได้),14.0649973,100.3260965
นนทบุรี,สภ.ไทรน้อย,อาทิตย์,ทล.346,แอสฟัลท์/ลาดยาง,ทางหลัก,ทางตรง,แห้ง,เรียบ (Smooth),มีและชัดเจน,ไม่มี,กลางคืนมีไฟถนน (ไม่เพียงพอ),14.0266924,100.323052
นนทบุรี,สภ.ไทรน้อย,พฤหัส,ถนนเลียบคลองมะสง,คอนกรีต,ทางหลัก,ทางตรง,แห้ง,เรียบ (Smooth),มีแต่ไม่ชัดเจน,ไม่มี,มืด,13.9366376,100.3225829
นนทบุรี,สภ.ไทรน้อย,อาทิตย์,ทล.3215,แอสฟัลท์/ลาดยาง,ทางหลัก,ทางตรง,แห้ง,เรียบ (Smooth),มีแต่ไม่ชัดเจน,ไม่มี,แสงแดด,13.9828487,100.3225754
นนทบุรี,สภ.บางแม่นาง,พุธ,นบ.3013,คอนกรีต,ทางหลัก,ทางตรง,แห้ง,ไม่สม่ำเสมอ (Uneven) (ซ่อมทางด้วยยางมะตอยจนเป็นเนินเล็กๆ),มีและชัดเจน,ไม่มี,กลางคืนไม่มีไฟถนน (มีเสาไฟแต่ใช้การไม่ได้),13.8288828,100.3217666
นนทบุรี,สภ.บางแม่นาง,อาทิตย์,ถนนเลียบคลองถนน,แอสฟัลท์/ลาดยาง,ทางหลัก,ทางตรง/ สามแยก,แห้ง,เรียบ (Smooth),มีและชัดเจน,ไม่มี,แสงแดด,13.8762522,100.3199673
นนทบุรี,สภ.บางแม่นาง,อาทิตย์,ถนนเลียบคลองถนน,แอสฟัลท์/ลาดยาง,ทางหลัก,ทางตรง/ สามแยก,แห้ง,เรียบ (Smooth),มีและชัดเจน,ไม่มี,แสงแดด,13.8762522,100.3199673
นนทบุรี,สภ.ไทรน้อย,เสาร์,นบ.5027,แอสฟัลท์/ลาดยาง,ทางหลัก,ทางตรง,เปียก,เรียบ (Smooth),มีและชัดเจน,ไม่มี,กลางคืนมีไฟถนน,13.9258649,100.3195185
นนทบุรี,สภ.ไทรน้อย,เสาร์,ถนนเลียบคลองขวาง,คอนกรีต,ทางหลัก,ทางตรง,แห้ง,เรียบ (Smooth),มีและชัดเจน,ไม่มี,แสงแดด,14.0436979,100.3188525
นนทบุรี,สภ.ไทรน้อย,จันทร์,ภายในโรงงานตรีศิลป์เฟอร์นิเจอร์,คอนกรีต,ซอย/ตรอก,ทางตรง,แห้ง,เรียบ (Smooth),ไม่มี,ไม่มี,มืด,13.92288,100.317822
นนทบุรี,สภ.ไทรน้อย,พฤหัส,นบ.5027,แอสฟัลท์/ลาดยาง,ทางหลัก,ทางตรง/ สามแยก,แห้ง,เรียบ (Smooth),มีและชัดเจน,มีและใช้การได้ปกติ,กลางคืนมีไฟถนน,13.986881,100.315803
นนทบุรี,สภ.ไทรน้อย,จันทร์,ทล.340,คอนกรีต,ทางหลัก,ทางตรง,แห้ง,เรียบ (Smooth),มีและชัดเจน,ไม่มี,แสงแดด,14.0817722,100.3140821
นนทบุรี,สภ.ไทรน้อย,ศุกร์,นบ.5027,คอนกรีต,ทางหลัก,ทางตรง,แห้ง,เรียบ (Smooth),มีและชัดเจน,ไม่มี,กลางคืนมีไฟถนน,13.9501631,100.3129881
นนทบุรี,สภ.ไทรน้อย,พุธ,ทล.3215,คอนกรีต,ทางหลัก,ทางตรง,แห้ง,ขอบทางแตก / ถนนทรุดตัว (Road Subsidence),มีแต่ไม่ชัดเจน,ไม่มี,กลางคืนไม่มีไฟถนน (มีเสาไฟแต่ใช้การไม่ได้),14.0195035,100.3124841
นนทบุรี,สภ.ไทรน้อย,จันทร์,ทล.3215,คอนกรีต,ทางหลัก,ทางตรง/ จุดกลับรถ,แห้ง,ไม่สม่ำเสมอ (Uneven) (ซ่อมทางด้วยยางมะตอยจนเป็นเนินเล็กๆ),ไม่มี,ไม่มี,แสงแดด,14.015365,100.31246
นนทบุรี,สภ.ไทรน้อย,พฤหัส,ทล.346,คอนกรีต,ทางหลัก,สี่แยก,แห้ง,เรียบ (Smooth),มีแต่ไม่ชัดเจน,มีและใช้การได้ปกติ,กลางคืนมีไฟถนน (ไม่เพียงพอ),14.0257852,100.3123539
นนทบุรี,สภ.ไทรน้อย,อังคาร,ทล.3215,คอนกรีต,ทางหลัก,ทางตรง/ จุดกลับรถ,แห้ง,เรียบ (Smooth),มีและชัดเจน,ไม่มี,กลางคืนมีไฟถนน (ไม่เพียงพอ),14.0093201,100.3122852
นนทบุรี,สภ.ไทรน้อย,อังคาร,ทล.3215,คอนกรีต,ทางหลัก,ทางตรง/ จุดกลับรถ,แห้ง,เรียบ (Smooth),มีและชัดเจน,ไม่มี,กลางคืนมีไฟถนน (ไม่เพียงพอ),14.0093201,100.3122852
นนทบุรี,สภ.ไทรน้อย,จันทร์,ทล.3215,คอนกรีต,ทางหลัก,ทางตรง/ จุดกลับรถ,แห้ง,เรียบ (Smooth),ไม่มี,ไม่มี,แสงแดด,14.0092572,100.3122849
นนทบุรี,สภ.ไทรน้อย,จันทร์,นบ.3004,แอสฟัลท์/ลาดยาง,ทางหลัก,ทางตรง,แห้ง,เรียบ (Smooth),มีและชัดเจน,ไม่มี,แสงแดด,14.0372204,100.3121725
นนทบุรี,สภ.ไทรน้อย,อังคาร,นบ.3004,แอสฟัลท์/ลาดยาง,ทางหลัก,ทางตรง,แห้ง,เรียบ (Smooth),มีและชัดเจน,ไม่มี,มืด,14.0380401,100.3121456
นนทบุรี,สภ.ไทรน้อย,เสาร์,ทล.340,แอสฟัลท์/ลาดยาง,ทางหลัก,ทางตรง,มีเศษดิน/โคลนบนผิวทาง,เรียบ (Smooth),มีและชัดเจน,ไม่มี,แสงแดด,14.0847032,100.3116182
นนทบุรี,สภ.ไทรน้อย,เสาร์,ทล.340,แอสฟัลท์/ลาดยาง,ทางหลัก,ทางตรง,มีเศษดิน/โคลนบนผิวทาง,เรียบ (Smooth),มีและชัดเจน,ไม่มี,แสงแดด,14.0847032,100.3116182
นนทบุรี,สภ.ไทรน้อย,อังคาร,นบ.3004,แอสฟัลท์/ลาดยาง,ทางหลัก,ทางตรง,เปียก,เรียบ (Smooth),มีและชัดเจน,ไม่มี,มืด,14.0807563,100.3115452
นนทบุรี,สภ.ไทรน้อย,เสาร์,นบ.3004,แอสฟัลท์/ลาดยาง,ทางหลัก,ทางตรง,แห้ง,เรียบ (Smooth),มีและชัดเจน,ไม่มี,แสงแดด,14.0613858,100.3115306
นนทบุรี,สภ.ไทรน้อย,พฤหัส,นบ.3003,แอสฟัลท์/ลาดยาง,ทางหลัก,สี่แยก,แห้ง,เรียบ (Smooth),มีและชัดเจน,ไม่มี,มืด,14.0627732,100.3114572
นนทบุรี,สภ.ไทรน้อย,เสาร์,นบ.5027,คอนกรีต,ทางหลัก,ทางตรง,แห้ง,เรียบ (Smooth),มีและชัดเจน,ไม่มี,แสงแดด,13.9655652,100.3106305
นนทบุรี,สภ.ไทรน้อย,จันทร์,นบ.3003,แอสฟัลท์/ลาดยาง,ทางหลัก,ทางตรง,แห้ง,เรียบ (Smooth),มีและชัดเจน,ไม่มี,มืด,14.11894968,100.3105087
นนทบุรี,สภ.ไทรน้อย,จันทร์,นบ.3003,แอสฟัลท์/ลาดยาง,ทางหลัก,ทางตรง,แห้ง,เรียบ (Smooth),มีและชัดเจน,ไม่มี,มืด,14.11894968,100.3105087
นนทบุรี,สภ.ไทรน้อย,อาทิตย์,ทล.340,แอสฟัลท์/ลาดยาง,ทางหลัก,ทางตรง,แห้ง,เรียบ (Smooth),มีและชัดเจน,ไม่มี,มืด,14.0889458,100.3088276
นนทบุรี,สภ.ไทรน้อย,เสาร์,ทล.340,คอนกรีต,ทางหลัก,ทางตรง,แห้ง,เรียบ (Smooth),มีและชัดเจน,ไม่มี,มืด,14.0929045,100.3055961
นนทบุรี,สภ.ไทรน้อย,อาทิตย์,ถนนโยธาธิการ,แอสฟัลท์/ลาดยาง,ทางหลัก,ทางตรง,แห้ง,เรียบ (Smooth),มีแต่ไม่ชัดเจน,ไม่มี,กลางคืนมีไฟถนน,13.8796985,100.3055894
นนทบุรี,สภ.ไทรน้อย,เสาร์,นบ.5036,คอนกรีต,ทางกลับรถใต้สะพาน,สามแยก/ จุดกลับรถ/ ทางลอดใต้สะพาน,แห้ง,เรียบ (Smooth),มีแต่ไม่ชัดเจน,ไม่มี,มืด,14.0973535,100.3022003
นนทบุรี,สภ.ไทรน้อย,เสาร์,ทล.340,คอนกรีต,ทางหลัก,ทางตรง/ สามแยก,แห้ง,เรียบ (Smooth),มีและชัดเจน,ไม่มี,มืด,14.1008774,100.3000962
นนทบุรี,สภ.ไทรน้อย,อังคาร,ทล.340,แอสฟัลท์/ลาดยาง,ทางหลัก,ทางตรง,เปียก,เรียบ (Smooth),มีและชัดเจน,ไม่มี,แสงสลัว (เช้ามืด/พลบค่ำ),14.1041114,100.2976755
นนทบุรี,สภ.ไทรน้อย,อังคาร,ทล.340,แอสฟัลท์/ลาดยาง,ทางหลัก,ทางตรง,แห้ง,เรียบ (Smooth),มีและชัดเจน,ไม่มี,แสงสลัว (เช้ามืด/พลบค่ำ),14.1041114,100.2976755
นนทบุรี,สภ.ไทรน้อย,อังคาร,ทล.340,แอสฟัลท์/ลาดยาง,ทางหลัก,ทางตรง,เปียก,เรียบ (Smooth),มีและชัดเจน,ไม่มี,แสงสลัว (เช้ามืด/พลบค่ำ),14.1041114,100.2976755
นนทบุรี,สภ.ไทรน้อย,อาทิตย์,ถนนองค์การบริหารส่วนจังหวัด,แอสฟัลท์/ลาดยาง,ทางหลัก,ทางตรง,แห้ง,เรียบ (Smooth),มีและชัดเจน,ไม่มี,แสงแดด,14.015689,100.294404
นนทบุรี,สภ.ไทรน้อย,อาทิตย์,ทล.346,คอนกรีต,ทางหลัก,ทางตรง,แห้ง,เรียบ (Smooth),มีและชัดเจน,ไม่มี,กลางคืนมีไฟถนน,14.0246985,100.2920001
นนทบุรี,สภ.ไทรน้อย,เสาร์,ทล.346,คอนกรีต,ทางหลัก,ทางตรง,แห้ง,เรียบ (Smooth),มีและชัดเจน,ไม่มี,แสงแดด,14.0243654,100.2899918
นนทบุรี,สภ.ไทรน้อย,อังคาร,ทล.346,คอนกรีต,ทางหลัก,ทางตรง,แห้ง,เรียบ (Smooth),มีและชัดเจน,ไม่มี,กลางคืนมีไฟถนน,14.0268598,100.2895228
นนทบุรี,สภ.ไทรน้อย,จันทร์,ทล.340,แอสฟัลท์/ลาดยาง,ทางหลัก,ทางตรง,แห้ง,เรียบ (Smooth),มีและชัดเจน,ไม่มี,มืด,14.1214077,100.2891286
นนทบุรี,สภ.ไทรน้อย,พฤหัส,ทล.340,แอสฟัลท์/ลาดยาง,ทางหลัก,ทางตรง,แห้ง,เรียบ (Smooth),มีและชัดเจน,ไม่มี,มืด,14.1175115,100.2891186
นนทบุรี,สภ.ไทรน้อย,อาทิตย์,นบ.3017,คอนกรีต,ทางหลัก,ทางตรง/ ทางเข้า-ออกจากซอย,แห้ง,เรียบ (Smooth),มีและชัดเจน,ไม่มี,แสงแดด,13.9905279,100.2875822
นนทบุรี,สภ.ไทรน้อย,อาทิตย์,นบ.3017,คอนกรีต,ทางหลัก,ทางตรง/ ทางเข้า-ออกจากซอย,แห้ง,เรียบ (Smooth),มีและชัดเจน,ไม่มี,แสงแดด,13.9905279,100.2875822
นนทบุรี,สภ.ไทรน้อย,อาทิตย์,นบ.3017,คอนกรีต,ทางหลัก,ทางตรง/ ทางเข้า-ออกจากซอย,แห้ง,เรียบ (Smooth),มีและชัดเจน,ไม่มี,แสงแดด,13.9905279,100.2875822
นนทบุรี,สภ.ไทรน้อย,พฤหัส,ทล.346,ช่องจราจรเป็นคอนกรีต ขอบทางเป็นแอสฟัลท์,ทางหลัก,ทางตรง,แห้ง,ไม่สม่ำเสมอ (Uneven) (ซ่อมทางด้วยยางมะตอยจนเป็นเนินเล็กๆ),มีและชัดเจน,ไม่มี,กลางคืนมีไฟถนน,14.0237356,100.2802511
นนทบุรี,สภ.ไทรน้อย,อังคาร,นบ.5025,คอนกรีต,ทางหลัก,ทางตรง,แห้ง,เรียบ (Smooth),มีและชัดเจน,ไม่มี,กลางคืนมีไฟถนน (ไม่เพียงพอ),14.0403332,100.2766382
นนทบุรี,สภ.ไทรน้อย,อาทิตย์,นบ.5010,คอนกรีต,ทางหลัก,ทางตรง,แห้ง,เรียบ (Smooth),มีแต่ไม่ชัดเจน,ไม่มี,แสงแดด,13.9158152,100.2765638
นนทบุรี,สภ.ไทรน้อย,ศุกร์,ทล.346,แอสฟัลท์/ลาดยาง,ทางหลัก,ทางตรง,แห้ง,เรียบ (Smooth),มีและชัดเจน,ไม่มี,แสงแดด,14.0231725,100.2715784
นนทบุรี,สภ.ไทรน้อย,อังคาร,นบ.5025,แอสฟัลท์/ลาดยาง,ทางหลัก,ทางตรง,แห้ง,เรียบ (Smooth),มีและชัดเจน,ไม่มี,แสงแดด,14.0420157,100.2712693
นนทบุรี,สภ.ไทรน้อย,ศุกร์,ทล.346,คอนกรีต,ทางหลัก,ทางตรง/ จุดกลับรถ/ ทางเข้า-ออกจากซอย,แห้ง,เรียบ (Smooth),มีแต่ไม่ชัดเจน,ไม่มี,แสงแดด,14.0235413,100.2735354
